student_id,age,gender,cgpa,attendance_percentage,backlogs,coding_score,aptitude_score,communication_score,technical_score,projects_count,major_projects,internships_count,internship_months,certifications_count,hackathons_participated,hackathons_won,coding_platform_score,github_projects,linkedin_score,resume_score,soft_skills_score,leadership_score,extracurricular_score,training_hours,mock_interview_score,preferred_domain,placed
STU107218,21,Male,5.75,77.1,0,29.3,39.9,83,24.3,0,0,2,8.6,5,0,0,533,0,67.8,58.8,87.5,47.7,59.1,43.8,75.8,Data Science,0
STU108292,23,Male,7.14,,0,61.7,63.4,55.3,49,4,1,1,3.5,1,1,0,943,5,53.5,77.8,77.9,71.2,34.5,102.3,70.8,Business Analytics,0
STU104608,23,Male,7.68,76,0,51.6,59.6,46.3,43.3,4,1,1,5,3,0,0,487,4,63.6,65.5,55.9,44.3,51.5,96.1,70.8,Business Analytics,0
STU105115,24,Male,6.07,75.8,1,24,47.5,75,65.1,3,0,0,0,2,1,0,619,3,65.7,59.8,75.6,90.9,54.4,118.5,91.1,Software Development,0
STU101860,20,Male,7.97,74,1,33.1,47.4,58.1,64.4,1,0,2,9.9,2,0,0,377,2,75.3,30.6,73.9,45,83,59.6,77,Business Analytics,0
STU109584,20,Male,6.81,83.2,0,46.3,36,68.3,15,3,2,1,2.6,1,1,1,955,4,63.9,69.3,67.1,54.6,60.6,180,69.5,Software Development,0
STU109829,20,Male,8.23,72.8,0,63.6,59.6,60,59.4,4,1,0,1.3,4,1,0,469,5,55.1,80.3,69.7,64.5,59.7,60,73.4,Software Development,0
STU109864,22,Male,7.77,100,1,52.1,58.4,66.4,71.9,2,0,1,3.3,1,2,0,569,1,70.5,64.5,74.5,44.7,44.8,87.9,83.3,Cloud Computing,0
STU109992,20,Female,6.51,79.7,1,44.6,43.5,49.7,59.7,1,0,0,0,1,2,0,579,1,73.1,57.6,77.4,51.2,73.1,59.9,75.7,AI/ML,0
STU105909,22,Male,5.97,85.6,0,35,50.2,,26.2,3,0,1,3.9,1,2,0,497,2,76.3,70.6,85.3,42.5,58.8,12.8,69.3,Software Development,1
STU103015,23,Female,8.19,70.2,1,75.8,52,41.2,52.1,2,2,4,15.3,3,0,0,1096,2,78.3,51.6,51.9,51.3,67.1,71.1,65.9,Data Science,0
STU105081,21,Male,7.42,93,2,43,58.5,62.8,56.5,2,0,0,0,2,3,1,709,2,61.8,38.4,73,52.7,61.5,36.5,80.2,Software Development,0
STU108398,22,Female,7.12,78.1,1,43,21.2,99.6,63.8,3,1,3,14.6,0,1,0,387,3,67.1,58.4,82.6,54.6,77.4,160.2,82.2,Cyber Security,0
STU109032,24,Female,6.82,78.8,1,48.1,22.3,52.3,53.7,3,2,1,3.9,2,1,0,949,5,60.2,69.9,60.6,47.4,50.4,68.1,86.8,Data Science,0
STU104825,23,Female,6.16,67.2,1,20.5,56.2,59.9,49.8,2,0,0,0.8,2,3,0,674,1,46,81.7,73.2,60.6,63.3,43.3,,Data Science,0
STU104558,22,Female,8.87,73.9,2,72.5,,100,87.2,4,1,0,0,1,1,0,964,4,46.8,47.9,94.4,37.7,45.2,35.3,91.4,Business Analytics,0
STU107465,22,Female,6.53,79.8,0,37.5,41.3,77.5,35.1,3,2,1,5.3,3,1,0,603,3,57.3,79.9,73.5,52.5,51.3,,76.6,Software Development,0
STU107870,22,Male,7.05,,0,45.7,73.5,70.7,45.1,1,0,1,3.2,4,0,0,512,1,73,62.1,75.3,72.8,68.7,37.2,80.8,Business Analytics,0
STU102316,22,Male,6.95,82.1,0,50.4,48.8,68.3,43.5,1,0,0,0,4,0,0,558,1,69.8,58.8,64,66.9,59.1,58,87.9,Business Analytics,0
STU104896,22,Male,8,73.5,0,64.4,66.2,78.8,62.5,0,0,1,2.4,3,2,0,379,0,55.8,75.6,87.1,44.7,57.7,10.3,86.1,Software Development,0
STU107216,20,Male,7.4,75.8,1,15,55.9,81.1,35.7,0,0,2,6.5,3,1,1,841,1,79.5,47.3,80.5,53.2,61.7,,80.5,Cloud Computing,0
STU108092,26,Female,7,90.5,2,50.4,44.8,49.5,59.4,3,1,1,5.2,3,0,0,698,6,65.5,38.7,58,65.9,87.9,34.8,83.3,AI/ML,0
STU102198,22,Female,9.12,72,0,79.8,57.4,49.5,77.1,0,0,0,0.2,1,0,0,791,0,46.3,53.7,60.8,55.4,80.1,47.6,,Business Analytics,1
STU107193,23,Male,7.76,64.1,1,49.6,53.6,48.9,52.9,3,1,0,0.8,1,1,0,1143,3,52.7,53.2,62.5,26.4,20.8,54.3,91.9,Data Science,0
STU101807,22,Male,6.86,73.3,0,33.7,49.8,54.5,35.2,1,0,3,15.3,1,2,0,511,1,44.9,49.9,72.5,40.7,49.3,40.1,78.2,Software Development,1
STU106332,22,Female,8.18,78.8,0,41,76.4,41.2,39.4,6,2,0,0,3,0,0,204,5,64.8,83.7,54.1,54.6,62,20,71,Software Development,0
STU106608,22,Male,7.77,87.6,2,44.3,73.8,54.2,65.4,4,2,1,5.1,2,0,0,983,6,73.7,53.1,78.9,61.3,70.1,60.3,80.4,Cyber Security,0
STU100483,22,Male,8.41,,0,57.1,43.2,42.8,87.1,2,1,0,0.8,2,1,0,943,2,68.8,61.1,80.9,49.6,37.2,45.9,69.9,Business Analytics,0
STU102491,23,Male,6.99,91.9,0,36.1,74.9,71.6,41,2,0,2,6.6,2,2,1,713,1,64.3,,68.4,43.5,59.2,136,71.1,AI/ML,1
STU101334,22,Female,7.63,67.7,0,27.2,58.4,78.6,56,1,0,1,4.7,4,0,0,826,1,56.8,65.3,71.8,62.9,74.6,31.2,81.4,Software Development,0
STU104218,22,Female,7.99,94.2,0,52.2,86.7,58.7,66.1,2,1,1,6.2,0,0,0,761,3,65.8,52.9,66,45,76.6,105.6,79,AI/ML,0
STU104054,21,Male,8.01,79.5,0,57.3,60.3,51.3,55.1,1,1,1,4.3,2,1,0,933,2,61.4,53.6,66.4,15,76.6,139.5,76.5,Business Analytics,0
STU104126,22,Male,8.7,66.6,0,57.2,70.1,,70.1,4,2,4,24,2,0,0,934,5,70.3,54.2,80.5,66.8,52.1,20.2,70.2,Data Science,0
STU105370,24,Male,6.03,67.8,0,56.9,33.9,21.8,25.2,5,1,3,13.1,0,0,0,922,8,57.8,80.2,69.9,47.6,58,84.4,57.1,Business Analytics,0
STU109853,21,Female,7.37,84.6,1,49.4,66.8,49,61.6,3,0,1,2.5,1,2,0,460,4,55.9,48.9,66.9,40.7,43.6,52.1,87.3,Cyber Security,1
STU107699,21,Male,6.66,80.8,1,53,63.1,42,43.4,3,0,0,2.2,2,0,0,531,4,,69.7,77.9,34.2,60.5,59.8,79.2,Data Science,0
STU105461,22,Female,7.8,69.5,0,50.7,51.8,36,57.6,4,1,1,4,2,2,0,953,3,,88.3,,38.6,45.7,74.5,66.4,AI/ML,0
STU100093,21,Male,7.91,72.2,0,66.4,58.1,30.8,69.9,1,1,0,0,1,0,0,679,1,58,60.2,65.7,20.5,59.8,50.2,52,Software Development,0
STU108546,21,Male,7.78,86.4,1,71.3,51.8,72.4,69.9,3,2,1,5.7,3,1,0,1102,3,57.2,63.6,67.2,62.6,82.7,51.8,83.1,Software Development,0
STU108764,21,Male,7.73,90.7,2,60.6,72.5,47.4,43.2,2,1,0,0,2,1,0,638,1,63.5,64.2,62,46.7,57.9,52.3,72.5,Business Analytics,0
STU102678,22,Male,7.01,84.5,2,32,55.9,34.9,31,2,2,0,0.5,3,1,0,859,2,61.2,67.4,62.9,43.3,51.3,136.4,58.1,Software Development,0
STU103338,22,Male,9.04,74,2,94.5,56.6,,60.4,5,1,2,7.5,0,2,0,1207,4,75.3,55.6,49.2,49,55.8,66.8,50.5,Software Development,1
STU101199,23,Female,9.18,84.3,2,72.6,86.4,57.4,91.1,2,0,1,5,2,2,1,1344,1,75.9,48.7,79.3,24.3,65.5,62.3,82.3,Data Science,0
STU101039,23,Female,6.6,75.6,0,30.5,42.7,49.1,49.4,2,1,2,7.3,3,1,1,100,1,66.9,72.1,61.9,41,56.7,50.3,80.7,Data Science,0
STU108581,20,Male,7.47,71.4,0,64.9,57,38.4,52.7,1,0,0,0.4,5,2,1,181,0,52.8,62.3,65,52.8,39.6,39.9,69.2,Business Analytics,1
STU106631,22,Female,7.62,,0,30.4,93.8,58.3,47.1,4,2,1,4.8,0,1,0,845,4,63,61.9,79.9,55,39.7,37.4,72.4,AI/ML,0
STU104757,22,Female,5.43,85.7,1,53.4,45.3,46.9,15,3,0,0,0,2,2,0,958,3,71.4,52.1,72.2,45.3,52.2,38,58.9,AI/ML,1
STU101435,22,Male,7.93,78.3,0,35.2,57.4,61.9,69.2,3,1,1,4.3,1,0,0,477,2,59.7,64.4,79.4,39.9,81.8,48.5,,Cloud Computing,0
STU108282,21,Female,7.34,74,1,43.8,65.9,,49.5,2,0,1,2.8,1,0,0,676,2,48.4,65.2,58,41.9,35.9,77,65,Data Science,0
STU106084,20,Male,9.99,73.2,0,74.6,62.6,57.3,79.6,1,0,0,1,2,1,0,604,3,58.8,55,63,44.1,62.9,,61.8,Software Development,1
STU104787,20,Female,8.12,85.7,1,85,60.4,59.9,64.5,3,0,0,0.1,3,3,0,1400,3,,76.8,63,69.9,84.6,,80.3,Software Development,0
STU109753,22,Female,7.32,88.9,0,59.9,70,66,41.7,3,0,2,7.5,1,3,1,1057,4,59.6,36.9,75.5,69.6,54.9,59.7,71.7,AI/ML,0
STU109906,20,Male,7.33,82.5,0,54.9,41.6,69.7,64.4,1,1,0,0,0,0,0,892,2,54.9,61.1,82.6,48.6,50.6,80.9,77.5,Software Development,0
STU104407,21,Female,7.59,83.2,0,51.5,69.9,62,76.1,4,1,4,8.8,1,2,0,689,4,63.3,61.3,76.1,54.6,48.4,76.5,80,Cyber Security,1
STU106312,23,Male,6.71,76.2,0,68.9,79.4,54.3,59.2,3,1,0,0,1,1,0,382,3,58.8,38.2,62.9,48.6,47.7,37.1,87.1,AI/ML,0
STU109434,21,Male,7.14,84.3,0,63,51.8,78,62.1,2,1,4,9.8,1,1,0,1051,3,74.9,59.8,69.9,21.9,46.2,37.1,68.9,Data Science,0
STU105369,22,Female,8.26,70,0,46.4,59,79.6,54.5,2,0,2,10.3,2,1,0,814,4,63.2,52.9,81.3,48,49.8,44.1,79.9,AI/ML,0
STU105626,23,Other,7.94,82.7,1,55.7,40.5,69.3,42.8,4,1,2,9.7,2,1,0,479,4,59.8,65.7,74.8,58.1,32.7,95.3,74.2,Data Science,0
STU102457,23,Male,7.7,86.9,0,59.3,57.5,41.1,66.8,2,1,1,2.8,1,3,0,785,1,62.1,49,66.7,64.9,43.7,47.9,54.5,Software Development,0
STU102300,21,Male,6.6,63.1,1,34.2,41.6,,41.3,2,2,2,3.9,3,1,0,929,2,73.3,60.3,73.6,51.4,64.3,88.8,82.7,Cyber Security,1
STU105400,23,Female,7.3,84.4,1,62.1,66.1,44.5,55.9,2,1,2,11.7,2,0,0,545,1,83.1,58.2,54.6,44.1,53.9,105.1,63.4,Cloud Computing,0
STU106141,24,Female,6.68,83.1,0,54.5,48,60.5,46.8,1,1,1,1,2,2,0,1340,1,68.8,53.3,78.2,77.2,64.6,72.2,91.5,Software Development,1
STU102766,21,Male,6.95,77.2,0,40.6,38.5,40.2,30.8,1,0,1,6.3,3,2,1,897,0,61.2,39.3,57.8,37,44.7,59.3,54.5,Software Development,0
STU107851,22,Female,5,87.4,1,39.2,40,78.5,19.5,0,0,0,1.9,4,2,0,889,0,61.4,58.2,81,45.2,49.1,55.9,69.9,Business Analytics,1
STU105658,21,Female,7.46,88.6,2,48,53.5,72.5,31.1,2,2,2,5.4,0,0,0,1115,3,64.9,49.6,76.5,63.2,69.7,93.4,81.2,AI/ML,0
STU109614,23,Female,5.23,69.5,0,,40.6,46.5,21,4,2,0,1.1,5,1,0,701,3,75.5,77.6,65.1,52.9,10,84.3,61.3,Software Development,0
STU109583,23,Male,6.9,72.8,1,43.3,47.2,40.7,40.6,2,0,1,1.3,1,2,1,680,4,48.8,56.9,54.3,59.6,65.2,19.4,56.1,Software Development,0
STU101649,22,Male,7.83,87.8,1,72.5,66.6,55.5,66.1,2,1,1,6.3,1,2,0,921,3,50.7,54.2,75.3,31.8,70.7,25.1,82.7,AI/ML,0
STU105210,20,Male,7.76,76.3,0,37.7,83.5,90.6,72.2,3,2,0,0,2,2,1,497,3,64.3,57.4,83.7,69.6,38.2,49,75.8,Software Development,0
STU103051,23,Female,8.9,88.5,0,53.1,66.1,70.9,81.6,2,1,0,0,1,0,0,719,3,57.6,63,76.9,38.4,52.8,63.1,90.3,Business Analytics,0
STU104335,22,Male,6.67,62.4,3,52,47.2,43.4,56.4,1,0,0,1.3,2,0,0,858,0,63.7,46.6,54.2,56.4,69.9,45.1,68.9,Cloud Computing,0
STU100336,20,Female,8.15,76.7,0,70,52.6,57.7,54.3,2,0,1,3.1,2,2,0,899,1,62.3,58.9,71.8,50,41.9,53.7,59.9,Data Science,0
STU109472,21,Male,6.98,85.5,1,38.9,45,39.7,35.5,0,0,0,0,6,1,0,633,0,,67.7,49,63.6,49.4,55.1,47.2,AI/ML,0
STU109014,22,Male,7.14,74.2,0,41.7,75.3,66.1,51.1,2,1,3,11.8,4,3,0,100,1,71.9,51.7,75.6,54.7,68.7,89.2,73.4,Data Science,1
STU108994,23,Male,8.5,69.1,1,50,51,59.3,49.6,1,1,0,0,3,4,0,491,1,69.8,52.8,74.8,88.7,49.8,60.5,61.4,Data Science,0
STU107447,22,Female,7.42,81.3,1,27.6,53.5,49.7,57.9,3,1,0,1.2,4,1,0,753,3,74.4,67.2,67.5,76.5,82.6,45.4,65.4,Software Development,0
STU109218,23,Male,7.57,81.6,0,35.5,47.2,77.1,58.3,1,0,0,0,1,1,0,524,1,67.9,54.7,84.9,56.5,73.4,53,76.9,Software Development,0
STU109811,21,Male,6.63,87.5,0,42.7,38.8,59.5,46.7,3,1,1,0.1,5,3,1,685,4,,71.1,82.3,59.7,18.9,64.4,67.6,Business Analytics,0
STU101981,22,Male,8.64,81.6,0,63.4,52.4,47.1,79.1,2,1,1,4.5,4,1,0,1033,3,76.3,52.1,67.5,59.9,77.3,61.3,67,Data Science,0
STU109292,22,Female,7.25,91.2,0,62,45.5,71.6,52.9,4,0,3,16.3,3,2,1,694,4,61.8,72.3,80.7,43.9,31.1,68.3,72.9,Cloud Computing,0
STU100794,22,Female,7.63,72.8,0,44.1,48.1,60.8,41.9,1,0,1,4.2,3,0,0,542,1,89,49,97.7,63.6,46.3,21.5,72.6,Business Analytics,1
STU101146,22,Male,6.88,,1,32.3,65.5,55.7,41.4,5,2,1,3.2,1,1,0,658,4,62.4,70.8,73.4,41.4,65.7,34.4,78.2,Data Science,1
STU107105,21,Female,7.54,82.4,0,53.5,78.7,70.9,83.5,2,1,1,0.8,2,1,0,791,2,53.3,71.6,82.6,49,74.5,16.8,76.6,Software Development,0
STU100938,22,Female,9.14,77.5,2,96.6,77.7,62.6,85,4,1,1,3.7,0,0,0,974,6,65.5,59.9,92.5,41.9,77.5,32.8,93.9,Software Development,0
STU103387,22,Male,7.4,79.9,1,61.6,49.7,40.4,33.9,1,0,1,5.1,2,1,1,340,2,68.1,70,71.5,30.1,69.1,40.6,54.4,Data Science,0
STU103446,21,Male,6.73,84.4,1,61.4,60.7,70.6,46,4,1,1,3.9,1,0,0,663,5,58.2,68.4,61.8,41,58.1,60.8,88.4,Cloud Computing,0
STU105351,21,Female,7.27,87.8,0,39.5,26.8,59.4,48.5,2,1,0,0.7,2,0,0,898,1,70.8,63,90.1,50.9,63,79.5,56.5,Cloud Computing,0
STU103549,21,Female,9.12,81,0,55.8,82,56.8,57.9,1,1,0,0,1,0,0,959,1,51.5,61.9,93.7,52.8,37,51.9,70.5,Data Science,0
STU108610,21,Male,6.53,94.2,2,52.4,30.8,39.2,49,1,0,1,5,2,1,1,956,0,65.7,56.8,74.2,46.5,61,39.3,65.8,AI/ML,1
STU104942,21,Female,5.9,81,1,56.8,64.1,41.3,29.7,2,1,2,10.2,5,1,0,865,3,63.1,47.7,78.7,74.2,48.8,103.7,64.5,Cloud Computing,1
STU103738,23,Male,7.56,70.1,1,71.2,28.8,,46.8,3,1,1,3.8,2,2,2,1024,3,63.6,62.5,59.9,58.6,77.2,29,65.1,Business Analytics,0
STU107381,22,Male,6.1,95.3,1,47.7,29.1,82.3,,1,1,2,9.4,2,1,0,245,3,61.7,47.7,78.2,33.7,49.7,55.8,72.7,Software Development,0
STU101277,21,Male,6.19,80.2,0,43.1,53.3,66.2,38.1,4,2,0,0,2,0,0,608,4,65.2,62.2,61.5,28.8,64,,77.9,Business Analytics,0
STU104295,22,Male,7.89,83.9,0,40,60,62.2,53.9,3,0,1,1.8,1,1,0,633,2,66.2,58.4,81.7,45.6,38.8,90,77.9,Cloud Computing,1
STU106152,21,Male,6.06,76.7,0,26.6,39.3,52.7,48.5,4,1,3,13.9,4,1,0,424,3,83.1,76.2,71.9,64,55.3,99.8,,AI/ML,0
STU106381,21,Male,7.83,76.3,0,90.8,47.8,63.9,49.2,0,0,2,10.6,2,1,0,635,2,69.7,47.2,73.9,82.2,43.7,42,66.7,Business Analytics,0
STU105402,23,Female,9.11,80.4,0,46.6,51.4,52.5,74.2,0,0,0,2.3,2,1,0,307,0,58.3,72.8,61.1,53.6,27.9,122.9,70.5,Cloud Computing,1
STU105088,21,Male,7.57,67.2,1,61.6,45.7,49.6,46.8,3,0,0,0,2,1,0,733,4,57.1,59.6,58.7,49,91.5,55.9,,Cloud Computing,0
STU100837,21,Female,7.63,82.4,1,56.4,49,54,60.6,1,0,2,7.1,2,1,0,872,0,68.3,52.8,65,54.6,87,165.7,58.4,Software Development,0
STU103548,23,Other,8.68,79.2,0,49.7,78.4,55.8,61.2,1,1,0,2.1,0,0,0,585,1,57.7,61.7,82.8,55.9,52.2,43,73.4,Cloud Computing,0
STU100966,20,Male,8.16,69.1,1,55.8,67.4,55.9,63.5,3,0,0,1,3,2,1,894,3,56,70,73,59.6,51.2,,69.5,Data Science,0
STU106577,22,Female,8.34,95.2,0,40.9,63.7,66.1,65.9,1,1,1,4.3,1,1,0,533,0,53.1,56.2,89.4,57.1,50,62.7,80.5,AI/ML,0
STU104070,19,Male,8.83,81.5,0,84.7,71.9,80.3,59.2,2,1,1,4.5,1,0,0,729,1,79.2,60.4,90,25.9,53.5,30.2,68.6,AI/ML,0
STU106722,23,Male,7.8,80.3,1,74.1,55.2,50.9,56,2,0,0,0,3,3,2,964,1,59.5,50.8,62.2,50.8,75.8,40.7,75.5,Business Analytics,0
STU103422,22,Male,7,73,0,60,85.9,66.6,65.8,2,0,1,1.8,2,4,0,964,1,76,62.2,64.4,58.9,51,17.3,86.5,Software Development,0
STU107964,20,Male,8.11,87.9,0,27.6,69.5,54.2,54.8,5,1,2,10.6,2,0,0,623,4,65.3,55.8,65.3,50.3,67.6,47.4,70.9,Data Science,0
STU102376,19,Female,7.38,90.6,0,20.7,43.7,22.9,54.3,2,1,0,0.5,1,0,0,218,4,76,50.8,57,62.3,48.3,12.3,74.9,Software Development,0
STU104328,22,Female,8.66,77.2,0,54.9,97.3,69.6,83.6,2,1,1,5.4,0,1,0,735,3,,55.1,81.8,68.2,61.9,60.9,84.8,Software Development,0
STU108163,20,Male,6.52,100,1,41.4,47.3,52.6,63.9,1,1,1,4.3,2,0,0,549,1,64.6,65.4,72.4,34.8,49.1,96.4,69.5,Business Analytics,0
STU105387,20,Female,7.68,73.2,0,46.1,58.3,57.8,61.4,4,2,1,6.2,4,1,1,787,3,66.2,64.8,68.4,45.5,46.1,35.1,67.8,Software Development,0
STU106509,21,Female,6.91,89.7,1,41.9,51.5,92.2,58.1,5,2,0,0,0,0,0,534,8,62.8,67.4,78.5,57.2,77.5,85.8,72.8,Data Science,0
STU106592,24,Male,7.94,85.3,1,70.3,39.2,58.9,70.7,1,0,1,1.5,1,2,1,928,2,44.7,34.5,74,46.7,39.3,,70,Software Development,0
STU102988,23,Female,8,92.4,0,58.6,32.5,83.5,59.4,3,1,1,2.5,2,2,0,380,2,,64.9,83.6,50.3,78.3,176.3,87.2,Cyber Security,0
STU102946,22,Female,7.65,78.5,0,34.2,42.7,74.3,54.4,0,0,0,0,2,1,1,692,0,56.5,42.9,71.5,57.4,57,82.3,53.1,Business Analytics,0
STU105430,24,Female,7.96,95.1,0,55.3,41.2,61.5,62.6,1,1,0,0.3,4,1,1,489,2,62.6,45.3,67.9,37.9,71.7,34.4,74.8,Cyber Security,0
STU100294,19,Female,7.52,92.2,0,50.7,27,82.6,65.4,4,3,2,8.7,3,1,0,618,4,63.4,66.6,94.3,36.8,34.1,61.5,91.7,Software Development,0
STU108218,20,Female,9.7,84.4,1,80.8,90.7,31.4,68.7,4,1,2,8.6,3,1,0,786,3,58.8,45.9,82.5,47.6,24.7,12.6,67.9,Data Science,0
STU108575,20,Female,7.13,84.9,1,64.5,51.6,73,54.5,2,1,1,1.4,1,0,0,922,1,71.2,73.5,93.8,63.6,25.1,87.5,76.2,Business Analytics,0
STU106065,24,Male,7.54,75.4,0,59.1,52.8,64.4,48,2,0,1,3.4,4,4,1,864,2,72.6,68.3,73.6,45,50.1,44.3,68.3,AI/ML,1
STU104636,20,Male,7.79,67,1,56.5,57.6,45.3,75.5,2,0,1,6.3,2,0,0,699,1,48.2,65.1,86.1,31.3,71.3,35.6,91.4,Data Science,0
STU105078,22,Female,8.36,90.9,1,63.8,50.2,65.6,57.8,4,2,2,7.5,1,1,0,965,6,61.6,63.3,75,39.2,61.7,34.7,77.1,Business Analytics,0
STU108133,20,Other,6.34,89.4,0,49.1,51.8,63.2,32,1,0,0,0.2,1,0,0,790,3,56.2,48.5,65.3,41.2,84.7,97.4,78.3,AI/ML,0
STU107639,21,Male,7.28,92.7,0,67.5,56.6,56.4,70.1,0,0,0,0,3,1,0,522,0,60.8,63.5,77.9,53.5,72.6,20.8,71.9,AI/ML,0
STU109373,21,Female,7.85,80.1,0,34.9,78.1,63.2,32.8,4,1,1,4,3,1,0,712,4,59.5,76.5,83.6,50,86.3,19.4,49.3,Business Analytics,0
STU104460,22,Male,7.16,72.1,0,37.3,58.3,44.8,36.3,1,0,0,0,1,0,0,556,1,58.5,65.5,70.5,57.9,76.7,54.3,77.9,Software Development,0
STU102207,21,Female,8.01,89.8,0,38.6,39.7,67.1,65.1,1,1,1,6.2,2,2,1,672,0,69.7,48.4,76.6,83.5,88.5,38.9,68.8,AI/ML,0
STU106928,21,Female,8.2,76.9,0,54.9,66,81.5,56.4,1,0,1,3.4,2,0,0,571,1,,60.8,88.4,71,45.4,16.4,93.1,Cloud Computing,0
STU100705,23,Male,7.28,68.1,1,78.3,44.9,42.2,38.7,5,0,2,5,3,0,0,563,6,91.3,79.8,71.2,56.7,51.6,31.7,64.5,Cyber Security,0
STU106989,21,Male,8.64,84.8,0,33.4,92.7,35.3,65,1,0,0,0.4,2,1,0,215,0,36.4,65.2,66.6,64.7,34.2,58.2,55.4,Software Development,0
STU103150,22,Male,8.53,91,0,86,68.1,42.3,50.6,3,1,3,11,1,2,1,922,2,,74.9,76.1,67.7,50,,68.3,Software Development,0
STU102223,22,Male,7.47,91.6,0,56.5,60.5,64.9,63.6,4,1,2,11.4,2,1,0,662,4,68.9,56.3,68,56.8,57.3,59,81.9,Software Development,1
STU109111,22,Female,8.88,83.4,0,54.6,100,33.3,64.6,1,1,0,0.1,2,0,0,613,0,68.9,58.1,52.2,55.1,56.8,27.7,61.8,Cloud Computing,1
STU103405,20,Female,6.52,94.3,0,40.1,45.8,56.7,49.6,1,1,1,2.7,6,3,2,866,0,,74.7,70.1,58.8,68.3,16.1,70.5,Software Development,0
STU102439,23,Male,6.5,100,1,48.8,81.1,35.4,64.6,4,1,0,1.5,0,1,0,446,5,66.9,57.9,52.9,68.1,48.2,30,80.8,Data Science,0
STU109586,22,Female,6.63,77.8,1,35.2,69.5,81.7,57.1,5,1,1,5,6,2,0,682,5,62.7,56.8,80.3,31.1,71.3,66.1,79.1,Software Development,0
STU105030,20,Male,6.84,100,1,48.6,31,75.9,40,1,1,1,6.2,1,0,0,1180,2,65.3,63.3,78.1,53.1,33.3,97.7,86.2,Business Analytics,0
STU109190,23,Female,8.54,79.9,0,50.9,59.8,49.4,67.2,0,0,4,13.5,5,1,0,845,1,87.8,58.4,78.3,25.8,84.4,64.6,87.3,Business Analytics,0
STU107975,23,Male,6.92,79.3,0,36.8,42.8,62,35.9,2,2,2,9.2,3,2,0,1055,3,83.9,48.8,58.3,33.2,64.1,166.2,61.7,AI/ML,0
STU107830,21,Male,7.26,89.5,2,66.7,40.9,71.4,20.8,3,1,3,16.7,1,1,0,984,4,71.4,64.8,63.4,42,65.7,6.1,54.2,Data Science,0
STU108045,21,Male,8.52,88.7,2,62.7,66.2,84,61.4,8,2,0,2.7,2,0,0,974,8,66,83.2,86.7,61.2,100,30.6,81.6,Business Analytics,0
STU104072,22,Male,7.7,75.6,1,51.4,52.1,73.9,64.2,2,0,1,1.5,5,1,0,195,1,68.6,69.3,78.3,49,43.5,35.8,69.9,AI/ML,1
STU108799,22,Female,7.04,73.8,1,55.7,42.9,55.3,40.3,2,1,2,10.2,1,1,1,532,4,58.8,52.2,80.6,85.8,52.6,40.3,79.3,AI/ML,0
STU108012,20,Female,8.81,96.4,1,71.2,57,90.7,80.4,2,0,0,0.3,4,4,0,709,2,57.7,53,84.5,74.6,58.6,70.8,78.9,Data Science,1
STU104950,23,Male,7.72,88.9,2,54.6,72.3,41.6,40.9,2,1,0,0.2,3,1,0,685,2,55.5,68,55.7,45,45.5,43.6,67.5,AI/ML,0
STU107452,20,Male,7.48,100,1,47.8,62.9,48.9,82.9,4,2,0,1.1,1,1,1,663,6,60.8,62.2,59.4,59.8,51.3,22.6,95.7,Cyber Security,0
STU104670,21,Male,7.4,78.2,0,30.8,60.5,63.2,48,1,0,2,7.3,4,2,0,157,1,69.2,53.8,73.1,75.8,66.2,69.3,82.9,Software Development,0
STU106581,20,Female,7.54,89.5,0,30.3,56,61.7,55.8,2,0,0,0.1,1,1,0,687,2,47,65.2,70.6,60.3,41.7,46.3,80.8,Software Development,1
STU104093,21,Male,6.2,68.5,2,56.2,,69.4,15.1,0,0,1,1.6,2,2,0,1123,2,72.7,43.1,77.1,65.7,68.5,42.9,58.9,Data Science,1
STU100712,22,Female,6.54,78.3,0,48.4,56.4,66.1,28.3,1,0,2,10.7,1,1,0,597,0,59.9,45.4,72.4,48.5,82.3,40.5,88.2,Business Analytics,0
STU105465,21,Male,7.38,84.4,0,19,39.7,66.1,32.4,1,1,4,19.9,3,1,0,297,1,93.4,47.8,73.5,61,65.6,20.5,74.5,Software Development,1
STU107599,21,Male,9.05,79.7,0,38.4,83.4,30.9,45.6,6,3,0,0,3,3,1,659,5,56.5,84.2,63,58,60.4,72.8,58.5,Business Analytics,0
STU102451,21,Male,6.53,75.5,1,39.4,57.4,51,59.8,3,1,0,0,0,0,0,770,3,41.7,67.7,67.9,50.9,19.8,33.3,60.6,Software Development,0
STU105831,20,Male,7.21,77.4,0,50.8,45.8,,31.9,1,0,1,4.5,3,1,0,731,0,78.6,74.3,64.5,58,40.6,35.6,72.6,Cloud Computing,1
STU100526,21,Female,8.36,91.5,0,46.1,57.9,59.5,71.7,2,0,1,2.6,3,0,0,966,2,63.1,69.8,69.2,59.9,47.5,109.3,81.1,Software Development,1
STU109514,21,Male,7.96,87.7,0,80.5,68.4,65,47.5,1,0,1,4.1,5,2,1,549,1,76.2,79.2,59.9,74.4,31.6,54.2,77.5,Software Development,0
STU100174,20,Female,6.82,94.1,0,44.8,50.5,40.9,46.3,0,0,1,4.1,2,0,0,1051,0,81.3,50.7,41,44.4,92,26.1,65.7,AI/ML,1
STU102436,21,Female,7.47,93.6,0,48,,44.3,40.7,2,1,1,3.7,5,2,0,736,2,77.4,66.3,71.2,66.4,75.3,34.7,74.2,Data Science,0
STU102679,20,Male,7.69,95.3,0,45.1,54.5,61.5,66.6,3,0,1,3.5,0,4,0,530,3,49.7,40.7,70.6,63.8,50.1,,53.9,Cyber Security,1
STU100151,22,Female,8.3,79.9,0,68.5,48.3,53.3,53.5,3,1,1,3.9,0,1,0,1287,5,45.4,68.2,68.3,48.2,66.4,36.5,83,AI/ML,0
STU103862,22,Male,9.28,92.9,0,40.7,74.9,64.8,81,0,0,1,5,4,0,0,854,0,63,48.3,80.4,67.8,87.1,49.7,92.8,Data Science,0
STU108848,19,Male,6.11,95,0,35.2,38.1,75.8,48.8,3,2,2,6,2,2,0,437,3,41,55,90.6,58.8,70.1,51.8,66.9,Cloud Computing,0
STU104914,21,Female,7.02,92.7,0,53.3,50.7,68.9,47.4,2,1,0,0.4,0,2,0,686,2,48.8,68.4,78.8,52.3,57.3,11.8,68.4,AI/ML,0
STU108636,22,Male,8.87,72.8,0,72.9,69.1,48,70,5,0,1,5.5,3,0,0,1128,4,66.5,54.7,76.8,44.3,98.9,,83.8,Data Science,0
STU102288,24,Male,6.62,79.6,2,44,81.3,62.6,49.7,4,1,0,0.6,5,1,0,523,3,79.5,73.6,61.3,57.1,35.5,43.2,93.2,Business Analytics,0
STU101478,20,Male,7.17,82.4,1,58.1,78.9,77.5,60.9,3,3,1,,4,1,0,813,2,88.9,69.6,63.4,45.5,31.2,48.3,56.6,Software Development,1
STU101863,23,Male,7.34,74.8,0,50,44.9,63.3,62.4,1,0,1,4.6,1,0,0,774,2,44.4,40.5,74.8,76.5,72.3,52.2,92.3,Business Analytics,0
STU109359,22,Male,6.52,86,3,16.6,59.6,46.3,31.1,2,1,0,0.3,2,1,0,816,1,64.9,64.4,63.8,61.1,62.4,33,69.6,AI/ML,0
STU102600,23,Male,6.59,,0,22.9,58,52.8,27,1,0,1,5,4,2,0,438,2,66.1,41.2,55.4,60.3,75.5,38.5,81.2,Cloud Computing,0
STU106526,23,Female,7.12,78.8,0,51.6,58.5,70.9,62.2,3,1,2,5.8,4,3,0,847,2,62.4,62.8,85.7,47.5,73.3,95.6,,Cloud Computing,0
STU108780,22,Female,8.46,80.4,0,64.5,64.6,47.3,42.9,0,0,1,2.3,1,1,0,669,0,,59.4,64.4,64.9,73,50.9,63.9,Software Development,0
STU101384,22,Male,6.74,84.9,0,58.4,55.5,53,60.9,6,2,0,0,1,1,0,879,6,68.2,64,79.3,49.8,54.2,47.4,64.4,AI/ML,0
STU101853,21,Female,9.23,82.4,1,87.9,60.4,50.7,61.7,1,0,1,5,3,0,0,957,4,61.2,53.7,73.8,33.6,82.2,39.3,97.7,Software Development,0
STU105375,22,Male,7.14,70.5,0,50.6,42.8,40.8,51.5,2,1,3,11.3,3,1,0,1037,1,72,65.4,57.7,73.6,75.1,38.3,61.6,Data Science,0
STU106584,22,Male,8.5,83.2,1,58.4,84.2,72.2,73.1,2,0,1,4.1,2,0,0,503,1,60.4,56.7,70.7,38.4,80.9,59.5,77.1,Software Development,0
STU103413,22,Female,7.99,80,1,59.2,91.4,69.7,60.2,3,1,1,2.9,1,1,0,441,3,58.8,58,67.2,48,74.3,26.2,77.7,AI/ML,0
STU100109,23,Male,8.44,73.9,0,59.7,57.2,53.6,,0,0,1,6.5,4,3,0,494,0,76.2,43.1,86.1,67.9,55.1,10,68.9,Software Development,0
STU100258,21,Male,6.58,59.8,1,,56.1,68.8,23.7,3,0,0,0,1,1,0,976,4,49.6,51.8,71.6,45.8,56.4,9.5,48.3,Business Analytics,0
STU102066,22,Male,6.35,93.2,0,65.8,46.8,47.9,54.4,5,0,1,5.5,2,0,0,821,5,59.3,77.9,75.4,59.7,43.7,125.6,61.2,Software Development,1
STU109362,21,Female,8.16,84,1,67,52.3,40.5,40.4,1,0,0,0.7,1,5,0,554,0,32.8,59.4,75.1,73.7,85.7,13.1,55.6,AI/ML,1
STU101915,23,Male,7.21,69.2,0,43.7,67.4,54.5,74.6,2,2,1,3.7,1,1,0,716,2,,44.6,78.6,58.7,40.4,59.8,88.7,Software Development,0
STU107118,20,Male,9.89,98.7,0,69.1,56,44,58.9,2,2,1,4,3,3,1,865,1,72.1,40,61.5,62.4,55.2,45.6,59.4,Data Science,0
STU102405,21,Male,8.65,82.8,0,44.2,88.9,44.4,57.1,5,0,0,0,2,1,0,803,4,,80.4,62.4,54.9,39.1,63.9,61.6,Data Science,0
STU107800,21,Female,9.65,70.2,0,83.1,71.5,45.5,61,5,1,0,0,1,3,1,879,5,77.6,56.1,59.4,41.8,45.4,46.2,56.1,Cyber Security,0
STU104609,20,Male,8.86,87,1,61,84.1,41.6,68.7,4,1,0,0.3,3,0,0,362,4,50.8,68.4,73.2,68.3,57.2,33.2,87.8,AI/ML,0
STU105847,23,Male,8.44,76.2,1,60.7,42.7,59.5,73.7,4,2,1,2.6,1,1,0,768,4,66.4,77.1,74.2,53.1,19.7,60.9,57.3,Software Development,0
STU104799,21,Male,6.76,88.3,0,54.8,56.5,53.9,67.1,0,0,1,4.7,3,1,0,957,2,76.7,48.5,75.6,68.2,78.3,64.6,72.4,Business Analytics,0
STU100656,22,Male,6.63,79.9,0,34.9,55.4,39.6,52.1,1,0,1,6.2,2,1,0,299,1,88.7,47.4,70.9,61.3,80.9,18.3,90.8,Cloud Computing,0
STU103070,21,Female,7.99,84.8,1,48,63.8,53.3,76.7,1,0,1,2.9,2,0,0,773,0,65.3,57,81.8,50.1,71.2,12.3,69.5,Cloud Computing,0
STU107162,22,Female,7.45,68.5,0,39.8,45.4,29,56.8,4,2,2,8.5,2,2,0,692,5,66,61.1,65.6,29.9,77.9,87.7,58.3,Software Development,0
STU100037,22,Female,7.54,,2,58.4,59.3,35.5,53.4,2,1,0,1,2,0,0,1036,2,75.6,68.9,93,49.5,64.5,41.5,64.3,AI/ML,0
STU102204,22,Male,8.3,86.3,0,50.6,48.6,47,68.3,3,1,1,6.3,3,1,0,776,5,41.9,58.8,59.4,67.9,43.5,67.2,81.2,AI/ML,1
STU103140,24,Female,6.58,76.8,0,49.8,49.7,63.7,57.6,4,1,0,0,1,2,0,520,4,41.2,72.5,70.6,44.7,69.5,34.9,,AI/ML,0
STU106142,22,Female,7.14,85.7,0,57.4,38.8,45,52.9,3,2,0,0.7,0,0,0,921,4,52.9,61.7,63.9,29.4,43.6,,65.6,Software Development,0
STU101283,19,Other,8.87,76.8,0,46.9,68.7,43,59.9,4,1,2,10,2,0,0,590,3,89.5,88.8,64.5,27,69.3,8.2,67.1,AI/ML,0
STU109980,21,Female,8.03,77.9,0,59.6,73.5,47.8,72.3,5,2,2,12.5,4,3,0,1337,5,67.2,64.8,74.8,62.2,33.2,67.5,89.9,Cyber Security,0
STU106378,22,Male,7.84,,1,48.5,55.3,90,64.5,4,1,0,0,2,1,0,744,4,54.6,58.2,61.3,65,86.6,74.6,88.7,Data Science,0
STU101627,19,Female,7.88,80.7,0,40.3,74.6,43.4,35.1,1,0,2,9.7,1,0,0,1132,2,60.7,60.5,65,49.9,36.5,74.2,51.9,Software Development,0
STU109163,23,Male,5.97,92.2,0,27.4,63.4,54.7,33,3,1,1,4.7,0,2,0,568,5,75.1,51.5,70.8,32.6,54.9,45.4,62.3,Cloud Computing,0
STU109616,24,Female,6.25,76.5,1,34.2,58.3,58.1,46.9,3,0,1,4.2,1,1,0,754,5,73.5,62.5,68,70.8,35.4,50.9,69.9,Business Analytics,1
STU101872,21,Female,8.79,80,0,58.2,73.1,60.8,57.6,2,1,1,5.7,2,1,0,574,1,64.5,48.3,85.6,32.7,23.1,39,75.6,Software Development,0
STU106616,22,Male,9.23,94.5,0,95.1,64.1,36.4,86.4,2,1,1,1.8,2,4,0,869,4,57.2,53.8,68.2,41.9,87.8,63.4,79.7,Cyber Security,0
STU104151,21,Male,6.87,81.6,0,19.4,38.5,63.4,25.1,0,0,0,0.2,3,2,1,571,1,60.4,32.5,66.8,61.7,63.4,24.6,68.1,Data Science,0
STU103394,21,Male,7.54,82.8,0,57.3,66.3,57,48.5,4,2,1,5.3,0,4,0,858,5,66.8,71.2,87.9,53.3,81.9,53.6,73.5,AI/ML,0
STU102900,23,Male,8.06,82.7,1,50.8,59.5,46.5,74.7,3,1,4,18.6,5,1,0,1107,6,64.4,,70.7,41.8,59.4,90.9,84.9,Software Development,0
STU106289,22,Female,8.08,86.8,0,44,60.1,57.2,23.8,1,1,0,0.3,1,1,0,618,3,78.5,63.2,78.3,89.9,53.1,62.5,56.2,Business Analytics,0
STU100625,22,Female,6.27,73.9,2,60.4,46.9,55.7,38.8,0,0,1,5.3,0,1,0,1181,0,62.5,52.8,68,25.7,69.5,24.4,70.3,Data Science,0
STU102445,23,Male,7.54,73.4,0,35.6,50.7,35.1,23.2,3,2,0,0.8,2,2,0,998,3,61.7,63.3,71.9,58.4,71.4,63.1,48.8,Software Development,0
STU104081,23,Female,7.58,77.3,2,56.8,50.5,75.7,48.7,3,1,0,0,1,2,1,801,3,67.4,56.9,75.6,68.8,54.9,32.8,69.7,Data Science,1
STU107849,20,Female,8.13,96.1,1,41.4,54.4,81.3,56.6,2,1,2,6.5,0,2,0,740,2,62.5,50.7,90.2,58.3,69.9,35,73.5,Cyber Security,0
STU108143,22,Female,7.91,95,1,43.1,52.6,54.4,64.4,2,1,0,0,1,3,1,550,3,60,52.5,73.6,45,46.3,147.6,57.7,Data Science,0
STU104416,21,Female,6.81,99.9,0,45.9,24.8,22.1,25.3,3,1,2,,3,4,1,723,4,62.2,58.7,64,68.6,36.4,41.5,42.1,Data Science,0
STU108646,21,Male,9.23,66.6,1,61.1,72.2,52.6,61.4,3,0,0,0.2,2,1,0,454,4,50,59,72.9,66.2,55.2,62.5,78.7,AI/ML,0
STU102298,21,Male,6.68,82.6,2,31,89.9,60.4,30.4,3,1,0,0.2,7,2,0,673,3,75.2,72,75.1,57.6,64.6,14.6,66.8,AI/ML,0
STU101844,20,Other,6.66,82.1,2,66.2,16.6,51.1,63.7,3,1,1,3.9,1,0,0,666,2,58.6,51.9,62.8,71,63.2,34.3,,AI/ML,0
STU109513,23,Female,8.64,81.8,0,73.8,54.5,62.2,,5,3,2,8,1,0,0,816,5,64,68.7,67.7,56.1,54.1,74.5,100,AI/ML,0
STU109058,21,Female,6.36,85.5,1,64,60.4,51.4,28.2,1,0,1,2.6,1,0,0,958,1,69,58.9,69,73.2,64.6,28.8,61,Data Science,0
STU106521,23,Male,8.02,77.8,0,71.5,73.2,52.8,65.9,7,1,0,0,0,3,0,1158,9,71.1,85.7,,56.4,63.2,22,78.6,Business Analytics,0
STU103362,19,Male,6.64,71,0,69.3,40.1,32.8,53.5,3,2,1,4.6,2,0,0,666,3,61.5,60.9,54.7,51.8,64.1,95.8,68.6,Cloud Computing,1
STU104584,23,Female,8.12,84.7,1,44.4,70.2,33.5,55.3,5,1,1,2,3,0,0,568,8,82,81.6,52.9,51.4,63.7,36.1,51,Cyber Security,0
STU104380,20,Male,7.85,72.1,0,52.2,62.7,70.5,58.3,1,1,0,0,3,2,1,499,0,70.6,67.7,85,59.6,47.3,106.9,70.1,Cyber Security,0
STU105511,22,Male,8.82,74.5,2,69.4,59.1,68.3,59.3,5,3,1,3.3,4,2,0,571,4,68.7,71.4,66.9,65.8,39.2,29,76.8,Software Development,0
STU103286,23,Male,6.23,75.9,0,53.1,44.6,54.1,57.6,1,0,0,1.1,1,3,0,531,1,62.2,66.6,73,53,20,61,54.3,Data Science,0
STU108476,20,Female,8.51,83.5,1,68.5,84.8,49.2,75.9,2,2,0,0,2,2,0,734,4,65.1,48,79.4,57.9,53.7,52.2,77.2,AI/ML,0
STU104563,22,Male,6.76,95.1,0,63.2,58.7,56.4,53.2,4,1,1,5.2,1,1,0,834,6,,61.5,69.1,44.1,64.9,39.4,59.2,AI/ML,0
STU107246,22,Male,6.38,83.1,0,41.1,44.1,60.4,43.1,1,0,1,6.5,5,1,1,311,2,79.5,45.8,61.8,68.9,48.6,28,77.1,Cyber Security,0
STU106195,21,Male,6.32,76.9,0,19.5,34.3,59.7,39.9,2,2,1,5.7,3,2,1,307,2,55.7,65.3,79.6,61.8,12.1,9.1,83.7,AI/ML,0
STU100400,21,Female,7.12,67.8,1,56.1,70,67.2,59.8,5,2,0,1.8,3,1,0,854,4,73.2,77.8,58.5,47.6,31.2,72.8,60.9,AI/ML,0
STU103216,22,Male,7.68,65,0,57.2,38.3,54,61.4,0,0,0,0,3,2,0,876,1,60.9,56.4,68.8,27.7,43.1,52.2,,Software Development,0
STU108566,21,Male,7.12,78.3,1,38.9,39.8,70,43.3,1,1,0,0.3,1,2,0,670,3,48.9,75.2,59.7,46.8,46.7,49.2,81.9,Business Analytics,0
STU105557,22,Female,8.02,96.6,1,,58.9,63.7,66,5,3,0,0,4,2,0,1010,6,59.6,81.1,80.2,75.9,55.8,,67.2,Data Science,0
STU100377,21,Male,9.42,71.2,0,56.4,74.1,75.1,87.2,2,1,1,3.3,1,1,0,652,4,83.5,63.1,75.4,42.6,59.8,38.9,91,Cyber Security,1
STU100264,21,Female,7.94,89.5,0,74.2,53.4,68.2,51.3,1,0,0,0.2,4,0,0,655,3,54.7,46,57.1,51.9,47.6,18.2,85.2,Data Science,0
STU104841,22,Male,7.79,91.9,1,74.9,52.2,64.2,33.5,4,4,1,3.4,4,1,0,1010,4,71.3,72,70.5,63,58.1,48.3,75.1,Data Science,0
STU100124,23,Female,6.75,88.8,1,44,41.6,62.1,38.7,4,2,2,9.5,0,0,0,463,3,68.7,62.9,73.3,65.2,29.3,75.1,49.1,AI/ML,0
STU104079,21,Female,8.94,74.1,1,82.6,63.4,88.1,73.2,1,0,2,7.1,3,1,0,822,0,67.1,74.5,83.5,54.1,60.3,55.9,81.6,Software Development,1
STU102478,22,Male,8.2,83.3,1,51.5,72.1,76.9,64.5,3,1,1,3.9,3,2,0,1174,3,72.6,77.2,79.1,20.2,74.2,48.4,92.8,Business Analytics,1
STU109460,23,Male,6.57,,0,41.1,40.3,44.7,55.7,1,0,1,0.6,2,0,0,906,1,80.6,,83.7,39.9,70.9,52.3,48.3,Software Development,0
STU102269,20,Male,7.51,89,1,75,71.4,61.8,57.8,2,2,0,0,4,3,0,926,2,65.7,62.9,75.3,50,54.5,38.6,93.3,Cyber Security,0
STU100160,20,Male,7.99,80.3,0,79.7,49.9,52.8,53.6,4,2,0,0,0,1,0,994,4,69.5,73.7,53.3,62.1,37.1,35.9,57.3,Software Development,0
STU108364,21,Male,6.6,83.6,1,71.9,60.1,63.6,33.7,0,0,0,0,6,1,0,889,0,70.9,53.1,59.7,55.6,59,44.5,75.3,Cloud Computing,0
STU101614,22,Male,9.28,86.4,0,60.5,83.5,53.7,50.2,1,0,0,0.8,4,1,0,996,1,55.1,50.2,57,64.5,53.9,15.5,77.2,Software Development,0
STU101704,19,Other,6.8,84.7,0,36.9,60.4,78.8,63.7,7,2,0,0,2,0,0,804,6,67.4,70.1,88.4,36.3,79.3,91.5,95.8,Data Science,0
STU109055,22,Male,7.87,97.2,1,48.8,73,68.1,47.6,4,2,1,1.2,4,0,0,885,6,72.9,73.9,78.2,55.6,55.9,68.9,82.9,Software Development,0
STU106051,21,Female,7.02,100,0,47.4,52.7,40.7,57.7,1,0,0,0.2,2,1,1,917,1,75.3,65,,40.8,44.3,53.8,61.7,Data Science,0
STU100335,22,Male,8.41,99.3,0,61.4,64,36.5,68.7,3,0,1,2.3,3,0,0,735,2,76.9,66.8,49.7,54.9,42.5,35.5,,Business Analytics,1
STU106606,20,Female,7.43,85.1,0,69.9,51.9,76.6,46.9,6,2,0,0,1,4,0,871,5,65.2,95.4,70.1,58.2,43.8,63.3,84.5,AI/ML,0
STU107065,23,Male,6.46,92.9,0,21.6,75.7,61.9,30.7,2,0,2,6.5,1,1,1,424,2,68.1,38.1,63.6,55.5,37,21.3,59.6,Business Analytics,0
STU108846,23,Male,7.74,79.3,1,76.7,42.5,92.7,55.4,4,1,0,0,0,1,0,690,3,57.5,61.6,70.3,62.6,48.5,14.7,81.2,AI/ML,0
STU101330,23,Male,8.3,92.7,1,42.8,62.1,64.7,63.5,5,2,1,3.4,1,0,0,291,4,38.8,66.2,62,44.5,81.7,97.9,98.7,Software Development,0
STU105975,23,Female,9.36,87.1,0,51,69,76.5,28.9,1,0,1,1.9,2,2,0,573,0,58.4,42.2,65,38.3,77.1,35.7,73.3,AI/ML,0
STU101247,21,Female,6.85,86.1,0,56.1,53.2,55.9,40.7,1,0,1,4.1,1,3,0,720,2,60.2,37,79.5,46.9,67.1,63.2,61.8,Cloud Computing,0
STU109239,22,Male,7.59,87.4,1,63.4,67,57.3,66.1,2,0,2,9.7,2,1,0,842,1,77.7,51.2,53.1,53.9,80.8,101.3,85.3,Business Analytics,0
STU107577,22,Female,7.33,71.1,0,44.9,51.6,62.2,61.7,1,0,1,4,2,1,0,316,1,53.2,67.7,77,72.8,23,124.1,82.7,Data Science,1
STU109977,22,Female,7.1,91.1,1,33,41.1,53,65.7,2,1,1,3.4,2,3,0,356,2,62.4,66.1,68.8,74.3,58,87.9,71.4,Software Development,0
STU106105,22,Male,6.45,89.7,1,21.6,50.1,48.3,62.9,4,1,1,2.4,2,2,0,532,5,52.5,77.9,70.8,74.9,69.2,51.5,66.1,AI/ML,0
STU102948,22,Female,7.2,88.1,0,58.4,71.3,50.8,43.1,1,0,0,0.7,3,1,0,559,1,70.2,78,70.6,60.1,44,54.8,70.9,AI/ML,0
STU106909,22,Male,9.95,64.3,1,95.9,75.7,51.9,81.2,4,2,1,1.7,4,2,0,770,3,56.9,64,63.5,47,43,67.1,71.5,Data Science,0
STU103445,23,Male,7.92,85.2,0,86.4,55.3,54.8,40.8,3,3,0,1.9,2,2,1,1400,3,75.7,61.2,68.5,60.4,41.6,43.5,78.4,Data Science,1
STU105480,21,Female,9.95,92.5,0,78,83,72.7,100,1,0,2,7.9,3,0,0,1038,2,64.8,47.1,90,68.8,64.4,113.5,75.8,Data Science,1
STU102500,23,Female,5.92,73.5,2,37.9,33.2,60.5,76.6,3,1,0,0,1,0,0,677,2,58.8,55.1,72.6,31.5,39.6,36.2,83.7,Software Development,1
STU107291,24,Female,7.64,87.4,1,67.5,53.4,44.2,67.9,4,3,0,0,2,1,1,1325,3,55.9,71.5,59.8,33,53.7,87,55.3,Cloud Computing,1
STU103558,22,Female,6.7,78,0,38.9,62.3,60.9,43.7,4,1,0,0,3,3,0,258,5,54.5,75.6,67.8,61.3,65.7,64.8,78.2,Data Science,0
STU102740,23,Female,6.13,91.1,1,52.3,29.9,54.4,39.7,0,0,0,0.6,4,3,1,556,2,76.8,50.3,73.1,47.9,70.8,61.4,71.6,Data Science,0
STU108453,21,Male,8.33,85.6,0,79.4,73.5,36.2,72.2,0,0,0,1.9,1,1,1,883,0,56.2,43.8,74.2,58.7,75.4,57.5,63.5,Cloud Computing,1
STU109773,21,Female,9.12,83.9,1,74,54.8,56.3,52.4,5,3,0,1.1,3,3,0,844,5,71.8,69.7,76.9,58.3,64.9,58.9,87,Business Analytics,0
STU102347,22,Male,8.52,85.4,0,43.1,49.6,51.9,77.2,5,1,0,0.1,3,2,1,837,6,60.9,70.3,72.9,58.8,39.9,38.1,,AI/ML,0
STU106977,22,Female,7.27,65.7,3,40.4,34.3,61.3,65.3,0,0,0,0,0,2,0,749,0,30.1,27.1,57.6,30.8,73,40.5,68.6,AI/ML,0
STU101691,21,Male,5.68,82.8,0,67.1,19.6,52.2,54.5,1,0,1,4,1,1,0,552,0,60.2,57.3,69.1,48.3,54.9,50,68,Software Development,0
STU101711,21,Male,6.06,64.9,2,31.6,48.5,78.8,34,0,0,0,1.1,4,0,0,344,1,60,58.5,89.2,42.9,46.7,36.3,71.2,Software Development,0
STU107738,21,Female,8.43,72.5,1,64,70,50.7,51.5,1,0,0,0.9,3,1,0,664,1,57.1,62.7,60.1,54.2,61.1,63.6,72.8,Data Science,0
STU101542,23,Male,6.62,81.2,1,43,64.7,46,41.7,2,1,0,,3,1,1,913,4,74.7,56.3,74.5,53.9,30.3,32.2,69.6,Software Development,0
STU100346,19,Male,8.17,77.6,0,52.4,68.6,76.5,68.3,2,0,1,4.1,3,1,0,724,1,70.3,63.1,63.3,39,52.4,83.1,87.3,Software Development,0
STU106255,22,Male,6.58,79.4,2,45.8,34,69.2,31.4,0,0,2,7.8,1,0,0,701,2,78.1,26.1,84,62.3,57.8,161.9,83.2,Cloud Computing,0
STU108708,22,Male,6.47,78.7,0,49.3,48.5,46.7,44,2,2,0,0,2,1,0,942,4,66.8,56.9,83.2,54.7,36.1,107.9,67.4,Software Development,0
STU100587,20,Female,8.18,78.9,1,50,53.1,65.4,59.2,1,1,3,14.1,3,2,0,970,0,75.5,54.2,80.6,51.1,66.8,32.9,88.5,Data Science,0
STU101477,24,Male,6.35,83.3,1,,19.6,55.5,43.9,4,1,2,6.4,3,3,0,934,5,69.6,72.3,63.4,45.8,58.2,56.2,78.2,Software Development,0
STU107086,22,Female,9.65,70,1,65.2,44.1,63.3,94.8,0,0,2,13.4,3,1,0,1091,0,70.5,41.5,81.8,55.5,52.5,56.5,59.1,Cloud Computing,0
STU105227,22,Female,8.72,87.2,1,74.5,82.5,38,34.1,2,1,1,3.4,5,0,0,817,4,57.9,55.1,,59.5,43.2,39.2,55.1,Data Science,0
STU108186,20,Male,7.11,71.3,0,15,51.5,48,65.6,1,1,1,6,3,0,0,325,0,66.8,54.7,80,48.2,43.4,44.4,63.8,Business Analytics,0
STU107443,22,Female,8.25,84.2,2,62,50.3,48,46.5,4,1,2,10.4,2,0,0,710,3,63.2,82.6,65,61.4,49.4,42.1,67.9,Software Development,1
STU104647,22,Male,8.22,64.2,0,60.5,40.6,48.7,48.3,2,0,1,2.9,2,0,0,774,2,65.8,56.3,81.6,52.7,40.3,32.3,56.8,Data Science,1
STU109002,20,Male,7.96,100,0,53.6,40.9,37.5,32.9,3,2,2,4,3,2,0,1021,4,76.2,74.5,69.1,55.1,65.2,,69.5,Business Analytics,1
STU107658,21,Male,7.57,79.5,0,62.3,79,60.7,70.6,3,2,0,0,2,3,0,1085,3,69.7,72.4,68.5,77.4,56.9,67.5,78,Cloud Computing,0
STU106016,21,Female,6.59,71.4,1,46.2,42.4,48.5,40.6,1,0,1,1.6,2,2,0,765,3,55.8,49.4,72.4,41.4,41.9,20.5,62.7,Software Development,0
STU101325,22,Female,6.98,79.2,0,40.5,69.7,45.4,58.8,4,1,0,0,2,0,0,626,3,58,72.4,63.3,65.3,58,93.1,78.2,Software Development,0
STU101458,22,Female,7.39,92.3,2,38,27.1,55.2,36.2,4,2,1,,2,1,0,580,5,68.7,63.4,71,44.7,84.9,52.7,62.1,Cyber Security,0
STU108855,24,Male,5.81,87.8,2,30.3,23.4,,30.1,2,0,0,1.7,1,1,0,296,2,63.5,70.1,68.9,30.6,56.8,58.9,62.9,Business Analytics,0
STU103458,21,Female,8.73,81.4,2,70.9,51.9,64.1,84.1,4,1,0,0.8,2,2,1,448,7,65.2,83.3,57.3,38,44.9,76.1,77.7,AI/ML,1
STU106323,22,Male,6.57,84.6,0,39.2,51,68.5,31.4,4,1,1,7.2,1,2,0,632,5,62.5,83,74.5,35.9,48.2,64.3,81,Software Development,0
STU108983,19,Female,7.15,73.6,1,51,54.2,69.9,85.5,3,2,2,8.3,2,1,0,442,2,74.5,51.3,86.9,60.4,57.3,66.7,78,Cloud Computing,0
STU102251,21,Male,7.52,81.8,0,59.8,56.3,61.5,54.8,2,1,0,0,1,1,0,670,3,,31.3,67.8,53.5,43.5,,84,Data Science,0
STU109053,21,Female,7.62,92.4,2,54.7,48.6,74,66.9,4,1,2,6.2,1,5,0,982,4,67,59.7,80.8,38.2,59.6,67.4,83.7,AI/ML,0
STU109398,21,Female,7.17,80.7,1,16.4,76.4,77.4,,3,0,1,2.4,1,1,0,135,4,46.2,47.3,64,60.9,34.3,105.2,79.4,Data Science,0
STU105816,21,Female,6.6,75.9,0,32.9,48.6,61.9,57.7,3,0,0,0,0,2,0,776,3,55,63.5,70.8,42.9,47.6,41.9,85.9,Software Development,0
STU106599,21,Male,8.74,80.6,2,49.2,69.4,50.1,82.7,2,0,0,1.4,3,1,0,827,4,50,68.9,73.4,41.2,34.6,10.3,77,Cloud Computing,0
STU101573,22,Male,9.02,74.1,0,57.4,46.2,72.4,32,4,1,1,6.3,5,2,1,810,4,82.5,74,79.6,46.2,31.1,77.1,84.1,Cyber Security,1
STU101779,20,Female,7.54,85.7,0,47.6,64.6,39.4,43.3,0,0,1,5.4,0,0,0,581,0,42.9,66.5,68.2,67.1,57.4,14.8,85.6,Software Development,0
STU106439,23,Male,7.62,,0,45.4,49.6,53.7,65,3,1,2,6.1,1,2,0,926,4,57.3,61.2,60.1,53,38.6,34.7,72.1,Software Development,1
STU108085,21,Male,8.01,83.6,0,66.3,59.5,38.9,56.6,2,2,0,0.4,0,1,0,911,4,76.1,53.2,48.1,60.6,64.3,54.4,74.6,Data Science,1
STU106252,22,Female,7.26,82.1,0,68.3,68.3,60.8,37.8,2,1,1,1.3,3,4,1,619,2,63.9,67.6,59.3,62.4,93.2,63.9,53,Cloud Computing,1
STU109221,21,Male,6.9,77.5,0,51.2,76,65.6,38.8,4,2,0,0,4,2,1,674,6,65.1,60.8,91.4,60,67.9,54.8,,Cloud Computing,0
STU102304,21,Male,7.29,79.6,0,33.9,18,71.1,37.4,2,1,0,0.7,2,1,0,924,2,64.8,77.8,82.7,43.7,90.2,,75,Business Analytics,0
STU100300,22,Female,7.59,82.3,1,,47.3,89.7,65,4,0,0,0,4,3,1,935,4,76,69.3,86.9,89.6,47.7,107.1,79.2,Cyber Security,0
STU108386,22,Female,7.16,73.5,0,69.9,46.8,52.7,52.4,2,1,0,0,1,1,0,1038,2,60.5,61.3,52.4,51.8,53.4,39.8,72.8,AI/ML,0
STU109124,22,Male,6.13,92.1,0,41,31,62,41.1,6,1,1,4.3,2,3,0,570,7,44.7,73.6,77,56.6,65.2,45.4,77.4,Software Development,0
STU103822,23,Male,6.93,100,0,40.8,75.1,70.1,46.3,1,0,0,0,0,1,0,438,1,47.7,59.3,68.1,47.9,77.9,64.4,55.6,Cloud Computing,0
STU103428,22,Male,7.3,62,1,63.4,,26.2,32,3,3,3,10.7,0,5,0,738,3,87.2,53.1,58.7,59,65.8,17.6,53.3,Cyber Security,0
STU100903,22,Female,7.68,89.2,2,55.1,53.3,57.2,52.8,1,0,3,18.2,2,1,0,1070,4,60.1,64.8,55.2,51,49,21.3,81.4,Cloud Computing,0
STU106801,21,Male,6.74,84,2,33,64.3,67.5,61.4,0,0,0,0,3,1,0,1149,0,55.2,55.1,67.4,46.5,72.2,153.4,77.9,Cyber Security,1
STU104718,21,Female,8.23,69.3,0,46.6,70.8,34.3,59,1,0,0,0.2,1,0,0,712,2,44.8,54.6,70,63.3,33.9,7.2,59.7,Software Development,1
STU104911,21,Male,7.44,85.3,0,56.9,44.3,50.2,43.9,1,1,0,0,1,1,0,990,1,,57.9,68.3,43.5,49.8,61.5,47.5,Software Development,0
STU102409,19,Male,8.06,78.2,0,67.8,75.7,84.3,72.7,2,1,0,0,0,0,0,643,1,55.1,56.2,75.1,53.4,59,82.4,71.7,Data Science,0
STU102163,23,Male,6.85,55,0,43.4,44.1,23,39.4,2,0,0,0.4,2,1,0,514,1,60.6,69.5,66.3,56.5,66.2,32.3,56.4,Software Development,1
STU106957,21,Female,7.01,87,0,34.2,70.3,56.2,48.9,2,1,2,7.8,1,1,0,995,2,,51.1,63.7,59,76.5,56.9,63.2,AI/ML,0
STU104099,22,Male,7.22,80.2,0,59.2,52.1,50.2,62.3,0,0,0,0.7,4,1,0,897,0,77.6,40.7,80.8,68.3,50.3,47.8,62.2,Cyber Security,0
STU109902,22,Male,7.98,87.4,1,67.6,54.6,50.9,67.2,2,0,0,0.2,2,4,0,862,3,80.8,68.5,52.2,64.6,74.1,82.4,76.9,Data Science,1
STU103624,23,Male,8.04,79.1,1,47.2,88.8,59.3,52.5,3,0,0,1.9,2,2,0,631,5,67.8,61.5,84,63.5,62.3,29.2,62.8,Software Development,0
STU103364,21,Female,8.65,76.9,0,,67.4,57.2,47.9,2,0,0,1.5,2,3,0,727,1,60.6,67,67,30.7,50.6,27.4,66.6,Data Science,0
STU101886,22,Male,8.83,83.2,0,61.9,76.4,66,50.2,5,1,1,4.9,2,0,0,632,7,50.9,66.1,67.6,53.7,62.9,37.9,74.4,Cloud Computing,0
STU103766,23,Male,6.53,85.3,0,51.4,53,57.8,30.5,2,2,0,0.9,2,1,0,798,1,55.4,53.4,65.5,62.8,100,76.3,67.5,Cloud Computing,0
STU107601,22,Female,7.97,74.4,0,60.5,68.6,59.8,56,1,1,0,0.5,1,1,0,398,1,57.4,47.7,70.2,56.5,69.6,70.6,77,Business Analytics,0
STU104809,21,Male,8.03,71.2,2,57.2,48.4,,44.7,4,3,1,4.2,1,0,0,746,6,71.4,70.3,63.2,72,70.2,25.4,,AI/ML,0
STU106779,20,Female,8.38,79.8,2,38.4,57.5,64.2,74.4,2,0,0,0,2,3,1,671,1,73.7,54.9,56,54.5,69.8,,83.3,AI/ML,0
STU105384,22,Male,5.9,79.3,0,15,46.8,67.4,67.1,6,1,1,5.5,1,0,0,439,5,67.1,67.1,85.1,63.2,100,53.2,77,Business Analytics,0
STU105572,21,Female,6.3,78.6,0,38.6,41.2,71,37.5,1,1,0,0,1,3,0,546,1,74,33.1,72.2,56.6,50.5,41.1,68.4,Software Development,0
STU109387,22,Female,8.24,,0,77.6,87.3,54.2,54.9,2,1,2,10,2,2,0,953,3,55.2,65.2,82.2,51.6,80.4,24.1,54.4,Software Development,0
STU101451,21,Female,8.36,84.1,0,45.3,71.1,79.3,65.9,2,0,0,0,2,1,0,980,2,54.2,73,70.6,45.2,71.1,62.8,72.3,Software Development,0
STU108006,20,Male,7.65,87.1,0,32.1,72.2,54.8,47.6,2,0,1,5.6,0,0,0,920,4,58.9,52.9,80.8,81.8,79.1,66.8,72.2,Cloud Computing,0
STU109995,21,Male,7.79,85.7,1,42.1,57.4,51.6,85.9,2,2,3,16.9,3,2,0,618,3,80.9,58.4,68.8,41.2,54.4,117.9,82.9,Software Development,0
STU107238,22,Male,7.13,84.1,0,54.2,62.1,60.4,49.3,2,1,0,0,3,0,0,629,1,35.4,64.6,65.8,51.4,43,39.3,81.5,Cloud Computing,1
STU100731,22,Male,6.02,,0,65.3,31.4,45.2,55.7,0,0,1,2.5,2,4,1,918,3,66.3,39.1,,57.4,31.2,35.6,82.1,Software Development,0
STU104057,23,Female,7.16,92.5,2,38.7,33.6,31.4,67.5,1,0,0,0.1,2,0,0,1098,2,52.7,60.4,67.3,50.7,76.3,26.4,65.4,Business Analytics,0
STU107600,23,Male,6.79,70.6,1,62.8,62,65.4,29.1,4,1,0,0,2,1,0,543,3,67.6,70.4,72,68.2,58.1,29,68.2,Software Development,1
STU100719,21,Male,8.01,73.1,1,52.5,41,56.4,85.3,1,1,1,2,0,0,0,681,2,59.3,58.2,84,49.9,72.6,100.3,77.3,Business Analytics,0
STU107834,22,Male,7.79,72.8,0,48.6,51.9,80.7,56.1,3,1,1,5.6,1,1,0,853,4,52.3,73.6,73.5,60.4,62.3,74.1,74,AI/ML,0
STU107811,22,Female,6.98,77.1,1,57.4,19,58.1,37.8,5,1,1,3.8,1,0,0,772,5,76.7,72.1,83.7,73.6,53.9,10.6,72.3,Software Development,0
STU105533,22,Male,6.84,77.2,0,44.7,41.4,69.2,41.4,5,2,2,9.7,5,0,0,823,5,53.4,75.8,65.2,32.7,39.6,20.2,82.3,Data Science,1
STU106000,20,Male,6.67,79.2,0,30.5,76,39.8,40,1,0,0,1.6,3,1,0,172,0,66.6,73.8,57.8,51.6,61.6,9,70.5,Software Development,0
STU106721,23,Female,8.79,70.8,1,57.8,92.3,80.7,79.4,5,2,1,4.6,2,0,0,784,5,56.7,73.4,,34.1,34.3,120.2,81.9,Software Development,0
STU104764,23,Male,7.9,72,0,37.2,64.1,49.4,69.8,2,1,0,0,2,0,0,871,3,57.2,58.2,74.5,59.5,55.8,133.3,67,Software Development,0
STU108515,23,Male,7.57,69,3,30.3,46.5,52.5,40.1,2,0,0,0.8,5,1,1,893,2,69.1,70.9,68.8,47.2,58.5,76.5,85.1,Software Development,0
STU109146,22,Female,8.65,100,3,96.2,67.1,60.7,71.6,1,0,0,0.4,2,2,0,1037,2,66.7,51.9,74.4,45.9,42.8,38.2,68.3,Cyber Security,0
STU101486,21,Other,7.98,88.9,2,41.4,55.9,59.6,53.7,4,1,0,0,3,3,0,819,3,57.3,48,61.4,76.7,57.5,169.3,79.1,Software Development,0
STU100399,22,Other,9.22,85.6,1,88.1,66.2,62,73.1,3,3,0,1.4,2,3,0,1154,3,77.6,59.2,74.9,52.5,93.3,51.8,68.6,Cloud Computing,0
STU104931,22,Male,7.71,65.2,1,51,49.3,57.8,49.8,5,3,1,4.4,1,0,0,725,5,60.5,70.4,77.8,43.8,58.4,46.1,75.6,Software Development,0
STU103814,21,Female,7.42,94.2,0,59,54,51.1,84.5,2,1,1,3.5,2,2,0,860,3,68.1,62.3,80.4,60.3,47.1,55.5,82.3,Cyber Security,0
STU102433,21,Male,6.64,96.3,0,44.7,30.3,89.1,56.6,2,0,0,0,2,2,0,920,3,75.3,53.1,83.4,33.4,41.1,68.6,90,Software Development,0
STU101827,23,Male,7.22,71.2,2,54.8,65.5,66.1,66.4,2,1,1,5.1,1,0,0,899,1,48,68.1,62.9,47.7,63,19.4,73.5,Data Science,0
STU104988,22,Female,8.61,79.7,0,69.4,47.6,67.1,56.1,1,0,0,0.1,0,1,0,1214,0,50.7,40.9,77.6,47.5,39.9,109.1,84,Software Development,0
STU108124,21,Male,7.47,76.5,2,41.2,,67,73.6,5,1,0,0,3,1,0,781,4,,66.7,78,63.9,87.7,14,91.2,Cyber Security,0
STU109470,20,Male,6.7,85.5,2,45,41.1,57.6,37.6,3,2,0,0,4,0,0,992,4,71.6,62.4,74.2,65,91.9,32.3,56.4,Cyber Security,1
STU107412,21,Male,8.8,72.8,1,64.8,76.3,35.1,77.7,1,0,0,0.5,0,1,0,910,0,70.5,54,59.8,23.1,56.3,12.8,50.6,Data Science,1
STU104399,21,Female,7.92,79.1,3,33.7,57.2,81.7,53.5,5,0,0,0,0,1,0,518,7,42.7,73.8,86.4,43.8,96.5,86.4,69.3,Software Development,0
STU105112,21,Female,9.63,83.3,0,67.6,58.3,61.6,76.1,1,1,0,0,3,1,0,964,1,74.4,54.5,62,55.7,41.4,51.7,65.8,Data Science,1
STU101166,21,Female,7.04,92.3,0,62.5,58.1,53.4,43.9,2,0,1,4.3,2,1,1,431,2,34.9,58.9,87.4,77.3,82.2,26.1,73,Cloud Computing,1
STU107748,22,Male,6.12,80.8,1,24.1,44.6,46.4,40.9,7,1,1,4.8,1,2,0,750,7,,75.5,76,66.9,49,53.2,63.3,AI/ML,0
STU108204,21,Female,6.4,81.3,2,58,77,83.6,31.8,2,0,1,3.4,3,1,0,822,3,55.6,56.6,74.4,66.8,38.8,28.3,57.7,Software Development,0
STU105945,23,Male,6.45,86.7,0,45.1,69.8,68.6,40.9,5,2,0,0.9,2,2,0,713,7,54.1,64.7,85.7,42.8,70.9,89.4,63.4,Data Science,1
STU106137,21,Male,7.08,81.3,0,45.5,71.1,59.1,33,0,0,3,6.8,0,1,0,708,0,71.7,68.5,68.2,52.5,89.4,74.9,93.8,Software Development,0
STU107368,22,Male,7.04,,0,50.8,51.9,68.8,72.6,5,2,0,0.1,1,2,0,788,5,60.8,68.5,72.4,48.9,73.9,46,88,Data Science,0
STU105720,22,Male,8.29,80.4,0,63.1,,53,51.3,1,1,2,6.2,1,1,0,709,1,58.7,68.2,77.2,53.7,76.4,26,82.4,Cloud Computing,0
STU108290,22,Male,6.58,74.6,0,28.6,22.2,36.4,45.8,3,2,0,0,6,2,0,438,4,77,57,54,67.1,76.7,21.5,58.1,Software Development,1
STU107264,21,Female,6.84,77,0,27,45.1,70.1,51.9,4,2,3,8.5,5,1,0,653,6,86.7,68.8,71.8,48,53.8,43.8,64.7,AI/ML,0
STU103670,22,Male,6.87,87.7,1,35.8,66.4,37.3,24.7,4,0,1,4,4,2,0,471,4,77.6,74.9,67.8,41.4,44.6,84.6,71.2,Software Development,0
STU108891,22,Male,8.25,81.7,3,81,63.7,48.5,45.6,3,2,0,1,2,1,0,873,4,64.7,71.5,62.8,22.1,48.3,100,64.2,Data Science,0
STU102091,22,Male,7.61,55,1,64.3,47,86.9,53.6,1,0,0,1,3,2,0,773,1,72.9,65.9,69.4,67.7,72.6,,80,Cyber Security,0
STU106305,23,Male,7.23,81.7,0,34.3,53.2,59.4,15,2,2,0,,7,2,1,348,2,72.3,57.9,55.2,44.5,47.5,23.8,66.3,Business Analytics,1
STU105143,21,Female,8.21,72,2,92.2,69.9,47.1,37.8,2,0,2,5.3,5,2,0,566,3,78.5,74.2,73.8,69.7,61.7,48.3,61.3,Cloud Computing,0
STU105193,22,Female,8.42,,2,44.7,76.5,51.1,64,1,1,3,9.1,1,2,0,735,0,47.6,72.1,67.2,61.6,91,27,66.4,Data Science,0
STU109826,25,Other,8.7,88.7,0,50.4,65.4,61.4,58.1,2,0,3,17.8,3,0,0,679,2,76.6,58.2,67.5,71.2,39.8,42.7,90.9,Software Development,1
STU107448,23,Male,8.09,64.4,1,63,94.2,57.3,62.4,3,0,0,0,1,1,0,540,2,53.3,44.5,65.8,44,74.3,,59.8,Software Development,0
STU103649,23,Male,6.74,100,0,28.3,19.7,89.8,47.3,4,2,0,0.2,2,0,0,333,5,60.1,82.5,97.4,26.4,38.9,20.1,,AI/ML,1
STU105198,20,Female,7.19,87.7,0,68.9,61.6,45.1,48.1,0,0,0,0,1,3,1,696,1,65,51.5,77.4,53.9,37.9,41.5,77.4,Cloud Computing,0
STU104048,21,Male,7.37,97.2,0,38.8,53.8,78.4,63.4,3,1,1,5.2,2,1,0,872,3,90.1,54.9,79.6,44.4,43.8,131.9,76.5,Software Development,0
STU101363,20,Male,7.7,65.8,0,45.8,66.1,83.9,20.2,5,1,1,3.2,3,5,1,912,5,72.1,63.1,91.3,66.7,55.5,24.1,85,Cloud Computing,0
STU105783,20,Male,7.88,74.9,0,51.1,49.7,36.3,72.5,2,0,1,5.1,1,1,0,812,1,78.3,55.3,77.6,44.8,37.6,67.2,61.1,Software Development,0
STU106166,22,Male,7.36,66.6,0,49.3,63.8,33.8,31.4,5,2,1,4.4,1,2,0,630,6,46.4,73.2,53.4,36.7,56.9,27.3,55,Cloud Computing,0
STU100052,22,Male,8.57,72.5,0,77.1,61.6,38.3,64.7,4,0,0,1.3,1,4,0,1021,6,59.4,69.4,62,56.9,53.6,85.1,65.6,AI/ML,0
STU103520,22,Male,8.13,76.8,0,23.5,53.5,81.8,57.6,3,1,1,7.1,3,2,0,752,4,,46.9,80.8,41.7,54.2,15.5,81.6,Data Science,0
STU109690,23,Male,6.88,68,1,49,66.3,55.8,43.4,4,2,2,11.7,2,1,0,899,5,55.1,66.9,66.6,44.8,45.8,32,68,AI/ML,0
STU103233,21,Male,7.67,86.2,0,35.1,49.5,62.7,74.4,6,1,2,9.1,2,2,0,272,5,78.2,76.4,61.8,31.3,64.8,58.1,72.3,Business Analytics,0
STU104321,21,Male,6.81,62.6,0,34.1,53.6,68,38.9,2,1,0,0.5,1,1,1,831,2,50.9,54.3,67.3,81.9,22.6,110.1,93.2,Data Science,0
STU103425,25,Male,8.12,96.3,1,39.1,87.7,60.5,63.9,2,1,0,0,2,1,0,692,2,60.3,66.7,81,44.2,61.4,38.3,57.2,Software Development,0
STU100917,23,Male,8.12,74,0,49.2,44.4,37.6,59.5,4,2,2,6.9,2,0,0,786,3,50.1,65.3,77.4,44.5,71,100.6,72.9,Business Analytics,0
STU104961,21,Male,8.76,98.6,0,68.1,77.8,66,66.4,2,1,1,6.6,2,1,0,919,2,45.6,49.8,68.8,41.2,50.1,18.8,83.1,Software Development,0
STU101857,22,Male,8.45,78.9,1,50.3,79.1,52.3,59.9,4,2,0,0.3,3,1,0,397,4,77.5,63.9,69.2,58.4,45.9,50.4,70,Software Development,1
STU109552,23,Male,8.2,68.1,2,75.3,81.4,76.5,68.7,4,1,0,0,1,0,0,942,4,59.4,67.1,75.8,62.4,65.8,55.6,,Data Science,0
STU106913,22,Female,7.91,78.3,1,43.9,56.7,71.5,54.3,3,0,0,0.7,0,2,0,1051,4,57.7,37.3,74.8,70.4,54,10.4,67.1,Software Development,0
STU100865,21,Male,7.17,82,1,63,46.9,55.7,65.4,6,2,0,1.6,1,2,0,645,8,60.6,68.8,61.4,67.5,66,67,66.1,Business Analytics,0
STU103166,22,Male,6.22,95.7,1,19.3,29.4,50.4,33.2,1,0,0,0,0,1,0,537,1,55.1,53.3,54.1,57.4,66.3,72.2,53.5,Cloud Computing,0
STU107137,21,Male,8.14,83.3,1,40.1,63.7,38.2,72,0,0,2,10.9,0,2,0,644,1,87.8,34.9,60,43.4,81.1,15.5,69.7,AI/ML,1
STU108674,23,Male,8.46,83.9,2,80.9,74.4,79.3,62.2,2,1,0,0,5,1,0,741,3,70.4,62,65.1,50,56.3,36.7,78.4,Cloud Computing,0
STU104276,21,Female,7.26,62.6,1,53.5,70.9,52.2,54.8,3,2,1,,5,0,0,753,2,63.3,91.6,71,58.2,69.7,51.4,80.5,Business Analytics,0
STU109535,22,Female,7.04,88.9,0,47.7,53.3,56.2,41.1,3,1,0,0,1,5,1,941,2,62.9,56.9,62.8,62.4,84.9,43.2,70.8,Business Analytics,1
STU105957,21,Male,7.51,76.7,0,,38.9,59.4,87.2,3,1,0,0,1,2,0,730,2,68.9,43.6,69.7,44.7,22.3,49.2,73.6,Software Development,0
STU100279,23,Male,7.37,78.9,1,50.6,56.8,31.8,46,3,0,0,1.4,5,2,0,455,2,71,88.3,59.9,81.6,28.4,63.5,65,Software Development,0
STU108034,22,Male,7.91,94.6,0,65.6,65.8,38.7,66.4,3,0,0,0.5,6,0,0,1112,3,80.5,60.5,69.5,15,57.2,37.6,81.2,Cloud Computing,0
STU105750,22,Male,8.64,75.6,0,32.2,66.2,62.6,50.2,3,3,2,5.5,3,2,0,579,3,60.3,59.2,77.7,57.1,33.3,69.3,83,Cyber Security,0
STU108479,20,Male,7.25,76.7,0,47.7,43.4,51,42,2,0,0,0.4,0,0,0,595,2,40,57.5,64.2,77.4,84.8,109.7,64.1,Software Development,0
STU104000,20,Male,7.63,77.8,0,59.6,70.7,61.9,39.9,3,0,0,1.1,3,0,0,670,2,,60.7,59.1,64.6,64.4,43.1,75.3,Software Development,0
STU102534,22,Male,7,86.5,1,53.8,51,41.8,51.5,1,1,0,0,2,2,0,635,0,65.8,53.6,64.7,74.7,40.8,64.1,88.3,Software Development,0
STU104916,22,Female,8.45,82.4,0,69.1,75.7,69.1,34.6,1,0,0,1.5,4,1,0,788,0,60.7,40,59.9,60.8,47,26,77.3,Data Science,1
STU108057,21,Male,6.48,85.2,0,49,42.3,32.3,69.1,4,0,4,14.4,2,2,0,649,3,78.2,60.9,76.3,58.5,73.5,,73.9,Data Science,1
STU109390,22,Male,8.39,73.9,0,40.5,47.3,41.9,57.5,2,0,1,3.1,2,1,0,595,3,67.3,67.7,64.5,28.6,77.1,48,67.5,Software Development,0
STU102186,22,Male,8.54,93.4,1,59.1,55.8,33.3,74.3,4,1,1,4,3,0,0,889,4,71.3,83.8,66.2,38.6,42,57.1,81,AI/ML,0
STU107406,21,Female,6.64,80.7,0,42.1,74.3,66.7,57.4,3,1,1,4.4,3,2,0,911,3,47.4,74.3,80.2,43.2,22.6,95.4,91.7,Software Development,0
STU102747,23,Male,7.43,85.6,0,48.9,56.7,74.9,52.8,2,2,0,1.2,1,1,0,1300,1,53.2,55.9,49.9,66.6,52.8,14.7,,Software Development,0
STU106287,23,Female,6.17,,3,68.5,69.5,65.2,36.7,1,1,0,1.1,1,2,0,393,4,63.9,56.2,70,68.4,61.7,42.9,76.2,Data Science,0
STU105295,22,Male,7.51,70.8,2,35.7,53.3,87.7,55.4,2,1,1,3.7,2,0,0,233,2,50.1,66.1,90.8,52.9,56.4,34.8,84.1,Software Development,0
STU102030,21,Male,7.08,94.8,0,38.2,39.7,38.4,34.9,2,0,0,0,0,2,1,569,3,52.1,67,63.1,42.5,74.4,96.7,54.6,Business Analytics,0
STU109550,21,Male,7.37,87.6,1,83.8,48.4,53,72.3,1,0,2,10.1,2,1,0,1320,1,48.8,52.5,76.8,74.5,80.5,60.2,75.9,Software Development,0
STU102077,22,Female,7.02,80.9,1,49.1,43.2,53,46.8,3,0,1,4.4,1,3,1,640,4,,55.4,70.7,65.3,64.8,51.5,77,AI/ML,0
STU104129,21,Female,6.69,81.6,2,64.7,54.9,,47.5,3,0,4,11.2,0,1,1,489,2,59.9,79,79.4,51.5,55.1,46.1,97.6,AI/ML,0
STU109691,22,Male,8.46,81,0,62.7,65.1,72.5,60.6,6,0,0,0.5,5,1,0,898,6,,87.7,83.3,29.6,76.7,75.9,77.8,Data Science,0
STU102696,23,Male,7.61,81.2,0,29.7,65.3,74.2,87.7,2,0,1,5.5,4,2,0,537,3,59.7,61.9,82,33.7,57.4,84.9,100,Cyber Security,0
STU108950,23,Male,6.93,86.6,0,45.9,42.4,61.3,59.9,3,1,1,4.2,3,2,0,517,3,50.3,61.9,59.2,61.7,63.7,21.3,89.2,AI/ML,0
STU102361,23,Female,6.56,92.3,1,36.6,26.5,66.2,48.8,12,1,4,22.4,5,5,0,732,3,79.4,66.8,68.8,71.2,67.3,69.5,57.6,Data Science,0
STU106460,23,Male,7.53,73.5,0,37.5,26.6,72.3,40.1,2,2,2,11,2,1,0,196,2,70.4,59.7,57.5,73.4,48.2,32.9,75.7,Data Science,1
STU102574,22,Female,7.76,80.8,1,36.7,66,55,58.9,3,1,0,,2,1,0,666,2,56.6,58.7,80.4,75.4,69.2,72,84.9,Business Analytics,0
STU106896,21,Male,6.79,94.5,1,48.1,30.4,42.5,52.4,2,1,0,0,1,2,0,967,4,50.7,64.3,58.9,40.1,46.6,175.4,69.8,Data Science,0
STU101662,20,Male,7.73,81.9,0,53.3,62.4,67.3,87.5,1,1,0,1.9,3,0,0,389,2,58,52.8,84,28.4,56.6,170.2,100,Software Development,0
STU106776,23,Male,9.1,86.6,1,40.9,61.6,56,69.4,1,0,3,11.1,3,4,0,739,0,77.8,52.2,69.8,25.5,51.3,,56.1,AI/ML,0
STU101655,21,Female,6.88,83.1,0,37.1,56.3,71.8,65.8,3,1,3,12.3,0,1,0,490,2,80.3,62,78.2,44.2,38.5,72,95.6,Business Analytics,0
STU106869,20,Female,6.52,81.4,1,60.3,65.2,63.9,34,2,1,0,1.1,1,0,0,413,3,49.3,46.3,81.8,53.7,67.2,24.4,75.5,Business Analytics,0
STU105920,21,Male,6.76,91.5,0,43.6,39.3,24.8,61.6,2,0,0,0,0,0,0,509,3,53,62.3,60,54.1,66.6,28.2,73.5,Data Science,0
STU106472,22,Male,7.73,87.2,0,73.4,63.4,63.9,59.6,2,0,1,5.1,0,1,0,1156,2,51.3,45.5,80.6,37.1,31.8,56.3,69.2,Cloud Computing,0
STU103889,21,Male,8.28,93.2,0,80.2,58,55.5,78.8,0,0,0,1.6,3,2,1,797,0,65.3,48.9,66.3,51.3,60.5,39.3,84,Software Development,1
STU106497,22,Male,7.69,88.4,0,79.6,59.1,77.6,40.4,1,0,0,0.2,3,0,0,977,1,71.3,57.5,64,47.2,49.2,16.6,73.7,Software Development,0
STU106284,20,Male,6.03,67.3,2,44.9,51.9,47.3,34.1,6,2,0,0,1,1,0,1094,5,52.7,57.5,75,70.4,46.6,9.9,49.2,Software Development,0
STU109855,22,Male,7.3,79.1,1,37.8,63.3,80.8,55.1,3,2,2,5.9,2,0,0,815,3,85.2,64,85.2,71.6,40.3,65.7,85.3,Cloud Computing,1
STU107387,22,Male,7.6,88.1,0,57.2,79.7,69.2,,3,1,0,0,1,1,0,634,3,55.9,60.8,69,56.2,86.6,59.9,77.5,Data Science,0
STU107464,21,Female,8.16,82.5,0,79.1,66.5,45.8,49.5,4,2,2,5.8,1,2,1,794,3,47.1,56.2,71.7,53.4,67.2,49.4,59.7,AI/ML,0
STU109101,23,Female,6.95,88.6,1,42.5,49.7,64.1,76.1,5,2,0,2,1,0,0,840,4,54.2,80.7,57.2,55.7,23.2,76,95.6,Business Analytics,0
STU105559,21,Female,6.53,85.6,0,40.2,70,49.6,66.1,2,1,0,0.3,2,2,0,845,5,53.1,60.3,67.8,59.3,15.3,64.6,76.8,Software Development,1
STU104726,23,Male,6.12,89.5,0,43.8,43.3,75.4,36.3,1,0,1,3.6,1,1,0,284,2,64.2,74.2,83.7,45.8,72.7,68,55.5,Cyber Security,0
STU105309,23,Male,8.14,80.6,2,42.7,57.1,53.1,56.6,3,1,2,7.7,2,1,0,436,2,62.9,48.2,82.2,58,76.4,,61.4,Data Science,0
STU106655,22,Male,8.39,91.9,0,63,58.7,47.1,84.6,1,0,1,1.9,2,1,0,898,2,48.3,58.4,63.7,31.4,51.8,62.6,84.9,Data Science,1
STU106848,19,Male,6.26,80.5,1,33.7,58.3,68.3,38.4,2,2,1,5.5,5,2,0,684,3,84.1,66.8,65.1,35.2,95.9,27.9,63,Business Analytics,0
STU105759,22,Male,7.52,65.2,0,64.2,54.7,33.4,53.6,1,0,0,0.6,1,0,0,738,2,59.9,52.4,33.3,73.4,61.3,68.1,73.4,Cyber Security,0
STU101007,22,Female,6.9,81.1,1,52.9,39.8,71,58.4,0,0,0,0.6,2,2,0,674,0,63.6,50.2,68.9,45.3,66.5,51.2,59.2,Software Development,0
STU102878,21,Male,7.35,78.1,0,53.7,53.4,69,44.4,1,0,1,4.4,1,1,0,231,1,66.5,58.9,72.3,40,56.7,51.6,70.1,Cyber Security,0
STU109202,21,Female,6.24,96.4,1,36,61.1,73.1,47.1,1,0,1,4.5,2,4,0,208,1,46.6,47,71.5,72.5,77.1,126.2,62.3,Business Analytics,0
STU103988,22,Male,8.01,86.1,0,64.8,49.8,34.3,71.4,5,1,2,11.1,3,2,0,939,6,63.3,80.5,,48.6,82,28.4,75.6,Data Science,0
STU102073,20,Male,7.97,83.4,1,62.9,76.5,46.5,47.6,2,1,1,1.9,3,2,0,399,2,71.7,70.9,56.7,64.4,52.5,42.9,75.6,Software Development,0
STU106085,21,Male,6,88.2,0,30.2,26.5,62,37.4,1,0,0,0.3,0,2,0,635,2,60.3,41.9,67.1,68.2,57.5,37.2,83.6,AI/ML,0
STU108276,21,Female,6.91,90.2,1,44.5,56.4,73.5,33.9,2,0,0,0.7,2,2,0,700,2,45.3,53.7,57.6,62.8,55.9,51.8,76.6,Cloud Computing,1
STU105634,23,Male,8.7,76.4,0,,83.1,69.9,41.8,1,0,0,0,0,2,0,814,2,55,50.5,67.5,81,56.5,,71,Cyber Security,0
STU106418,22,Female,7.71,83.2,1,47.1,73.4,55.3,71,5,2,1,4.4,2,2,0,991,6,74.5,82.1,76.4,69.6,60.9,87.4,77.7,Software Development,1
STU109149,22,Male,7.85,80.4,0,59.3,51.1,74.8,59.1,3,2,0,0,1,1,0,604,2,55.4,,77,60.7,77.3,20.2,91.2,Data Science,0
STU101129,21,Female,7.79,81.9,1,33.6,74.4,53.3,65,2,0,0,0,4,0,0,620,2,67.9,80.5,74.2,50.1,41.3,73.9,80.8,Business Analytics,0
STU102150,22,Male,7.01,87.4,1,62.2,41.8,74.6,57,3,1,0,0,4,0,0,936,3,49.8,,75.6,75.8,48.7,103,92.2,Software Development,0
STU109625,22,Female,8.88,77.3,1,76.3,49.4,28,69.8,4,2,2,11.2,1,1,0,596,5,67.2,73.2,30,31.1,67.7,56.5,67.1,Software Development,1
STU102881,22,Male,9.14,78.6,1,65.4,82.5,46,61.6,0,0,0,0.1,2,1,0,1077,0,62.8,53.4,64.9,51.2,77.7,65,90.3,Software Development,0
STU103494,22,Female,7.78,87.9,0,83,53.2,57.3,71.7,4,0,2,12.4,5,1,0,1047,6,68.2,69.9,70,56.2,34.5,46.6,85.8,Data Science,0
STU104788,22,Female,8,91.2,0,52.4,69.1,74.1,77.5,1,1,2,9.4,4,2,0,740,2,71.3,68,70.6,73.2,42.8,58.4,79.3,Software Development,1
STU105020,23,Male,6.84,77.6,0,41,51.7,75.2,31.2,1,0,0,0.4,2,2,0,746,3,67.1,65.9,66.3,63.2,38.1,39.1,60.4,Cloud Computing,1
STU100410,20,Female,7.45,81.1,1,42.1,53.4,58.7,34.5,1,0,2,6.1,0,3,1,1075,1,55.6,40.3,59.4,65.8,76.7,17.9,83.6,Data Science,0
STU101716,22,Male,6.88,77.5,0,51.6,47.8,71.4,69.6,5,1,2,4.8,1,2,0,692,6,58.4,52.8,73.5,67.5,58.6,32.8,78.9,Cyber Security,0
STU103401,22,Female,8.11,,0,40.2,79.2,37.2,,0,0,0,0.2,3,2,0,641,0,75.3,55.7,69.9,54.6,56,132.7,69.2,Data Science,0
STU100972,22,Male,7.53,90.8,0,33.2,52.9,31.4,62.2,2,2,0,0,2,1,0,338,3,71.5,65,58.2,71.3,83.9,43.7,53.9,Cloud Computing,0
STU107525,21,Male,8.18,96.1,0,58.6,53,56.2,37,1,0,1,6.1,3,2,0,540,2,71.9,51.3,60.3,32,52.9,26.4,60.6,Business Analytics,0
STU104544,21,Male,8.32,81.9,1,40.7,63.4,45.6,73.1,3,2,1,6.8,5,0,0,429,2,75.5,67.3,69.2,58.2,58,70.7,86.4,Data Science,0
STU103132,21,Male,6.81,74.2,0,15,66.7,56.1,24.4,4,2,0,0.3,2,0,0,108,6,66,48.2,56.4,15.5,91.1,61.5,52.7,Data Science,0
STU107166,23,Male,5.81,75.6,3,19.1,42.8,51.9,41.2,3,0,1,6.6,1,0,0,898,7,59.8,86.5,75.5,15.6,42.3,92.2,52.2,Software Development,1
STU101805,22,Female,8.71,75,0,65.1,55.7,61.3,67,4,2,1,3.6,6,0,0,556,3,88,65.3,52.9,45.9,44.2,98.4,93.1,Cyber Security,0
STU107222,22,Female,8.19,86.4,0,50.5,36.1,75.8,72.5,3,2,2,8.8,6,3,1,826,2,56.8,62.3,70.2,23.2,62.5,98.7,74.8,Business Analytics,0
STU106657,21,Male,7.83,88.4,0,52.7,56.9,79.5,79.6,4,3,1,5.7,4,0,0,484,4,74.2,71.2,72.5,44.7,53.1,28.3,91.1,Business Analytics,0
STU103059,21,Female,6.71,62.6,0,39.6,40.1,67.5,35.5,1,1,0,0.2,1,1,0,849,2,62.4,40.9,66.3,47.2,48.2,39.8,81.4,AI/ML,0
STU101455,23,Male,8.06,76.4,0,61.5,59.2,25.9,43.6,3,1,2,9,2,1,0,673,2,73.8,64.9,57.6,56.8,64.1,70.4,64.9,AI/ML,0
STU104828,21,Female,7.7,85.7,0,67.3,70.1,62.8,73.5,7,2,3,8.3,1,2,0,672,9,77.7,67.6,54,82.2,60.4,76.4,73.5,Software Development,0
STU101616,22,Male,6.48,82,1,40.2,77.1,60,40.9,2,1,0,0.2,1,0,0,749,2,57.2,68.5,83.5,41.4,63.5,38.9,88.8,Cloud Computing,0
STU104774,22,Female,8.85,76.5,0,32,84,49.7,58.7,0,0,1,5,3,3,0,490,0,70.4,77.1,47.1,60.7,49,79.6,68.1,Cloud Computing,0
STU106736,22,Male,7.63,92.6,1,74.7,61.8,43.4,37.1,4,0,0,2.3,1,1,1,840,4,57.3,75.3,81,55.6,63.5,15.4,64.7,Cloud Computing,0
STU105239,21,Female,6.6,84.9,1,15,50.3,55.5,37.1,0,0,0,0.7,0,1,0,551,1,50.7,57.4,91,38.3,57.7,9.1,77.9,Data Science,0
STU100428,24,Female,7.34,83.6,1,38.2,53.7,69.7,39.1,3,0,1,2.2,1,1,0,167,3,50.9,76,73.7,44.9,28,81.2,85.6,Business Analytics,0
STU101880,20,Male,8.37,79.4,0,55,67.4,62.1,63.8,4,1,0,0.8,2,1,0,630,4,76.4,59.7,73.2,56.3,57,121.6,55.4,Cloud Computing,0
STU108413,21,Male,8.22,70.6,0,95.3,66,41.4,47.2,1,1,0,0,1,0,0,949,5,71.8,54.6,67.4,48.5,56.4,86.9,54.1,AI/ML,1
STU107275,21,Female,7.13,77.2,0,26.9,81.1,68.4,47.4,4,1,0,0,3,2,0,132,4,58.7,80.7,64.6,79.4,44.3,28.8,87.3,AI/ML,0
STU108415,22,Male,8.27,72.1,2,67.4,40,58.6,64.1,3,1,1,2.2,2,1,0,1182,4,70.6,84.2,59.8,37.2,72.9,74,75.9,Data Science,0
STU104654,21,Female,7.37,82.5,0,55.2,76.8,51.9,51.7,3,0,1,2.8,3,4,3,757,2,60.9,63.6,77.4,56.7,74.6,48.6,75.6,Business Analytics,1
STU104251,21,Male,8.37,89.5,0,45.2,49.7,54.2,48,0,0,1,4.3,0,2,0,875,0,40.3,44.1,56.6,43.9,60.6,34.9,78.5,Software Development,1
STU104743,22,Male,7.76,86.8,2,50.7,25.7,85,45,1,0,1,7,2,1,0,922,0,65,49.8,65.6,28.2,57.8,32.8,95.8,AI/ML,1
STU103429,24,Female,7.13,77.5,0,66.6,34.7,51.5,35.7,3,2,2,6.2,2,1,0,343,5,54.5,66.6,65.3,51.4,78.9,27.5,82,Software Development,0
STU102938,23,Male,8.59,82,0,55.9,50.4,,70.2,2,0,0,0,1,1,0,548,3,62.6,35.2,68.8,59.9,71.2,33.4,64.1,Data Science,1
STU100933,23,Male,8.54,91.3,0,33.5,72.3,91.9,77.4,2,0,1,4.6,1,2,0,465,1,53.6,41.5,86.4,57.1,62.3,69.4,90.6,Business Analytics,0
STU105587,21,Female,8.73,93,1,69.1,63.2,69.3,61.7,2,1,1,4,3,0,0,668,3,80.6,73,73.9,44.4,32.8,56.8,60.8,Data Science,1
STU100175,20,Female,7.8,85.4,0,60.5,48.1,53.6,49.4,7,2,2,8,3,1,1,910,8,50.1,70.6,77.1,23.6,75.2,103.4,78.9,Software Development,1
STU100593,24,Female,7.28,100,0,55.9,54.2,47.2,40.5,2,1,1,,1,1,0,438,2,49.6,46.9,67.5,45.1,52.4,50.6,55.7,Business Analytics,0
STU105663,21,Male,7.2,84.3,0,55.6,43,70.8,54.8,1,1,0,,2,1,0,967,1,48.6,70.9,70.7,58.1,70.1,28,81.9,Cyber Security,0
STU104630,21,Male,6.32,71.4,2,,47,54.3,44.4,5,1,0,0,1,2,0,441,4,79.6,,53.5,62.4,48.7,64.4,79.5,Business Analytics,0
STU101088,20,Male,8.18,77.6,0,62.7,16.4,61.8,61.8,3,0,0,0,0,2,0,615,2,60,66.6,71.1,44.5,58.6,77.9,68.7,Cyber Security,0
STU103696,21,Male,8.48,84.3,0,79.3,83.9,64.4,87,5,2,1,8.4,4,1,0,1059,5,58.2,68.5,74.4,53.4,26.9,113,76.1,AI/ML,0
STU101301,22,Male,6.98,79.6,1,69.9,32.6,46.2,44.8,2,1,1,2.1,1,1,1,425,2,70.5,71.4,60.4,16.2,55.1,21.9,68,Software Development,1
STU100607,23,Female,7.56,81.4,1,75.2,44.9,54.2,59.2,5,1,0,0.7,1,1,0,652,4,57.9,63.3,69.1,34.7,53.5,26.1,57.9,Software Development,0
STU101296,23,Male,7.82,82.8,1,36.9,64.3,39.6,63.3,3,2,1,5.6,5,1,1,875,3,75.6,64.7,75.9,74.4,84.6,57.9,69.4,Business Analytics,1
STU103883,22,Female,7.73,76.7,0,29.9,64.2,50.8,49.6,2,1,0,0.5,6,2,0,346,1,60.2,54.3,77.9,53.9,47.1,78.8,66.5,Business Analytics,1
STU109972,23,Female,8.59,67.7,0,73.6,71.1,45.7,61.9,3,1,2,6.1,2,0,0,635,3,68.6,59.4,87.9,47.9,60.9,32.8,72.2,Business Analytics,0
STU102511,21,Female,7.31,85.5,1,72.8,53.7,38.5,55.8,1,0,1,5.4,2,3,0,933,0,71.9,66.6,65.6,64.6,50.4,41.2,68.1,Data Science,0
STU103722,22,Female,7.53,87.1,3,43.7,61,52.5,45.4,1,1,1,5.7,2,1,1,500,3,,55.7,66.8,33.9,56.7,27.6,,Data Science,0
STU107130,21,Male,9.49,81.3,1,88.1,56.5,,61.1,3,1,0,0.8,1,4,0,763,4,61.1,64.7,68.4,60.4,78,100.4,100,Software Development,1
STU104728,21,Male,7.54,81.8,1,51.8,69.9,40.6,50,1,0,1,6.9,4,1,0,872,1,84.7,53.3,66.6,23.4,36,49.9,83.7,AI/ML,0
STU101593,22,Male,8.76,91,0,58.9,72.4,50.6,65.1,2,1,3,13.5,2,0,0,1078,2,63,53,70.7,39.5,54.4,52.9,78.1,Software Development,0
STU104578,19,Male,7.85,80.9,0,71.9,42.5,40.4,63.8,2,1,2,10.3,2,1,0,844,1,60.5,57.9,71.4,43.2,54.6,22.9,68,Software Development,0
STU105977,21,Female,6.67,91.4,0,55.1,32.2,61.7,60.9,3,2,0,0,4,1,0,667,2,80.5,57.4,80,55.5,38.1,56,91.4,Software Development,1
STU102886,22,Female,8.56,74.6,0,51.1,66.1,65.6,75.9,2,0,2,8,1,2,0,1309,2,83.2,51.6,79.8,73.4,60.5,16.1,62.3,Business Analytics,0
STU100569,22,Male,6.95,75.1,0,69.6,38.4,77.7,72,0,0,2,5.5,1,0,0,799,1,72.8,38.5,85.7,50.7,47.2,43.5,,Software Development,0
STU105541,22,Male,6.99,91.1,0,57.2,64,67.3,60.3,2,0,1,3.1,6,1,0,803,1,64.5,71.4,71.3,64.8,37.7,28,69.8,Business Analytics,0
STU107735,23,Male,8.47,84.9,0,47.9,55.9,68.6,49.2,0,0,2,7.5,5,1,1,828,0,93,62,82.5,61.9,52.2,47.2,79.6,Business Analytics,0
STU109418,21,Male,8.36,83.9,0,15,74.7,56.1,57.4,1,0,2,11.9,3,1,0,107,0,48.5,64.1,76.2,50,41.4,44.4,93.6,Business Analytics,0
STU104192,23,Male,7.23,68.5,1,60.5,30.8,51.4,40.3,1,0,1,5.4,2,0,0,593,0,56.3,49.6,85.9,42.1,55.1,80.5,67.1,Software Development,0
STU107366,22,Male,8.16,94.9,0,75.6,45.6,65.9,53.5,1,1,0,0,1,1,0,742,3,56.8,59.6,76.8,35.9,51.1,30.2,68.1,Software Development,0
STU102664,20,Male,7.64,88.7,1,50,77.3,61.2,42.6,5,2,1,2.1,2,3,1,771,6,52.8,77.3,78.9,41.2,63.8,73.6,71.6,Business Analytics,0
STU104400,20,Female,6.87,73,1,59.4,63.7,76.7,34.1,2,2,3,12.2,2,4,1,774,2,84.2,48.1,80.5,70.3,59.3,115.5,93,Cyber Security,0
STU107956,20,Female,7.48,76.8,0,41,67.1,40.9,58.8,1,0,4,,1,2,0,625,1,80.5,46.3,48.2,29.1,72.7,23.2,58.3,AI/ML,0
STU101677,23,Female,6.94,71.5,2,33.2,34.6,71.5,59,2,1,1,1.8,2,2,0,906,3,64,58,84.3,73.4,44.3,60.5,74.7,Cloud Computing,0
STU101162,21,Female,7.8,75.1,0,67.3,43.6,40.9,59.7,8,3,0,0,3,2,0,858,10,49.9,80,68.5,33.8,57.6,47.7,67.4,Cyber Security,0
STU101831,23,Male,8.17,82.6,0,67.3,69.4,48.7,66.5,6,2,2,4.8,1,1,0,649,7,57.5,79.1,48.2,51.3,62.6,24.7,75.7,Software Development,0
STU108517,20,Male,7.17,85.2,0,47.1,36.4,49.6,37.8,1,0,0,0,3,1,1,580,2,,,77.3,66.3,58.1,58.1,65.2,Business Analytics,0
STU107839,22,Male,8.01,77.8,0,72.6,55,39.4,78.1,5,3,1,2.5,1,3,1,886,6,55.4,73.8,77.6,51.8,92.5,43.7,74,Business Analytics,0
STU104097,22,Male,7.62,84.5,0,67.2,60.6,57.8,48.1,2,1,1,2.1,1,4,0,913,1,62.3,54.3,71.8,48.2,55.6,30.7,88,Data Science,0
STU105161,22,Male,6.59,84.1,0,46.7,28.3,46.2,46.6,3,0,0,0,1,0,0,759,4,52.5,58.3,74.4,67,61.9,59.2,81.3,Software Development,0
STU105271,23,Male,8.07,81.1,0,66.8,59,43.3,90.5,2,1,0,0.1,1,2,1,784,2,59.2,53.9,56.6,61.8,23.9,57,75.5,Software Development,0
STU101598,22,Male,5.63,75.9,1,33.3,19.9,36.8,42.4,2,0,2,9.5,1,0,0,905,1,64.3,59.8,60.7,56.9,50.9,11.9,57.4,Business Analytics,0
STU107261,22,Male,6.85,83.7,0,35.7,50.9,28.7,38.5,6,4,0,0,3,1,0,1022,5,69,77.8,64.6,48.9,69.9,20.9,,Business Analytics,0
STU100685,21,Female,7.15,93.1,1,56.3,58.1,74.7,45.8,3,1,1,4.3,1,4,0,656,3,48,52.1,78.5,68.8,68.2,,82.7,AI/ML,1
STU104148,24,Male,7.01,63.3,0,36.1,67.9,56.6,56.4,3,1,1,3.1,1,1,0,100,2,54,69.9,71.9,82.4,58.2,69.3,77.3,Cloud Computing,0
STU100787,22,Male,7.95,81.9,1,68,52.5,51.7,83.4,2,1,0,0.6,1,2,0,758,2,47.5,62.7,72.9,61.9,54.1,89,59.2,Cyber Security,0
STU109797,22,Male,7.9,88.4,0,46,73.5,58.8,59.7,2,0,2,7.8,3,1,0,849,1,66,45.2,69.9,28.1,80.5,37.7,60.4,AI/ML,0
STU101651,21,Male,6.65,89.2,1,37.4,64.8,56.6,33.6,1,0,0,1.5,4,3,0,676,2,47.5,61.4,56.4,56.5,45.7,13.6,85,Data Science,1
STU104513,23,Male,7.41,100,1,52.7,48.5,65.4,66.1,1,1,0,0,1,3,2,825,0,49,58.9,85.7,60.1,92.7,30.4,74,Data Science,0
STU102684,21,Female,7.55,85.7,0,36.6,64.6,52.4,69.6,4,1,0,0,6,2,0,715,4,57.1,62.2,59.4,58.8,57.3,38.7,74.2,Software Development,0
STU105996,20,Female,8.65,75.5,1,71.7,60.6,34,73.5,0,0,1,3.4,1,2,0,875,1,53.5,42.2,75.9,54.3,64.3,27.3,57.7,Software Development,0
STU107079,21,Male,8.41,82.8,0,53,66.1,62.4,86.3,1,1,0,0,2,0,0,707,1,70.8,37,80.6,40.6,47.2,49.4,85,Data Science,0
STU108572,22,Male,5.76,77.4,0,46.3,51.2,52.1,69.9,2,0,1,3.1,2,1,0,311,2,40.6,56.1,61.4,45.9,75.5,80.1,51,Cloud Computing,0
STU105988,21,Male,7.01,,0,51.7,43.4,38.9,46.6,4,1,1,4.2,3,2,1,986,4,61.4,64.9,,57.3,76.9,79.2,72.8,Cloud Computing,1
STU105960,23,Female,8.43,87.9,1,48.4,61.7,49.9,69.3,1,0,0,0,2,1,0,616,1,61.4,82.8,70.4,37.8,63.4,46,56.9,Business Analytics,0
STU107248,22,Male,6.26,83,1,20.7,63.2,60.3,59.5,1,1,0,0,1,1,0,676,1,58.5,59.6,64.2,54,86,17.4,54.8,AI/ML,0
STU101759,21,Female,8.36,93.1,1,64.1,79.5,44,73.1,4,0,1,5.4,1,2,0,1043,4,63.8,65.1,62.8,48.1,77.3,72.9,61.4,Cloud Computing,0
STU103258,24,Female,7.73,84.2,1,45.5,47.1,67.9,39,4,1,2,7.6,3,3,1,368,5,61.9,66.6,65.6,59.5,68,96.4,81.4,Software Development,0
STU106566,22,Male,7.43,95.2,0,60.4,50,50,38,1,1,0,0,7,2,0,1024,3,60.3,69.1,66.4,46.2,45.2,65.7,73.4,Software Development,0
STU105176,21,Male,5.93,73.3,1,50.3,38,33.1,18.4,1,1,2,,1,1,0,868,1,78.2,59.2,47.3,37.1,66,45,66.7,Cyber Security,0
STU106992,22,Male,6.96,100,0,29.9,67.2,65,53.8,3,2,1,3.7,1,3,1,772,3,54.8,73.7,75,53.2,93.5,30.8,62.2,Cloud Computing,0
STU103877,20,Female,6.87,90.8,1,42,68.1,38.6,64.5,5,2,1,2.8,0,2,0,200,4,67.8,63.8,51.8,64.6,70.1,90,56,Business Analytics,0
STU109736,20,Male,8.37,86.2,0,65,38.1,32.3,58.2,1,0,1,2.8,3,1,0,1030,0,95.4,55.4,62.7,68.7,47.1,61.2,74.2,Cyber Security,0
STU104027,21,Male,8.29,86.1,0,86.6,85.5,62.6,52.2,0,0,2,5.9,1,0,0,686,0,,58.4,85.8,43.5,65.3,43.7,69.7,Software Development,0
STU107410,22,Female,7.33,80.9,0,60.3,56.2,60.7,82.9,3,1,3,6.9,2,2,0,368,2,53.4,81.1,70.6,55.8,65.6,83.6,77.3,Software Development,0
STU102307,24,Male,6.5,81.3,2,63.2,43.4,59.6,57.8,3,0,2,10.2,3,1,0,1102,3,57.9,58.7,57.7,38,88.5,,89.4,Data Science,1
STU100482,23,Male,6.43,94.7,0,53.5,37,41.4,36.1,4,2,1,3.2,0,1,0,585,3,49,76.4,65.3,41.7,60.2,90.3,60.9,Cyber Security,0
STU108246,21,Male,7.9,85.4,0,59,61.3,60.8,60.3,2,1,3,13.5,3,1,0,920,2,71.4,60.4,74.9,47.9,75.6,33.7,90.5,Business Analytics,0
STU103990,21,Female,9.03,86.1,2,66.8,60,56.4,87.1,5,2,2,9.8,3,3,0,1392,4,89.6,66,68.6,49.6,91.2,37.4,78.4,Business Analytics,0
STU107775,22,Male,7.32,,0,47.9,45.7,61.7,83.9,3,2,0,0,0,0,0,945,3,58.6,79,62.3,60.6,68,12.6,78.7,Data Science,0
STU100987,20,Male,7.44,89.7,0,44.1,74.6,89.8,55.8,0,0,2,6.9,3,1,0,613,1,79.3,51.9,81.9,58.3,51.5,63.3,82.6,Data Science,0
STU104627,21,Male,5.9,70.9,1,33.1,56.6,73.3,38.4,2,0,0,0,1,3,0,241,2,66.6,54.9,79.5,55.8,38.6,71.5,75.5,Cloud Computing,1
STU108352,21,Male,7.21,87,1,48.3,66,69.9,40.3,1,1,0,0,0,3,0,603,0,40.7,58.7,80.6,70.9,41.9,28.1,64.3,Software Development,1
STU105761,24,Male,7.62,72,0,39.5,69.4,40.9,46,3,0,1,6.3,4,2,0,950,3,63.7,75.7,79.2,33.8,54.3,69.3,62.1,Software Development,1
STU109962,21,Female,7.89,99.9,0,39.9,62.1,69.3,66.5,5,1,2,9.8,2,1,0,574,6,65.9,86.3,68.1,48.5,46.1,38.8,76.5,AI/ML,0
STU103522,22,Female,7.89,86.8,0,67.2,37.9,34,51.7,1,1,1,6.7,2,4,2,981,3,65.2,54.9,72.6,67.8,74.4,46,82.2,Cloud Computing,0
STU108437,23,Female,7.2,85.4,0,37.6,42.4,61.7,,5,1,1,2.8,1,3,1,953,5,42.6,65.6,63.8,46.5,49.4,22.2,74.9,Data Science,0
STU108229,21,Male,7.39,89.2,0,53.4,46.6,63.2,43.9,3,3,0,0,0,1,0,486,4,58.7,61.8,61.3,31,53.5,88.9,58,Data Science,0
STU101233,20,Male,6.01,91.9,1,39.2,36.5,84.5,49.6,2,1,1,4.9,2,1,1,792,2,59.9,46.6,76.6,63.6,49.8,112.2,,Cloud Computing,0
STU109168,21,Female,8.37,79,0,79.3,73.5,79.5,55.1,2,1,1,3.2,1,0,0,800,1,68,75.6,76.6,55.3,66.6,37.6,83.4,Data Science,1
STU103939,22,Male,9.04,85.8,0,82.6,63,53.2,76.1,1,0,0,0,2,3,1,730,1,67.6,70.3,77.5,37.5,52,55.9,87.6,Business Analytics,0
STU103442,22,Other,8.43,69.5,0,68.6,80.2,64.1,39.9,0,0,1,4.2,1,0,0,1021,0,60.5,54.6,68.7,47,79.4,65.4,60.7,Data Science,0
STU107409,19,Male,9.16,94.6,0,40.9,60,63.3,47.7,4,3,0,0,0,2,0,623,4,49.4,71.3,71.9,45,65.9,99,83.3,Cyber Security,0
STU102732,20,Female,8.34,96.7,0,47.1,54.9,50.2,68.6,4,2,1,4.3,4,2,1,797,4,82.1,58.5,81.9,39.6,86.9,51.2,87.6,Data Science,0
STU108879,21,Female,7.09,85,0,44.3,50.3,54,63.1,3,3,1,4.6,2,1,0,386,3,55.2,71.4,60.1,69.3,50.1,28.9,72.1,Software Development,0
STU109326,24,Male,6.48,83.9,0,28.8,39.8,57.9,38.4,3,1,0,1.7,0,2,0,905,2,54.9,64.4,82.2,69.1,44.9,70,67.4,AI/ML,0
STU104596,23,Female,6.77,78.1,1,82.1,59.3,35.1,45,2,2,1,4.3,4,0,0,1023,3,59.9,52.5,52.8,34.3,51.2,42.9,81.1,AI/ML,0
STU103681,21,Other,6.85,100,1,44.7,49.2,68.1,31.5,2,1,2,7.8,4,2,1,757,1,79.4,69.2,83.1,71.3,37.6,76,55,Software Development,1
STU107888,20,Male,6.81,97.1,0,47.3,77.6,40.5,57.4,3,0,2,8.9,3,1,0,595,2,58.1,78.7,56.3,49.2,61.1,70.2,71.8,Data Science,0
STU108761,23,Male,6.18,75.5,0,43,37,59.1,37.3,2,1,4,11.3,3,3,0,492,1,76.5,59.4,51.1,53.8,42.2,104.3,,Data Science,0
STU101767,20,Male,8.96,81.2,0,76.3,62.4,,75.5,1,0,0,0.4,1,1,0,966,2,57.4,47.3,73.8,65.9,87.8,67.5,87.8,AI/ML,0
STU103369,22,Male,7.96,,0,58.1,58.1,55,50,1,1,2,6.8,3,0,0,857,1,72,42.2,49.7,76.1,79.3,38.9,72.6,Cloud Computing,0
STU106120,21,Female,8.13,100,1,78.5,90.2,29.6,37.1,3,1,2,11.6,1,1,0,854,2,78.2,54.2,60.6,51.8,61.2,73.7,42.6,AI/ML,0
STU102539,22,Female,8.17,74.6,0,75.1,77.9,46.7,57.5,7,3,2,7.9,1,2,0,949,7,64,66.5,64.2,48.5,86.3,101,77.8,Cyber Security,0
STU102545,22,Male,7.03,84.3,0,34.7,30.3,35,72.4,2,1,0,0,1,0,0,706,1,46,59.9,48.8,35.5,53.8,8.8,74.5,Software Development,0
STU101292,21,Female,7.52,86,0,53.9,67.5,44.9,76.7,6,1,1,0.6,1,0,0,863,7,65.1,85,74.2,53.9,97.7,44.3,71.6,AI/ML,0
STU109277,22,Male,8.02,95,2,55.7,56.7,47.2,54.9,2,2,0,0.1,0,1,0,1014,4,53.2,49.4,76.3,53.5,76.3,51.4,65.6,Data Science,0
STU104411,23,Male,6.86,91.9,1,43,69.2,46.7,74.2,2,1,2,5.7,4,1,0,643,1,77.1,,60.7,39.9,86.4,31.2,67.9,Data Science,1
STU106542,22,Female,7.34,80.7,1,40.9,50.9,43.7,38.9,2,0,1,0.2,0,2,0,826,2,84.4,59.5,77.4,81.2,71,44.4,66,Cyber Security,0
STU104119,21,Male,8.51,83.2,0,65.4,38.2,58,80.4,1,0,1,4.6,0,1,0,1029,0,65.3,51.8,68.5,45.3,48.4,103.5,86.2,Data Science,0
STU104404,23,Male,7.89,68.5,1,58.8,75.9,49.2,46.7,2,0,1,5.5,1,1,0,997,4,55.7,62.9,69.4,61.4,71.5,,62.9,Data Science,0
STU109938,23,Female,7.25,77,1,51.7,49.3,74.2,56.7,1,1,2,5.4,0,2,0,840,2,62.5,44.9,64.3,51.2,55.7,67.8,77.2,AI/ML,0
STU106799,20,Male,6.95,95.7,0,44.7,69.7,68,65.5,1,0,4,18.8,3,1,0,812,2,58.4,48.1,75.1,46.1,62.1,21.8,86.8,Business Analytics,1
STU109786,22,Male,9.57,64.4,1,65.3,73.5,55.9,62,1,0,1,4.1,2,2,0,1197,1,60.2,69.7,73.2,60.7,32.8,39.1,64,Software Development,0
STU101183,21,Female,8.55,68.5,3,45.4,62.5,78.1,36.6,2,0,0,0,1,3,0,701,2,28.2,50.6,78.1,58.6,53.5,60.2,71.9,Cloud Computing,0
STU100147,21,Female,7.68,89.9,1,38.9,53,73.6,76.8,3,2,3,12,2,2,0,578,2,65.1,54.5,66.7,51.8,27.5,62.9,100,Software Development,0
STU100114,20,Male,7.16,82.4,0,34.1,44.7,60.4,34.1,2,1,1,3.3,2,1,0,586,3,,73.2,73.8,57.6,72.8,79.1,63.8,Business Analytics,0
STU102489,23,Male,9.37,70.7,1,59.6,49.3,39.9,81.8,2,1,1,3.3,1,2,0,971,3,58.5,57.6,57.8,49.7,68.4,70.5,87.3,Software Development,0
STU109835,21,Male,7.09,78.9,0,59.4,79.8,36.7,57.5,2,2,1,4.4,4,2,0,567,2,59.9,48.2,68.1,31.8,37.2,78.1,72.8,Data Science,1
STU100928,22,Female,7.64,84.3,0,67.2,43.9,48,59.3,1,0,1,3.5,3,0,0,699,0,71.9,71.4,72.1,59.2,62.1,52.5,79.1,Data Science,1
STU101846,19,Male,8.38,92.6,1,91.3,45.9,70.4,31.6,4,1,1,4.4,1,3,0,1024,3,49.1,67.2,76.2,50.9,35.5,125.6,77.1,AI/ML,0
STU107958,22,Male,7.98,86.9,0,75.1,55.7,55.4,37.9,2,2,3,10.2,2,1,1,777,3,64.9,47.8,72.6,71.1,76.3,48.1,64.9,Cloud Computing,1
STU101060,22,Male,7,79.6,1,33.1,50.9,38.9,67.1,3,1,0,0.9,3,1,0,565,4,71,65.3,64.3,56.5,37.9,86,,Business Analytics,0
STU105337,23,Male,6.94,,0,53.5,47.6,78.5,62.6,0,0,0,0,2,0,0,633,0,60,39.4,69.1,56.9,31.6,61.2,80.1,Data Science,1
STU107576,21,Female,6.91,88.7,1,42.1,45.5,,37.1,1,0,0,0,3,0,0,831,2,77.4,54.9,63.7,20,25.3,33.9,70.7,AI/ML,0
STU108542,21,Male,9.32,90.7,0,86.6,74.3,53.1,81.7,4,1,0,0,3,1,0,523,4,65.6,64.8,73,75.6,37.8,42.4,78.5,AI/ML,1
STU106253,23,Male,7.45,80.4,0,30.8,59.5,83.8,48.7,3,1,0,0.7,1,1,0,603,2,63.2,56.7,85.8,53.4,77.9,38.6,72.8,Cloud Computing,0
STU105571,23,Female,6.8,84.2,1,45,47.5,40.6,54,2,1,0,0.9,1,1,0,724,1,65.9,73.4,72.3,61.2,33.3,76.4,81.6,Software Development,0
STU105083,22,Female,7.06,69.7,1,33.7,42.5,54.8,34.5,1,1,0,0.9,0,2,0,581,1,68.8,41.8,54.5,52.4,54.2,37.4,83.3,AI/ML,0
STU106005,19,Male,8.25,87.9,0,60.2,66.7,68.1,55.7,0,0,0,1.3,3,1,1,502,0,44,,,57.2,53.7,123.7,91.4,Cyber Security,0
STU103312,22,Female,6.13,92.2,0,56.6,51.3,59.9,54.4,2,1,0,0,0,2,0,881,3,61.6,64.5,79.1,45.7,41.8,78.9,59,AI/ML,1
STU102050,20,Male,7.54,74.6,0,70.9,61.8,49.1,43,2,2,0,0,1,0,0,632,6,56.9,47.9,62.2,30,70.5,,82.7,Software Development,0
STU104202,20,Female,7.06,76.5,2,46.1,64,45.9,64.5,1,0,0,0,0,0,0,846,3,64.9,73.6,67.4,49.5,52,42.1,,Business Analytics,0
STU108759,21,Male,7.6,80,0,53,61.4,49.1,68.7,2,1,1,4.6,2,0,0,660,6,54.6,53.9,59.2,36.5,58.9,42.6,90.6,Business Analytics,0
STU107202,23,Female,7.78,99.3,1,37.1,76.8,66.1,40.7,2,2,2,10.1,3,1,0,786,2,67.2,61.7,58.6,20.8,75.8,56.8,73.5,Software Development,0
STU109042,23,Male,7.8,84.4,1,61.7,56.9,64.3,74.2,3,2,1,3.2,3,3,0,1111,2,57.9,70.3,77,62.2,70.2,120.2,84.3,Data Science,0
STU106027,22,Male,6.84,67.3,0,41.5,52.5,48,100,2,0,0,2.8,0,1,0,728,3,50.2,71.6,63.7,57.4,53.4,17.7,76.2,AI/ML,0
STU105105,22,Female,8.25,97.6,0,70.4,54.7,48.8,74.9,3,0,1,5.3,7,1,0,864,2,78.1,90.4,48.2,40.9,75.2,57.5,86.9,AI/ML,0
STU106725,22,Female,6.89,76.7,2,62.8,39.9,58.2,43.7,4,3,0,0,1,1,0,452,4,58,52.7,81.1,49.7,52.3,59.9,68.4,Data Science,0
STU107462,22,Female,7.8,95.4,2,73.8,54.7,47.9,65.4,5,4,0,0.5,3,0,0,639,5,63,66.3,69.6,59.5,66,128.8,75.9,Data Science,1
STU103996,21,Male,7.36,69.2,0,38.3,66.3,57.3,49.9,4,0,1,4.5,7,1,0,876,3,93.4,89.2,62.9,43.1,29.4,60.3,74.9,Data Science,0
STU103123,22,Male,7.69,89.5,0,76,67.5,55.5,50.8,1,0,2,9.9,1,4,1,538,2,79.5,73.3,84.8,56,92.5,88.5,71.4,AI/ML,0
STU101083,22,Male,8.25,74,1,85.3,45.3,73,40.3,1,1,0,,0,1,0,1249,1,57.7,41.8,78.9,86.4,28.6,25.9,74.8,Cyber Security,0
STU103173,23,Male,7.46,74.6,0,65.8,55,54.5,27.3,5,2,0,0.3,1,2,0,669,4,57.3,77.3,73.7,73.1,72.7,83.1,76.9,Software Development,0
STU109525,21,Female,8.51,93.4,1,59.4,71.6,75.9,84.5,5,1,1,5,2,4,0,768,5,76.4,72.3,68.9,52,55.9,29.8,83.3,Data Science,0
STU101187,21,Female,7.35,94.1,1,54.7,67.4,32,38.6,3,1,0,0,3,3,1,833,4,76.1,59.4,56.2,62.7,32.7,41.1,69.8,AI/ML,0
STU102403,22,Male,7.53,81.6,1,68.9,55.2,57.3,59.7,4,3,0,2,2,1,0,894,7,46.9,73.3,85,20.2,90.9,50.4,63.7,Data Science,1
STU106302,21,Male,8.87,79.1,3,81.2,55.8,64.8,70,3,1,2,8.4,5,0,0,865,3,57.4,60.7,63.1,47.3,51.1,59.5,80.4,Software Development,0
STU102110,22,Female,6.99,82.9,0,47.4,43.9,51.2,25.7,2,0,1,,1,0,0,1074,2,52.5,41.6,67.3,57.2,41.3,43.6,58.1,Software Development,0
STU104166,22,Female,8.93,84.3,0,60.3,69.8,56.7,62.8,1,1,0,0,2,1,0,557,0,64.6,62.2,80.1,29.3,86.3,22,65.2,AI/ML,0
STU109575,23,Male,8.43,73.2,1,35.8,72,84.5,37,0,0,1,4.1,3,1,0,748,1,56.7,56.6,74.6,49.2,77.8,74.2,76.5,Software Development,0
STU109015,23,Female,7.48,91.5,1,58,64.8,56.2,33.9,4,2,0,3.1,2,1,0,862,3,75.6,62.6,60.3,28.1,64.9,76.8,79.3,Cloud Computing,0
STU100495,21,Female,8.68,,0,61.8,54.6,53,100,1,0,0,0,1,1,0,990,0,53.5,42.8,64.6,54.7,53.8,36.4,88.7,Cyber Security,0
STU106647,21,Male,9.38,80.6,0,61.3,47.6,46.6,77.6,2,0,2,6.6,3,2,0,702,3,67,59.3,73.1,69.1,42.5,54.2,73.1,Cloud Computing,0
STU103565,23,Male,6.74,77.3,1,43.3,48.5,42.3,38.7,1,1,0,0,2,2,1,351,0,71.3,51.4,56.6,44.4,56.3,75.9,76.8,Software Development,0
STU101536,21,Male,6.89,76.3,0,47.2,46.4,78.6,45.5,9,2,0,0.1,3,0,0,1137,10,43.4,84.8,80.6,53.6,52.1,85.1,84,Data Science,0
STU100642,22,Male,8.74,,0,85.6,49.2,79.5,30.1,2,1,2,6.8,3,1,0,922,4,60.1,55.2,77.4,57.3,25.2,72.3,68.6,Cyber Security,0
STU102648,21,Female,7.18,82.5,1,31.5,42.5,36.1,37.4,3,0,1,9.1,1,1,0,740,4,43.7,49.5,67.7,76,53.8,38.9,50.9,AI/ML,0
STU104509,21,Female,7.92,64.3,0,51.9,61.5,55.7,73.3,4,1,3,11.4,1,0,0,674,4,60.3,66.2,49.3,26.4,88.6,16.5,86.7,Business Analytics,1
STU100619,21,Male,7.23,76.7,0,61.1,46,63.1,,1,0,2,3.6,3,1,0,739,0,58.2,64.6,60.6,75,48.8,34,71.2,Cloud Computing,1
STU101415,23,Male,6.55,67.9,1,44.3,38.1,59.8,57.9,2,0,1,6.8,0,3,1,238,3,50.8,63.6,77.9,55.6,71.8,24,65.3,Data Science,0
STU109947,19,Male,7.64,73.7,1,30.2,64.5,68.7,55.6,3,1,1,5.5,0,3,0,406,2,56.8,76,86.4,42,26.4,35.8,66.3,AI/ML,0
STU103091,23,Female,6.47,97.5,1,33.7,52.6,65.6,62.3,5,1,1,6.1,1,3,1,839,6,,48.9,72.4,64.7,38,75.3,48.2,AI/ML,0
STU108718,23,Male,6.52,79.6,0,43.5,47.4,40.4,43.8,2,0,1,6.1,2,2,0,417,2,84.6,58.6,79.4,66.1,68.5,74.5,74.3,AI/ML,0
STU102193,21,Female,8.08,100,0,38.9,80.7,41.6,58.4,3,1,0,0.3,2,0,0,469,2,58.7,63.2,68.4,55.7,24.5,30.3,65,AI/ML,0
STU100836,21,Male,7.19,73.7,0,68.6,41.2,54.7,53.9,3,2,3,13.8,3,3,0,1200,2,71.5,66.7,59.3,60.1,44.9,47,53.3,Data Science,0
STU103540,21,Male,8.38,80,0,69.7,53.4,65.5,51.1,1,1,0,1,5,3,0,464,1,60.1,68.8,56.9,61.7,72.7,74.7,65,Software Development,0
STU104069,22,Female,8.32,90.6,0,54.6,62.9,58.7,62.8,4,0,1,5.4,4,3,1,1001,6,76.3,66.1,79.1,77.1,62.6,26.3,73.7,Cyber Security,0
STU101439,20,Male,6.41,76.3,1,44.5,42.4,61,53.8,2,2,1,4.2,2,1,0,967,3,60.7,47.3,56.9,50.5,32.1,61.8,66.5,Cyber Security,0
STU105666,22,Male,7.96,66.7,1,18.8,39,66.1,66.3,4,0,2,8,5,1,0,706,7,80.4,76.4,88.1,63.1,53.4,61.2,81,Data Science,0
STU100885,20,Male,7.98,67.2,0,36.3,68.1,59.1,68.3,1,0,1,3.7,2,4,0,877,0,63.8,23.4,82.2,64.2,40.5,18.2,70.9,Data Science,0
STU105496,22,Other,7.23,69.4,0,42,50.1,61.9,47.1,1,1,0,0,1,0,0,993,0,63.5,57.8,71.6,63.5,41.1,32.1,66.5,Data Science,1
STU105961,21,Male,8.31,69.9,0,57.9,43.6,68.2,77.3,15,1,1,5,2,2,0,728,0,54.3,63.4,78.3,70.1,28.9,52,71.7,Cyber Security,1
STU102974,21,Female,8.64,85.2,1,65.4,60,39.4,67.8,0,0,1,1.9,1,0,0,802,0,49.9,38.8,55,53.6,57.5,17.7,66.2,Cyber Security,0
STU109968,21,Male,6.53,70.8,1,45.8,41.3,64.1,56.9,5,1,0,0,1,1,0,406,4,49.9,77.7,81.9,51.6,53.1,27.9,60.3,Business Analytics,0
STU109226,21,Male,6.18,72.7,0,15,43.5,52.8,27.8,1,1,2,7.7,1,2,0,413,1,72.5,,87.4,63.2,59.1,39.2,71.5,Software Development,0
STU102884,23,Female,5.4,83.5,0,30.1,33.3,52.1,42.9,3,1,0,,1,1,1,870,3,79.5,55.7,62.4,37.2,73.4,55.2,67.1,Software Development,1
STU104063,21,Male,7.57,80.6,1,61,39.9,37.3,65.3,3,2,0,1.6,1,1,0,530,7,36.3,61.6,54.1,77,55.9,37.4,,Software Development,1
STU105711,23,Male,6.29,87.2,1,53.7,43.9,64.1,45.2,1,0,0,0,1,1,1,1026,0,53.8,39.1,89,63.6,42,24.2,99.7,AI/ML,0
STU104814,22,Male,7.63,86.4,0,25.6,72.1,66.2,58.3,4,0,0,0,0,1,0,375,5,52.9,58,85.5,53.1,10,40.6,80.9,AI/ML,0
STU106525,22,Male,6.98,86.7,0,59.5,40,69,61.4,4,1,1,2.9,1,1,0,489,4,54.2,62.3,65.4,62,50.6,73.7,69.8,Data Science,1
STU100834,21,Male,7.43,86.8,1,39.6,43.5,52.4,55.5,2,1,0,0.3,3,1,0,993,2,73,59.2,73,55.5,70.2,17.3,69.2,Cyber Security,0
STU104843,20,Male,7.73,89.7,1,51.1,58.4,54,55.4,0,0,2,10,2,0,0,684,0,69,50,56.7,46.4,64.3,40.4,85.6,Cloud Computing,0
STU100864,22,Female,7.31,57.2,1,37.7,61.4,69.5,52.3,2,0,3,13.5,10,1,0,870,2,93,76.2,70.7,68.3,68,79.1,93.5,Data Science,1
STU104453,20,Male,7.43,79.1,0,43.3,51.9,51.4,71.3,5,2,1,3.7,0,0,0,431,4,75.1,68.6,77.1,49.6,48.9,81.5,65.4,Data Science,0
STU105786,24,Other,7.68,80.8,0,56.7,59.1,59.6,50.8,2,2,1,2.8,1,1,0,982,1,48.6,65.6,85.7,28.5,37.8,60.7,74.1,Data Science,0
STU107706,21,Female,7.3,82.8,0,64.1,43.7,62.1,40.8,3,1,0,0,4,2,0,680,2,69.9,80.2,81.6,46.1,57.4,21.3,67.3,Business Analytics,0
STU105880,23,Female,6.59,84.8,0,35.5,76,70.9,15,2,0,0,0,0,4,0,694,4,30.4,76.4,66.1,53.1,24.3,75.1,53.5,AI/ML,0
STU103777,21,Female,6.67,86.9,0,49.3,49.4,53.9,65.7,2,0,2,8.5,2,1,0,492,1,59.9,60.5,54.5,64.9,38.8,19.6,76.4,AI/ML,0
STU108094,22,Male,7,100,0,59.4,32.2,66.1,36.1,1,1,1,4,0,1,0,273,1,81.7,63.8,64.6,42.7,67,87,59.5,AI/ML,0
STU105254,23,Male,8.73,85,1,62.1,63.5,63.4,36.4,3,1,1,3.7,5,0,0,355,3,65,60.9,,38.1,63.4,60.6,75.7,AI/ML,1
STU101881,22,Female,8.67,89.4,0,52.1,54.7,47,80.9,3,1,1,3.8,1,2,0,781,4,52.8,68,80.9,67.9,66.7,21.7,97.1,Business Analytics,0
STU103626,24,Female,6.13,74.6,0,26.2,32.8,70.7,51.7,2,1,1,4.8,2,2,0,532,2,68.3,58.9,79.5,52.6,27.5,44.3,73.1,Data Science,0
STU104551,23,Male,7.77,89.3,1,49.2,69.9,58.8,,3,2,0,0,0,2,0,710,2,66.5,72.1,61.8,69.1,67.8,124.9,72.2,Data Science,1
STU107143,21,Female,7.94,77.6,0,48.4,61.7,62.7,76.4,2,0,0,1.2,0,2,0,761,2,55,47.1,78.7,55.6,62.3,53.1,72,Cyber Security,0
STU100949,22,Male,7.2,82.7,0,63.8,87,38.1,68.5,0,0,2,8.3,1,0,0,721,0,50.8,41.2,52.8,55.7,63.9,100.2,73.1,Cloud Computing,0
STU104882,22,Male,7.62,,0,33.4,66,59.4,59.2,2,0,0,0.6,2,0,0,668,1,54.4,53.9,58.7,52.4,52.3,120.7,73.1,Cloud Computing,1
STU106455,22,Male,7.99,69.8,0,41,65.8,20,48.9,6,4,0,0,2,1,0,589,7,58.8,100,56.1,42.4,68.5,24,68.7,Data Science,0
STU106240,21,Female,7.06,76.4,0,59.6,59.7,60.8,57.8,3,2,0,0,2,1,0,779,2,65.6,74.4,55.4,52.3,71.1,,62.5,Cyber Security,0
STU104134,22,Female,7.36,81.1,2,41.2,58.9,60.7,54.4,1,0,0,0,2,0,0,570,0,47.5,39.3,75.7,49.7,56.7,52.1,86.5,AI/ML,1
STU105209,21,Female,7.14,65.7,0,69.1,61.6,66.5,73.1,2,0,2,7.1,4,0,0,808,2,75.1,42.4,64.1,73.2,66.3,70.1,63.3,Data Science,0
STU103633,21,Male,7.37,86.2,1,53.7,61,68.7,80.9,4,1,1,4.8,3,1,0,555,4,68,74.8,71.7,69.5,60.7,84.3,89.7,Business Analytics,0
STU102452,21,Male,7.65,80.5,0,,70.3,70.5,62.9,2,1,1,4.2,2,4,1,554,3,61.3,63.6,64.6,57.4,60.7,74.3,63.8,Data Science,0
STU102420,19,Female,9.13,77,0,84.1,61.7,60.4,50.2,1,0,0,0.1,1,2,0,565,0,53.3,56.6,56.2,34.5,66.6,13.6,76.5,Business Analytics,1
STU108231,22,Female,7.44,78.8,0,41,59.8,67.1,58.4,1,0,2,8.4,2,2,0,720,1,64.6,43.9,84.9,32.3,58,35.2,73,Software Development,0
STU104794,22,Male,7.27,86.4,0,69,61.6,62.5,50.8,1,1,1,2.8,1,1,0,945,2,45.9,48.3,66.8,50.9,69.1,55,,Business Analytics,1
STU109304,22,Male,9,65.9,2,48.3,54.7,63.6,54.5,4,2,3,8.9,1,0,0,363,4,70.4,60.9,80.7,52.4,69.4,32.9,83.4,Software Development,0
STU102707,22,Female,8.6,79.6,0,48,33.9,52.2,68.9,2,2,1,1.7,2,1,0,669,2,82.1,50.1,58.3,53.6,74.3,43.9,75.7,Software Development,0
STU103995,22,Female,7.77,73.2,0,48,78.3,93,71.8,3,2,1,4.8,0,0,0,719,4,48.9,,86,44.7,61.2,128.8,82.5,Data Science,1
STU100060,23,Male,6.68,74.6,1,26.6,29.2,77.6,33.6,6,3,0,0,4,2,0,435,5,58.5,75.9,73,62.7,82.7,36.8,,Software Development,0
STU106364,22,Male,8.93,70.6,1,72.5,63.8,42.4,60.4,4,1,0,0.9,1,0,0,977,4,57.6,43.3,90.4,45.9,79.7,83.3,59.6,Software Development,0
STU106761,23,Male,6.93,89.9,0,39.3,30.2,46.5,60.3,1,0,3,9.2,2,2,1,656,0,55.7,58.3,78.5,54.9,87.8,64.2,74,Software Development,0
STU105243,23,Male,7.01,75.4,0,46,49.4,71,61.1,2,1,1,5.2,1,3,1,587,1,58,65.4,81.7,62.9,92.1,74.8,,Data Science,0
STU109532,20,Female,8.28,70.6,1,62.3,29.4,58.1,49.9,2,0,0,0.7,3,0,0,513,3,53.6,60.8,73.6,64.2,58.5,92.4,62.2,Software Development,0
STU102034,21,Male,7.78,72.5,0,67.4,80.8,65.4,69.3,2,0,2,8,3,1,1,434,1,68.2,50.1,69.3,47.1,74,84.7,71.8,AI/ML,1
STU109365,19,Male,7.86,81.4,1,38.4,43.9,51.3,66.8,4,0,1,3.7,1,0,0,587,4,72,66.8,71,47.8,72.9,112.8,74,AI/ML,0
STU105823,22,Female,7.21,73.6,0,54.5,50,46.2,39,5,1,0,0,1,2,0,900,6,,76.5,79.1,43.1,77.9,53.6,93.5,Software Development,0
STU100847,25,Female,8.73,80.1,1,64.9,67.9,37,52.2,4,1,0,0,2,1,0,626,4,55.1,54.7,64.4,51.1,75.2,25.9,67.8,AI/ML,0
STU104340,21,Male,8.22,88.4,0,62.8,60.5,41.4,57.5,3,0,2,13.2,2,0,0,822,3,61.5,62.3,69,45.6,60.9,26.7,83,Cloud Computing,1
STU100553,22,Female,7.34,90.6,1,39.7,69.7,57.4,38,5,2,0,0,2,1,0,581,8,50.8,76.8,76,60.1,56.5,37,79.1,Software Development,0
STU106276,22,Male,8.51,84,0,49.1,62.5,43.9,67.7,2,0,0,0,3,1,0,733,2,74.2,47.4,62.7,32.5,32.6,51.9,66.8,Software Development,0
STU104150,20,Male,7.97,82.9,0,39.6,41.6,47.4,58.2,4,1,1,2.4,3,2,0,369,3,81.5,69.4,78.2,60.9,31.9,48.2,69.1,Cyber Security,0
STU102443,21,Male,6.73,77,1,52.1,49.9,45.9,15,2,0,0,1.3,3,2,1,468,2,62.8,72.9,87.9,56,45,44.7,71.5,Data Science,1
STU101067,21,Male,8.16,79.2,1,44.3,59.5,83.1,59.9,3,1,1,5.9,2,0,0,788,5,80.7,78.6,89.5,45.7,58.6,105.6,62.3,Software Development,0
STU109121,22,Other,8.56,88.7,1,62.9,70.8,53.4,49.8,1,0,2,11.4,2,0,0,653,4,78.5,64.4,81.9,47.7,76.1,29.1,83.4,Cyber Security,0
STU109628,22,Male,6.99,84.3,1,37.9,58.1,63.1,15,1,0,0,0.4,1,0,0,922,2,47.8,39.8,69.7,39.9,56.8,44.2,51.1,Software Development,0
STU102209,22,Male,8.53,86.7,0,42.2,51.3,56.2,44.1,1,1,1,3.2,5,1,0,1063,2,90.7,72.8,69.7,58.2,51,42.3,65.4,Data Science,0
STU101291,22,Female,7.09,75.5,0,52.7,40.2,80.4,41.5,2,0,3,10.9,2,2,0,1179,5,65.5,51.3,65.2,59.7,52.6,24.5,85.3,Software Development,0
STU100394,22,Male,6.91,92.5,0,59.2,43.8,54.3,53.8,1,0,1,4.8,1,4,1,655,0,66.6,43.6,77.3,61.9,82.1,47.8,64.7,Data Science,0
STU106730,20,Female,8.31,99.9,0,90.9,64.2,51.6,52.4,3,2,0,1.5,1,0,0,895,2,,55.6,59.4,63.8,57.8,90.9,67.6,Data Science,0
STU105766,22,Male,6.76,82.8,3,62.9,47.1,75.1,18,0,0,2,8.3,2,1,0,886,0,52.5,50.3,80.1,75.9,58.6,101.6,70,Data Science,0
STU106346,23,Male,6.57,95.1,1,35.5,39.2,27.8,58.8,2,1,0,0,3,0,0,789,1,58.3,73.1,66.1,69.5,100,86.5,74.7,Software Development,0
STU106543,22,Female,9.01,72,0,50.7,90.4,48.3,67.2,2,1,1,4.6,3,0,0,531,3,,59.8,66,35.6,65.5,22.4,54.7,Cloud Computing,0
STU100830,19,Male,7.28,88.7,1,41.5,,42.2,40.8,2,1,0,0.3,4,1,0,391,3,67.9,48.9,66.8,76.6,49.7,64.8,56.2,Software Development,1
STU102825,22,Male,7.88,100,1,32,69.9,46.9,36.4,3,1,2,4.3,3,1,0,708,2,79.6,67.1,68.8,47.7,71.9,58.2,64.1,Cyber Security,0
STU103859,21,Female,7.75,67.3,2,85.6,55.9,38.7,71.2,0,0,0,0,2,1,0,1023,0,61.2,,66.7,49.7,58.7,68.1,61.1,Cloud Computing,0
STU108116,21,Male,8.99,81,1,74,81,51.3,73,1,0,0,0,1,2,1,545,1,61.2,47.5,68.6,49.6,36,81,72.6,Software Development,1
STU106872,23,Male,7.19,77.6,0,55,60.5,63.4,64.4,3,0,0,0,3,0,0,763,5,59.8,65.5,89.1,41.7,53.1,85.6,90.7,Business Analytics,0
STU101172,20,Male,6.07,88.5,0,23.9,47.5,22.4,30.1,3,2,2,5.9,3,1,0,864,2,56.9,76.6,68.2,59.8,42.1,35.5,61.2,Cloud Computing,0
STU106369,21,Male,6.1,76.5,0,22.7,24.8,73.1,58.5,2,1,1,6.2,3,0,0,729,3,,48.8,76,46,53.4,14.5,74.9,Data Science,0
STU101661,24,Male,8.34,80.8,1,64.7,53.1,84.7,40.6,8,2,0,0.2,4,1,0,648,8,56.3,98.8,75,52.6,67.3,6.9,100,Cyber Security,0
STU106340,22,Male,7.47,79.9,1,57.9,62.8,58.9,44.2,2,2,0,0,0,1,0,1000,2,65.4,69.4,65,64.8,85.5,109.4,67.8,Business Analytics,0
STU105590,21,Male,6.94,77.1,0,66.3,54.4,45.6,28.9,5,2,0,0,2,0,0,998,6,62.3,83,76.2,51.8,57.9,62.5,70.8,Cyber Security,0
STU104677,22,Male,7.65,83.4,0,96.7,68.7,77.2,38.8,4,1,2,8.2,1,2,0,1131,4,66.4,66.9,75.5,45.4,22.1,19.3,72,Cyber Security,1
STU102635,23,Male,7.39,97.2,0,42.6,42,61,65.4,2,0,1,5.2,4,1,0,658,2,58,47.2,75.9,59.3,71.7,28.4,62.1,Software Development,0
STU103978,21,Male,6.82,81.8,0,58.2,70.8,42.7,43.8,4,2,2,5.3,0,3,0,2135,3,70.1,63.8,54.4,64.3,67.5,40.3,56.1,AI/ML,0
STU105452,21,Male,7.44,100,1,26.6,62.4,63.2,47.8,3,1,4,10.3,2,2,0,703,2,72.3,53.9,77.7,56.7,39.1,119.9,75.6,Data Science,0
STU107798,21,Female,7.6,82.5,0,51.5,65,48.6,55,4,1,2,6.9,2,0,0,930,4,65.4,54.8,74.6,61.8,87.8,38.4,53.9,Software Development,0
STU103148,22,Male,8.04,79,1,21.5,74.6,46.5,56.1,3,0,0,1.3,2,2,0,623,3,44.3,49.4,69.5,48.1,89.1,29.8,72.2,Software Development,0
STU107269,24,Male,8.12,,1,62.7,45.9,39.6,69.8,3,3,1,2.9,4,0,0,994,5,58,58.1,77.1,59.4,61.1,,51.3,Data Science,0
STU105411,23,Female,8.37,87,0,38.3,78.4,37.4,62.6,5,3,0,0.5,3,2,1,698,5,59.4,70.4,63.9,50.8,54.7,39.3,61.3,Cyber Security,0
STU109182,21,Female,6.61,80.3,0,61.6,40.4,50.2,60.6,3,1,1,4.9,2,3,0,1354,2,69.2,60.7,64.8,85.5,76.2,104.5,58.4,Cyber Security,0
STU109215,20,Female,8.27,65.2,0,53.9,59.2,68.9,66.5,4,3,0,1.1,2,1,0,540,4,,49.7,92.7,68.7,48.7,44.8,85.5,AI/ML,0
STU103305,25,Male,6.78,79.2,0,39.1,50.2,46,65,1,0,2,7.9,2,3,0,994,0,54.8,48.5,65.9,57.2,81.8,58.6,79.9,Data Science,0
STU104042,22,Female,7.25,79.8,0,42.1,68.3,75,71.6,2,0,1,5.3,4,0,0,796,2,68.5,54.2,74.6,58.9,34.2,15.1,69,Cloud Computing,0
STU107545,20,Male,8.37,82.4,0,53.8,64.6,64.6,49.2,1,1,2,6.6,0,1,1,692,3,48.6,40.1,72.6,24.3,64.8,13.2,66,Cloud Computing,0
STU106465,22,Female,6.83,79.3,0,25.1,50.4,65,56.6,2,0,1,3.5,2,1,0,611,2,55.9,58.7,67.1,52.4,91.2,21.8,72.1,Data Science,0
STU102178,22,Female,7.44,90.4,0,37.8,39.5,47.7,50.1,2,2,2,10,0,1,0,735,3,60.6,64.4,48.8,63.3,68.5,49.7,55.9,Business Analytics,0
STU101252,23,Male,7.96,86.9,2,75.7,47.9,66.5,82.1,4,4,4,17.5,1,1,1,705,4,71.6,52.9,64.6,53,59,22.8,94.8,Software Development,0
STU107850,22,Female,6.96,77.3,1,80,67.2,49.4,32.8,1,0,2,7.2,2,2,1,755,0,56.8,58,54.1,67,62.1,81.8,82.2,Software Development,0
STU100906,24,Male,7.31,83,0,44.2,60.4,74,39.1,0,0,1,1.3,0,1,0,810,0,47.8,53,73.5,33.2,32.4,21.3,99.9,Cyber Security,0
STU104979,23,Female,7.81,81.6,0,49,69,84.8,56.6,3,0,1,5.2,2,0,0,792,2,66.3,49.5,85.5,61.9,63.9,16.4,73.3,AI/ML,1
STU102027,22,Male,7.92,71.1,2,77.2,53.8,94.2,84.8,2,0,0,0,3,3,1,799,3,61,57.1,86.1,43.5,73.7,33.9,100,Cyber Security,0
STU103177,23,Female,7.69,81.3,0,69.9,48.2,57.3,46.4,3,0,1,3,1,1,0,1096,2,70,60.2,79.9,61.1,61.3,60,67.8,Cloud Computing,0
STU103834,21,Female,8.22,,0,69.4,52.7,63.5,84.4,0,0,2,2.9,1,0,0,665,0,71.9,31.9,78.3,36,51.3,37.3,84.3,Software Development,0
STU106351,22,Other,7.49,73.4,0,39.4,79.5,35.4,47,2,0,1,4.6,2,1,0,548,2,61.3,32.4,,55.8,71,102.5,64.2,Data Science,0
STU109043,20,Male,7.66,65.7,0,36,53.3,52.4,35.7,4,0,3,14,3,1,0,856,6,60.3,71,68.7,71.4,43.8,29.9,90.8,Data Science,0
STU100464,19,Male,7.18,98.9,1,61.2,56.4,65.6,32.7,3,2,0,1.6,2,1,0,763,4,47.8,49.7,65.7,51.6,78.6,45.9,66.9,Data Science,1
STU106788,21,Male,7.22,89.5,0,55.1,55,61.2,26,2,1,0,0,3,1,0,562,2,60.2,68.1,78.2,59.7,68.3,26.4,52.8,Cloud Computing,0
STU105680,23,Female,6.71,72.7,0,61.7,38.1,30.6,55.1,1,0,3,14,1,0,0,952,1,56,54.7,61.7,37.9,38.3,54.3,75.8,Cloud Computing,0
STU105222,20,Female,7.3,78.3,1,66.6,42.5,71.5,58.5,0,0,2,4.8,3,1,0,758,0,77.6,60.3,78.6,52.4,40.1,13.3,74.5,Data Science,0
STU103466,24,Male,7.21,78.6,0,40,67.2,62.8,60.1,4,3,2,5,2,1,0,718,3,68.2,72.7,73.7,18,53.9,,87.1,Cyber Security,1
STU105860,23,Male,7.81,82.6,2,64.3,62.7,69,58.9,4,1,0,0.7,5,1,0,1090,4,59.5,59.3,86.1,24.6,67.9,97.1,81.2,Cloud Computing,1
STU108248,20,Male,6.89,86.3,0,83.4,62.7,69.6,55.5,6,1,3,11.4,4,0,0,939,6,80,74.1,78.2,76,65.5,124.1,60.1,Cloud Computing,0
STU108920,20,Female,8,82.4,0,39,55.1,39.4,67.2,1,1,0,1.8,5,1,0,614,1,55.7,51.5,69.6,53.8,45.7,54.8,48.1,Cyber Security,0
STU105870,24,Male,5.7,86.6,1,41.2,54,28.2,42.9,3,3,1,3.1,1,2,0,763,3,42.7,71.8,80,36.7,65.2,26.8,63.9,Data Science,0
STU109598,21,Female,8.62,69.4,1,59.9,43.4,82.2,64,2,0,2,5,2,0,0,1144,2,60,60.5,81.5,36,46.4,21.2,64.7,AI/ML,1
STU106097,23,Male,8.34,81,1,77.4,57.8,68.5,65.1,1,1,2,6.2,1,3,0,625,1,62,33,72.8,72.4,56.8,59.7,61.5,Data Science,0
STU107139,25,Female,7.34,80.5,0,83.1,48.5,51.8,25.2,4,2,1,4.7,2,1,0,866,3,60.1,79,66.2,77.9,71.6,113.3,66.1,Software Development,0
STU102591,21,Female,8.65,72.9,0,53,56.8,76.9,61.7,4,4,1,5.3,1,0,0,1011,4,66.4,67.7,73.5,35.5,49.6,92.9,77.7,Business Analytics,1
STU104395,20,Female,7.93,86.9,1,54.7,69.4,62.8,72.8,0,0,1,4.5,0,3,0,819,0,69.3,34.7,80.2,38.4,50.9,33.4,80.7,Data Science,0
STU105841,21,Female,6.38,74.8,1,37.5,62.6,37.8,27.1,2,2,0,2,5,3,1,702,3,80.5,68.6,56.2,44.8,54.5,57.4,,Software Development,0
STU102704,23,Male,7.45,77.5,1,57.8,62.4,31.4,40,3,3,2,5.1,2,1,0,855,3,61.3,59.2,63,52.7,66.4,36.5,49.2,AI/ML,0
STU100168,22,Male,6.7,99.7,0,44.4,50.3,39.6,54.3,4,2,0,1.1,2,2,1,503,4,64.5,68.2,61.5,70,57.5,13.9,73.6,Data Science,0
STU106672,22,Male,8.64,70.7,0,70.6,84.2,41.5,56.1,3,2,2,3.9,2,1,0,754,2,82.9,57.8,77,40.2,27.4,28.5,61.6,Cyber Security,0
STU103615,20,Female,6.08,92.7,1,57,56.2,36.8,57.9,4,0,1,3.2,8,2,0,929,4,80.5,78.5,59,74.9,93.3,122.5,69.1,Software Development,0
STU107345,22,Male,8.7,96.1,2,76.5,78.3,46.4,64.2,5,3,1,3.8,3,1,0,1016,4,44.7,88.4,72.2,37.3,52.1,41.4,59.3,Software Development,0
STU104798,23,Male,7.86,93.6,0,43.3,74.4,53,44.3,1,0,0,1.1,1,1,0,527,1,64.4,60.4,71.3,51,82.4,18.3,68.5,Data Science,1
STU105605,22,Female,8.49,91.9,0,72.5,58.9,55.6,56.6,2,0,0,1.3,3,3,0,812,5,66.2,56,66.3,30.3,50.4,60.2,78.9,Business Analytics,0
STU109245,22,Male,8.81,82.4,0,68,64.9,52,51.8,4,1,0,0.9,1,1,0,1190,4,65.5,74.3,72.2,51.6,35.4,90.1,61.9,Software Development,0
STU105119,21,Female,5.09,77.2,1,53,16.1,71.7,27.7,5,1,1,1.9,2,2,0,652,6,78.4,77.2,74.8,42.4,64.2,49.3,57.8,Software Development,0
STU103234,23,Female,7.96,85,1,45.7,41.1,58.7,41.3,8,3,1,2.9,2,1,0,1185,8,61,82,59.4,68.5,62.1,46.3,68.2,Cyber Security,0
STU101801,22,Male,8.38,75.4,1,44.6,59.8,68.3,57.4,3,0,2,7.7,2,1,0,901,3,61.3,71.4,72.2,31.4,78.2,52.6,93.1,Software Development,0
STU105803,22,Male,8.43,81.6,1,70.4,73.9,47.8,60.7,1,1,1,3.5,0,1,0,913,0,66,67.4,71.2,61.4,78.9,65.8,75.5,Cloud Computing,0
STU103057,21,Female,7.18,85.2,0,42.9,54.9,32,35.9,5,3,1,4.3,1,2,0,766,5,60,70,65.5,50.8,49.3,154.3,58.4,AI/ML,0
STU100048,22,Female,7.14,75.9,1,38.3,64.4,41.4,47.3,4,2,0,0,1,1,0,775,4,56.5,65.8,71.4,55.9,68.4,61.8,55.6,Data Science,0
STU108805,23,Male,8.08,81.7,2,38.4,67.5,44.6,56.9,2,0,2,4.7,2,2,0,569,3,68.4,66.8,70,53.6,100,102.6,68.6,Data Science,0
STU107253,21,Male,8.19,91,2,56.8,37.6,66.7,41.6,1,0,2,11,1,1,0,710,1,58.2,61.9,72.8,39,41.7,66.3,63.2,Software Development,1
STU108727,23,Male,7.37,84.8,0,59.1,62.1,49.7,74.4,1,0,0,0,2,2,0,924,3,,57,84.5,77.7,68.1,93.8,71.6,Software Development,1
STU107191,21,Female,6.83,69.7,2,34.8,46.7,61.7,47.6,9,6,0,0,0,0,0,714,8,46.3,86.3,88.8,71,65.7,50,76.4,Cyber Security,1
STU101976,23,Male,7.62,89.6,0,19.4,51.5,77.4,71.3,4,1,2,7.5,1,0,0,192,4,51,51.6,74.2,46.4,51.4,137.7,94,Software Development,0
STU101266,22,Male,6.48,85.6,0,34.6,43.1,34.8,45.7,2,1,2,5.8,1,3,0,663,1,52.1,40.8,78.2,30.6,39.3,37.5,86.1,Data Science,0
STU108825,23,Male,7.72,81.9,0,52.4,61.5,41.8,33.6,0,0,0,0,3,1,0,818,1,73.4,32.6,52.1,53.3,84.3,125.7,70,AI/ML,0
STU104746,22,Male,8.06,91.5,2,61.1,44,38.7,64.1,6,0,0,0,0,1,0,718,8,61.7,58.1,65.4,68.9,69.7,63.3,65.5,AI/ML,0
STU108736,21,Male,9.06,60.9,1,74.1,66.7,55.8,73.4,5,3,0,0,0,2,0,1107,4,52.1,59.8,70.2,61.7,74.5,49,80,AI/ML,0
STU108193,22,Female,7.12,66.1,0,41.6,39.8,42,33,2,1,0,1.8,1,2,0,934,1,74.1,61.3,62.5,57.7,41.1,87.8,58.6,Data Science,0
STU101397,22,Female,7.92,77.4,0,55.1,80.6,40.7,51.9,2,1,3,15.7,3,0,0,709,4,63,69.2,62.7,57.6,80,35.8,52.7,Software Development,0
STU108203,22,Male,7.12,80.6,0,54.5,53.1,62.9,40.3,1,0,1,6.3,3,2,0,555,1,77.7,45,75.7,52.2,50.4,8.4,73.9,Data Science,1
STU106630,21,Male,8.53,86.6,0,65.3,74.7,61.6,47.4,1,0,1,2,0,0,0,552,0,39.4,41.8,68.8,49,69.7,128.2,63.2,Cyber Security,0
STU107496,23,Male,8.79,78.9,0,83.8,78.1,42.8,70.1,1,0,1,6.5,2,2,0,870,0,63.9,59.4,,52.6,64.3,27,74.4,Data Science,0
STU106064,22,Female,7.1,98.4,1,56.8,45.9,48.3,53,2,0,2,9.4,1,2,0,960,2,79.1,63.1,65.4,33.6,20.6,54.1,58,AI/ML,0
STU105916,22,Male,7.49,79.9,0,48.8,46.9,43.8,45.2,0,0,2,4.7,2,1,0,756,0,66.8,64.1,72.6,37.1,70.5,180,63.1,Cloud Computing,0
STU106161,22,Male,8.01,87.5,0,60.9,75.5,52.5,66.4,2,1,1,4.9,5,2,1,910,2,51.3,61.8,56.5,55.7,69.9,7.2,77.5,Data Science,0
STU101708,22,Male,6.95,81.2,1,38.1,61.3,59.3,51.2,2,0,0,0,2,2,0,723,3,62.9,49.8,71.3,64.4,58.9,19.3,75.9,AI/ML,0
STU104665,24,Male,7.48,91,0,27.5,27.1,57.2,51.9,4,3,1,1.3,4,1,0,304,3,73,73.2,75.3,57.3,47.4,64.7,60.6,AI/ML,0
STU106733,21,Male,6.69,85.6,0,45.5,50.5,62.6,25.1,2,1,1,5.5,1,2,0,589,2,67.1,54.4,74.1,40.6,44.2,104.6,53.2,Cloud Computing,0
STU102715,22,Male,7.1,94,3,24.6,48,52.2,37.7,1,0,1,5.6,0,2,0,160,0,37.3,53.5,75.6,52.4,58.1,57.6,56.6,Business Analytics,0
STU109875,23,Female,6.3,85.1,0,18,51.7,63.7,81,2,1,0,0,3,1,0,490,2,70.3,66.7,88.3,68.8,62.9,19.8,81.1,Cloud Computing,1
STU108301,23,Male,8.57,71.5,0,49.4,74.1,48.8,55.3,1,1,0,0.3,0,1,1,488,0,44.4,45.8,59.3,57.3,48.9,19.2,64.7,Data Science,0
STU100698,21,Female,8.44,85.6,0,71.4,29.7,70.3,40.8,3,1,1,3.5,2,1,1,753,4,,56.5,76.8,52.8,91.9,132.5,80.7,Software Development,1
STU105568,20,Male,7.14,82.8,0,44.7,49.2,69.6,74.1,3,0,1,3.6,1,3,0,632,2,59.6,69.2,80.6,61.1,82.5,48.5,83.6,Software Development,0
STU106922,20,Male,8.09,83.2,0,74.3,71.9,69.9,42.6,3,1,2,9.1,1,2,0,731,4,83.4,60.5,77.5,62.1,56.5,76.4,73.1,Software Development,0
STU107477,21,Female,8.18,71,2,44.8,47.4,67.1,73.9,2,1,0,0,3,2,1,790,3,58.1,82.4,71.9,79.3,50.7,41.3,74.2,Business Analytics,1
STU105506,21,Male,6.86,74.7,0,60.3,54.2,81.5,60.9,5,2,0,1.3,2,3,1,595,5,,46.6,78.1,73.7,31.4,59.1,76.6,Data Science,0
STU101906,20,Female,6.59,82.5,1,68.3,54.1,22.9,34,5,1,0,0.8,5,2,1,1181,7,,46.9,57.4,58.3,72.1,23.3,66.6,Data Science,0
STU108189,22,Female,8.08,74.4,0,73.9,52.2,31.3,54.7,2,0,3,7.2,1,4,1,854,5,78.1,59,55.1,77.2,44.8,63.9,78.7,AI/ML,1
STU105955,21,Female,7.96,74.9,0,29,64.5,50.7,59.4,4,1,0,0,6,1,0,215,5,,78.4,79.3,63.2,46,111.9,76.4,Data Science,0
STU102821,20,Male,7.58,96.4,1,35.3,79.5,74.1,61.6,4,2,1,4.5,3,1,0,1017,5,,79,69.8,67.5,58.3,58.2,85.5,Cyber Security,0
STU104576,22,Male,7.19,85.7,0,36.3,38.4,51,34.9,5,1,1,3.5,1,0,0,636,5,62.9,85.4,77.9,39.4,65.3,95.9,71.9,Software Development,0
STU105702,23,Male,7.8,,0,42.2,45.3,45.1,48.7,3,0,2,4,0,0,0,797,5,37.9,51.6,62.9,64.9,42.2,92.9,86.1,Software Development,0
STU108915,23,Male,7.72,78.8,1,43,56.8,65.8,39.5,1,1,0,0,2,0,0,889,0,55.6,62.7,69.6,52,60.6,74.7,,Cyber Security,0
STU109438,21,Male,6.76,68,2,50.1,52.9,50.4,,6,4,1,6,0,1,0,676,5,55.4,77.3,67.5,61.6,64.9,47.9,77.2,Cyber Security,0
STU106435,22,Male,8.26,81.3,0,52.4,61.7,50.1,57.6,3,2,1,6.9,0,0,0,386,3,53.2,56.8,77.4,65.2,70.1,98.3,69.3,Data Science,0
STU101399,22,Male,8.2,78.9,0,39.1,72.3,38.4,51.2,2,1,1,2.6,3,1,0,655,1,73.5,59.2,65,66.4,50,112.4,53.1,Business Analytics,1
STU108047,19,Male,7.55,73.7,3,52,74.1,49.3,62.2,3,0,0,0,1,3,1,919,4,54.7,73.1,75.6,55.3,61.5,27.3,78.1,Software Development,0
STU102315,22,Male,6.92,77.3,1,62.9,24.7,58.1,44.3,3,2,0,0,1,1,0,986,2,73.9,57.6,63.9,53.5,54.3,68.7,80.6,AI/ML,0
STU105644,24,Other,7.62,84.3,2,38.8,46.5,70.9,60.6,1,0,0,0,0,1,0,440,0,61.7,51.3,66.8,39.3,49.5,26.4,75.1,Software Development,0
STU103251,23,Male,8.18,96.3,1,61.2,46.3,63.3,49.2,5,0,1,3.5,3,6,0,604,4,,58.3,69.2,63.1,37.2,51.1,72.7,Data Science,0
STU109486,22,Male,8.7,84.2,2,39.9,72,74.2,61.7,1,0,1,3.7,4,1,0,399,1,86.2,57,71.4,35.7,73,83.5,70.4,Business Analytics,1
STU104012,22,Male,7.03,84.3,0,37.3,65.9,59.2,45,0,0,0,0,3,1,0,831,0,61,54.5,58,46.9,43.5,69.2,,Cloud Computing,0
STU107856,21,Male,7.89,79.2,2,50.6,63.4,31.2,79.2,2,1,1,3.4,1,0,0,970,2,66.1,43.3,69.4,63.8,58.7,16,83.8,Data Science,0
STU101722,20,Female,8.74,74.6,0,66.5,69.2,53.8,63.2,2,0,0,1.8,4,2,0,769,2,56.8,72.3,66.6,41.7,29.5,34.7,73.9,AI/ML,0
STU103229,22,Male,7.79,95.6,0,73.8,39.7,71.7,40,1,0,0,0,3,1,0,439,2,71,39.7,84.5,50.9,48.4,29.9,81.1,Data Science,0
STU103377,22,Female,7.87,81.9,0,32,33.8,60.8,54.7,1,0,2,8.6,1,1,0,596,2,75.3,51,85.3,74.9,71.6,58.7,82.2,Software Development,0
STU106267,22,Female,7.57,67.8,1,41.5,66,52.3,63,4,2,1,4.4,3,1,0,839,4,77.8,66.6,66.9,59.4,59.1,69.7,69.5,Cyber Security,1
STU101425,22,Male,8.15,90.1,0,41,38.5,49.1,33.9,3,2,0,0.3,0,1,0,840,4,72.6,71.1,72.3,61.3,75.4,47.9,67.3,Software Development,0
STU102595,20,Female,6.66,83.2,0,69.2,68.8,49.2,31.7,1,1,0,0,2,1,0,1192,0,51.9,49.1,78.5,71.6,51.7,65.4,56.9,Software Development,1
STU104674,22,Male,7.65,76.5,0,51.3,46,69.1,31.4,2,0,1,3,2,2,1,647,4,56.2,45.5,59.1,59.7,51.8,44.1,54.5,Data Science,0
STU102541,22,Male,7.91,79.1,0,42.3,44.7,56.8,44.9,2,1,2,9.9,0,0,0,521,4,56.4,44.1,69.5,57.5,54.4,8.8,70.8,Software Development,0
STU105099,21,Male,7.81,87.2,0,66.3,34.2,67.2,34.7,3,3,2,5.4,4,2,0,743,2,59.4,73.5,64.8,32.1,47.8,75.6,,Data Science,0
STU109996,23,Male,7.44,92.9,0,64.6,63.3,76.4,66.2,0,0,1,5.8,3,0,0,908,0,49.8,62.2,88.1,43.9,68.8,61.5,82.3,Software Development,0
STU103973,22,Female,7.29,72.4,1,33.9,35.6,72.9,48.8,2,0,0,0,2,1,0,568,2,73.3,66.3,91.5,59.1,45,180,63,Data Science,0
STU102538,20,Male,7.24,79.1,1,54.2,49.8,70.6,53.7,3,1,1,4.1,4,2,1,1086,4,63.8,56.1,,44.4,38.9,127.6,69,AI/ML,0
STU102560,23,Male,7.25,74.6,0,77.7,59.5,67,41.6,1,0,1,4.2,3,3,0,466,1,55,59.9,65.1,78.1,50.6,116.1,92.9,Software Development,1
STU102815,22,Female,7.03,78.7,0,21,56.3,63.5,61.6,2,2,0,0,2,3,1,677,1,53.7,,74.8,56.6,51.8,52.6,80.2,AI/ML,0
STU101362,23,Male,6.93,60.2,1,30.2,56.4,49.7,49.7,2,2,0,0,2,1,0,593,2,57.6,59.5,79.1,43.3,62.7,87.8,69.3,Cloud Computing,0
STU106327,22,Female,8.69,94.4,1,90.1,91.9,59.3,78.3,1,0,1,6.8,1,1,0,1255,1,62.3,54.9,74.1,51.4,61.3,40.8,89.7,Software Development,0
STU108842,21,Male,8.8,76,1,49.1,79.3,53.7,59,1,0,0,0.8,1,2,0,366,0,55.4,58.3,85.3,41.6,44.7,26.7,,AI/ML,0
STU100467,21,Female,6.64,75.8,0,53.1,25.8,76.2,73.5,1,0,0,0.2,2,1,0,755,2,45.7,58.8,81.6,82.1,40.1,88.8,77.5,Data Science,0
STU102975,22,Male,7.73,82.6,0,47.2,55.2,24,36,1,0,3,14.8,0,0,0,362,0,48.9,46.5,72.6,31.9,30.9,69.9,66.5,Software Development,0
STU105507,21,Male,6.17,75.7,1,61.8,49.4,46.1,18.3,3,0,2,,2,0,0,585,3,69.6,72.1,73.6,79.6,53.4,43.9,58.2,AI/ML,0
STU100290,22,Male,7.36,87,0,45.4,63.4,82,44,0,0,0,0,2,0,0,484,0,52.5,72.4,76,27.5,49.3,40.4,87.5,Data Science,0
STU101290,23,Male,7.69,81.7,0,48.2,46.7,61.7,45.9,3,3,2,9.7,1,2,0,715,6,72.2,63.8,72.9,64.8,45.1,30.7,52.9,AI/ML,0
STU103544,22,Female,7.99,70.6,0,77.2,51.7,52.1,78.4,2,0,0,2.4,3,1,0,836,1,69.4,50.2,73.1,43.7,69.5,17.1,63.4,Software Development,0
STU109137,21,Male,6.88,88.3,0,18.8,52.2,46.7,74.2,2,1,3,11.8,1,3,0,636,2,65.2,55,62.5,32.7,29.8,38,64.1,AI/ML,1
STU107259,23,Female,8.48,79.8,0,50.8,86.7,58.6,50.8,0,0,0,1.5,1,1,1,625,0,42.9,46.7,74.9,62.1,49,29.5,71.2,Cyber Security,1
STU104028,22,Male,7.79,74,0,58.6,55.4,55,54.6,0,0,1,,0,1,1,647,0,62.4,56.6,47.7,52.2,81.4,75.6,74.2,Cyber Security,0
STU106090,21,Male,7.64,78.9,0,39.8,53.2,,34.7,1,0,1,4.3,1,2,0,977,2,64.3,50.7,69.3,47.1,84.1,41.6,52,Data Science,0
STU100043,21,Female,6.78,84.9,0,51.3,42.4,67.9,50.4,2,1,1,4.3,1,0,0,961,3,55,69.2,68,42.6,44.9,30.2,87.8,Cyber Security,0
STU104570,22,Male,8.89,81,0,46.5,72.8,79.4,74.5,2,0,1,3.8,0,0,0,768,2,70.3,59.2,86.4,46.4,58.5,22.6,74,Software Development,0
STU101369,23,Male,6.65,76.8,0,49.6,48.7,61.1,53.6,2,1,1,3.7,9,1,0,824,1,85.7,68,76.9,37.3,62.1,38.4,62.7,Software Development,0
STU104516,23,Female,8.32,76.9,0,64.7,53.5,71.9,67.8,3,1,3,10.7,1,3,0,908,4,78.1,56.5,68,57.3,53.4,20.6,92.4,Software Development,0
STU102944,21,Male,6.01,67.8,2,25.4,66.2,52.5,32.5,1,1,1,4.8,3,2,0,487,1,75,54.2,52.9,52.7,63.1,16.7,67.2,Software Development,0
STU107981,21,Female,7.34,82.9,0,66.3,45.8,49,41.6,2,1,1,4.1,2,1,1,1014,1,70.6,51.8,63.4,80.8,61.7,64.2,78.4,Data Science,0
STU101101,23,Male,8.11,95.8,0,73,56.5,56.1,51,4,0,2,10.1,3,1,0,725,5,80.1,76.7,72.3,61.3,60.1,49.4,56.2,Cloud Computing,1
STU100071,20,Female,7.91,96.1,0,43.2,68.7,38.8,68.3,4,2,1,3.9,4,1,0,711,6,72.4,68.7,75.6,52.8,68.8,39.1,65.8,Business Analytics,0
STU101529,19,Male,5.7,,0,41.8,32.7,36.7,,2,0,1,4.1,1,3,0,697,2,51.3,46.2,62.4,50.2,54.8,23.1,61.4,Software Development,0
STU100937,20,Male,8.66,82.3,0,75.8,66.5,77.2,85.9,5,0,2,7.7,2,1,0,917,5,64.3,59.5,80.5,60,47.4,73.4,83,Software Development,0
STU109091,20,Female,5.54,86.5,1,15,44.5,56.8,48.1,3,1,1,4.4,2,0,0,100,2,52.6,52.7,68.9,46.2,55.4,36.5,75.3,Data Science,0
STU101205,21,Female,7.97,81.9,2,58.2,79.4,68,52.7,3,2,2,8.2,5,2,0,660,2,81.8,81.9,100,64.7,49.9,39.6,68.3,Software Development,1
STU109290,22,Male,7.61,76,2,56.6,42.3,79.7,38,5,1,0,0.6,1,5,0,1082,6,59.5,53,69.3,53.1,41.2,105.3,73.4,Data Science,0
STU103543,22,Male,5.78,72.4,0,71.4,36.4,57.7,56.9,3,0,0,0,2,1,0,1178,2,54.6,50.3,62.3,59.7,66.1,41.6,71,Cloud Computing,0
STU107918,22,Male,7.82,91.6,1,55.7,48,59.4,45.9,4,1,3,10.4,1,0,0,983,4,64.9,69.9,81.6,46.5,53.3,18.3,65.7,Software Development,0
STU104208,23,Female,7.81,69.3,0,47.2,62,62.3,65.1,2,0,2,5.7,2,2,0,587,2,55.6,54.4,79,43.8,28.4,15.2,,Data Science,0
STU109858,22,Female,7.47,85.4,1,67.4,34,51,80.6,1,0,1,4,3,1,0,740,0,57.3,64.9,61.9,50,74.5,51.8,78.6,Software Development,1
STU109809,22,Female,6.69,76.5,1,75.7,66.8,34.1,54,2,0,2,6.3,3,1,0,589,2,70.6,61.3,50.8,75.4,53.9,49.8,62.9,Software Development,0
STU101697,21,Female,7.11,97.8,0,54.1,47.3,60.6,59.5,6,3,2,8.2,1,1,0,990,7,63.2,61.1,76.7,49.7,95.9,58.6,74.6,Cyber Security,0
STU107144,23,Female,8.85,71.3,1,62.6,74.8,43.7,85.1,2,0,1,1.6,1,3,0,682,4,64.9,50.5,70,40.7,38.3,138.7,61.4,Software Development,0
STU102902,20,Female,6.36,72.8,0,53.4,57.4,80.6,43,2,2,1,2.2,2,0,0,883,4,63,58.8,61.2,50.6,74.1,29.4,86.3,AI/ML,0
STU106414,21,Male,8.57,98.1,0,62.6,48.7,69.3,52.9,2,1,0,0,2,0,0,886,2,53.7,58.4,65.9,56.4,64.1,78.1,67.2,Data Science,0
STU104437,21,Male,5.92,89.4,1,47.5,48,52.7,32.3,2,0,2,4.6,2,1,0,499,1,71.8,44.2,74.1,84.1,73.3,48.7,71.8,Software Development,0
STU103288,23,Female,8.59,70.3,0,77.1,53.5,75.7,41.4,2,0,1,2.8,3,1,0,1001,2,73.1,69.1,81.8,54.6,97.4,20.5,85.5,AI/ML,0
STU103952,24,Male,9.18,66.5,1,67.5,54.7,53.9,87.7,3,1,0,0,0,4,1,763,2,62,,70,61.4,32.5,50.1,92,Cloud Computing,0
STU106171,23,Male,7.41,85.4,1,44.7,74.2,68.8,48.5,1,0,2,5.4,1,1,0,445,1,47.5,60,78.4,68.1,33.5,19.3,87.3,Software Development,1
STU108577,20,Female,7.65,66.5,0,43.7,82.2,44.9,60.3,3,1,1,6,3,4,0,780,3,79.4,68,62.8,61,40.7,74.2,71.1,Software Development,0
STU105084,21,Male,7.71,81,1,53.8,71.9,39.8,57.1,2,1,0,0,2,2,0,960,3,49,77.9,68.5,43,31.8,18,68,Business Analytics,0
STU109343,21,Female,7.52,77.5,0,39,64.1,65.4,48,1,1,1,3,4,0,0,210,1,90.8,20.7,76.8,44.5,64.1,79.3,69,Software Development,0
STU108658,20,Male,8.13,85.2,0,68.4,56.6,57.5,59.7,3,1,2,8.8,4,0,0,836,2,70.5,77.3,59.1,34.3,48.8,36,64.6,AI/ML,0
STU101812,20,Female,6.6,96,0,15,45.5,65.4,51,4,1,0,0,2,0,0,514,6,72.7,70.9,67.2,50.9,65.6,59,77.1,AI/ML,1
STU109381,23,Male,8.42,78.5,0,35.9,56.5,31.8,64.6,0,0,2,6.9,0,1,0,415,0,52.5,48.3,72.3,49.2,48.5,26.6,76.4,Business Analytics,0
STU103502,23,Female,6.31,99.6,1,28.7,55.4,79.1,27.3,2,1,1,5.7,2,0,0,646,1,53.1,38.3,80.1,42.1,56.7,42.6,52.6,AI/ML,0
STU104342,23,Male,8.07,81.8,1,48.2,66,50.4,73.5,2,1,1,5.6,2,1,0,977,2,70.1,63.4,66.4,65.2,30.8,63.3,82.3,Cyber Security,0
STU104762,25,Female,8.42,69.3,0,59.6,49.6,42,50.1,3,0,0,0,1,1,0,429,3,42.5,52.4,73.7,58.7,53.4,67.6,57,Cyber Security,0
STU107053,22,Male,8.03,100,1,51.8,78,60.7,78.6,3,0,2,10,0,1,1,931,4,53.4,58.4,54.8,60.3,71.4,77.8,72.5,Cloud Computing,0
STU104875,21,Male,7.88,85.6,2,51.2,32.7,63.1,48.2,3,1,0,0,4,1,0,731,4,62.9,66.2,68.8,73.3,55.9,,80.9,Data Science,1
STU107502,19,Other,8.19,95.2,0,59,76.8,58.6,,1,0,0,1.5,1,1,0,728,4,77.4,53.3,71.2,73.2,51.1,78.8,71.2,Data Science,0
STU107901,21,Female,6.95,100,1,54.7,51.3,51.5,49.2,1,1,0,1.4,3,0,0,1006,0,55,65.2,,53.3,41.2,9.3,91.9,Data Science,0
STU106813,22,Male,8.5,73.7,0,51.5,70.2,79.9,63.5,2,0,0,0,1,0,0,533,2,67.5,67.4,56.4,30.7,80.2,31.4,62.5,Software Development,1
STU102487,22,Male,8.93,87.8,0,72.7,64.7,55.9,68.8,2,0,2,11.7,2,1,0,1400,2,61.7,,61.1,61.4,58.2,62.2,80.3,Software Development,0
STU108063,23,Male,9.02,78.9,0,45.2,51,59.1,64,2,2,0,0,1,2,1,911,3,58.1,45.1,69.3,50.6,53.5,41.3,71.2,Business Analytics,0
STU103620,21,Male,7.88,90.3,1,50.1,56,69,50.1,1,0,1,4.9,1,1,1,653,0,55.2,44.1,70.9,51.6,50.6,47.3,70.1,AI/ML,0
STU109872,22,Male,8.25,83.3,1,59.5,70.7,38.3,78,0,0,1,0.7,2,0,0,739,0,77.9,38.2,60.4,59.9,82.3,24.9,68.3,AI/ML,0
STU107170,24,Male,7.1,70.2,0,46.2,36,61,41.7,1,1,0,0.2,2,1,0,675,0,70.8,46.3,82.7,64.7,26.5,50,66,Data Science,0
STU108510,21,Female,7.89,87.5,0,28.6,46.8,43.9,55.7,2,0,4,21.4,3,1,0,303,3,64.2,66.6,63.4,68,52.9,,89.9,Business Analytics,0
STU103755,21,Female,8.54,95.3,1,51.7,80.1,67.3,54.5,2,0,0,0.2,4,1,0,1255,2,68,60.4,82.8,55.3,53.1,62.4,63.7,AI/ML,0
STU105924,20,Female,7.69,70.1,0,61.9,38.3,66.4,34.1,1,0,0,0,5,2,0,1145,2,82.5,77.1,75,71.8,48.7,49.8,84,AI/ML,0
STU102233,20,Male,7.96,84.4,1,71.8,35.8,63.5,51.7,5,1,1,2.2,2,0,0,662,5,44.8,,72.4,56.2,58.1,37.7,80.5,Business Analytics,0
STU104943,21,Male,8.81,69.2,1,76.6,40.2,75.3,52.2,2,1,1,4.8,1,1,1,937,1,48,61,82.3,46,85.1,24.7,52.3,Data Science,0
STU107050,23,Male,5.23,81.3,1,22.5,15,65.3,50.4,1,1,1,7.1,2,1,0,654,1,58,46.7,74.7,58.3,28.5,23.8,67.4,Cloud Computing,0
STU106964,22,Male,6.8,84.2,0,85.9,31.1,49.1,23.9,6,1,0,0,1,1,0,1138,7,70.3,87.2,89.6,68.8,36.2,58.9,74,Data Science,0
STU100548,21,Female,6.92,84.1,2,32.8,46.9,38.5,33.9,1,1,0,0,2,4,0,914,0,59.1,50,86.8,65.1,82.4,62,64.8,Software Development,1
STU101287,20,Male,5.82,89.8,1,33,57.1,46.8,,4,2,1,1.5,3,2,0,905,4,65.7,61.2,65.7,59,44.8,74.7,59.9,Data Science,0
STU106871,22,Male,8.3,80.5,0,39.7,52.2,63.9,56.6,2,1,4,16.4,3,1,0,100,4,85,,70.7,45.5,84.3,64.3,87.5,Software Development,0
STU109458,22,Female,6.73,76.5,1,56,29.5,26,69.2,0,0,0,0,2,0,0,646,0,61.8,44.1,76.6,54.2,55.1,53,82.6,Business Analytics,0
STU104361,22,Male,7.24,82.8,0,53.1,,49.7,45.7,1,1,1,4.4,1,0,0,393,0,44.5,58.3,64.5,26.3,61.3,41.9,57.9,Software Development,0
STU101980,22,Female,8.42,71.4,1,62.5,86.5,48.4,64.4,2,0,1,1.7,2,2,0,780,2,75.9,80,51.5,38,27,100.5,78.8,AI/ML,0
STU101510,22,Male,8.49,77.3,0,66.9,45.9,70.3,56.1,4,0,1,2.3,2,1,0,824,4,51.1,78.4,76.1,70.4,91.5,9.8,85.6,Data Science,0
STU109421,21,Male,8.56,93.5,0,55.8,46.1,40.1,54,2,1,4,16.2,2,0,0,1063,2,83.7,71.3,73.7,49.6,81.7,79.7,55.9,Software Development,0
STU105640,22,Female,7.25,79.4,1,44.6,38.7,68.6,64.1,2,1,0,1.3,4,2,0,748,1,67.3,61.3,77.7,23.2,61.5,90.8,66.3,Business Analytics,0
STU106206,20,Male,7.84,73.3,0,71.8,81.2,67.7,57.1,3,0,1,4.2,1,0,0,755,2,53.1,71.6,100,38.3,66.2,67.7,67,Data Science,0
STU106990,20,Male,8.9,79.5,0,74.5,60.8,48.4,59.2,1,0,1,4.8,1,3,0,501,0,72.1,47.1,76,56.4,43.1,63.9,55.8,AI/ML,0
STU103724,23,Male,7.21,83.9,0,43.2,41.9,40.1,55.7,2,0,1,7.6,1,1,0,689,5,,71.8,70,68.4,47.5,103.8,65.3,Data Science,0
STU104348,19,Male,8.24,68.1,0,80.3,74.9,32.4,71.9,3,1,3,15.1,4,5,0,1068,3,70.1,75.5,69.8,70.9,48.5,29.1,77.4,Cyber Security,0
STU103632,23,Male,6.61,81,2,43.5,62.6,68.4,46.9,2,0,3,16.1,4,1,0,592,2,83.8,60.3,58.1,60.3,40.3,43.6,76.8,Business Analytics,0
STU106396,21,Male,9.66,,0,94.1,64.5,59.1,63.3,3,1,1,4.8,2,2,0,959,3,,,75,56.6,66.2,63.1,67.7,Cloud Computing,1
STU106319,21,Female,7.94,77.2,3,46,59.9,43,63.7,0,0,1,,3,2,0,635,1,65.3,48,77.8,64.4,56.6,57.8,78,Data Science,0
STU100600,20,Female,7.99,85.8,0,57.7,59.6,58.8,38.2,1,1,0,1.5,1,0,0,684,1,51.6,37.9,58.4,58.9,66.2,9.2,62.4,Data Science,0
STU101609,21,Female,7.25,91.2,0,31.5,22.7,46.5,43.6,5,2,0,0,2,2,0,826,6,51.4,74,94,54.6,67.1,22.1,59.2,Data Science,0
STU108493,22,Female,7.67,76.2,1,65.5,45.4,73.4,53,0,0,0,0,4,1,0,869,0,65.5,35.9,,60.6,53.8,41.7,81.4,Software Development,0
STU105476,21,Male,8.02,80.3,0,38.5,69,92.4,66.7,5,4,1,3,2,2,0,651,4,55.5,77.2,82.1,53.2,44.8,30.2,86.9,Cyber Security,0
STU100390,20,Male,7.99,69,0,40.3,43.6,97.6,66.4,1,0,0,0,4,1,0,843,0,73.8,43.2,79.1,73,37.7,31.3,95.6,Software Development,0
STU101819,22,Male,6.72,89.8,1,60,53.4,61.5,47.7,2,0,1,2.7,3,0,0,937,2,64.6,59.6,60.7,32.7,37.6,65.1,74.7,Cloud Computing,0
STU109417,21,Male,8.42,85.9,0,48.6,62.2,29.4,53.5,4,0,0,1.9,5,3,0,686,4,60.6,59.5,72.1,73.4,82.4,56.1,53.7,Software Development,1
STU102130,23,Female,8.04,94.3,0,63.1,86.5,61.2,54.8,7,3,2,6.9,3,1,0,771,6,51.9,92.2,71.6,64.7,60.9,40,96,Software Development,0
STU104660,21,Female,7.54,86.5,1,81,45.6,47,72.2,3,1,0,2.2,1,1,0,637,4,48.8,77.2,80.1,22.5,67.4,26.6,66.3,Cloud Computing,0
STU103016,21,Male,6.72,96.8,0,39.8,54.9,33.4,53.2,4,2,0,2.9,4,2,0,566,3,47.9,74.1,65.3,72.6,70.7,74,53.1,Data Science,1
STU102312,22,Female,7.41,88.1,2,36.4,69.2,42.8,28.5,2,1,0,1.1,3,1,0,629,2,75,71.2,46,73.2,42.6,79.1,57.2,Data Science,0
STU107064,21,Male,6.07,80.2,1,53.8,57.5,53.1,48.3,4,1,2,10.2,1,2,0,1027,3,73.6,74.3,70.1,42.1,69.2,46,79.8,AI/ML,0
STU102074,21,Female,7.15,86.2,2,71.4,54.8,53.8,48.4,5,1,0,1,4,1,0,856,5,64.7,83.6,74.6,56.3,73.9,140.3,62.3,AI/ML,0
STU109649,20,Male,7.12,91.4,0,42.3,41.4,52,60.5,3,0,0,0.2,0,0,0,651,3,50.4,50.1,69.2,49.8,69.1,23,73.5,AI/ML,1
STU109511,22,Male,7.99,89.3,0,49.3,47.3,37.7,54.3,5,2,1,5.7,1,1,0,850,5,72.1,,68.8,29.9,60.8,42.2,70.3,Cloud Computing,0
STU102276,19,Female,5.99,89.8,0,81.6,34.9,61.7,43,1,0,0,0,2,0,0,959,0,59.9,55.4,70,69.4,80.2,22.8,78.9,AI/ML,1
STU102290,20,Male,7.54,99.2,2,61.1,47.5,63,47.1,2,0,0,0,3,3,0,573,3,54.4,75,59.6,63.2,31.6,16.3,67.4,Cloud Computing,0
STU109252,21,Female,7.43,78.9,1,70.9,47,39.6,43.1,4,2,0,0.7,2,0,0,928,4,61.1,81.2,60.7,53.5,47.8,36.5,46.5,AI/ML,0
STU107107,22,Male,8.39,81.3,0,94.7,,43.6,43.9,2,0,4,15.6,3,1,0,964,1,,50.6,54.1,40.6,44.3,58.2,76.3,AI/ML,0
STU104694,21,Female,6.9,90.4,3,37.9,42.8,76.2,36.7,1,0,0,3.9,2,4,0,860,0,58.8,64.9,81.8,55.8,35.7,,64.2,Cyber Security,0
STU108810,22,Male,7.66,85.6,0,41.3,58.1,63.7,48.1,3,1,2,6.4,1,2,0,674,3,59.5,55.9,72.6,57,34,68.3,69,Cloud Computing,0
STU108463,20,Male,7.92,90.8,0,,70.6,47.1,33.8,1,1,0,1.3,2,1,1,528,2,63.4,59.9,56.2,44.9,41.1,90.2,62.9,Software Development,1
STU101351,21,Female,7.4,76.9,1,42.7,71.6,50.5,53.1,4,1,0,0,0,0,0,819,5,55.6,57.1,68.9,44.8,79.4,51.1,68.8,Data Science,1
STU100633,21,Male,7.3,77.5,1,66.8,47.8,69,46.6,2,1,1,4.8,2,1,1,1400,1,50.5,69.6,84.6,72.9,42.3,47.8,82.7,Software Development,0
STU108376,23,Female,6.86,91.4,0,47.3,23.7,63.3,70.7,2,0,3,12.3,2,2,0,938,2,73,64.8,67.2,71.7,61.8,19.1,83.1,Cyber Security,0
STU100203,22,Male,8,88.7,0,24.1,67.2,71.4,66.5,2,2,0,0.4,8,2,0,536,1,73.2,73.5,91.9,47.1,81.4,80.6,78.2,Cyber Security,0
STU105157,21,Male,7.68,89.9,0,85.3,42.3,67.1,43.4,3,2,1,5.4,0,1,0,1118,3,47.6,62,,48.2,56.9,7.6,85.7,AI/ML,0
STU109077,21,Male,7.79,97.2,0,40.4,56.7,48.2,33.4,1,0,0,0.1,4,1,0,629,0,78.7,75,60.9,69.8,47.1,16,75.3,Software Development,0
STU106468,22,Male,8.13,69.3,0,56.5,52,65.3,64.9,2,1,0,0,2,0,0,534,1,51.5,56.4,62.7,63,44.8,56.9,,AI/ML,0
STU106282,25,Male,8.06,68.6,0,24.7,63.5,54.6,58.6,4,2,1,6.1,3,0,0,714,4,79,66.3,88.8,33,60.1,6.5,50.4,AI/ML,0
STU106621,22,Female,8.13,78.3,0,56.7,62.6,54.1,66.5,1,0,1,4.9,3,3,1,483,1,75.4,57.4,71.6,48.2,66.5,11.3,66.2,Cyber Security,0
STU101890,22,Female,7.97,82.9,1,57.4,71.3,51.7,75.3,4,2,0,0.6,2,1,0,751,5,,69.2,66.1,72.4,57.2,66.4,81.1,Business Analytics,0
STU100808,20,Male,8.77,66.5,0,72.3,48.4,42.4,69.1,1,0,2,11.5,2,1,0,1286,2,56.2,61.1,81,60,29.7,38.6,70.7,Software Development,0
STU109104,22,Female,7.44,80,0,24.5,58,48.9,31.7,3,0,0,0,1,2,1,211,4,59.6,61.8,65.8,51.6,58.7,57.1,72.7,Software Development,0
STU103534,22,Male,7.02,69,0,21.9,18.6,61,28.1,5,2,0,0.2,1,0,0,654,6,41.7,60.5,60.8,75.7,28.6,8,56.1,Software Development,0
STU105187,22,Female,6.43,87.2,1,61,44.3,66.8,59.6,2,1,1,2.9,0,1,0,271,1,57.6,70.8,83.8,54,77.5,44,61.7,Business Analytics,0
STU106517,20,Male,7.01,84.4,0,54.6,42.8,52.9,44.8,4,0,1,,9,1,0,893,6,74.8,,62.8,80.4,47.2,63.2,76.7,Data Science,0
STU102671,22,Male,7.29,81.7,1,49.8,50,43.9,65.1,2,1,3,9.1,3,1,0,867,2,65,50.8,35.7,39.4,22.3,139.8,64.5,Data Science,0
STU109537,22,Male,8.22,87.2,1,41.5,49.8,45.8,50.3,4,1,2,10.4,0,1,0,593,3,68.1,65.3,70.2,68.5,50.9,30.7,72,Business Analytics,0
STU108630,23,Female,7.97,70.3,0,42.5,59.7,60.8,54.7,4,1,1,2.5,0,1,0,806,3,50.6,63.3,66.6,50.2,39.4,17.9,79.2,Software Development,0
STU102634,22,Female,7.8,81.4,1,43.2,59.9,64.1,48.1,3,1,2,4.8,3,2,0,830,4,75.4,72.2,78.4,56.9,71.5,28.5,78.7,Cyber Security,0
STU106901,21,Male,8.36,81.6,0,91.8,81.7,38.1,91.8,1,0,2,8.7,1,1,0,734,1,70.2,41.5,62,67.5,57.2,60.5,,Software Development,0
STU102364,22,Male,7.66,64.8,0,58.2,56,40.5,84.9,3,1,1,3.8,4,2,1,922,5,55.8,68.9,69.9,50.1,44.7,83.6,78.2,Business Analytics,0
STU107684,20,Male,7.98,78.4,1,35.9,57.6,38.5,42.9,2,0,0,,2,0,0,873,3,49.5,60.3,77.6,41.8,50.8,41.1,82,Cyber Security,1
STU107530,24,Male,6.64,72.9,1,48.2,52.4,57.9,53.5,3,3,0,0,2,0,0,550,3,51.6,,60,66.1,70.3,36.4,55.8,Data Science,0
STU104900,21,Male,9.84,70.4,0,83,79.1,50.9,57.7,3,2,0,0.4,2,2,0,860,4,51.1,58.2,65,62.1,68.6,37.9,72.2,Business Analytics,0
STU107150,22,Female,7.27,78.5,1,34.5,34.1,71.1,63.8,4,0,1,1.7,4,2,0,831,4,82,66.3,78,52.7,30.5,74,100,AI/ML,0
STU106833,23,Male,7.07,77,0,57.4,55.2,68.1,,1,1,3,15.3,3,2,0,822,2,79.6,60.9,75.5,43.1,60.5,106.7,71.3,Data Science,0
STU103489,22,Female,8.56,85.7,0,46.1,54.5,46.6,89.7,3,3,0,0,2,0,0,993,4,72.5,56.3,83.4,48.8,56.2,68.1,82.1,Cloud Computing,0
STU103430,23,Male,6.77,81.3,0,25.9,55.3,,34.9,3,1,2,8.6,1,0,0,634,2,65.5,48.1,65.7,69.7,59.2,24.9,53.4,Business Analytics,0
STU103797,20,Male,7.07,74.8,0,25.1,52.9,60.6,40,1,1,4,14.4,3,2,0,540,0,97,,70.6,41.3,87.1,22.5,82.3,Software Development,0
STU107384,21,Male,7.52,85.4,0,69.8,42.3,79.3,55.6,1,0,1,2.6,0,2,0,565,0,58.3,43.8,70.7,54.1,48.8,47,69.6,AI/ML,1
STU107205,21,Male,7.44,91.2,2,47.2,55.1,69.9,37.2,5,1,0,0.3,1,2,0,1088,7,73.4,60.7,65.4,54.2,50.2,52.8,78.5,Software Development,0
STU106756,22,Female,7.61,82.9,0,41.9,59.6,51,50.6,2,0,0,0.7,3,0,0,722,4,67,63.7,75.8,55.6,59.1,67.5,73.7,Business Analytics,1
STU104265,21,Male,7.4,100,2,47.3,42.6,83.2,56.6,4,1,0,0.5,1,1,0,864,4,47,59.2,87,55.5,68.8,18.9,86,Software Development,0
STU107499,21,Female,7.62,85.1,1,88.3,55.7,60.4,67.2,2,2,1,1.7,1,1,0,1236,2,53.7,56.9,63.2,63.3,46.8,157.7,85.6,Business Analytics,1
STU106726,19,Male,7.37,89.6,0,44.1,23.9,81.2,,3,1,1,3.2,0,1,0,538,5,49.1,57.9,59.3,65.5,72.8,41.4,,Cloud Computing,0
STU108818,20,Male,8.47,82.1,0,76.4,72.6,91.4,55.4,3,0,2,4.4,4,0,0,559,2,,72.8,76.8,15,42.7,90.1,87.8,Data Science,0
STU104822,21,Female,7.41,67.9,1,56.6,63.5,61.8,36.7,4,1,1,5.3,4,1,0,580,3,75.5,59.8,67.4,21.2,54,23.8,51.8,Software Development,0
STU104934,22,Female,7,87.3,0,83.9,64.7,56.8,48.6,0,0,0,0.1,4,0,0,581,0,75,55.3,61.3,48.8,73.1,47.5,87.2,Cloud Computing,1
STU105949,23,Male,7.07,68.5,0,63.4,56.7,68.7,49.6,4,1,4,12.6,4,0,0,1011,3,72.8,62.4,74.7,50.8,60.8,111.9,70.3,AI/ML,0
STU102769,23,Female,7.63,87,1,39.2,53.5,54.3,76.7,2,0,3,12.4,3,3,0,672,2,65.9,65.7,62.7,65.2,59.4,24.6,79.3,AI/ML,0
STU105784,21,Female,6.72,92,1,40.7,53.8,75.1,40.8,0,0,1,4.2,2,0,0,437,1,54.8,44.1,89,15.8,49.3,32.6,93.9,Software Development,0
STU100636,21,Female,6.54,85.1,0,58.9,,73.8,34,4,1,2,12.2,1,0,0,873,4,,60.8,63,57.4,47.3,,65.8,Business Analytics,0
STU107674,21,Female,7.49,81.7,1,45.6,47.7,48.3,62.8,1,0,0,0,3,1,0,461,0,65.5,47.3,70.8,45.7,89.9,49.8,88,Data Science,0
STU106241,23,Male,7.9,100,2,57.3,65.6,39.1,39.8,3,0,0,0,3,4,0,918,2,54.7,63.5,61.4,61.4,39.1,45.1,65.8,Software Development,0
STU106879,22,Male,6.02,84.2,0,42.6,36.5,56.2,64.1,3,1,2,5.5,0,4,1,686,3,58.5,51.9,59.7,67.8,48.5,66.3,70.7,Cloud Computing,0
STU100353,21,Male,6.91,89.8,0,50.7,64.9,61.8,59.5,1,1,0,0,2,3,1,657,3,65.1,54.3,57.9,44.9,80.9,118.3,87.9,Software Development,0
STU100795,20,Male,6.71,75.4,0,54.9,48.1,69.7,65.2,0,0,0,0.6,2,2,1,843,0,66.4,56.6,68.1,73.8,78.5,15.6,87.1,Data Science,1
STU100473,21,Other,9.65,81.8,1,59.1,52.6,56.5,62.3,1,0,0,0,2,4,0,497,1,26.2,61.9,76.3,53.1,36.7,15.1,,Software Development,0
STU109857,20,Female,8.85,82.4,1,30.1,66.1,44.4,61.8,3,2,2,11.2,1,0,0,516,2,66.6,58.2,70.4,41.1,61.4,100.3,71.9,Software Development,0
STU105035,23,Male,8.6,84.2,0,48.5,,61.3,71,5,3,3,7.2,1,1,0,775,4,77.9,57.1,77.6,45,63.4,70.6,79.3,AI/ML,0
STU104574,22,Male,7.05,72.3,0,30.4,51.3,44.7,54.1,4,2,1,4.8,0,1,0,872,3,39.3,68.1,71.6,57.6,86.8,79.2,67.1,AI/ML,0
STU108091,23,Male,6.62,64.9,2,35.9,35.5,55.8,50,5,2,3,13.3,3,3,2,837,4,68.6,60.8,69.1,26.4,73.2,72.1,74,Software Development,0
STU107290,23,Male,8.38,68,1,54.3,53.6,45.9,69,1,1,0,1.9,3,1,0,519,2,56.7,72.7,,43.3,72.7,56.6,90.4,Software Development,0
STU106905,21,Male,7.59,85.8,0,58.7,71.1,52.9,39.9,1,0,3,10.2,2,2,0,571,0,,43.3,55.1,37.7,93.1,,56.2,Software Development,0
STU106184,21,Female,7.15,68.9,0,62.3,50.9,56.7,45.8,3,1,0,,2,3,0,513,3,69,52,60.2,71.7,40.6,,69.7,Data Science,0
STU102853,23,Male,6.8,67.9,1,79.4,63.4,43.5,24.9,9,2,3,14.8,1,2,0,678,10,73.7,72.2,59.1,17.2,68.3,45.6,69,AI/ML,0
STU100750,21,Male,8.96,76.1,1,84.2,70.5,58.4,81.8,1,0,0,2.6,3,3,0,869,3,60.3,67.5,65.2,32.9,46.6,96.2,85,Cloud Computing,1
STU104498,19,Male,9.14,69.3,0,72.1,71.8,40.2,62.5,1,0,3,10.4,1,2,0,1199,0,68.4,44.3,50,47.4,51.1,36.6,47.7,Cyber Security,1
STU100046,22,Other,6.94,100,1,38.7,70.4,45.7,29.3,5,3,1,6.1,2,0,0,615,4,72.2,66.5,61.6,87.5,84.2,9.2,52.5,AI/ML,0
STU102993,22,Female,7.1,82.3,2,53.2,43.8,41.4,47.5,3,1,0,0,2,3,1,603,5,49.3,46.4,73.1,57.5,71.8,63.6,62,Business Analytics,0
STU102812,21,Female,7.78,86.2,0,42.6,56.5,72.6,66,2,0,1,4.3,0,2,1,614,2,,62.1,70.9,47.1,36.4,,83.6,Cyber Security,0
STU101686,22,Male,6.86,91.2,0,49.2,64.9,65.5,31.1,6,2,1,4.8,2,0,0,756,9,76.2,74.4,73.2,57.6,59,29.5,78.2,Data Science,1
STU101268,22,Male,6.18,96.1,1,29.8,23.3,48.4,57.3,3,2,0,0.5,0,1,0,819,2,48.3,63.6,83.2,70.6,40.7,28.4,59.2,Cyber Security,0
STU106823,24,Female,7.38,75.9,0,57.4,73.3,63.6,81,3,1,2,4.8,3,2,0,624,6,,71.6,64.3,43.3,44,28.4,66,Business Analytics,0
STU102037,21,Female,7.47,94.5,0,81.2,68.7,40.4,40.7,1,0,1,7.9,1,2,1,854,0,68.7,54.3,77.9,70.4,40.2,42,68,AI/ML,0
STU105398,23,Male,8.47,83.2,1,68.9,77.4,74.3,69.1,3,0,0,0.5,2,1,0,721,2,60.5,63.5,75.8,56,40.7,34.3,77.1,Software Development,1
STU104130,21,Male,9.14,90.1,0,71.7,58.7,39.6,64.5,1,1,1,,1,0,0,1099,3,57.1,70.6,78,45.5,66.6,48.4,86.4,Software Development,0
STU109282,20,Male,7.72,69.4,0,39.3,64.8,70.1,63.9,2,1,1,4.6,1,1,0,496,3,51.9,48.5,68.1,61.9,66.7,121.1,72.6,Data Science,0
STU100666,20,Male,7.35,80.4,0,41.7,72.3,45.6,41.3,2,2,2,7.5,2,1,0,1101,2,49.7,69.8,59,54.1,69.4,23,56.8,Business Analytics,0
STU108686,22,Male,6.86,,0,59.2,57.4,64.6,60.2,1,1,0,2,1,2,0,674,0,51.3,50.4,79.1,40.1,71.3,73.5,67.4,Software Development,0
STU105527,22,Male,7.84,89.9,0,63.9,32.2,56.2,59.3,2,0,2,8.5,4,2,0,577,2,79,63,71.8,48.4,78,61.2,72.4,Software Development,1
STU103290,21,Male,7.89,82.1,1,63.8,63.3,61.1,50.1,2,0,0,0,2,1,0,790,3,66.9,61.4,64.7,58.7,55.4,35.3,72.9,Software Development,1
STU107461,22,Male,8.15,82,1,39.2,41,55,84.2,5,1,0,0,0,1,0,492,4,52.5,72.1,65,56.1,80.2,19.7,82.9,Business Analytics,0
STU106044,20,Female,6.58,79.4,0,36.8,65.1,43.9,55.2,4,1,1,4.5,4,1,0,700,4,63,81.7,83.9,64.4,87.2,33.3,68.5,AI/ML,0
STU109700,24,Male,7.53,87.5,2,46.4,63.3,57.5,61.8,2,0,1,5.2,2,0,0,1101,1,60.5,52.5,84.2,52,50.7,35.6,64,AI/ML,0
STU100006,20,Male,7.92,79.8,0,56.9,63.9,55,53,2,1,0,0,3,0,0,962,1,56.2,54.7,67.9,30.6,39.7,53.7,76.8,Cyber Security,0
STU102201,21,Female,7.65,80.1,0,47.6,44.9,59,31,2,1,2,9.6,1,2,0,182,1,57.8,58.6,68.1,52.3,49.4,32.3,66.6,Software Development,0
STU109074,23,Male,7.95,95.8,3,46.1,48.7,51.6,70.9,2,1,2,6.8,1,1,0,520,2,50.8,43.6,67.2,54.9,26.9,79.8,58.9,Cyber Security,0
STU100901,22,Female,6.4,67.2,0,32.9,31.3,75,27.2,2,0,0,0.3,3,1,0,756,4,56.1,71,72.3,69.3,67.1,58.9,63.9,Software Development,0
STU109643,21,Female,9.29,78.2,0,89.1,60.4,68.8,81.7,1,1,2,7.4,3,3,0,659,0,72.6,48.1,82.7,63.9,54.9,73.8,91.4,Software Development,0
STU101179,22,Female,6.94,85.3,0,32.1,44.4,53.2,59.6,4,0,2,8.6,1,1,0,666,5,48.2,49.8,65.3,39.7,39.6,25.5,47.8,AI/ML,0
STU107493,20,Male,6.56,86.4,1,16.6,48.2,31.3,55.3,0,0,0,0,4,1,0,613,1,76.9,62.3,67.7,22.3,67.7,34.3,68.3,Data Science,0
STU109217,20,Female,6.38,88.6,1,50.4,54.7,48.4,73.1,0,0,2,4.6,1,2,0,704,2,62.1,51.9,65.6,60.5,42.5,35.3,95.6,Software Development,0
STU105899,22,Male,7.42,90.1,0,26.1,63.5,65.3,25.5,3,1,1,5.5,4,0,0,326,4,57.5,66.6,72.4,46,50.5,54.2,56.9,Data Science,0
STU107408,21,Female,7.56,69.2,0,64,28.5,68.8,36.4,3,2,1,3.7,4,0,0,842,4,81.7,60.4,83.6,48.4,19.1,45.9,76.6,Software Development,1
STU108152,22,Male,7.44,98.3,0,61.4,59.8,35.5,67.5,3,1,0,0,2,3,1,614,3,42.7,64.5,63.6,57,59,28.1,72.8,Software Development,1
STU101735,21,Male,7.25,86.9,0,46.2,56.8,63.4,56.7,2,0,0,0,2,3,0,682,3,71.8,59.9,62.2,33.4,34.9,55.5,81.3,AI/ML,0
STU101570,20,Female,8.55,85.6,0,86.1,73,69.6,44.7,0,0,0,0,1,0,0,963,0,68.7,51.8,70.6,60.8,62.4,57,65.7,Cyber Security,0
STU109604,22,Male,7.74,88.2,0,56.9,45.4,68.6,31.9,1,0,0,0,4,0,0,687,1,57.2,49.5,56.6,44.8,79.3,75.4,83,Software Development,0
STU102562,22,Female,6.25,96,1,37.3,45.3,77.8,43.5,0,0,2,7.9,1,1,0,302,0,46.8,37,77.1,57.2,46.1,79.2,59.2,Software Development,0
STU109240,22,Male,8.69,,0,55.6,63.2,39.3,69.7,1,0,2,12.6,1,1,0,790,2,78.9,72.2,75.8,34,63.1,65.5,67.4,Business Analytics,0
STU108296,21,Male,7.86,94.4,1,44.5,62.5,63.1,48.3,5,2,1,5.9,2,1,0,669,4,52.9,79.9,64.4,47.2,38.9,28.3,96.9,AI/ML,0
STU104176,21,Female,6.63,,0,43.6,51,63.2,24.5,1,0,0,0,3,2,1,640,1,55.5,55.1,62.3,44.9,67.7,97.2,67.6,Data Science,0
STU100401,22,Female,7.83,82.3,1,67.1,47.9,68.3,70.3,2,2,1,4.2,2,0,0,814,3,56.8,45.4,82.1,58.4,72.7,95.6,69.3,Business Analytics,1
STU101473,22,Male,6.98,100,1,40.1,73.2,69.7,,5,3,0,0,2,1,1,454,5,61.3,83.6,72,54.7,44.7,39.4,79.8,Data Science,0
STU103813,21,Other,9.05,71.8,0,,71.6,51.1,77.9,2,0,1,4.3,4,2,0,792,1,76.3,59.4,75.1,71.5,69.4,113.6,74.9,Software Development,0
STU107716,20,Female,7.21,66.8,1,52.9,52.3,47.5,37.5,4,1,0,0,5,3,2,736,7,69.4,54.9,67.2,67,44.8,48.6,68.5,Software Development,0
STU101519,21,Female,7.26,72.4,1,68.6,55.7,66.1,,1,0,3,14.7,1,3,0,1119,1,54.8,50.5,81.2,67.3,75.2,25.1,87.3,Cloud Computing,0
STU106422,22,Female,8.13,67.9,0,41.5,63.9,48.1,74.2,2,0,1,3.5,3,0,0,693,1,44.5,55.7,73,33,74,19.2,58.4,Business Analytics,1
STU100869,21,Female,7.44,90.1,0,51.3,58.4,60.6,58,7,4,2,12.1,1,2,0,991,7,54.1,79.3,64.4,58.4,69.8,5.7,,AI/ML,0
STU107682,22,Male,8.07,80.9,0,50.5,46,64.6,75.1,2,0,0,0,3,1,0,966,3,65.9,51.7,70.1,25.8,52.6,13.9,89.6,Business Analytics,0
STU100481,22,Male,7.91,89.6,1,55.3,,62.2,57.1,2,0,0,0,2,1,0,727,2,58.7,55.9,75.9,40.1,81.2,15.1,89.9,Data Science,0
STU104510,22,Male,7.08,70.9,0,57.5,68.3,78.2,71,2,0,1,5,1,4,0,997,1,35.8,48.5,80.2,100,65.1,53,77.4,Business Analytics,0
STU108903,20,Female,7.06,82.3,0,55.2,56.9,50.6,30.7,3,2,1,5.4,2,3,1,703,5,65.5,62.4,57.4,46.7,26.6,44.6,77.9,Data Science,0
STU109981,20,Female,7.73,100,0,55.4,43.1,62.5,57.6,1,0,0,1.3,0,3,0,569,0,63.5,50.7,78.3,51.4,73.2,22.9,77.8,Cyber Security,0
STU104945,22,Male,8.05,99.6,0,53.9,77.9,77.3,54.6,3,2,1,3.6,2,1,0,494,5,63.4,59.1,,51.1,20.2,30.3,79.8,Cloud Computing,0
STU100627,21,Male,7.92,65.9,0,62.4,77.2,46.5,78.1,3,2,0,2.4,1,0,0,669,3,44.9,63.2,81.4,31.9,68.5,48.9,80.9,Business Analytics,0
STU105466,22,Male,8.57,92.2,0,98.5,60.3,67.3,57.2,3,3,1,3.7,2,2,1,1078,4,46.4,65.2,63.1,63.9,41.3,88.3,84.1,Cloud Computing,1
STU103782,20,Male,7.72,84.8,0,67.6,56.1,56.8,78.8,4,2,3,15.3,1,2,0,525,5,62.2,67.9,55.9,40.6,48.4,91.2,89.5,Software Development,0
STU108172,21,Female,6.65,92.4,0,65.6,59.4,35.5,35.3,3,1,0,0.9,2,0,0,1319,3,81.8,78.5,70.9,46,89.3,94.2,62.3,AI/ML,0
STU102737,21,Male,6.92,64,0,15,50.6,74.5,51.7,0,0,1,5.6,4,3,1,654,1,60.4,58.3,70,57.9,45.6,46.9,43.6,AI/ML,0
STU100324,23,Male,6.5,80.9,1,51.9,46.3,55.1,45.3,4,0,1,,0,0,0,837,3,66.4,47.4,72.5,51.9,71.4,29.6,69.5,Data Science,0
STU100359,21,Male,7.92,82.2,1,32.6,66.7,,41.7,3,1,0,0,0,3,0,981,4,58.2,59.1,62.7,80.7,51.4,32.9,60.5,Cyber Security,0
STU100875,20,Male,5.64,78.4,0,43.1,52.2,36.5,38.1,1,0,1,2,3,3,0,812,1,90.6,69.1,67.9,46.2,62.5,46,50.4,Data Science,1
STU102048,22,Female,7.19,100,0,45.7,46.3,88.4,42.7,1,0,0,0,1,1,0,963,0,62.8,47.5,79.6,35.1,80.7,34.3,90,Cloud Computing,1
STU109352,22,Male,7.48,92.2,0,67.3,57.4,59.8,40.8,3,1,0,0.1,5,0,0,806,3,68.2,73.7,70.8,55.7,48.7,45.3,73,Software Development,0
STU102797,22,Male,7.17,84.5,1,16.2,76.8,57,33.4,1,1,0,,2,1,0,620,2,67.2,51.6,75.5,47.2,61.8,33.3,62.8,Data Science,0
STU108164,22,Male,7.34,92.6,0,34.8,57.8,66.6,46.9,0,0,0,2.2,2,0,0,621,0,55.3,72.1,75.3,62.5,49.7,32.5,82.6,Software Development,0
STU100715,21,Male,6.53,72,0,61.9,42.4,43,36.4,7,2,0,0,1,0,0,978,8,62,78.8,52.9,18.4,45.7,108.5,53,AI/ML,1
STU101808,22,Female,6.93,76,0,50.6,48.9,69.3,54.4,3,0,1,2.5,3,1,0,818,2,69.4,57,80.7,63.4,39.1,153.4,77.4,AI/ML,0
STU109176,22,Female,7.69,91.8,0,47.4,62.5,52.4,99.2,4,1,1,4.8,3,2,0,452,4,59.3,56.4,55,47.2,53.8,45.5,64.1,Cyber Security,0
STU108257,22,Male,7.41,71.6,1,60.9,54.2,40.4,59.9,0,0,0,1.3,2,2,0,817,0,61.4,43,68.5,43.3,58.6,104.4,82,Data Science,0
STU106348,21,Female,8.19,83.3,0,60.7,43.5,55,,1,0,2,3.8,2,1,0,816,3,58.2,46.7,74,60.2,49.6,68.4,92.6,Software Development,0
STU107382,21,Female,6.09,89.2,1,47.5,57.7,66.7,28.5,3,1,2,6,3,2,0,638,4,65.5,62,66.9,17.8,43.2,28.3,62.5,Business Analytics,0
STU108181,22,Male,6.99,99.4,1,,69.5,59.9,42.8,2,1,0,0,1,3,0,693,2,46.3,50.5,83.5,74.5,61.4,94.4,59.6,Business Analytics,0
STU106769,24,Male,6.68,83,0,51,43.7,77.9,48.4,5,2,1,3.5,2,3,0,545,5,53.3,80.7,73.2,44.9,74.9,46.6,97.4,Cloud Computing,1
STU109135,21,Female,6.48,83.6,0,57.3,19,75,43.2,4,1,0,1.1,0,0,0,833,4,52.3,57,80.5,55.4,57.9,51.7,65.4,Data Science,0
STU102830,24,Female,6.42,65.1,2,74.1,41.2,39.2,45.5,2,1,0,1.2,1,2,2,710,2,62.5,56.8,97.1,58.8,70.1,35.7,56,AI/ML,0
STU100196,21,Male,6.26,68.8,0,29.5,44.2,76.6,41,1,0,1,3.4,3,0,0,858,1,57.7,60.6,,57.8,44.6,36.8,69.6,Data Science,1
STU109396,22,Female,8.3,78.1,0,60.7,70.2,44.1,66.9,1,1,2,5.7,1,2,0,342,2,57.2,61.5,57.9,42.5,41.4,66.3,67.8,AI/ML,0
STU104444,21,Female,7.46,70.4,0,53.1,65.2,55.9,48,5,3,0,0.1,2,0,0,488,5,61.9,63.1,59.9,22.3,28.7,118.6,73.9,Software Development,0
STU100873,22,Female,8.2,82.7,2,66.7,74,50.9,59.6,3,1,0,0.9,5,0,0,835,2,67.8,71.7,79.5,44.3,31.6,32.3,94.6,Software Development,0
STU103476,22,Male,8.62,68.5,3,77.3,55.9,36.1,28.9,2,1,1,4.2,1,2,0,1181,1,93.6,59.2,59.5,71,42.7,15.5,53,Cloud Computing,0
STU108076,21,Male,6.47,87.7,1,38.1,55.1,72.8,55.9,4,0,0,0,3,2,0,878,3,78.2,63,74.7,69.3,46.7,17.8,69.6,AI/ML,0
STU101839,23,Male,7.34,70.6,0,70,59.9,70.7,69.9,1,0,1,1.4,3,1,0,762,0,70,59.8,85.8,34.6,69.1,43.9,78.5,Data Science,0
STU104140,22,Male,7.06,89.4,1,54,60.4,64.7,38.7,4,0,1,2.8,3,2,1,662,4,65.7,69.6,77.2,59.6,57,18.4,66.2,Cloud Computing,0
STU107041,22,Male,8.47,84,1,69.4,69.8,43.1,69.9,6,2,0,0,0,1,0,871,7,57,61.9,61.9,48.1,73,92.2,70.4,Software Development,1
STU105051,22,Male,8.65,88.6,3,,37,34,50,4,1,3,13.9,3,2,1,614,3,66.8,59.9,59.3,68.8,81.4,44.6,79.3,Cloud Computing,1
STU103587,21,Other,8.1,79.3,0,65.2,69,,80.3,0,0,1,1.4,2,2,0,807,0,55.4,39.7,71.4,41.7,41.6,34,85.3,AI/ML,0
STU105283,21,Male,8.55,88.5,0,61.1,51.7,74,73.6,1,1,2,9.6,1,3,1,515,0,68.8,38.2,87.5,43,71.1,140.5,82.2,Software Development,0
STU107832,24,Female,7.18,71.8,0,22.9,74.1,,42.1,4,1,2,11.2,6,0,0,576,5,67.4,72.5,66.2,42.9,63.7,46,70.8,Software Development,0
STU102751,22,Male,6.78,76.9,1,61.2,62.2,24.6,,1,0,0,0.2,2,0,0,957,0,59.2,61.2,56.4,49.5,56.6,58.1,71.8,AI/ML,0
STU108418,22,Female,7.77,81.9,0,72,56,,37.6,3,1,0,1.5,3,2,0,685,5,52.4,61.6,81.4,46.3,69.7,100,81.9,Data Science,0
STU103601,23,Female,7.96,83.2,0,57.1,58.5,58.8,32.4,0,0,0,0.8,2,1,0,843,0,65.1,,70.5,73.4,65.2,35.9,,Software Development,0
STU101352,22,Female,8.23,86.9,1,84.3,56.1,79.9,48.9,1,0,2,6.1,1,1,0,880,0,78.5,56,64.1,60.2,31.7,66.7,80.6,Cloud Computing,0
STU108499,23,Female,6.14,97.8,0,34.8,48.6,50.2,46.1,3,2,1,6.5,2,2,1,879,2,73.9,53.3,49.2,30.7,62.4,39.2,60.9,Software Development,0
STU101057,22,Female,8.8,90.5,0,55.3,67.5,48.9,31.4,4,1,0,0,4,1,0,665,5,65.6,63.4,64.5,52.6,82.7,63.1,51.6,AI/ML,1
STU104433,22,Male,5.87,74.3,1,30.3,39.3,58.9,45.1,0,0,1,4.7,1,1,0,547,0,65.7,58,70.1,47.7,62.4,28.2,79.2,Software Development,0
STU109923,21,Male,8.01,77.1,0,68.2,55.6,63.3,63.7,8,3,0,1.8,0,1,0,1400,7,53.6,69.8,73.9,58.3,68.1,46.4,76.8,Data Science,0
STU101416,21,Female,6.06,78.7,1,57.9,64,61,38.1,0,0,0,0.1,3,1,1,696,0,74.8,74.6,69.3,70.2,78.5,138.1,64.1,Software Development,0
STU108056,22,Female,8.64,71.2,2,76,50.7,54.6,43.6,2,1,1,3.3,1,2,0,1008,1,61.3,65.3,71,78.7,67.8,14.6,70.4,Software Development,0
STU100311,23,Male,6.65,62.9,2,49.1,40.4,49,58,2,1,0,0,0,2,0,586,3,49.5,63,84,64.8,36.6,42.2,67.8,Cloud Computing,0
STU103050,23,Male,7.92,78.1,0,87.6,71,87.4,68.6,3,1,1,3,1,2,1,722,5,65.1,78.1,82.1,63.9,73.9,27.9,76.9,Software Development,0
STU108337,23,Female,7.97,84.1,1,67.3,53.2,31.8,44.3,1,0,1,1.5,2,0,0,928,0,72.1,49.6,63.3,48.5,66.5,45.3,69,Data Science,1
STU100789,21,Female,8.12,83,2,39.7,61,45.4,51.5,4,0,0,0,2,3,0,588,3,62.5,72.2,66.1,58.8,45.7,25.4,84.4,AI/ML,0
STU109075,21,Female,8.32,70.7,0,65.5,55.1,56.8,69.4,1,0,2,10.6,7,1,0,831,1,68.6,71.9,70.9,65.1,67.7,31,68.6,Business Analytics,0
STU108928,21,Female,8.19,71,2,78.6,75.6,52.1,51.1,4,2,1,1.7,3,1,0,541,4,41.1,63.4,54.4,34.5,27.5,84.1,60.3,Data Science,0
STU102831,21,Male,6.63,69.8,1,42.9,33,47.7,32.6,1,1,2,7.1,2,0,0,904,1,61.6,56.4,57.5,63.1,67.6,,74.6,Cloud Computing,0
STU109676,21,Male,8.03,81.4,0,68.3,68.7,71.2,91.6,3,2,0,0,3,0,0,589,2,71.8,54.2,66.9,38.6,44,28.4,94.4,Software Development,1
STU104078,21,Male,8.86,78.3,0,48,63,40.4,84.1,1,0,1,3.1,2,1,0,635,0,65.9,48.3,64.7,63.9,72.7,22.9,78.6,Cyber Security,0
STU102555,22,Female,8.13,74.7,0,54,64.7,78,91.7,3,0,0,0.6,1,0,0,676,4,61,58.3,80.2,59,43.9,26.8,88.1,Data Science,0
STU102071,21,Female,6.77,72.5,2,63.6,37.1,52.1,61.3,3,1,1,3.8,2,2,0,967,3,60.8,50.4,62.1,61.9,53,50.9,91.4,Software Development,0
STU101938,20,Female,7.13,76.2,0,65.3,68.8,54.9,46.5,3,1,0,1.5,5,0,0,672,4,73.8,59.8,81.2,42.1,62.9,87.7,88.8,Cyber Security,1
STU101771,21,Male,7.05,79.8,0,63.6,62.7,66.8,49.2,5,1,2,5.5,0,1,0,913,5,47.1,79.9,77.2,44.5,53.2,31.6,69.8,Software Development,1
STU104497,21,Female,7.51,73.8,0,49.8,47.2,54.7,64.1,2,0,0,0,1,2,0,708,3,56.7,49.3,65.4,90.2,50.2,77.2,78.7,Cyber Security,1
STU108933,21,Female,6.82,79.2,2,58.8,62.3,41.9,72.7,3,2,2,6.7,1,4,0,834,2,69,57.7,63.6,35.4,22.5,68,85.7,Data Science,0
STU108127,23,Male,7.64,70.4,0,26.9,19,57.4,67.8,1,0,0,0,3,2,0,604,1,70.9,67.2,69,80.8,40,,76,Cyber Security,0
STU108357,19,Male,7.52,68.2,1,32.6,48.1,61.6,55.2,7,3,1,3.7,4,3,0,429,9,,75.5,71.7,75.2,54.2,70.4,73.9,Cloud Computing,0
STU109371,23,Male,8.77,56.8,1,58.9,65.6,60.5,64.9,4,0,1,1,0,0,0,709,5,55.4,48.3,71.3,52.1,67.9,52.8,77.1,Software Development,0
STU103499,21,Male,8.25,81,1,42.8,81.4,48.8,87.1,1,0,0,0.9,3,1,0,888,1,67.2,76.5,82.6,39.9,52.7,84.2,69,Business Analytics,1
STU100181,23,Male,8.98,86.8,0,67,83.6,68.5,69.2,1,0,0,0,1,2,1,554,2,47.5,58.7,72.8,42.6,47.5,36.4,83,Cyber Security,0
STU105604,22,Female,6.83,69.9,1,64.3,50.1,70.7,54.9,2,1,1,3.3,2,3,1,747,3,75.6,53.6,85.5,78.5,42.4,100.5,73.2,Cyber Security,0
STU102573,23,Female,6.35,,2,32.5,47.2,61.6,67.3,3,1,1,3.6,2,0,0,792,3,52.3,58.4,59.8,26.2,47.8,10.9,89.1,Software Development,1
STU102024,22,Male,7.55,92.7,1,51,54.9,38.1,83.6,4,0,2,10.1,2,2,0,470,6,56.5,72,65.6,52.7,55.4,40.7,70.9,Software Development,0
STU102614,21,Female,7.91,66.8,2,51.2,55.8,86.3,59.6,3,1,2,9,2,4,1,547,3,58,67.1,79.9,49,78.1,49.3,100,AI/ML,0
STU103372,20,Female,7.01,84.9,2,40,62,57.7,59.7,2,0,0,0.2,3,0,0,591,1,69.3,66.8,71.4,48.7,62.5,57.5,66.1,Software Development,0
STU101220,23,Male,7.58,72.4,0,68.6,68.3,78.2,46.3,2,1,0,0,1,0,0,549,2,70.9,62.9,71.5,45.9,82.8,84.6,65.9,Business Analytics,1
STU106780,23,Female,7.5,90.2,0,29.7,49.3,44.4,52.9,1,1,1,3.9,2,0,0,619,2,68.5,56.4,80.1,50.5,57.1,50.5,74.9,Data Science,1
STU103056,20,Other,8.71,84,1,86.3,63.4,56.2,52.5,2,1,0,0,3,0,0,931,1,56.6,69.3,74.2,48.2,64.1,38,63.7,AI/ML,1
STU109782,21,Male,7.94,81,0,,68.2,71.5,41.3,4,1,0,0.2,6,0,0,798,3,64.1,83.6,82,40.6,72.6,17.6,81.3,Cloud Computing,1
STU108338,22,Male,9.35,58.5,0,75.5,87,67.8,67,2,1,1,2.8,1,2,0,1140,1,65.3,52.6,,51,45.5,158.1,80.4,Software Development,1
STU106659,23,Male,8.15,78.2,0,50.7,67,74.9,59,4,2,3,11.6,0,0,0,452,3,,62.4,74.6,52.7,60.9,49.3,,Software Development,0
STU106157,20,Female,8.88,76.2,0,59.2,62.5,61.5,60.5,2,0,1,4.4,1,0,0,975,4,,53.6,77.1,53.8,48.9,18.2,75.8,Cyber Security,0
STU105294,24,Female,6.21,,1,60.7,68.7,78.8,44,4,1,0,1.7,6,0,0,898,3,79.3,55.9,83.9,50.7,54.6,108.4,53.4,Business Analytics,0
STU102930,21,Male,7.86,78.7,0,45.8,40.5,42.8,51.3,2,0,0,0.8,1,1,1,270,3,73.7,,61.7,18.9,45,59.6,65.2,Software Development,0
STU104133,22,Female,7.87,78.2,0,74.1,38.6,52.2,70.5,2,1,0,1.3,2,2,0,979,3,60,57,64.6,39.3,56.1,30.4,,Data Science,0
STU108150,22,Male,7.72,84.9,1,43.6,48.9,33.8,,1,0,3,9.1,1,1,0,761,0,71.3,52.1,69.8,59.2,63.3,103.7,46.8,Data Science,0
STU103098,21,Male,7.13,84.8,2,39.8,52.2,52.7,43,1,0,1,4.3,1,3,1,744,1,71.6,53.9,65.6,44.4,65.5,34,52.3,Business Analytics,0
STU106392,20,Female,8.54,77.9,0,50.6,53.7,54.1,89.3,4,4,0,0,1,2,0,812,3,61.6,59.7,67.1,66.1,60.9,47.2,100,AI/ML,0
STU108155,22,Female,7.56,75.9,3,45.7,41.8,59.6,48.8,2,1,1,5,1,0,0,499,1,65,47.6,52,47.3,56.2,,69.8,Software Development,0
STU107047,22,Male,8.79,78.2,0,63.2,48.1,71.9,,3,0,2,9.7,3,1,0,492,2,78.5,70.1,81.5,54.6,55.9,17.5,69.1,Business Analytics,0
STU104370,23,Female,8.04,71.9,0,79.5,67.9,30.9,75.4,4,0,1,2.7,2,3,0,534,3,54.6,70.6,75.9,61.6,40.7,49.4,48,Software Development,0
STU106278,24,Male,6.59,75.6,0,53.3,55.6,68.1,43.7,5,1,3,13.3,2,2,0,584,6,69,68.6,53.4,42.7,54.4,103.2,71.1,Data Science,0
STU108614,21,Female,6,78.4,1,38.8,66.1,61.6,36.9,2,1,2,,1,1,0,102,2,,54.2,73.5,44.2,66.5,50.5,66.9,AI/ML,0
STU103827,23,Male,7.47,77.7,1,49.1,69.7,58.7,57.6,3,1,1,,0,2,1,224,3,52.6,59.8,65.7,43.2,79,27.9,83.5,Data Science,0
STU100128,20,Male,7.24,84.2,1,48.2,56.2,64.6,58.5,0,0,3,11.8,1,2,0,684,0,91.3,37.7,74.7,48.2,53.2,79.5,83.6,AI/ML,1
STU105500,21,Female,7.06,89.7,2,38.3,62.1,27,39.9,2,2,0,0,4,1,0,831,4,51,69.8,64,78.7,65.1,144.5,66.9,Cyber Security,1
STU102236,21,Male,6.08,90.1,1,28.7,42.2,54.7,53.1,1,0,0,2.1,2,2,0,237,0,51.7,39.2,85.3,43.3,34.5,40.9,52.4,Software Development,0
STU106548,24,Female,7.97,90.2,0,59.4,38.3,41.5,44.8,2,1,0,0,2,0,0,407,1,41.5,68.1,56.1,47.1,94.6,81.2,64.4,Software Development,0
STU107173,21,Male,7.7,75.7,0,64.7,64.8,63,78.6,3,2,1,3.3,3,2,0,776,2,80.2,60,66.7,65.2,45.7,38.2,76.1,Data Science,1
STU100023,23,Female,7.56,79.6,1,64.6,56.3,53.9,46,3,2,1,2.8,3,1,0,499,5,76,60.6,61.6,61.7,57.6,41,76.9,Cloud Computing,0
STU108666,19,Male,6.21,82,0,66.2,37.6,54.3,49.1,3,0,0,0,3,2,0,1049,3,66.2,62.1,83.1,23.8,61.9,21.5,61.5,Business Analytics,0
STU109070,21,Female,6.4,69.1,1,19.3,54.8,60.8,42.9,3,3,1,2.2,2,1,0,444,4,71.3,69.8,63.1,59,56.6,26.7,58.3,Software Development,0
STU100113,21,Male,9.67,91.7,1,63.2,63.5,52.4,98.5,2,2,0,0,0,0,0,754,1,,59.1,63.4,53.9,63.5,13.1,86,Data Science,0
STU104180,21,Female,8.84,70.2,0,74.2,55.9,61.4,81.9,6,2,0,0.2,1,0,0,1361,5,60.3,77.3,66.7,63.3,66.1,12.4,92.1,Software Development,0
STU108987,21,Male,7.53,79.8,1,52.1,49.6,56.2,36.6,1,0,2,8.7,3,2,0,1075,3,66.7,45.2,84.3,23.6,69.4,53.7,64.8,Cloud Computing,0
STU108015,21,Female,6.65,91.1,2,72,60.2,62.3,49.4,1,0,1,4.1,0,1,0,931,3,74.2,47,58.9,57.6,86.9,55.7,76.6,Cloud Computing,0
STU104611,22,Male,8.56,64.6,0,86,50.6,36.8,63.6,5,1,1,3,2,4,0,964,7,45.5,68.1,60.9,80,82.9,68.1,56.8,Software Development,0
STU104296,22,Male,7.92,70.2,1,53.5,60.5,,59.6,2,0,0,0.8,2,1,0,1004,1,67.2,58.3,64.1,54.5,46.6,57.1,85.9,AI/ML,0
STU105303,23,Male,7.7,85.1,1,33.4,57.4,56.8,45.2,4,1,2,10,2,0,0,883,5,80,67.4,75,46.1,75.2,35.2,57.7,Data Science,0
STU106811,22,Female,6.53,74.8,0,45.1,46.8,55.4,28.9,0,0,1,4,1,0,0,709,0,62,42.8,57.3,49.4,81.7,48,68.3,Business Analytics,0
STU106354,21,Other,7.09,79.1,3,,35.4,32.2,67.4,1,1,1,5.1,1,1,0,582,1,57.1,57.2,70.1,39.6,67.9,83.8,83.5,Data Science,1
STU103417,22,Female,7.94,,0,72.5,40.5,70.8,31.1,4,1,1,4,2,1,0,590,4,61.6,61.6,78.7,29.9,61.9,43,55.6,Business Analytics,1
STU108596,22,Male,7.54,100,0,61.4,36.1,68,51.5,2,2,2,,0,1,0,1123,2,73.8,48.6,82.7,35,30.1,83.6,87.2,Cyber Security,1
STU105635,22,Male,7.63,78.9,0,28.7,54,60.3,34.1,3,2,0,0.7,3,0,0,103,3,67.4,63,76.4,54.9,61.8,57.5,59,Business Analytics,0
STU103917,21,Male,6.85,81.1,0,39.6,49.8,46.7,61.2,1,1,1,4.9,2,2,0,785,2,70.1,40.2,77.8,75.1,64.6,80.4,78.5,Data Science,0
STU107612,21,Male,8.33,79.4,2,65.7,31.2,71.5,85.3,0,0,1,2.6,3,1,0,427,1,73.8,40.8,62.5,53.5,10,67.6,82.5,Software Development,1
STU106118,20,Male,8.29,87.5,1,48,79.4,52.2,59,3,1,0,1.4,2,2,0,599,2,58.4,77,73.9,73.4,65.8,26,79,Cyber Security,0
STU106617,22,Female,8.35,85.2,1,61.6,61.3,44.2,63.4,3,0,2,5.6,3,2,0,856,4,67.1,74.5,57.7,44.7,64.9,48.3,61.5,Software Development,1
STU108513,21,Male,7.99,86.5,0,70.1,57.3,69,67.7,1,1,0,0,1,3,0,727,1,72.9,69.3,74.3,48.7,90.1,17.5,80.6,AI/ML,0
STU107866,22,Male,8.16,78.5,0,65.6,67.8,58.1,49.7,3,1,1,4.8,4,0,0,973,2,72,79.3,68.4,74.1,22.2,57.6,77.6,Data Science,1
STU103609,23,Female,7.79,82.3,1,55.5,,44.8,45.4,2,0,1,2.1,3,0,0,442,2,72.5,74.8,55.7,56.8,38.6,32.3,44.8,Business Analytics,0
STU100582,20,Male,8.28,79.4,0,51.5,57.5,65.4,43.4,2,0,1,4.8,6,1,0,1257,2,56.8,68.1,87.3,19.1,46.4,20.4,83.4,Software Development,0
STU102524,20,Male,7.24,64.9,0,58.9,60.7,68.7,59.7,5,3,0,0.6,2,1,0,681,6,69.9,54.1,77.6,65.6,98.9,26.6,97.9,Data Science,0
STU108656,22,Female,8.11,88.9,0,76.4,56.7,68.7,71.6,0,0,0,0,1,0,0,846,0,48.4,55.3,72.6,53,28.7,60.9,96.7,Cloud Computing,0
STU107398,23,Female,8.26,76,0,45.4,47.6,49,63.7,3,1,1,3.2,3,2,0,675,2,76.3,78,64.3,53.4,72.7,38.5,83.9,Software Development,0
STU103239,23,Male,8.01,66.6,0,59.1,72.9,60.7,67.1,3,1,1,3.6,3,1,1,900,3,80.9,72.2,78.3,53.9,60.2,36.7,87.2,Software Development,0
STU102894,21,Female,6.98,98.7,1,39.3,46.6,61.6,40.8,1,0,1,2.4,1,1,1,943,1,55.6,66.7,67,54.9,77.9,46.8,80.2,Business Analytics,0
STU107495,21,Other,6.93,79.9,0,59.6,57.1,49.8,41,4,2,0,0.8,2,1,1,923,4,70.5,65.8,86.8,60,46.2,29.2,58.4,Business Analytics,0
STU106789,20,Male,7.96,87.9,3,38.8,39.9,43.1,67.1,2,1,1,1.6,3,0,0,1063,3,51.7,70.3,81.9,33.8,39,72.5,74.8,AI/ML,1
STU103194,20,Male,7.79,68.1,0,55.6,48.9,41.9,48.5,3,1,3,12.9,3,2,0,732,4,65.1,71.5,78.8,29.5,54,71.9,64.5,Data Science,1
STU103788,22,Male,8.1,81.4,2,33.4,73.9,53.5,58.5,3,2,2,4.5,2,3,0,825,2,92.2,75.9,60.8,40.6,63.5,89.5,62.4,Software Development,0
STU107992,21,Female,8.81,64.5,1,85.8,62.2,80.4,71.8,1,0,1,3.1,1,2,0,891,1,75.7,78.5,74.5,57.2,48.2,98.3,76.6,Software Development,0
STU102718,22,Male,6.82,70,0,44,53.8,36.7,31.4,4,1,0,0,2,1,0,594,5,70.3,71.6,55,43.5,31.3,43.6,78.4,Cyber Security,0
STU102776,25,Male,7.6,95,0,67.1,48.9,73.7,47.9,1,0,0,0.3,3,2,0,727,1,48.8,56.9,76.7,74.9,45.3,34.2,68.2,Cyber Security,0
STU109536,23,Male,7.15,85.4,0,32.9,50.9,56.2,73.3,2,0,0,0.6,1,2,0,559,3,55.7,52.2,59.2,66,59.6,69.3,69,AI/ML,0
STU101441,21,Male,7.2,78.9,0,15,33.5,46.9,45.3,0,0,0,1.8,2,1,0,219,1,48.1,23.5,76.5,56.5,88.2,65.4,80.6,Business Analytics,0
STU101468,20,Female,8.4,77.8,0,59.5,59.6,39.8,66.3,4,3,0,0.4,1,1,0,976,4,55.9,50.5,71.8,36.2,47.7,54.1,73.6,Business Analytics,0
STU103066,22,Female,8.74,82,0,73.2,67.2,79,58.6,3,1,1,4.5,2,2,0,382,2,55.5,69.8,67.9,64.9,80.1,15.6,66,Business Analytics,1
STU103819,23,Female,7.59,72.5,1,53.7,50.2,71.7,37,2,0,3,11.4,2,1,0,922,3,52.6,49.6,70.8,52.9,59.7,78.7,66.3,Cyber Security,0
STU104193,22,Male,6.91,85.6,0,64.9,49.6,70.6,43.1,6,2,2,5.9,4,0,0,907,9,68.4,85,69,50.7,45.1,62.7,80.2,Software Development,0
STU103136,20,Female,7.59,82.4,1,,43.2,70.5,31.4,2,0,0,0.4,4,2,0,497,2,65.3,47.4,85.3,61.5,16.3,55,100,Software Development,1
STU103426,22,Male,8.18,83.4,2,32.6,53.8,76.7,88.1,2,0,1,6.9,1,4,1,731,4,58.3,72.4,100,68.5,44.3,58.7,85.5,Cloud Computing,0
STU101250,20,Female,7.38,70,0,78.2,62.7,57.6,60.8,3,0,1,4.9,3,0,0,724,5,66.2,53.2,61.4,26.2,59.9,107.5,,Business Analytics,1
STU109096,20,Other,7.74,71.2,0,53.5,51.7,84.5,48,2,0,0,1,2,2,0,772,1,55,74.6,86.1,67.2,86.1,24.4,69.6,Data Science,1
STU108487,22,Female,8.12,81.1,0,67.5,40.2,44.3,62.1,0,0,1,4.3,0,2,1,702,1,39.3,36.7,75.6,51.3,35.1,80.7,95.8,AI/ML,0
STU100585,22,Male,8.7,86.4,0,73,42.8,65.7,65.6,3,2,2,8,1,1,0,877,2,61.4,46.3,82.7,63,45.9,94.7,66.1,Software Development,0
STU104895,21,Male,8,82,1,61.2,54.9,54.7,51.1,1,0,2,7.8,1,2,0,657,2,54.7,39.1,50.2,61.2,56.7,38.6,63.1,Software Development,1
STU103243,22,Male,8.28,80.1,0,59.5,75.2,41.8,94.3,0,0,1,3.2,1,0,0,704,1,70.8,48.8,67.8,60.4,46,162.6,86,AI/ML,1
STU103180,22,Male,7.6,88.5,1,38.7,61.6,33.2,58.8,2,0,0,0,4,1,0,952,2,59.5,69.2,71.4,39.1,63.6,47.9,68.4,Software Development,0
STU103919,22,Female,8.15,100,0,64.8,,71.6,56.4,3,1,2,6.3,2,1,0,1115,2,61.3,56.2,91.5,46.8,86.4,69.9,75.6,Cloud Computing,0
STU109478,21,Male,7.71,100,1,51.2,47,45.4,83.5,2,1,2,9,2,1,1,628,1,47.4,46.9,53.9,60.2,74.5,21.6,92.2,Data Science,0
STU104031,20,Female,7.77,98,1,73.2,47.3,80.6,60.4,3,1,0,0,4,0,0,885,3,69,70.6,92.6,66,56,22.2,73.8,Data Science,0
STU106447,23,Male,6.89,100,0,52.2,27.2,63.7,18.3,2,1,0,0,1,0,0,776,2,52.1,64.9,68.3,26.5,77.1,57.5,59.9,Cyber Security,0
STU106649,21,Male,7.92,95.5,2,52.5,68.4,41.5,65,2,1,3,6,2,0,0,983,2,68.2,73,75.1,40.3,100,,61.2,Data Science,1
STU101169,21,Male,6.27,83.3,0,45.3,44.1,20,56.4,0,0,2,7.2,1,1,0,1036,0,61.6,43.7,52.5,36.8,61,52.4,,Cloud Computing,0
STU105066,22,Other,5.82,74.1,1,49.1,44.8,55.5,33.1,0,0,2,8.5,2,1,0,640,0,69.6,52.5,69.2,45.5,87.6,59.8,73.8,Software Development,1
STU108159,22,Male,8.21,86.1,0,,33.7,59.1,54.4,4,2,0,0,2,1,1,1300,4,75.5,57.4,71.5,64,56.7,40.9,54.4,AI/ML,1
STU106585,22,Female,8.42,88.4,1,56.5,59.5,57.2,70,3,1,0,0,0,2,1,467,2,37.7,43.1,82.2,41.2,77.2,91,80.6,Cyber Security,0
STU102891,21,Female,7.95,84.9,0,37.4,85.3,63,39.1,4,1,0,1.8,1,0,0,868,4,68.2,78.9,70,41.2,68.8,50.7,60.1,Software Development,1
STU108841,20,Male,8,89,0,59.7,73.6,30.3,52.9,4,2,1,4.3,2,1,0,665,4,50.7,80.1,82.5,36.8,85.6,119.1,68.9,Data Science,0
STU102703,23,Male,6.85,77.8,3,51.6,57.2,61.9,34.3,5,1,0,0,2,0,0,695,8,73.7,57.2,89.5,38.9,51.6,71.1,74.6,Software Development,0
STU102446,25,Male,5.89,93.6,0,57.2,34,,15,4,1,0,0.4,2,2,0,759,4,66.2,69.6,83,15,53.2,38.5,66.2,Software Development,0
STU105306,24,Female,6.47,91,2,65,39.7,46,67.2,5,3,0,0,4,3,0,1400,5,66.6,69.7,66.7,75.8,54,86.4,72.6,Software Development,0
STU100024,22,Male,8.35,98.4,0,69.6,77.5,68.8,76.6,3,1,1,4.2,0,3,0,1000,2,65.4,51.2,83.2,55,70.7,32.4,69.4,Software Development,0
STU104999,22,Male,8.64,82.3,1,54.9,44.4,82.1,52.2,3,0,2,9.3,5,1,0,758,5,92.9,66.1,76.1,76,30.1,85.4,79,Software Development,0
STU108027,23,Female,7.99,87.7,1,54.6,58.4,59.6,38.7,2,1,2,8.9,2,3,0,1005,3,73.7,52.4,71.9,29.7,54.4,40.9,82.6,Cyber Security,1
STU102109,21,Male,7.47,72.4,0,60.2,61.2,44.2,71,5,4,0,1.3,1,1,0,803,4,60.9,57.4,75.2,58.7,57,72.7,,Cloud Computing,0
STU103669,20,Female,7.8,72.2,0,43.2,49.8,55.6,73,1,0,1,3.6,1,2,0,598,0,56.9,67.6,67.2,87.2,41.3,24,91.2,Software Development,0
STU108773,21,Female,7.35,70.2,0,,47.8,52.6,34.7,2,1,0,0,1,1,0,748,2,85.1,60.6,68.5,46.1,23.6,19.1,74.2,Cloud Computing,0
STU109294,20,Female,8.26,77.8,0,53.1,67.4,55.8,60.7,1,0,2,6.3,0,1,0,971,2,69.6,68.7,61.3,47.9,35.1,56.7,73.3,Business Analytics,0
STU108067,22,Female,10,89.5,0,69.6,70.7,67.9,48.6,5,2,0,0.1,1,0,0,770,5,59.1,73.6,80.4,33.4,55.2,24.3,82.7,AI/ML,0
STU107751,21,Female,10,100,0,86.1,75.9,69.1,59.4,2,1,1,6.1,0,1,0,513,2,68.9,70.1,79.4,68.4,65.7,27.8,84.9,Cloud Computing,0
STU103667,22,Male,7.61,79.6,0,53.4,79.7,63.5,40.4,3,3,0,0.1,4,2,0,812,4,70,74.7,70.4,57.3,67,153.6,73.2,Data Science,1
STU102094,23,Male,6.93,88,1,35.9,47.6,58.2,27.5,4,2,1,5.7,0,1,0,110,4,62.8,57.7,85.3,24.5,81.8,,54.4,Cyber Security,0
STU102806,22,Other,6.69,79.3,0,46.8,58.8,67.9,49.3,7,4,0,0,2,0,0,895,7,68.3,86.7,73.8,33.2,100,54.9,86.4,AI/ML,0
STU102286,22,Male,8.53,74.6,0,62.1,74.3,74.3,73.3,2,0,1,2.7,5,1,0,908,1,63.5,67.7,80.1,77.8,49,35.9,82.9,Software Development,0
STU107972,22,Male,9.05,86.7,0,72.8,53.7,40.4,63.1,3,1,2,7,2,1,0,1271,3,65.1,57.6,60.1,59.7,55.4,122.7,69,Software Development,0
STU109747,20,Male,8.22,88.3,0,43.1,66.7,63.4,47.8,4,2,1,3.5,7,2,0,675,3,64.1,65.8,60.1,53.5,59.1,30.2,87,Software Development,0
STU107991,22,Male,7.68,78.7,0,38.1,51.2,47.9,54.6,2,2,0,0,4,1,0,623,1,42,61.4,71.4,63.3,30.4,41.5,70.9,AI/ML,0
STU102168,20,Female,6.71,82.4,0,53.1,58.1,56.9,34.9,3,0,0,0,5,0,0,692,5,72.3,72.1,75.1,18.2,71.1,63.7,74.6,Cloud Computing,0
STU100363,23,Male,6.59,82.8,0,28.5,39.3,57.8,57.1,1,1,1,5.1,1,2,1,569,1,57,46.4,77.4,42.5,28.8,61.6,68.9,AI/ML,0
STU107319,21,Male,7.92,100,0,51.9,51,49.2,66.6,0,0,0,0,2,3,0,542,0,48.3,58.7,58.1,21.6,68.7,40,67.8,Software Development,1
STU101055,20,Male,9.43,98.6,0,62.8,79.4,60.8,73.9,2,1,0,0.7,2,2,0,635,3,66.2,51.2,76,76.1,52,37.8,64.9,Data Science,0
STU104114,22,Female,8.03,82.3,0,38.3,69.1,70.1,78.5,4,2,1,4.2,4,2,0,794,4,83.1,74,83.6,47.9,69,49.1,90.6,AI/ML,0
STU104030,22,Male,6.91,80.3,0,48.8,83.1,70.4,24,0,0,0,0.6,4,1,0,507,0,69.9,43.1,77.5,35.9,77.3,20.2,64.4,AI/ML,0
STU108253,21,Female,7.54,83.3,0,52.3,63.6,53.8,39,1,0,1,4.6,2,2,0,915,2,,58.4,66.9,42.5,39.7,23.7,65.5,Data Science,0
STU102784,23,Male,7.96,79.7,0,29.8,59.6,66.3,66.5,4,1,0,0.5,1,2,0,858,5,51.7,74.2,78.6,39.1,59.4,52.9,59.7,AI/ML,0
STU101640,21,Male,7.38,77.1,0,25.9,65.7,50.7,61.4,7,2,1,5.1,1,0,0,566,7,49.3,85.3,67.6,35.3,65.9,50.4,74.8,Cyber Security,0
STU104711,22,Female,8.05,96.5,0,79,44,34.1,62.3,2,2,0,0,1,2,0,1306,2,61.8,53.4,70.1,72.7,75.2,,63,Software Development,1
STU108790,21,Male,6.98,66.2,1,45.1,48.9,48.9,71.2,3,1,4,11.1,0,1,0,783,2,74.9,56.7,78.5,40.3,61.8,15.5,61.9,Software Development,1
STU103153,22,Male,7.32,80.8,2,51.7,45.5,47.6,54.2,2,1,0,0.7,5,1,0,441,1,73.6,57.7,68.6,61.8,52.1,30.7,82.6,Cloud Computing,1
STU104022,22,Female,7.26,81.1,0,50.5,40.9,64.4,48.7,3,0,3,10.8,3,0,0,791,4,46.4,50,78.9,68.5,83.9,47,58.4,Business Analytics,0
STU102603,22,Female,7.58,85.1,1,67.3,69.7,95.3,32.6,3,1,2,7.5,3,1,0,799,3,85.3,52.2,74,51.8,52.5,21,79.5,Data Science,0
STU108206,21,Male,7.06,68,1,47.8,66.4,58.1,43.5,1,0,2,7.1,1,1,0,847,1,52.3,33.3,64.3,48.5,42.4,32.2,68.9,Software Development,0
STU101953,20,Male,7.08,81.5,0,67.8,42.6,48.5,35.1,3,0,1,4.2,1,1,0,1014,2,43.2,62.9,76.5,39.5,44,37.2,44.5,AI/ML,1
STU108709,21,Male,7.77,66.8,0,35.7,57.4,57.8,49.2,0,0,2,8.8,2,1,0,775,0,74.2,35.9,71.7,50.8,43.9,75.7,80,AI/ML,0
STU106601,23,Female,8.21,67.4,0,48.3,73.1,48.2,45.6,2,1,1,5.5,2,2,0,798,3,60.4,66.4,59.7,69.9,59.6,133.1,72.2,Software Development,0
STU101652,23,Male,7.51,73,0,42.3,54.4,57.5,42,2,0,0,0,2,0,0,653,2,72.7,72.6,79.9,57.6,77.6,44,53.3,Software Development,1
STU108294,22,Male,7,75.2,0,34.3,48.6,57.3,46.9,1,1,2,9.3,1,3,0,519,1,62.6,58.5,73.1,68.4,47.6,78.1,,Software Development,0
STU103492,21,Other,7.92,66.1,2,74.1,32,75.6,75.4,1,0,0,0,2,1,0,996,1,51.5,47.4,90.7,45.8,81.1,11.5,,Business Analytics,0
STU107093,23,Female,7.57,92.1,1,65.1,50.2,91.6,51.8,1,1,2,10.3,3,1,0,605,1,82.7,44.1,88.4,63.2,90.9,39.6,74.1,Cyber Security,0
STU109838,21,Other,7.23,76.7,2,38.7,66.5,60.9,31.2,7,4,0,1.9,2,4,1,969,7,61,72.9,76.3,73.3,10,41.6,72.1,Data Science,0
STU106003,23,Female,7.91,96.8,0,59.9,73,44,56,2,0,3,,4,2,0,777,2,,57.6,69.6,42.9,62.3,64.1,64.2,Software Development,0
STU102192,21,Male,7.41,73.5,0,45.6,65.8,46.5,42.4,5,0,3,13.1,1,3,0,841,7,74.5,69.6,76.2,61.6,66.6,97,85.1,AI/ML,0
STU103395,22,Female,7.99,85.3,2,44.7,87.4,58.5,75.7,3,0,0,0,4,1,0,739,4,73.1,68.4,65.1,57.6,21.8,37.5,86.8,Data Science,0
STU101795,20,Male,8.62,82.9,1,66.5,79.4,65,71.1,4,3,1,3.7,1,1,0,1007,3,63.9,63.4,79,42,79.5,21.5,82.5,Software Development,0
STU103762,23,Male,7.46,69.9,0,50.5,45.8,41.1,29,2,1,1,3.4,6,3,1,443,1,81.4,50.2,69.5,37,76.6,41.8,41.7,AI/ML,1
STU100457,23,Female,7.3,86.5,4,52.6,54.9,65.4,56.5,1,0,2,9.4,1,2,0,592,0,53.8,70.5,60.3,90.9,39.4,19.5,65.1,Cyber Security,0
STU101590,21,Female,7.73,98.2,1,48.6,44.8,60.7,66.6,3,1,1,2.5,4,1,0,463,3,75.7,63,75.1,62,53.9,61.5,65.6,Business Analytics,0
STU103168,21,Male,8.92,96.2,0,61.8,50.6,71.1,44.3,3,1,1,4.4,6,0,0,574,2,85.9,67.3,67.2,48.4,92.1,,76.4,Cyber Security,0
STU108820,20,Female,8.13,64,0,41,64.6,41.5,71.7,3,2,2,9.2,5,2,0,635,3,73.2,68,71,74.5,65.8,39,60,AI/ML,1
STU103299,21,Male,7.87,75.2,0,32.4,64.8,59.8,71.2,1,0,2,4.3,2,2,1,636,0,73.3,48.3,76.6,84.4,54.2,45.5,80.3,Data Science,0
STU108339,20,Male,7.76,84.1,1,53.4,29.9,75.5,44.8,2,1,0,0,3,1,1,879,1,81.3,70.4,82.2,53.2,58,23.5,69.7,Data Science,0
STU106451,23,Male,7.61,,0,41.4,60.4,54.7,32.2,1,1,2,6.4,0,1,0,1049,0,50.4,67.8,76.7,32.1,44.4,43.7,56,AI/ML,0
STU107296,22,Male,7.2,82.7,1,61,46,40.1,50.1,2,1,0,0.9,3,1,0,943,2,,44,55.4,41.7,57.5,83.3,73.6,Data Science,0
STU103064,22,Male,6.97,71,2,54.7,63,63.3,68,2,0,0,0,3,0,0,394,2,71.6,48.9,60.6,48.9,58.4,26.4,62,Business Analytics,1
STU102438,22,Female,8.02,90.9,0,52.4,83.5,64.2,80.7,5,1,4,17,2,1,0,719,5,55.4,93.2,63.7,40,51.9,15.2,80.3,AI/ML,0
STU108026,22,Female,6.93,85.2,0,52.7,53.6,63.9,44,1,1,1,3.7,3,0,0,923,1,65.4,55.9,,59.6,31.6,28.7,78.8,Cyber Security,0
STU102753,20,Female,6.74,93.3,0,45.7,45.5,63.7,62.7,2,0,0,0,2,0,0,851,1,66.1,58.2,89,38.2,42.9,4,71.3,Software Development,0
STU109069,20,Female,6.77,69.7,3,55.7,36,34.2,33.3,3,1,0,0,0,3,0,748,3,49.9,43.7,71.7,64.8,65.9,118.8,63.8,Software Development,0
STU105333,22,Female,7.42,92.5,1,37.8,39.9,62.6,57.1,1,1,0,0,1,2,0,726,0,68.3,53.3,66.5,62.9,28.4,51.4,85.8,Business Analytics,0
STU108258,21,Female,8.83,78.6,1,56,86,29.7,82.9,3,2,0,0,2,2,0,831,4,40.4,63.2,58.1,83.9,49.2,20.4,84.8,Cyber Security,0
STU101117,23,Male,7.87,89.8,1,35.8,47.6,63,39.8,5,1,1,,0,1,0,393,6,62.6,62.6,74.9,36.7,77.9,41.8,60.5,Software Development,1
STU108886,24,Male,7.79,74.2,0,90.1,43.3,51.5,46.8,4,3,1,5.4,3,2,0,779,5,74,76.7,54.9,59.4,52.5,44.3,66.9,Data Science,0
STU100022,21,Male,9.03,81.7,1,60.5,54.5,36.2,62.8,3,1,0,0,5,1,0,511,2,66.6,55.8,64.1,66.2,59.4,,70.8,Software Development,0
STU107655,22,Female,7.57,84.9,0,66.7,56.9,57.6,48.3,3,2,0,0,0,2,0,1339,2,40.2,67.9,71.3,70.9,62.4,101,74.3,Business Analytics,0
STU107531,21,Male,8,88.4,0,48.3,57.6,62.8,42.2,5,2,1,3.2,3,2,0,582,4,71.6,76.4,84.5,67.9,72,49.7,85,AI/ML,0
STU107165,22,Female,6.94,80.3,0,58.3,20.9,43.9,38.9,1,1,2,13.2,1,0,0,843,0,61,61.7,55.7,52,61.6,43.2,60.4,AI/ML,0
STU107954,22,Male,7.78,87.2,1,56.4,36.9,20,54.7,3,1,0,,3,2,0,785,2,59.1,66.1,58.9,67.2,38.1,102,57.5,Software Development,0
STU103323,22,Male,7.71,78.3,1,49.8,63.2,62.6,60.3,3,3,2,9.3,5,0,0,384,3,66,65.4,66.1,64.5,54,36.4,84.8,Cloud Computing,0
STU109818,22,Female,6.94,77.1,1,42.2,66.9,63.7,56.6,4,2,1,2.9,2,0,0,713,5,58,71.1,77.5,63.4,68.9,58.8,,Data Science,0
STU101916,19,Male,8.68,83.5,1,85.6,48.3,74.1,57,3,1,0,0,6,1,0,761,2,73.9,80.4,95,53.9,31.3,7.2,81.5,Software Development,0
STU109723,19,Male,8.55,89.1,0,75,59.8,60.6,40.9,2,1,0,2.2,1,3,0,1012,1,70.4,45,69.1,65.2,29.3,16,73.3,Cloud Computing,0
STU109725,21,Male,6.47,81.6,1,42.5,35.8,52.2,58,3,1,1,3.7,2,0,0,780,5,54.4,62.6,82.3,45.2,69.1,47.2,64.8,Business Analytics,0
STU103528,20,Male,6.2,94.2,2,49.9,68.6,66.2,44.1,3,1,0,2.1,2,0,0,830,3,63.8,48.7,66.5,52.3,30.1,78.4,61.8,Software Development,0
STU108494,22,Male,8.25,,0,74.6,65.9,53.8,66.7,4,1,0,0,2,2,0,933,3,73.7,49.9,73.5,65.2,31.5,102.6,77.6,Software Development,0
STU108123,21,Male,6.73,83.4,1,29.5,55.3,66.5,33.1,3,1,0,0,5,3,0,761,2,56.9,68.9,60.7,73.9,21.7,51.1,61.9,Cyber Security,1
STU103303,23,Female,8.4,87.3,0,52.4,79.7,81.2,67.6,2,1,1,2.2,0,2,0,1147,5,58.5,39.8,73.6,41.5,45.8,69.7,69.2,Cloud Computing,0
STU100385,20,Female,6.16,92.2,1,44.7,42.6,56.3,32.8,3,1,1,3.8,3,0,0,819,3,62.3,61.8,76.3,42,65.3,29.2,74.4,Software Development,0
STU100824,19,Male,7.4,93.8,0,46.9,63,72,44.5,4,0,1,5.9,2,2,0,691,5,54,71.6,79.8,58.3,47.8,96.1,82.6,Business Analytics,0
STU108912,20,Female,6.62,89.1,1,44.3,30.5,73.2,42.9,2,1,2,4.4,2,1,0,540,4,75.7,50,66.3,49.7,64.1,88.5,53.5,Data Science,0
STU106791,23,Male,8.22,74.8,0,79.1,39.8,70.2,54.4,1,1,1,2.4,2,3,0,1042,1,67,62.6,75.1,75.2,77.5,32,93.9,AI/ML,1
STU107769,22,Other,7.06,84.8,0,67.1,39,42.2,46.6,3,1,1,1.6,2,1,1,530,3,65.8,46.5,55.1,71.9,70.8,16.7,87.8,Cloud Computing,1
STU100164,21,Male,7.39,78.6,0,80.6,67.8,55.1,70.9,2,1,2,5.2,4,1,0,380,3,78.2,68.8,68.9,44.2,59.9,180,92.6,Software Development,1
STU100630,19,Male,8.35,77.6,0,64,51.5,31.8,70.8,3,2,1,5,1,1,0,564,5,53.8,64.9,55.6,55.5,47,65.9,63.5,Data Science,0
STU108986,23,Male,6.8,82.4,0,51.6,43.6,46,32.1,2,0,0,0,2,1,0,567,2,71,,59.9,36.7,49.6,,64,Data Science,0
STU100217,22,Male,7.71,91.1,1,66.9,67.4,52.3,65.5,5,1,0,0,2,1,0,1183,4,47.3,66,74.4,38.1,65.8,59.4,75.8,Data Science,0
STU106104,24,Female,8.25,78.2,0,90,79.3,75.4,58.3,2,0,2,7.5,0,3,1,917,2,47.4,51,76.8,55.2,77.2,25.8,76.5,Data Science,0
STU106559,21,Male,9.55,72.8,0,79.7,59.4,56.1,76.2,2,1,0,0,6,1,0,672,3,67.7,56.6,80.4,53,76.6,54.6,100,Software Development,0
STU108982,22,Female,6.78,78.8,1,,49.8,50.1,15,3,2,1,3.5,3,2,0,991,2,43.3,68.1,62.2,50.1,68.9,87.4,67.7,Cloud Computing,0
STU106960,21,Male,8.49,77.3,1,58.6,55.9,51.8,46.9,0,0,0,0.1,3,1,0,678,1,54.4,46.5,79,52.5,58.9,55.7,70.9,Software Development,0
STU106411,24,Female,7.15,76,0,57.5,39.5,34.2,48.6,2,1,2,8.6,0,1,0,586,2,68.3,54.9,73.7,53,64.4,30.6,68.6,Cyber Security,1
STU108978,22,Male,9.28,83.1,2,88.3,70.3,45.3,83.3,2,1,0,0,0,0,0,389,2,52.4,41.5,64.4,67.5,19.7,93.9,78.5,Software Development,0
STU110000,21,Male,6.99,79.6,0,50.5,59.5,72.1,55.3,3,1,0,0.1,2,3,0,726,2,67.3,73.2,79.9,72.3,87.3,26.1,73.1,AI/ML,1
STU105875,20,Female,6.82,89.3,1,27.4,43.7,72,58.9,0,0,0,0,2,2,0,353,0,45.5,52.1,80.4,44.9,52.2,27.9,89.5,Data Science,0
STU108395,22,Male,8.25,68.1,0,47,73.8,77.2,56.2,0,0,0,0,2,2,0,622,1,64.1,49.1,72.8,53.8,53.8,83.8,78.8,Software Development,0
STU107740,22,Female,6.54,84.6,2,32.5,34,47.1,55.8,6,2,0,1.2,1,2,0,357,8,68.1,65,67.8,44.3,33.1,49.6,61,Software Development,0
STU108454,22,Female,8.89,85.1,0,73.7,57.8,84.7,59.3,2,0,1,4.9,0,1,0,902,3,46.2,60.5,78.4,50.4,82.6,32.7,82.5,Software Development,0
STU101746,21,Female,8.13,95.5,0,43.9,63,80.6,57.4,7,1,3,6.3,3,2,1,873,7,89.1,81.7,73,71.7,44.8,88.7,,Business Analytics,0
STU105419,21,Female,7.98,71.7,0,55.3,70.5,21.2,61.8,1,1,2,6.2,3,0,0,937,1,78.3,49.9,54.8,57.5,74.1,28.1,70.4,AI/ML,1
STU103519,22,Female,7.63,76.9,1,44.7,42.6,84.1,61.3,5,1,2,7.2,2,0,0,606,5,63.2,65.4,84.9,60,38.9,49.2,77.4,Software Development,1
STU109813,20,Female,7.73,83,0,59.8,51.9,57.6,39.8,4,0,3,,3,3,0,1194,4,61.8,57.1,77.5,36.2,84.1,50.3,68.8,Software Development,1
STU109554,21,Female,8.29,81.7,0,57.2,46.5,62.1,79.1,3,1,1,3.7,3,0,0,1154,2,63.4,55,74.7,49.3,30,111.7,76.6,Cloud Computing,0
STU101221,22,Female,6.95,66.7,0,25,49,59.2,31.4,2,1,2,9.5,1,1,0,463,1,50.9,65.9,62.9,43.2,75,,76.8,Data Science,0
STU102261,19,Female,5.96,71.2,1,37.9,48.5,51.3,26.9,2,0,0,2.6,7,2,0,472,2,61.9,62.4,70.6,52.3,75.8,29.1,78.1,Data Science,0
STU104223,25,Male,6.74,69.1,0,29.9,45,65.7,37,4,2,0,1.4,2,1,0,971,3,56,57.9,86.6,75.4,48.8,162.9,71.8,Data Science,0
STU101954,21,Male,6.88,85.5,1,42.6,42.6,80.2,52,2,1,1,2.8,1,3,0,617,2,51.9,65.3,84.6,74.5,33.1,28.3,93,Data Science,0
STU108633,21,Male,8.45,82.5,1,41.1,40.6,78.5,45.7,2,0,2,5.3,0,1,0,256,2,45,59.2,69.2,46.8,53.5,61,73.7,Cyber Security,0
STU109093,23,Female,8.82,79.9,1,56.9,92.7,79.1,73.5,4,1,0,0.4,4,1,0,769,4,61,82.9,66.6,17.8,63.3,14.4,76.4,Data Science,1
STU103089,22,Female,6.34,77.3,1,39.6,48.6,61.1,18.7,3,1,1,3.2,0,3,0,482,3,64.7,35.2,61.3,49.7,48.9,73.8,62.3,Software Development,0
STU100733,22,Male,8.72,68.1,1,67.9,60.3,55.2,76.2,2,2,0,0,2,1,0,741,1,53.8,50.6,78.5,32.3,66,38.5,68.7,Cloud Computing,0
STU100976,21,Male,5.73,82.2,0,39.1,52.8,72.6,15,0,0,0,1,2,0,0,635,0,52.4,52.4,56.6,56.2,77.1,46.1,61.6,Data Science,0
STU104894,21,Male,6.78,80.9,0,66.7,59.1,48.5,43.2,5,2,3,15.1,3,1,0,1282,7,81.6,66.6,84.4,62.9,46.2,31.9,82.2,Cyber Security,0
STU102816,21,Male,8.27,66,1,79.4,74.7,61.3,49.3,2,1,0,2.6,2,0,0,948,1,63.5,48.8,66.6,37.9,63.6,35.2,60.7,Data Science,0
STU109815,22,Male,5.49,81.7,1,28.6,34.4,48,38.1,0,0,2,7.6,2,0,0,659,0,74.1,37.4,65.5,32.5,69.8,78,69.8,Cyber Security,0
STU103335,22,Male,8.31,85.7,0,83.4,82.9,60.4,63.2,2,1,0,0,0,2,0,997,2,47.7,58.3,85.5,55.7,80.6,45.8,52.3,AI/ML,0
STU108967,21,Female,6.93,88.8,2,59.6,44.7,42,48.5,4,1,1,2.8,4,1,0,788,3,58.8,77,75.2,50.6,43,52.6,57.6,Business Analytics,0
STU108110,21,Male,7.01,84.6,1,48.6,59.4,47.5,32.1,1,1,0,0,2,1,0,866,2,59.9,46.8,76.9,45,67.8,68.8,67.8,AI/ML,1
STU101243,24,Male,9.53,94.6,0,74.6,70,51.4,55.5,5,0,0,2.1,4,2,0,1082,5,60.7,88.2,69.3,57.4,73.3,38.8,81,Data Science,0
STU100421,22,Male,8.01,75.5,0,48.4,63.5,54.3,69,1,0,0,0.6,1,3,0,1246,1,28.5,56.2,61.3,59.2,63,39,85.1,AI/ML,0
STU109250,25,Female,6.66,88.9,0,53.9,48.3,60.6,15,2,0,3,12.7,2,1,0,611,1,70,59.3,82.2,37.1,40.5,46.4,65.5,AI/ML,0
STU101160,20,Male,8.47,91,0,71.6,57.6,55.9,70.3,2,0,2,10,3,0,0,1006,2,,64.4,79.7,15.7,61.5,33.7,84.5,AI/ML,0
STU103314,22,Male,7.51,91.4,0,87.3,40.2,35.8,58.6,4,2,1,,4,2,0,1098,4,72.6,53.8,67.6,50.7,66.8,73.8,,Software Development,0
STU106067,22,Male,6.95,77.5,1,,56,58.1,44.2,4,1,0,0,1,0,0,654,5,58.6,69.8,75,24.5,61.3,96.8,77.7,AI/ML,0
STU106322,21,Male,7.76,81.5,0,61.2,77.5,73.9,40.8,3,0,1,1.9,4,1,0,652,4,61.7,66.7,90.4,33.4,84.2,83,65.6,Software Development,0
STU101338,22,Other,5.96,68.6,0,49.4,70.5,71.4,51.6,4,1,1,5.5,2,4,1,934,4,62.3,70.4,64.7,82,63,7.5,80.7,Software Development,0
STU108717,21,Female,8.55,86.9,0,67.4,47.6,66.7,45.1,1,0,1,2.5,4,2,0,660,1,57.2,69.7,79.9,62.7,76.9,175.3,62.8,Data Science,0
STU109161,21,Male,7.41,85.5,0,31.1,71.7,48.2,73.3,2,1,2,6.7,2,0,0,985,4,60.9,55.1,82.3,71.7,79.7,26,,Data Science,0
STU106734,20,Male,7.91,91.6,1,66.5,65,37.4,61.3,2,1,3,12.3,0,1,0,314,3,55.4,67.5,63.9,48.8,47.9,70.9,61.3,Software Development,0
STU103245,22,Female,8.08,69.8,1,52.8,57.7,48.3,57.8,1,0,0,0,1,0,0,906,3,82.4,57,86.5,42.2,54.7,51.5,76.6,Data Science,0
STU105580,23,Female,7.75,85.6,1,47.7,43.3,43.5,64.5,2,1,1,1.4,0,0,0,585,4,57.5,60.6,80.9,54.1,62.9,34.3,78.6,Software Development,1
STU106595,21,Female,6.9,74,0,30,41.5,68.7,44.9,4,1,0,0.5,1,1,0,1068,4,56.5,74.3,84.5,69.8,33.5,92.1,70,Software Development,0
STU106940,22,Male,6.88,86.7,1,58.7,51.7,40.8,38.7,3,1,1,3.8,3,0,0,561,2,55.2,58.2,68.1,44.4,41,,67.6,AI/ML,0
STU108099,22,Male,6.17,83.7,0,22.5,36.1,53.2,55,1,0,2,10.2,1,3,1,347,0,62.7,61.8,68.2,52.9,66.6,97.5,88.8,Data Science,0
STU106487,22,Male,8.08,94,0,33.9,56.3,60.4,52.1,2,1,1,6.6,4,0,0,840,2,74.9,61.4,80.6,87.5,37,13.3,81.4,AI/ML,0
STU100744,20,Male,7.79,73.3,1,45.1,56.2,73.7,52,6,3,1,2.9,3,1,0,656,5,89.3,61.8,73.8,45.1,45.1,57.4,62,AI/ML,1
STU102397,21,Male,8.67,71.1,1,52.6,54.6,66.6,67.4,5,0,1,5.5,0,0,0,607,5,51.8,70,67.5,48.5,67.1,85.7,,Business Analytics,0
STU105103,23,Male,9,83.1,0,42.4,51,52.6,62.4,0,0,2,6.2,4,1,0,492,2,83.6,79.7,62.9,28.5,45.5,30.7,80.1,AI/ML,0
STU105501,21,Female,7.61,90.5,1,66.3,59.5,51.6,71.2,2,1,0,0,3,1,0,531,2,67.8,55.7,62.7,31.9,42.4,102.5,92.1,Business Analytics,0
STU104469,24,Male,7.88,96.4,1,70.3,63.3,37.5,55.2,3,1,0,0,0,0,0,946,2,59.7,66.5,,37.7,62.3,15.3,68.4,Software Development,1
STU107884,23,Male,8.37,66.2,0,25.9,57.2,50.1,77.8,3,2,0,0,4,0,0,668,4,65.1,75.5,73.8,50.4,43,123.8,74.3,Business Analytics,0
STU100894,22,Male,8.18,77.2,0,58.4,,66.2,53.3,1,0,2,8.7,1,1,0,1020,2,82.5,56.3,67.6,46,41.6,49.9,91,Cyber Security,0
STU108055,21,Male,6.47,82.1,1,37.6,39.8,70.4,36.3,2,0,2,5.2,2,0,0,697,4,54.1,54.2,59.2,26.2,50.7,63.2,,Cyber Security,0
STU101191,23,Male,9.43,67.3,1,54.1,67.1,66.8,68.9,4,2,0,0,4,1,0,398,3,70.2,94.7,82.6,56.9,76.2,74.3,94.4,AI/ML,0
STU101786,23,Male,6.86,89.7,0,37.6,83.3,44.5,66.2,1,1,2,10.6,0,2,0,566,0,50.6,41.8,73,46.9,53.4,63.6,81.7,Data Science,0
STU100289,21,Male,6.84,96.6,1,47.3,44.5,54.6,47.1,1,0,2,6.7,2,0,0,911,3,65,53.6,65.8,48.5,29,63.9,84.1,Business Analytics,0
STU100500,20,Other,6.31,77.9,1,29.7,65.9,57,39.7,3,1,0,0.4,2,3,1,1047,3,59.3,71.2,68.1,68.1,54.1,32.8,57.5,Cloud Computing,1
STU109551,22,Male,7.62,79.4,0,46.1,65.7,67.2,70.9,0,0,2,4.3,2,1,0,812,2,63.2,46.4,72.9,51.8,100,,86,Business Analytics,1
STU104243,21,Male,6.82,92.8,1,63.8,34,47.2,22.6,1,1,1,3.2,1,1,0,645,3,42.3,62.6,60.7,39.9,28.3,33.3,70.7,Cyber Security,0
STU106658,21,Male,6.81,,0,50.4,67.3,75.3,50.7,1,1,0,0,1,3,1,756,0,68.7,54,85.9,71.9,43.1,17.7,85.4,Data Science,0
STU102239,21,Male,7.99,92.8,1,60.1,57,53.4,65.7,2,0,0,0,4,1,0,898,3,70,60.5,60.6,56.3,55.5,95.1,58.6,Software Development,0
STU104684,21,Male,8,95.7,0,79.5,52.6,,55.6,5,4,0,0.3,2,1,0,902,6,,84.2,69.1,43.3,44.5,134.7,89.4,Software Development,1
STU109605,23,Male,7.27,75.9,0,47.7,45.7,63.4,40.2,4,1,1,4.9,0,0,0,1097,4,66.1,79.7,59.2,65.4,68.9,103.8,82.8,Software Development,0
STU101260,21,Male,5.96,81.1,2,42.7,37.8,21,41.6,3,0,1,5.3,2,1,0,1385,2,86.6,56.9,47.1,59.8,65.8,52.6,61.9,Data Science,0
STU104906,23,Male,6.8,86.2,2,26,60,36.3,33.6,5,3,0,0,2,2,0,927,4,52.4,60.3,65.7,34.3,42.6,91.1,59,Software Development,0
STU104458,21,Male,7.13,76,1,79.4,47.2,79.4,,2,0,1,3.6,2,1,0,808,1,49.9,61.6,67.1,62.3,72,29.6,57.5,Data Science,0
STU104040,22,Other,8.57,78.4,2,23.9,40.1,29.2,72,1,0,1,1.8,1,1,0,752,1,58.7,50.2,62.4,58.2,53.3,107.1,66.8,Cyber Security,0
STU100961,23,Female,7.35,82,0,42.7,63.4,45.5,34.5,6,0,1,3.8,3,0,0,780,5,78.7,84.3,74.6,51.4,81.6,19.4,74.3,AI/ML,0
STU106931,20,Female,7.58,,0,68.5,,72.2,59,3,0,2,10.1,2,2,1,1210,3,55.7,52,80.5,50.1,48.7,17,55.8,Software Development,1
STU100236,21,Male,8.2,81.1,0,49.5,62.8,66.8,63.7,5,2,2,10,0,0,0,802,6,76.2,60.2,62.1,39.2,59.7,49.4,73.7,Software Development,0
STU108603,21,Male,6.76,100,0,53.3,34.9,81.7,53.4,5,2,0,0.2,3,0,0,525,6,59.4,69.7,82.9,58.7,50.1,,93.9,AI/ML,0
STU104633,21,Male,6.68,70.7,1,69.2,40.2,63.5,51.8,3,1,0,0.7,2,1,0,614,3,62.7,57.6,69.1,74.9,49.9,26.5,62.4,Data Science,0
STU107455,21,Female,6.43,80.6,1,46.9,27.6,69.4,55.2,0,0,0,0,1,2,0,489,2,62,53.5,64.3,50.3,43.3,59.8,95.8,AI/ML,1
STU102899,21,Male,8.32,90.5,0,73.3,69.1,79.4,44.1,3,2,1,5.2,3,2,0,460,3,59.5,50.5,73.3,81.6,60.8,60.7,76.5,Cyber Security,1
STU102998,24,Male,7.3,91.2,2,65.5,71.2,96.7,60.9,4,2,1,3,1,4,1,676,5,70.9,55,69.7,43.5,48.1,49.5,77.1,AI/ML,0
STU102912,24,Male,7.13,75.3,0,44.6,81.8,38.2,36.6,4,2,1,2.3,2,1,0,905,3,58.6,57.2,67.1,52.9,10,55.7,71.2,Software Development,1
STU103586,24,Female,7.47,83,1,64.5,50.8,64.6,66.5,1,0,0,1.4,2,0,0,698,3,56.4,47.1,62.6,39,36.9,79.7,,Data Science,0
STU100763,23,Male,7.64,87.6,0,48.4,42,74.4,46.8,6,1,0,0.1,6,0,0,586,6,64.1,62.3,76.7,47.9,43.4,103.3,65.4,Software Development,0
STU107645,22,Male,8.69,81.5,2,38.7,70.5,58.9,46.7,5,1,0,2.6,1,2,1,335,5,65.7,73.9,51,41.7,57.3,57.7,70.9,Business Analytics,0
STU108623,21,Male,5.92,90.5,0,43.3,41.5,66.8,66.2,1,1,3,12.4,3,1,0,765,1,61.4,54.6,80.2,61.2,66.2,39.4,,AI/ML,0
STU102238,22,Male,7.63,90.4,0,53.5,65.7,70.8,50.7,2,2,0,0.2,2,1,0,677,2,54.1,70,71.5,60.7,48.3,60.2,81,Data Science,0
STU109497,21,Male,7.72,80.8,0,,64,63.9,46.8,6,0,3,12,1,1,0,812,5,53,64.8,73.5,53.9,60.2,35.3,,Business Analytics,1
STU100339,23,Male,7,93.4,0,47,36.1,69.7,41.1,2,0,0,0,1,1,0,1133,2,70.2,64.9,72.1,37.3,65.1,15.5,66.5,Software Development,1
STU107295,21,Male,8.65,82.9,1,68.6,85.9,53.7,57.1,0,0,2,6.8,0,1,0,463,0,54,33.6,60.6,45.2,69.6,14.3,67.5,AI/ML,0
STU101654,21,Male,7.02,82.1,0,45.9,37,67,74,1,0,0,0.9,1,1,0,734,1,52.7,40.9,85,48.5,64,82,80.8,Business Analytics,0
STU107458,21,Male,5.81,93.2,2,71.1,49.9,60.5,,4,1,2,9.7,2,0,0,746,3,72.1,66.6,59.2,61.8,23.9,35.3,89.8,Software Development,0
STU108816,21,Male,8.38,86.9,0,45,61.6,50.5,54.6,6,4,1,4.4,3,1,0,592,5,62.7,54,71.6,63,73.1,70.2,,Cloud Computing,0
STU104094,20,Male,7.57,70.5,0,67,49.2,55,67.8,2,1,2,9.2,1,0,0,745,3,55.5,54.3,88.3,52.4,56,68,90.6,Cyber Security,0
STU100514,22,Female,5.47,72.4,1,46.8,31.2,58.7,17.7,2,0,1,2.5,4,2,0,563,2,60.6,67.9,80.5,48.5,38.4,99.4,63.7,AI/ML,1
STU108501,22,Female,6.58,85.6,1,64.1,52.4,54.3,35.7,3,2,0,0,4,1,0,1115,3,78.8,65.6,67.1,60.9,48.6,82.7,61.5,Software Development,0
STU106179,19,Female,6.33,96.2,0,24.6,74.9,64.6,16.1,2,1,0,0,1,1,0,351,2,45.6,33.7,84.6,48.9,33.3,82.5,84.9,Software Development,0
STU103833,22,Female,7.18,77.2,0,37.9,58.5,39.1,60.5,6,4,1,4.9,0,1,0,682,6,66.3,66.9,61.7,47.1,72.2,107.5,84.8,Cloud Computing,0
STU101360,21,Female,7.93,74.8,0,43.2,40.4,46.3,45.1,2,0,2,3.7,1,1,0,851,3,60.4,69.4,75.7,34.4,76.7,75.2,71.9,Software Development,0
STU108518,22,Female,7.46,82.9,0,64.5,64.1,62,65.8,4,2,0,0,3,1,0,517,3,71.5,55.4,58.6,70,64.1,114.5,76.5,Software Development,0
STU105253,24,Male,7.35,83.3,2,59,67.4,31.4,34,4,2,2,4.8,2,1,0,654,7,63.9,77.1,50,54.7,83,54.3,62.8,Data Science,1
STU109210,21,Male,8.39,85,0,,82.5,96,58.4,5,1,0,0,0,3,1,756,5,55.6,73.4,70.7,49.7,54.8,100.1,72.4,Software Development,0
STU109123,21,Male,7.22,79.4,0,34.5,60,38.4,65.7,1,0,1,3.9,2,4,1,777,2,56.1,65.9,51.3,46.7,89.8,25,65.1,AI/ML,0
STU109659,21,Female,5,79,0,15.9,64.8,56.1,47.1,2,2,0,0,1,3,0,211,1,62.4,47.6,,60.9,87.2,48.4,85.6,Data Science,0
STU106728,21,Female,8.28,87.8,0,72,68.8,85.4,45.4,2,0,3,12,0,1,0,1148,3,53.7,46.2,98.9,41.4,62.9,37.2,71.4,Cloud Computing,0
STU108657,20,Male,8.81,89.9,1,51.6,56.9,33.4,76.2,3,1,0,0,2,0,0,887,5,75.1,74.7,52.1,71.1,66.3,94.1,78.3,Software Development,0
STU106503,25,Female,7.86,85,2,46.2,62.9,52,46.8,6,2,0,0,3,1,0,784,5,45.4,80.9,63.9,47.2,67.8,26.6,74.7,Business Analytics,0
STU105684,21,Male,6.46,75.3,0,50.4,29.1,77.5,16.8,1,0,1,5.2,3,0,0,999,0,70.9,66.2,82.4,55.9,79.2,46.4,80.3,Software Development,0
STU100210,21,Male,7.78,76.4,1,32.5,72.2,44.7,59.6,5,2,0,1.5,2,1,0,519,4,52.5,90.6,60.7,62.6,43.5,49.2,88.1,Software Development,1
STU109796,21,Male,7.66,73.4,0,23.9,70.8,77.5,63.9,1,0,1,4,2,1,1,168,2,73.7,57.7,85.1,66.9,75.6,141.6,98.4,Cyber Security,1
STU108739,21,Male,7.37,79.5,0,40.7,56.9,53.6,45.9,3,1,3,9.6,3,2,0,803,2,82.7,46.2,64.9,39.2,35,46.6,68.5,AI/ML,0
STU106404,20,Female,7.82,81.1,1,58.4,46.7,50.9,79.4,1,0,0,0.2,1,0,0,808,1,,56.3,58.7,50.3,37.1,22.1,89.4,Software Development,0
STU108874,22,Male,6.38,80.9,0,44.6,61.2,72,38,4,3,4,16.6,2,2,0,1130,4,78.8,62.5,76.1,52.4,29.1,168,49,Data Science,0
STU106480,21,Male,6.53,81.3,0,47.9,40.8,62.3,47.9,0,0,0,0.5,3,2,0,850,0,75.6,32.8,67,44,56.8,8.9,93.4,Business Analytics,1
STU101314,22,Male,7.58,73.6,1,63,55.2,47.4,61.3,2,1,1,1.7,6,3,0,1147,3,64.8,58.1,68,45.4,35.1,34.3,58.9,AI/ML,0
STU107869,23,Male,7.4,90.1,2,45.8,60.9,45.1,29.6,3,0,1,6.2,2,1,0,1016,4,74.6,52.3,59.4,30.4,34.7,19,78.5,Business Analytics,1
STU106716,20,Male,7.05,98.7,0,55.3,44.2,82.6,31.7,3,0,2,10.4,2,1,0,835,2,64.6,61.2,70.8,64.3,79.9,19.8,68.8,AI/ML,0
STU104187,22,Female,6.51,77.5,0,31.5,30.1,65.6,46,0,0,0,1,5,3,0,959,2,64.9,55.4,71.6,56.2,81.1,44.9,95.7,Software Development,0
STU104398,21,Male,6.63,89.9,0,68.4,40.5,54.4,69.7,4,1,2,8.6,0,1,0,909,5,49.6,46.9,70.3,70.8,62.2,64.1,70.8,Cloud Computing,0
STU105477,21,Female,7.94,88.2,1,50.5,53.8,74,80.8,2,1,1,3.3,2,3,1,962,4,40.7,70.1,72,83.7,58.8,66.1,89.5,Cyber Security,0
STU100287,22,Female,8.51,65.2,0,69.5,74.5,50.1,,1,0,3,14.1,4,1,1,172,2,80,57.2,87.1,51.4,50.7,48.1,78.2,Software Development,0
STU103242,21,Male,6.7,87.6,1,39.7,31.1,45.5,40.8,1,1,0,0,2,2,0,937,0,58.1,57.3,55.7,67.3,70.9,85.8,62.2,Software Development,0
STU103799,23,Male,8.43,58.9,0,46.8,71.6,66.7,59.9,1,1,0,0.9,5,1,0,787,2,53.9,33.5,75.6,40.1,76.4,115.3,76.8,Data Science,1
STU106062,21,Male,7.58,94.1,0,43.8,56,50.5,64.8,5,1,1,2.6,1,5,2,790,4,71.1,81,73.6,70.2,56.2,14.4,95,AI/ML,0
STU104687,20,Male,6.78,84.4,0,36.8,39.4,46.2,,3,1,1,5.8,3,4,0,895,3,74.1,76.5,52.6,33.8,73.1,15.5,76.4,Data Science,1
STU106361,23,Male,7.71,78.6,2,38.5,46.9,66.7,54.9,2,1,0,0,3,1,0,1053,3,61.8,69.1,78,52.1,56.3,49.2,79.4,Software Development,0
STU108153,21,Female,8.02,78.7,0,,59.1,47.5,70.7,0,0,0,0,3,3,1,522,0,75.5,73.5,66.1,66.7,57.2,71.4,84.9,AI/ML,0
STU101897,20,Male,7.5,67.2,2,78.5,30.6,47.8,,3,2,0,0,3,0,0,854,5,70.1,64.5,66.9,49.1,100,67,57.2,Cyber Security,0
STU109948,21,Female,7.62,77.4,0,,57.6,87.1,52.2,2,1,1,5.9,1,3,2,698,2,46.4,69.9,88.1,65.2,65.6,125.7,84,Software Development,0
STU103012,21,Female,8.13,92,0,46.6,72.9,54.1,56.6,0,0,0,0,3,0,0,909,0,72,59.6,69.9,36.9,59.1,93.8,77.3,Cyber Security,0
STU109742,23,Male,8.1,90.4,0,64.1,29.4,57.6,62.1,3,2,1,3.8,2,1,0,563,5,54.1,57.4,65.4,45.9,64.4,,81.5,Data Science,1
STU102885,22,Male,8.25,89.9,1,84.4,82.9,65.2,63.5,1,0,1,2.1,3,1,0,555,1,77.9,62.6,82.2,40.7,51.5,101.9,69.1,AI/ML,0
STU103991,22,Male,7.91,66.4,0,42.2,58.8,52.1,64.3,2,0,0,0.9,1,0,0,546,1,47.4,57.9,,58.6,67.8,32,69.6,Cloud Computing,1
STU105793,21,Female,8.12,60,0,66.2,,49.7,30.8,1,1,0,0,6,2,0,818,0,73.7,50.2,67.9,55.1,61.4,29.4,59.6,Data Science,0
STU100486,22,Male,7.75,64.9,0,47.2,70.6,63.1,84.5,4,1,0,1,3,1,0,480,5,66.9,58.2,74,16.9,72.4,70.1,98.5,Cyber Security,0
STU103719,22,Female,7.6,86,0,62.7,70.5,70.5,70.4,4,1,1,3.1,2,0,0,598,4,61.5,70.2,75.5,47.2,42.2,49,78.6,AI/ML,0
STU109127,21,Female,8.38,88.7,1,58.9,50.5,59.4,48.9,2,0,2,4.7,4,2,1,1014,2,70.5,60.4,63,53.7,82.6,38,66.4,Cloud Computing,0
STU107310,21,Male,6.39,83.6,0,74.8,56.4,34.7,49.7,1,0,0,0,5,2,1,930,1,,76.1,81.4,59.3,80.2,4.8,56.3,Cloud Computing,1
STU101214,21,Male,7.31,79.9,0,37.9,57.4,73.1,30,1,1,0,0,3,1,0,599,0,51.6,63.2,82.3,63.3,58.4,99,82.7,Business Analytics,0
STU102389,23,Female,8.08,84.6,2,57.1,57.9,61.2,50.8,1,1,1,6.2,2,2,0,1014,2,72.8,47.8,75.7,53.2,56.3,51.2,74.1,AI/ML,0
STU109061,23,Male,7.74,92.3,1,55.1,43.5,39,,2,0,2,10.5,3,0,0,622,4,55,61.2,55.8,60.7,47.5,,75.1,Business Analytics,1
STU101817,22,Male,8.37,80.6,1,43.9,76.1,53.9,58.5,5,2,1,3.4,2,2,0,842,5,68.1,65,71.1,69.9,50.5,20.2,80.7,Software Development,0
STU105705,21,Female,8.33,91.2,0,44.6,70.2,68,63,4,3,2,9.5,2,0,0,636,3,58.8,75.8,61.7,47.4,66.6,60.8,72.8,Cyber Security,0
STU102966,20,Male,7,96.4,3,41.8,64.1,58,37.4,6,4,0,0.1,3,1,0,745,6,75.2,61,52.7,60.9,75.4,45.2,56.2,Software Development,0
STU106393,22,Male,6.79,90.6,1,46.9,37.7,70.3,64.4,2,1,0,0.8,2,3,0,636,3,69,48.8,62,85.3,57.4,79.8,100,Software Development,1
STU109473,22,Female,7.31,75.4,0,43.7,62.4,52.7,48.9,2,0,3,14.3,1,0,0,250,5,60.9,66.1,66.6,51.5,53.6,104.7,57.1,Data Science,0
STU108608,20,Male,8.5,73.5,1,33.5,82,26.9,62.4,4,2,0,0,0,0,0,716,3,41.2,57.1,71.1,50.3,60.7,69.5,66.1,Software Development,0
STU105608,22,Male,9.09,66.8,1,68.3,66,74.9,56.2,3,0,1,6.2,1,3,0,893,3,68.6,58.7,70.4,57.3,59.3,64.5,78.3,Software Development,0
STU106243,21,Female,9.13,90.5,0,61,68,39.5,60.2,1,1,2,10.7,4,0,0,1185,1,90.1,50,73.8,81.6,65.8,175.3,70.6,Business Analytics,0
STU103203,21,Male,8.54,73.4,1,51,61.1,50.7,81.4,2,0,1,5,1,4,2,654,4,45.9,60.1,59.3,47.9,59,53.7,78.3,Software Development,0
STU108167,22,Female,6.92,84.7,0,48.4,38.8,34,39.8,1,0,0,0.2,7,3,1,540,0,80,70.1,72.3,34.9,73.2,27.2,69.9,Business Analytics,0
STU106700,23,Male,6.84,81.7,1,60.4,55.6,66.2,58.8,0,0,0,0.3,0,0,0,563,1,50.9,55.2,76.9,22,28.5,61,59.7,Software Development,1
STU101329,22,Male,6.51,80.4,0,56.6,57.4,65.6,47.8,3,1,1,4.1,6,2,0,951,3,80.8,66.6,73.9,50.8,27.6,52.6,64.7,Business Analytics,0
STU101612,21,Male,6.16,69.9,0,39.4,44.8,46.7,39.6,3,0,1,3.1,5,1,0,750,3,76.1,67.7,60.8,58.4,37.1,70.5,82.7,Data Science,0
STU101975,20,Male,6.97,83.5,0,36.4,59.7,43.7,64.1,1,0,1,4.8,2,1,1,802,1,52.2,60.6,48.1,32.4,54.4,35.4,59,Software Development,0
STU103927,23,Male,7.52,75.2,2,53.8,65.5,47,26.5,2,2,2,8.5,5,0,0,708,2,65.2,64.4,68.2,27.6,84,22.4,60.6,Cloud Computing,0
STU103651,23,Male,8.49,57.2,0,65.5,67.5,33.1,65.8,7,2,2,9.1,1,1,0,1284,7,58.3,92.8,54.3,68.9,53.4,55.4,69,AI/ML,0
STU104474,23,Male,6.35,79.7,0,57.3,46.5,62.7,49,0,0,2,8.6,0,1,0,880,0,61,45.3,71.7,77.9,54.7,36.4,79.6,Software Development,0
STU109685,21,Male,10,,0,91,68.3,73.1,41,3,2,0,1.7,0,0,0,1084,4,57.4,71,66.9,54.2,55.4,34.2,78.4,Software Development,0
STU105481,22,Male,7.86,100,0,36.3,74.4,,38,2,0,2,6.9,3,2,1,630,1,73.1,65,73.6,54,53.3,12.2,74.6,Business Analytics,0
STU106285,22,Male,6.63,85.8,0,49.4,28.1,72.3,39.7,3,1,0,0,2,1,0,608,6,63.4,71.6,70.2,40.5,100,123.8,82.5,Data Science,0
STU104168,21,Male,6.87,81.4,3,25.1,55.4,40.4,52.5,2,1,2,9.3,5,1,0,870,2,52.8,62.4,55.4,64.9,58.2,35.6,80.8,Cloud Computing,0
STU105023,21,Female,8.04,79.3,0,42.2,47.9,47.5,54.6,2,1,1,2.8,3,0,0,568,1,50.9,63.9,62.9,60.3,67.1,54.7,79.6,Software Development,0
STU101816,21,Female,6.58,87.8,0,37.2,57.2,67.6,57.8,3,0,0,0,1,3,1,723,3,71.5,65.1,78.4,46,67.5,29.2,64.6,Business Analytics,0
STU109167,21,Female,8.84,69.4,1,61.1,43.9,54.8,66.2,2,1,0,0.7,1,0,0,528,2,57.3,56.7,73.7,50,62.1,39.3,85.4,Software Development,0
STU104731,22,Male,6.07,87.2,0,36.7,43.5,,50.6,3,2,2,6,2,0,0,457,5,47.6,54.7,72.7,42.1,41.7,63.8,84.1,Software Development,0
STU103660,22,Male,9.14,95.2,0,52,73.7,57.4,52.2,7,3,1,5.3,1,0,0,660,8,,76.8,69,65.2,32,73.6,59.1,Business Analytics,1
STU100675,23,Female,6.79,98.5,0,57.8,85.8,70,55.3,3,1,0,0.9,1,1,0,692,4,,59.1,83.8,42.4,53.4,28.3,81.5,Software Development,1
STU102169,21,Female,6.71,83.6,1,54,55.3,64.2,47.3,5,2,1,4.8,1,0,0,847,5,59.9,70.1,67.6,50.5,87.3,12.5,,Software Development,1
STU108521,21,Male,6.58,85.7,0,37.9,32.2,66.9,39.8,2,0,0,0.4,5,2,0,470,3,64.8,68.6,73.4,78.6,81.2,51.9,56.2,Cyber Security,0
STU101576,20,Female,5.99,73.5,0,17.3,45.2,59,35.3,4,1,0,0,0,1,0,439,7,62.6,62,71.4,65,66.5,29.2,58.6,Cloud Computing,0
STU104431,22,Male,7.53,76.7,1,54.3,61.7,57.6,35.4,3,1,1,4.6,1,2,0,563,3,49.3,69.8,71.2,49.1,40,44,79.1,AI/ML,0
STU105232,20,Male,8.05,85.3,1,44.6,23.5,80.1,62.1,5,1,2,5.4,3,1,0,838,4,69.2,79.8,84.5,78.2,74.6,91.9,74.2,Data Science,0
STU101387,23,Female,7.28,85.1,1,60.2,58.7,68.3,35.3,3,1,0,0.4,4,3,0,649,3,67.7,85.4,67.7,79,59,42.7,59.1,Software Development,0
STU101337,22,Female,8.68,100,1,61.5,75.5,64.2,72.8,4,1,1,2.8,3,2,0,665,5,68.1,57.4,88.3,55,38.8,14.4,84.2,Business Analytics,1
STU106574,20,Male,8.68,90.7,0,70.2,65.4,59.8,42.1,4,1,0,1.7,0,1,0,1293,4,64.8,64.7,75.9,67.2,72.7,40.4,69.7,Data Science,0
STU107213,22,Male,8.23,78.9,2,33.7,91.4,43.7,47.5,3,1,1,7.9,3,3,1,738,2,75.1,62.8,96.6,45.9,61.3,55.3,53.6,Software Development,0
STU108199,21,Male,8.37,77.5,0,50.2,72.2,83.1,34.4,4,1,1,1.6,4,1,0,653,3,65.3,73.6,70.5,32.2,56.3,100.7,72.3,Cyber Security,0
STU100321,23,Female,9.13,88.9,0,78,62.7,61.6,72.8,1,1,1,6.1,2,1,0,899,1,48.8,61.1,60,68.7,56.4,20.8,,AI/ML,1
STU103535,22,Male,7.71,71.5,0,52.9,50.3,53.2,80,1,0,1,4.3,1,2,0,825,0,47.5,59.9,68.3,53.2,57.7,33.7,68.1,AI/ML,0
STU109036,24,Male,7.51,89.4,1,60.2,38.1,83.3,75.3,4,1,0,0.9,3,1,0,975,6,55.4,70.2,70.5,47.6,80.4,106.2,85.8,AI/ML,0
STU101238,22,Male,7.88,87.4,0,62.1,44.4,72.7,34.8,5,1,2,10.3,3,3,0,544,5,63.5,75.1,66.5,63,53.4,65.9,73.2,AI/ML,0
STU108565,20,Female,7.96,58.2,2,49.7,60.5,56.7,65.5,1,0,1,2.2,1,1,0,909,0,56.9,66.4,73.5,51,34.8,24.7,73.7,AI/ML,0
STU102580,23,Male,7.62,81.4,0,69.5,47.6,51.5,67.9,2,1,0,0,3,1,0,569,3,53,71.8,69.3,15,69.8,58.8,65.1,Cyber Security,0
STU102778,21,Male,8.28,88.6,0,89.4,50.6,71.8,59.3,2,0,0,0,1,0,0,1028,2,52,63.1,80,20.7,53.4,37.3,80.5,Software Development,0
STU104812,21,Female,9.29,76.8,0,53.3,67.6,75.7,74.5,3,0,1,3.7,4,0,0,789,2,69.7,67.9,80.8,38.9,30,14.5,70.8,Software Development,0
STU102009,23,Male,7.37,87.3,0,32.6,53.3,60.9,34.4,2,0,1,2.7,0,1,0,655,4,74.9,54.9,57.7,47.5,59,20.5,70.4,Business Analytics,0
STU104120,21,Male,7.75,96.6,3,73.5,72.1,23.4,50.6,2,0,2,7.9,4,0,0,778,4,64.2,80.1,57.4,72.3,62.1,73.2,66.4,AI/ML,1
STU106445,22,Female,6.53,94.1,1,66.5,45,75.9,49.4,4,2,2,6.9,3,3,1,999,6,51.7,46.7,84.4,49.2,48.2,51,68.3,Software Development,1
STU107490,22,Male,6.83,90.4,1,42.3,53,73.2,20.9,5,1,0,0.7,2,2,0,1232,7,63.9,66.6,67.6,75.9,64.6,40.9,78.6,AI/ML,0
STU102771,23,Male,8.51,55,1,49.1,60.4,61.3,,2,2,2,5.2,2,4,1,924,1,74.3,56.7,82.2,78.1,86.5,12.8,63.5,Cloud Computing,0
STU109546,23,Male,7.38,89.5,0,47.1,68.7,60.8,46.8,6,1,0,0,1,3,0,554,7,44.3,55.1,70.2,75.2,70.4,95.1,55.9,Software Development,0
STU104357,23,Female,7.69,75,0,76.5,57.4,53,64.9,0,0,0,0,5,3,0,634,0,,53.7,68.7,64.9,38,39.5,79.6,Data Science,1
STU109130,23,Male,8.26,84.7,0,35.6,58.2,71.8,62.7,1,0,0,0,2,2,0,356,1,59.2,50.1,66.9,43.7,61.4,77.6,60.5,Data Science,0
STU107380,21,Male,10,60.8,1,81.6,87.3,51.9,77.4,2,2,0,1,3,0,0,804,2,59.7,68.1,80,69.8,62.7,25.3,99.9,AI/ML,0
STU102503,23,Male,7.63,86.7,1,,80.1,59.1,57.7,2,0,1,6,2,3,0,476,4,40,55,81.4,70.3,43.6,43.8,79.5,Software Development,0
STU104112,22,Male,6.69,74.7,0,15,58.9,47.1,58.4,0,0,0,0,4,1,0,572,1,67.4,66.8,62.7,57.3,34.2,16.7,76.6,Software Development,1
STU104337,22,Female,6.29,82.3,0,23.9,,46.4,50.1,1,0,1,0.6,4,0,0,643,3,73.3,69.4,55.4,68.3,94.8,48.8,87.7,AI/ML,0
STU100501,23,Male,7.31,82.6,0,29,54.1,56.6,47.2,1,0,0,0,1,2,0,721,0,67.4,42.5,90.7,60,50.3,15,80.7,Business Analytics,0
STU102485,22,Male,7.36,95.2,0,38.1,49.3,34.4,46.1,4,1,0,0,8,3,0,277,6,72.3,72.2,70.7,48.3,78.8,14.9,51,AI/ML,0
STU108007,22,Male,6.54,76.9,0,36.7,70.1,56.5,46.6,2,0,1,3.4,2,3,2,227,1,68.8,51.2,83.1,69.9,77.7,,71.1,Software Development,0
STU104442,19,Male,7.84,88.3,0,58.4,69.4,49.4,41.1,2,0,0,0,2,0,0,658,2,42,64.7,61.2,21,44.7,64.5,71.1,Software Development,0
STU100647,22,Male,7.54,84.7,1,64.2,58.3,34.7,62,3,0,1,3.4,1,2,0,729,2,,53.3,54.3,56.3,56.5,91.2,70.6,Software Development,0
STU107370,22,Male,8.85,64.1,0,63.5,66.7,80.6,72.2,3,0,1,5.7,2,1,0,460,2,70.6,50.5,61.9,45.8,49,31.4,91.6,Cyber Security,0
STU108315,21,Male,7.05,100,0,59.1,41.4,66.2,34.5,2,0,3,12.5,2,0,0,1045,1,55.3,70.6,69.8,45.9,66.2,41.6,62.6,AI/ML,0
STU106029,23,Female,8.76,86.9,0,43.7,60,75.9,64.1,5,2,0,0.3,2,2,1,877,5,54.8,66.1,92.5,44,32.3,21.9,78.4,AI/ML,0
STU107364,23,Female,6.72,68.3,1,30.5,58.1,39.8,28,1,0,0,0.2,0,1,0,370,1,56.5,55.4,80.8,51.8,39.4,82.8,63.7,Software Development,0
STU102861,20,Male,8.27,75.7,0,35.2,62.7,81.8,50.8,5,1,0,0.8,1,2,1,642,7,49,49.1,67.9,67,74.9,69.3,85.1,Software Development,0
STU107581,23,Female,7.59,80,1,31.9,20.9,82.5,70.3,2,1,0,0.6,4,2,1,673,2,63.1,75.7,80.1,33.4,43.3,41.5,,Business Analytics,0
STU102535,22,Male,7.31,61.9,0,37.9,61.1,65.3,56.4,4,2,4,13.2,2,2,0,482,3,71.3,67.9,83,58.8,74,74.2,63.8,Data Science,0
STU101774,24,Female,7.14,89.3,1,23.6,46.3,56.7,31.4,2,1,0,0,1,2,1,712,2,58.6,41,52.4,49.8,45.3,34.1,51.6,Cyber Security,0
STU109759,24,Female,6.58,80.4,0,46.4,53.1,49.1,38.8,1,1,1,4.7,2,1,1,714,3,57.8,51.9,69.9,56.1,53.1,100.7,64.8,Software Development,0
STU105601,24,Male,7.95,72.7,1,49.9,53.8,68.2,48.6,4,1,1,3.7,1,0,0,713,5,,65.2,66.3,55.9,76.3,43.9,69.2,AI/ML,0
STU106158,21,Female,6.91,82.5,1,45.5,45.3,50.5,62.7,2,2,0,0,2,1,0,631,6,68.3,61.8,78,49.2,76,65.6,68.1,Cyber Security,0
STU108809,22,Female,8.2,69.2,0,58.3,55.3,59.9,80.9,4,2,1,2.1,1,0,0,856,4,,66.4,69.9,51.3,49.6,149.7,82.4,Software Development,0
STU101119,22,Male,7.15,81.4,0,53.5,46.2,64,63.8,0,0,2,6,2,2,0,624,0,76,43,66.9,41.3,74.7,33.8,96.1,Data Science,0
STU108828,22,Female,8.84,78.3,1,57,45.8,71.3,58.8,4,1,0,0.2,1,0,0,710,4,61.2,63,68.3,69.2,44.6,22.9,54.3,Data Science,0
STU104425,21,Male,6.9,86.6,2,57.4,66.9,38.4,23.3,3,1,1,1.2,2,1,0,936,2,64.4,69.7,65.8,47.8,45.1,64.9,69,Software Development,0
STU102907,23,Female,6.8,80.6,0,56.8,44.9,29.7,32.5,1,0,4,13.8,1,3,0,599,0,78.8,55.8,60.6,68.7,65.2,119,49.8,Data Science,0
STU109066,23,Female,7.96,91.1,0,42.1,65.2,49,47.2,4,1,0,0,2,1,0,510,5,66.2,63.9,54,31.3,53.7,30.8,78.7,Business Analytics,0
STU108740,22,Male,8.31,84.7,1,53.3,69.8,64.3,66,1,0,0,0.1,5,1,0,458,2,63.3,68,65.3,41,67.8,71.1,76,Cloud Computing,0
STU107087,21,Male,6.72,91,0,38.1,44.2,57.7,38.2,3,1,2,,1,1,0,513,7,76.6,67.1,76.9,60.2,72.3,18.6,60.5,Cyber Security,0
STU107045,21,Male,6.95,75.5,0,61.2,56.3,33.4,32.8,6,3,1,3.5,3,1,0,653,6,61.6,66.7,76.3,65.6,53.3,61.5,55.5,Cyber Security,0
STU101775,23,Female,7.46,93.4,0,50.4,67.8,66.7,41.9,4,2,1,3.7,1,2,0,703,4,59,69.1,67.9,56.3,56.6,48.4,,AI/ML,0
STU108351,22,Male,6.94,75.7,2,50.3,,73.1,66.8,3,1,0,0,2,3,1,1112,2,54.3,63.5,70.4,73.9,49.6,35.7,85,Business Analytics,0
STU101745,22,Male,8.83,91,1,76.4,62.3,55.4,41.5,6,0,0,0.8,2,1,0,1019,5,52.3,64.2,,43.7,19.3,84.2,87.7,AI/ML,0
STU103846,19,Male,8.57,89.9,0,55.1,53.3,54.9,66.3,5,2,1,3.3,1,0,0,457,4,60.4,65.4,71.5,64.6,25.9,,58.2,Data Science,1
STU109435,22,Female,7.3,82.6,0,44.7,51.9,70.7,51.4,3,1,2,10.6,1,3,1,905,3,61.5,53.1,,68.3,67,61.6,84.8,Data Science,0
STU104264,23,Male,7.08,80.8,1,56.3,63.4,73,55,8,2,0,0.8,2,0,0,617,8,62.3,100,60.6,53.4,52.4,18.9,78.7,Software Development,0
STU105809,21,Male,8.49,81.1,2,59.5,66.6,77.1,55.5,4,1,2,,1,3,1,770,5,59.3,66.1,89.4,31.7,64.4,83.3,72.7,Software Development,0
STU102471,21,Male,7.55,82.8,0,29.8,51,44.5,57.3,2,0,0,0,4,0,0,675,5,61.5,71.6,73.9,33,78,15.1,70.4,Business Analytics,0
STU103912,24,Female,7.12,83.9,1,49.4,65.4,68.4,51.1,1,0,0,1.7,2,3,0,1088,1,65.1,49.1,68.6,58.3,66.4,51.5,85.4,Cloud Computing,0
STU108194,21,Female,8.46,89.2,1,38.5,33.9,76.3,45.7,4,0,1,5.8,2,2,1,594,5,70.2,78.8,86,63.7,54.1,18,91.5,Business Analytics,1
STU107836,20,Male,9.47,91.6,1,59.6,73.8,48,69.9,0,0,2,8.7,1,2,2,818,0,60.3,50.5,57.7,70.1,47.6,64.9,84.5,Business Analytics,0
STU106169,22,Female,6.01,91.6,1,51.1,80.3,62.1,30.1,5,1,2,9.9,2,3,1,1126,6,64.8,75.1,81.2,46.5,70.3,44.1,89.5,AI/ML,0
STU103823,22,Male,6.39,86.9,0,46.4,52.5,40.9,39.1,3,1,0,0,1,2,1,589,3,56.4,70.5,57.2,44.5,41.8,56.9,65.7,Cloud Computing,0
STU106256,23,Male,8.28,95.9,1,86.1,72.4,52.7,60.7,3,1,0,0,4,3,0,1032,3,79.1,76.7,62,83.6,39.2,24.8,84.1,Software Development,0
STU109596,22,Female,8.47,77.8,0,64.1,57.7,73.5,61.7,4,0,0,0,2,3,1,864,6,68.3,60.6,74.4,54.9,60.1,42.4,72.4,Cyber Security,0
STU105440,22,Male,7.28,95.6,0,53.1,50.1,54.7,61.6,3,1,0,0,3,1,0,308,3,52.7,49.1,66.5,45.7,83.5,,,Cloud Computing,0
STU102465,21,Female,7.23,83.2,0,38.7,49.8,30,48.7,2,1,0,0.3,2,0,0,980,2,66.5,55.2,67.9,55.2,58.1,45.4,61.4,Cyber Security,0
STU107478,22,Male,8.1,89.8,0,64.2,45.3,70.1,88.3,1,0,2,9.5,3,2,0,619,1,81.9,42.1,67,34.4,47.8,118.3,84.5,Software Development,0
STU102843,22,Male,9.58,81.3,1,80.1,66.7,69.5,61,6,3,0,0,2,2,1,754,6,74.9,81.4,66.2,51,75.6,33.9,76.5,AI/ML,0
STU107859,21,Male,8.36,71.5,1,77.5,55.6,44.7,42.1,1,0,0,0,3,0,0,401,0,62.3,59.6,77,36.8,45.6,91,57.4,Software Development,0
STU109529,22,Male,8.9,77.8,1,57.6,54,60.8,61.1,4,2,1,2.1,1,0,0,617,3,66.1,68,88.4,52.9,44.8,22.8,82.4,Data Science,0
STU108690,22,Male,6.08,78.9,0,64.5,51.2,67.5,34.8,3,1,2,8.8,4,1,0,863,2,80.5,76.8,60,41.6,48.7,51.9,65.1,Business Analytics,0
STU100952,22,Male,7.06,85.8,0,44.9,64.4,74.1,50.9,4,1,0,0.8,1,1,0,750,5,58.2,79.2,65.7,56.5,84.9,29.8,51.9,Cloud Computing,0
STU104786,20,Male,7.79,70.1,1,51.1,93,69,60.5,0,0,1,,4,1,0,214,0,79.9,64.8,93.7,59.6,54.9,42.6,88.6,Cloud Computing,0
STU107895,24,Female,7.9,71.1,1,42.1,61.8,45.4,56.1,2,2,1,6.3,3,4,0,801,2,54.7,62.1,75.8,85.2,73.8,60.6,62.8,Cyber Security,0
STU103948,20,Female,8.86,80.5,1,59.1,46,57.8,56.8,2,1,2,10.7,3,2,0,851,4,56,54.4,76.4,54,89.8,30.2,53.1,Cloud Computing,1
STU107483,22,Male,8.88,87.7,0,61.9,76.6,47.8,67.3,0,0,0,0,3,1,0,636,0,60.6,55.8,77.7,59,80.5,74.6,83.2,Software Development,1
STU105404,22,Male,7.32,85.4,1,30,41.1,61.1,48.6,1,0,1,3.9,2,1,0,822,2,68.1,59.4,63.6,65.2,55.8,43.5,69.1,Cyber Security,1
STU107498,22,Male,7.45,77.1,2,52.4,37.7,70.5,59.7,3,2,0,1.2,2,2,0,665,4,52.3,45.6,85.4,51.3,69.2,15.4,69.8,Business Analytics,0
STU106738,23,Female,6.17,73,0,45.1,49.1,68.4,18.9,4,2,2,11.6,3,4,0,440,4,77.4,71.5,72.2,44.1,84.9,19.1,59.9,Software Development,0
STU100118,22,Male,8.8,86.2,0,82.2,63.9,82.5,36.6,0,0,0,0.7,2,1,0,912,0,48.7,53.7,66.3,55.3,69.2,26.9,68.8,Cloud Computing,0
STU104308,24,Female,7.59,89.8,0,53.1,45.8,54.9,51.9,1,0,1,1.9,4,0,0,1018,0,51.5,72.2,60.9,42.3,62.7,80.7,80.4,Cloud Computing,1
STU101022,22,Male,6.98,85.2,1,39.7,61.5,42.2,38.3,4,3,1,4.5,2,1,0,315,5,72.4,49.2,72.5,68.5,51.5,11.8,52.3,Software Development,0
STU109592,21,Male,7.8,78.8,0,39.8,58.5,68.1,49.6,2,1,0,0,0,1,0,740,3,65.9,53.6,78.7,36,48.6,53.3,69.2,AI/ML,0
STU107566,20,Female,7.64,76.2,1,52.2,45.4,67,51.2,3,2,2,11.1,3,4,0,827,5,82.6,56.9,60.9,34,100,68.3,77.3,Software Development,0
STU108822,22,Male,8.15,100,0,59,71.6,69.5,44.9,3,1,1,3.4,3,1,1,989,7,71.9,52.9,90.9,50.2,52.4,71.9,84,Cyber Security,0
STU108971,22,Male,8.54,82.7,1,62.7,68.1,60.9,75.4,0,0,1,6.7,4,2,0,1011,0,50.7,38.6,70.3,57.4,80.2,99.1,87.4,AI/ML,1
STU101437,21,Male,8.16,61.6,0,60.3,47.8,66.4,67.1,3,2,0,0,2,2,0,567,2,64.9,46.4,81,68.5,53.5,92.2,81.2,Cloud Computing,0
STU108639,22,Female,5.86,82.1,1,54,48.2,55.9,57.8,6,0,1,2.9,4,0,0,659,7,68.1,74.7,63.1,41,23.3,35.2,62.6,Software Development,0
STU109166,22,Male,8.83,80.6,1,59.9,55.9,39.9,40.2,1,0,2,8.9,2,2,1,557,0,59.7,58.2,72.4,60.8,95.2,46,,AI/ML,0
STU107250,21,Male,8.11,82.7,2,36.2,51,70.8,68,2,1,0,1.7,1,3,0,276,2,55.4,38.8,60.5,62.7,60.9,50.2,81.3,Business Analytics,1
STU104869,24,Female,7.8,81.5,0,64.8,54.9,69.7,51.8,2,1,1,4,2,5,0,904,1,49.2,69.5,,72.5,73.2,39.4,70.4,Business Analytics,0
STU104939,22,Male,8.35,89.3,1,51.1,76.7,86.1,48.6,2,1,0,0,6,0,0,380,2,53.3,56.9,81.9,41.1,45,32.3,83.1,Data Science,0
STU102546,21,Female,7.9,86.4,0,33.6,71.5,80.7,62.8,2,0,2,4.5,0,0,0,894,3,54.9,54,65.8,31.7,54.1,33.9,90,Software Development,0
STU105340,23,Female,6.93,74.3,1,41.5,36.7,36.1,46,5,2,0,,5,1,0,551,6,82.4,68.6,64.5,38.9,73.4,104,64.5,Software Development,0
STU107559,21,Male,9.29,79.2,0,49.3,47.3,80.5,75.3,5,2,0,1.7,2,1,0,620,6,38.8,78.4,85.9,52,51.6,59.3,84.9,Software Development,1
STU109689,21,Female,7.59,98.3,0,57.3,49.4,84,42.8,2,0,2,10.7,5,0,0,449,1,71.3,74.5,93.2,43.7,22.7,71.4,80.5,AI/ML,0
STU109308,22,Female,8.04,,1,71,70.1,42.9,57,1,0,0,0,0,0,0,547,1,53.5,39.2,56.9,38.9,70,26.1,65.8,Data Science,0
STU106130,21,Male,7.48,94.5,1,51,56.5,48.4,72.2,1,0,1,4.2,7,1,0,691,0,81.6,66.4,59.5,38.8,84.7,15,81.4,AI/ML,0
STU107875,22,Male,7.39,81.6,2,39.7,41.7,51.1,64.9,2,1,2,8.8,1,1,0,750,2,65.8,72.9,62.7,75.2,84.5,33,81.4,Business Analytics,0
STU100084,21,Male,7.92,75.1,0,55.7,64,74.2,,4,1,1,4.4,3,1,0,1035,3,57.1,75.3,83.9,42.1,68.5,49.9,63.1,AI/ML,0
STU104240,22,Male,5.91,67.5,1,45.2,40.2,81.3,62.8,1,1,0,0.1,0,1,0,411,2,69.4,49.8,95.4,69.2,60.6,14.7,92.9,Software Development,0
STU108904,22,Female,7.28,90,0,55.4,61.4,42.7,71.3,4,1,0,0.9,5,1,0,1040,5,80.2,47.4,53.9,77.3,67.5,55,73.9,Business Analytics,0
STU102147,21,Female,7.45,76.7,1,40,52.5,53.6,38,0,0,0,0,6,0,0,430,0,57.1,73.6,61.3,56,65.5,47.1,55.2,Data Science,0
STU103404,23,Male,8.03,75.6,0,49.5,70.4,69.7,78.3,2,0,0,1.9,0,1,0,936,2,43.1,62.1,67.4,51.7,56.2,60.5,81.8,Software Development,1
STU101693,20,Male,8.48,83.7,0,100,54.5,40.5,71.7,12,1,0,0,3,2,0,1124,3,68.4,48,72.7,69.1,50.3,51.9,66.1,Data Science,1
STU100939,23,Female,6.13,73.6,0,36,21.1,66.4,44.8,2,1,2,11.8,4,1,0,662,3,61.3,61,67.7,59.5,48.2,12.7,71.5,AI/ML,0
STU100415,21,Male,9.09,77.5,0,49.2,76.9,50.5,71.9,3,1,0,0.5,1,1,1,788,5,43.1,59.8,68,52.1,27.9,12.9,87.6,Business Analytics,1
STU109314,21,Male,7.85,77.6,1,46.4,46.4,53.7,79.3,3,0,1,5.8,3,0,0,979,2,64.1,66.3,62.6,45.3,44.8,82.6,80.8,Cloud Computing,0
STU100396,22,Male,7.13,63.2,0,50.6,69.6,65,53.7,3,2,0,0,2,2,0,737,2,63.7,64.7,79.2,68.8,50.5,42.7,61,Data Science,0
STU100403,23,Female,8.7,91,0,70.4,59,60.8,64.7,3,2,0,0,1,1,0,1099,2,68.2,58.8,78.5,59.9,62.3,78.7,75.9,Business Analytics,0
STU103962,23,Female,7.62,81.4,0,38.2,56.2,54.4,43,2,1,0,0,4,2,0,463,2,48.5,,65.8,49.4,73.7,39.1,64.5,AI/ML,1
STU108929,21,Male,6.96,80.1,0,39.4,62.1,54.6,64.6,2,0,1,3.4,3,0,0,750,1,68.2,53.4,68.5,47.4,49.9,82,70.9,Software Development,1
STU102133,21,Female,5.47,88,0,46.4,39.1,100,32,2,1,0,0,5,0,0,381,1,73.9,38.1,75.1,40.2,76.8,79.6,78.5,Software Development,0
STU104300,21,Male,7.43,78.7,0,65.1,55.3,43.9,72.2,4,1,1,3.8,3,2,0,767,4,55.6,70.8,68,15,77.3,50.8,81,AI/ML,0
STU106382,21,Female,7.19,73.5,0,48.1,83.2,69,61.6,5,2,0,,1,1,0,322,4,56.2,79.5,75.3,56,47.4,18.6,86.2,Software Development,0
STU105650,22,Female,8.27,88.7,1,64.4,50.6,59.6,38.3,2,1,1,5.1,1,1,0,581,1,91.2,54.6,71.1,43.1,56.6,109.6,67.8,Software Development,0
STU101259,24,Male,6.75,88.5,1,39.4,41.4,61.1,41.6,5,2,0,1.9,1,1,0,564,5,59.2,59.6,79.4,68.7,61.8,50.5,84,Software Development,1
STU108962,22,Male,6.98,69.4,1,33.2,49.5,55.6,74.5,3,1,1,5.4,2,1,0,469,2,56.6,62.5,73.6,48.7,72.6,38.7,,Software Development,0
STU104417,23,Male,8.07,79.8,0,75.2,56.7,49,47.8,3,0,0,0,3,0,0,1076,4,54,61.6,58.2,58.4,65.7,116.8,57.1,Data Science,0
STU109017,21,Male,6.69,87.3,0,63.9,33.5,81.1,46,6,4,2,6.1,1,0,0,908,6,61.8,56.3,84.1,56,61,46.5,62.4,Cloud Computing,0
STU104568,22,Female,7.11,84,0,53.7,63.8,44.8,61.7,1,1,0,0,5,1,0,1086,1,63,52.2,69.3,81,57.3,93.9,60.1,Software Development,0
STU103767,23,Male,5.63,74.7,1,34.1,42.1,62.6,15,4,1,0,1.2,1,1,0,289,5,50.8,69.4,63.2,41.9,71.5,43.4,52.9,AI/ML,0
STU107739,22,Male,8.34,71.5,0,83.7,58.4,66,65.4,5,2,1,5.3,1,2,0,1120,5,58.8,63.3,88.7,71.6,66.4,41.1,75.8,Cloud Computing,0
STU109344,21,Female,6.88,78.5,0,62.1,51.7,68.8,53.4,2,2,2,6.9,2,0,0,865,1,57.5,61.6,71.3,33,55.1,69.4,88.9,Data Science,0
STU102675,21,Male,8.52,69.3,0,68.3,53.6,51.7,69.3,2,1,1,5.5,3,1,0,1045,3,65.4,77.9,81.9,84.2,44.8,27.4,61.8,Software Development,1
STU102118,22,Male,6.39,79.2,0,69.7,57,78.1,42.6,4,2,1,1.6,2,4,1,924,4,59.3,51.2,93.6,35.5,69.1,18.4,80.2,Software Development,0
STU102453,22,Female,7.56,74,0,59.2,52.2,48.8,42.2,5,4,0,0,2,1,0,716,8,74.5,64.7,67.6,72.6,88.6,29.7,79.3,Cloud Computing,0
STU102976,22,Female,7.88,76.9,0,70.4,61.2,52.5,56.1,2,0,1,2,1,1,0,1038,3,73.5,65.2,51.1,27.8,52.2,18.3,71.8,Software Development,0
STU108250,22,Female,6.45,76.6,1,31.2,37.4,72,69.4,5,2,1,4.7,2,2,0,584,4,61,74.6,85.3,76.6,64.4,23.4,83.1,Business Analytics,0
STU101061,22,Male,8.01,80.6,0,72,67.8,43.7,60.6,3,1,2,9.9,2,3,0,1013,2,77.7,56.7,65.9,84.3,30.8,,64.4,Software Development,0
STU102357,22,Female,6.66,89.8,0,42.4,52.2,22.5,35.5,5,3,0,0.6,0,0,0,577,7,54.9,59.1,66.9,48.2,59.1,31.6,43.7,Business Analytics,0
STU104508,21,Male,8.67,84,0,,69.1,41.2,61.1,6,4,2,10.3,2,1,0,814,5,,76.7,72.2,42.1,73.3,19.5,69.3,Software Development,0
STU108651,22,Male,7.28,91.5,0,39.7,39.8,48,64.8,2,2,2,11.1,2,1,0,674,2,60.6,75.5,52.5,47.9,38.1,60.2,59.1,AI/ML,0
STU105743,22,Male,8.07,84.6,1,60.2,72,89.9,37.1,2,1,1,3.5,3,2,0,1031,1,79.3,55.2,82,78,60.4,83.2,73,AI/ML,0
STU104719,22,Male,7.58,86.1,0,51.2,50.3,80.6,51.7,2,1,2,8.2,2,2,1,755,3,88.7,40.3,84.7,52.5,80,110.9,70.8,Software Development,1
STU109144,22,Female,7.72,88.1,1,59.5,54.8,79.3,70,2,0,2,9.2,3,0,0,625,3,64,54.7,71.1,61.1,82.6,,87.3,Software Development,0
STU102871,20,Male,7.39,91.3,1,51.3,64,57.5,49.8,3,2,0,0,3,1,0,818,4,61.9,66.6,72.5,46.5,50,49.9,56.1,AI/ML,0
STU101867,21,Male,6.28,72.9,1,28.7,51.6,65,34,1,0,2,6.6,1,0,0,737,1,68.9,50.9,73.1,74.1,25.5,100.7,70.9,Data Science,0
STU107609,24,Female,7.46,75.8,0,42.6,31.2,78.2,72.8,3,2,1,3.2,2,1,0,1272,3,71.6,67.1,78.5,44,38.2,105,,Business Analytics,0
STU102072,20,Male,7.78,83,1,53.6,69.9,64.5,80.7,0,0,1,2.7,4,1,1,487,0,79.6,42.8,68.2,45.1,64.7,63.8,76.6,Software Development,1
STU107712,23,Female,7.99,,1,35.2,70.6,62.4,70.7,5,3,0,1.1,3,4,1,709,6,76.7,78.8,64.4,56.1,67.5,69.6,88.7,Data Science,0
STU105690,21,Male,8.06,87.5,0,26.6,47.6,71.9,55.6,2,0,2,9.7,3,1,0,370,2,49.6,62.5,81.1,57.1,48.8,27.7,87.1,Data Science,0
STU107724,19,Female,6.4,81.2,0,42.5,57.8,65.3,37.3,1,0,0,0,2,1,0,801,0,41.9,59.2,68.3,35.2,57.8,44.8,82.9,Business Analytics,1
STU104713,23,Male,8.37,91,0,66.4,64.1,53.5,38.9,2,0,2,9.2,0,1,0,863,4,68.4,62.6,69.1,36.9,71.1,22.3,68.2,Data Science,0
STU102763,21,Female,7.81,94.4,0,45.3,35.7,58.5,84.8,2,0,2,5.6,0,0,0,670,2,,61.1,58.1,90.8,35,56.7,81.9,Data Science,0
STU101339,25,Male,7.94,86.4,0,60.1,44,74.9,39.3,4,2,0,2.2,1,1,0,564,4,64.4,77.3,92,39.6,37,30.9,79.1,AI/ML,1
STU101871,23,Male,7.92,83.9,1,62.8,58.5,62.3,60.3,1,0,3,11.1,1,3,0,413,2,62.5,64.9,76.5,65.8,95.3,13.5,71.5,Business Analytics,1
STU100634,20,Male,8.66,90.7,0,78.5,61.3,65.2,38.1,4,2,0,0,1,2,0,751,5,41.8,79.8,68.6,54.5,48.4,27.8,78.4,Business Analytics,0
STU100743,21,Male,5.5,,0,55.5,57.9,74.5,27.7,5,3,2,11.5,2,1,0,701,4,64.1,70.1,64.4,58.1,33.2,21.9,83.2,Business Analytics,0
STU103448,23,Male,5.74,87.5,1,33.8,23.4,29.3,30.3,4,2,0,0.7,3,0,0,494,3,63,56.3,64.7,58.5,57.9,35.8,68.3,Business Analytics,0
STU109895,22,Male,7.16,77,1,25.6,60.7,,29.9,2,1,1,3.5,0,1,1,762,2,51.8,55.3,64.8,46.3,43.1,28.5,56.5,AI/ML,0
STU106132,22,Male,6.18,97.3,0,49.8,40.8,67.3,47.5,3,2,0,,5,3,1,663,4,69.6,61,64.8,77.2,65,20.8,85.2,Cloud Computing,0
STU104049,22,Female,7.47,97,0,43.7,19.5,71.9,45.9,3,0,0,0,2,3,1,975,4,70.8,76.6,61,74.4,43.6,56.8,,Business Analytics,1
STU104058,22,Male,7.55,84.2,2,31.6,67.7,49.8,62.4,2,0,2,6.9,2,1,0,315,1,73.4,41.2,48.8,69,40.9,90.2,58.2,Software Development,0
STU102654,21,Male,7.14,74.6,0,15,50.2,57.2,68.1,4,1,1,5.1,2,0,0,421,4,63.1,60.1,70.3,43.4,53.8,21.9,100,Data Science,0
STU101209,24,Male,7.58,79.3,2,39.5,47.7,37.3,44,6,2,0,0,2,1,0,595,5,90.7,90.7,60.2,36.9,59,52.8,55.3,Cyber Security,0
STU108000,22,Female,9.82,88.9,0,83.4,76.1,39,68.8,5,0,2,9.9,4,0,0,1274,4,67.8,63.6,77.3,62.3,70.1,36.6,77,Cloud Computing,0
STU102018,21,Male,8.28,91.5,0,74.6,62.2,33.4,52.3,4,2,0,0,1,0,0,1400,3,67.3,60.6,83.1,50.2,83.6,76.2,58.8,Cyber Security,0
STU109106,22,Female,7.26,75.6,1,28.2,57,67.3,57.7,6,3,1,2.5,3,3,0,588,7,56.2,,69.8,26.8,44.1,43.4,76.7,AI/ML,1
STU102278,24,Male,6.54,91,0,55.8,65.9,65.8,41.2,1,0,0,0.6,0,0,0,683,1,48.4,48.3,75.2,49.9,54.9,43.2,66.7,Cyber Security,0
STU104878,22,Male,5.99,84,2,39.6,44.2,56.5,39.2,1,1,0,0.4,1,3,0,393,0,48,51.5,74.6,53.1,58.9,59.7,,Cloud Computing,1
STU108965,24,Female,6.49,85.3,0,29,45.2,66.3,39.8,2,1,0,2.2,0,1,0,844,1,60.4,60.6,54.1,65.7,66.9,47.4,81.3,Business Analytics,0
STU105276,20,Male,7.17,82,1,44.1,42.7,42.7,64.6,0,0,0,0,2,2,0,1183,0,49.6,46.3,58.6,35.5,37.6,66.8,71.4,AI/ML,1
STU105858,22,Female,8.06,90.4,3,81.5,52.8,38.3,64.9,3,1,0,0,5,2,0,503,4,65.2,87.8,59.4,26.3,49.2,69.7,67.8,Data Science,0
STU100103,21,Male,7.04,71,0,37.2,60,73.5,43.5,2,2,0,0.4,1,1,0,434,1,,46,68.1,66.8,36.1,81.3,70.8,AI/ML,0
STU104482,22,Male,7.32,76.2,0,55.9,52.8,44.2,30.5,0,0,1,2.3,3,0,0,864,3,68.9,58.5,65.6,33.2,81.1,88.4,88.6,Data Science,0
STU107089,23,Female,8.6,81.9,2,72.8,93.2,57.7,70.1,2,0,2,12.6,4,1,0,844,2,58.8,40.4,66.8,56.9,72.5,92.3,84,Data Science,0
STU102287,22,Male,6.78,72.2,0,48.2,,,47.4,5,2,1,4.1,1,0,0,702,5,53.9,59.5,,55,44.3,45.7,68.8,Software Development,1
STU100437,21,Male,6.5,90.3,0,79.5,48.7,49.4,49.6,2,1,3,11.3,1,2,0,707,2,69,71.5,80.9,26,86.7,113.6,72.4,Cloud Computing,0
STU102814,21,Male,6.87,74,0,39.7,41.7,41.4,62.4,1,1,1,3.4,2,2,0,1128,2,58.8,55,77.7,54.4,38.8,6.8,59.4,Software Development,0
STU100404,21,Female,7.69,78.3,1,34.6,55.7,59.7,43.2,2,0,1,2.4,2,2,0,315,1,50.9,70.1,74.7,29.8,66.3,45.1,71.4,Software Development,0
STU109848,21,Female,8.45,78,0,57.2,78.5,49.7,61.1,2,0,1,3.8,3,0,0,753,2,63.3,71.9,65.3,58,64.7,69.4,75.2,Software Development,0
STU103118,22,Female,7.26,88.1,1,56.1,64.5,36.1,35.2,2,1,0,0,0,2,1,661,2,71.1,50.1,60.8,59.6,44.4,57.5,53.9,Cyber Security,1
STU109541,21,Male,7.25,85.9,0,56.4,53.2,49.5,34.9,5,2,1,5.1,2,4,0,1001,5,63.1,67.4,58.3,49.5,48.2,42.4,64,Cyber Security,0
STU107201,23,Male,8.66,80.7,1,74.1,62.6,61.3,80,4,1,0,1.1,4,0,0,1115,4,58.6,68.6,68.1,61.9,69.6,30.7,73.1,Cyber Security,0
STU109565,20,Male,6.25,59,2,29.3,38.3,25.2,39.6,0,0,0,0,4,0,0,174,0,64.6,51.4,49.6,67.5,46.3,102.2,65.4,Cyber Security,0
STU100228,24,Female,8.11,85.9,0,22.8,,39.2,41.5,2,2,0,0,2,3,1,358,3,56.6,55.8,66.3,52.6,40.6,85.8,54.1,Data Science,1
STU109897,22,Male,8.38,84.5,0,31.2,65.7,63.7,56.8,2,0,1,7.1,2,0,0,639,2,63.8,61.3,64,72.4,40.9,105.7,82,Software Development,0
STU105581,22,Male,7.78,81,0,65.4,32.9,61.8,61.8,3,2,1,3.1,0,2,0,702,2,54.6,66,61.2,78.2,76.2,67.8,69.1,Cloud Computing,0
STU102000,24,Male,8.76,73.7,0,51.5,72.3,62.1,76.5,1,1,1,4.5,1,0,0,665,1,65,54.6,66.6,69.5,68.8,75.2,90.2,Business Analytics,0
STU104663,22,Male,7.44,96.3,0,51.5,42,62.5,63.7,5,1,2,6.4,1,0,0,626,5,56.1,79.9,79.1,61.8,66.1,25.6,72.1,Software Development,0
STU102589,22,Male,6.19,69,1,39.3,36.4,77.6,32.3,1,0,2,,3,0,0,755,0,77.2,49.3,80,63.5,40.3,56.7,72.6,Data Science,0
STU102371,20,Male,7.92,,1,60,57.7,71.9,92.2,3,1,3,12.5,1,1,0,915,2,50.5,68.1,79.9,51.6,63.6,97,82.6,Data Science,0
STU103083,22,Male,8.16,95.6,0,49.2,70.1,41.5,64.4,5,3,2,11.7,2,0,0,916,6,65.7,80,63.1,53.7,98.5,35.7,68.5,Cyber Security,0
STU101031,23,Male,7.59,85,1,54.3,67.3,67,42.4,1,1,1,4.2,1,1,0,372,0,60,78.8,73.6,63.7,63.6,67,68.9,Cloud Computing,0
STU106651,23,Male,5.67,92.9,0,45.3,41.3,81,33.3,3,2,0,0,0,0,0,867,3,43.5,62,89.9,70.2,55,95.4,,Business Analytics,0
STU104345,21,Male,8.36,92.3,0,72.3,49.5,54.9,59,4,0,1,7.2,2,1,0,547,3,53.2,62.5,76.2,50.2,74.2,41,80.1,AI/ML,0
STU106262,22,Male,7.59,76.5,0,,61.6,63.2,60.7,4,2,0,0.3,1,0,0,936,5,52.2,69.4,63.1,38.3,61.1,13.1,84.6,Data Science,0
STU100445,21,Male,6.4,84.2,0,53.5,49.3,45.9,27,4,1,2,10.7,6,1,0,687,5,68.3,80.1,73.8,47.4,56.9,7.8,52.2,Data Science,0
STU108746,19,Female,6.48,67.1,0,39.6,42.7,88.9,65.4,4,2,2,9.1,2,0,0,945,3,48,76,91,33,51.6,7.4,67.2,Data Science,0
STU101424,23,Female,6.65,88.5,1,48.5,61.6,76,60,3,1,1,3.9,1,1,0,319,3,61.4,50.6,71.7,48,43.6,37.3,85.3,Data Science,0
STU102413,20,Male,7.45,66.4,1,66.8,42.4,66.2,47.8,1,1,0,0.3,2,1,0,1089,0,61.7,42.8,93.2,43,45.1,28.6,60.5,Data Science,0
STU105138,22,Male,7.93,86.6,0,73.8,21.6,56.4,69.7,3,1,0,0,3,1,0,369,4,70,59.6,76.2,37.5,69.4,35.8,81.1,Cloud Computing,0
STU103959,21,Female,6.68,79.2,0,35.2,80,53.1,55.5,1,0,0,0,2,4,0,734,2,63.6,37.1,71.2,54.2,44.4,24.9,77.8,Software Development,0
STU109969,21,Female,8.94,60.7,1,43.4,67.7,64.6,66.1,2,1,1,5.2,2,1,0,539,3,54,56,73.2,37.3,23.8,19.3,69.6,Data Science,0
STU100842,22,Male,6.55,80.8,1,36.7,46.1,60.1,19.9,1,0,2,10.4,6,2,0,1071,2,57.8,90.7,86.7,71.5,28.5,42.3,53.5,AI/ML,0
STU107109,22,Male,6.76,86,0,60,53.6,31.5,60.1,2,0,3,12.7,2,0,0,438,2,47.8,69.3,66.4,51.9,66,112.4,89.2,Software Development,0
STU102352,22,Male,7.41,77.3,2,38.2,100,53,59.1,1,0,3,8.1,3,0,0,831,3,91.1,47.4,63,54.1,35.3,28.9,70.8,Business Analytics,0
STU108640,21,Male,7.57,75.1,0,63.4,67.3,72.4,38.8,1,1,1,2.8,0,1,0,701,1,58.3,46.5,74.8,58,64,35.4,70,Software Development,0
STU109708,21,Female,6.67,80.6,1,55.1,51.7,71.2,43.2,3,1,0,0.5,2,4,0,712,5,49.5,61.2,52.9,41.4,45.6,94.2,70.4,Cloud Computing,0
STU103102,21,Male,9.3,89.6,1,67.7,67.6,65.5,53.3,2,0,1,4.5,2,2,0,783,3,57.1,60.3,59.3,58.3,58.1,29.2,58.3,AI/ML,0
STU102504,22,Female,8.93,82,1,66.4,73.1,59.2,68.1,2,2,0,1.1,3,1,0,1177,1,47.4,63.2,65.7,42.8,76,51.6,73.8,Business Analytics,0
STU109976,21,Female,6.77,74.3,0,51.8,45.7,61.7,60.1,4,1,0,0,3,0,0,499,3,64.6,63.8,73.3,36.5,74.9,31.6,82.3,Cyber Security,0
STU104537,21,Male,8.46,66.8,0,63.4,64,85.5,59.5,5,3,2,6.8,0,0,0,827,4,48.8,79.2,83.3,78.4,74.4,45.7,97.1,Data Science,1
STU104580,23,Male,7.96,89.1,0,55.5,60.6,44.7,63.7,5,2,1,1.6,0,1,0,729,5,65.6,56.5,72.3,65.3,67.8,25.2,73.7,Data Science,0
STU103416,22,Male,7.2,75.1,1,70.3,51.2,,32.6,0,0,1,6.5,2,1,0,725,1,63.4,37.1,49.7,43,44.7,58.4,72.4,Business Analytics,0
STU107758,22,Male,5.88,88.2,1,15,33.9,45.4,51,2,1,1,7.6,2,1,0,290,1,67.3,64.9,73.8,49.8,70.4,19.8,54.2,Data Science,0
STU109922,24,Female,8.54,82,1,63.4,75.4,51.3,67.9,1,0,1,1.7,1,3,1,896,2,54.9,59.1,65.5,65.8,71.4,54.6,66,Business Analytics,0
STU102035,22,Male,7.88,73.1,0,80.3,44.3,58,55.5,5,2,0,,3,3,0,1118,6,60,78.9,78.8,29.2,51.3,100.5,76.9,Cloud Computing,0
STU104995,22,Male,6.59,,0,37.9,35.8,39.9,74.4,2,1,2,10.2,3,2,0,408,1,81.3,74.1,70.7,61.5,60.9,27.8,84.6,Software Development,0
STU101952,22,Male,7.67,67.7,0,66.6,64.1,50,53.6,5,2,1,2.7,3,1,0,899,4,66.9,86.8,82.3,41.7,41,29.8,43.3,Cloud Computing,0
STU108945,21,Female,8,63.7,1,50.6,43,81.5,59,3,0,0,0.9,1,1,0,925,3,68.9,69.1,68.9,59.1,51.5,55.4,75.8,AI/ML,0
STU105745,22,Male,7.25,62.9,0,30.3,46.8,72.5,36.4,3,2,1,5.6,2,1,0,490,2,64.4,60.8,,55.6,22.4,114,80.7,Software Development,0
STU101464,22,Male,8.06,80.1,1,58.9,48.9,65.4,78.6,2,2,2,7.8,2,1,0,572,2,69.5,51.2,,52.9,63.4,31.6,70,Business Analytics,0
STU101383,21,Male,6,83.3,0,36.7,32.1,80.6,35,0,0,0,0,1,0,0,498,1,69.5,45.7,78,65.2,30.3,39.1,72.7,Software Development,0
STU100032,21,Male,9.43,80.7,1,47.4,68.7,82.8,62,0,0,1,3.4,1,2,0,954,0,77.8,52,92.2,47.5,63.4,,84.4,Data Science,1
STU102297,25,Male,7.57,88.7,1,56.1,85.4,63.5,67.4,6,0,0,0.4,3,0,0,917,7,53.8,81.2,82.9,45.3,53,64.3,82,Software Development,1
STU107618,23,Female,8.22,80.1,1,25.8,65.9,35.9,35.3,2,1,0,1.2,4,2,0,801,2,,58.9,65,74.2,37.8,65.8,43.7,Software Development,0
STU105716,21,Female,9.16,,1,74,75.2,66.7,66.4,1,1,0,0.8,4,2,0,860,2,71.3,63.1,45.6,51.9,57.5,91.6,95.7,Software Development,1
STU107931,21,Male,6.65,76.8,0,72.7,17.2,36.3,68.2,2,2,1,4,2,2,0,1087,1,66.2,73.3,59.7,60,66.6,19.5,53.6,Data Science,0
STU101497,22,Female,8.03,66,1,56.2,66.9,57.9,50.3,1,0,2,11.7,2,0,0,699,2,49.8,65.4,79.6,51.6,84.2,35.6,65.4,Cloud Computing,1
STU102915,22,Male,8.16,71.4,0,50.8,66.3,58.8,41.1,3,1,1,3.2,3,0,0,276,4,50.5,80.1,85.3,59.9,56.3,41,71.4,Data Science,0
STU102597,23,Male,8.16,82,0,63.5,58.4,37.4,65.8,3,2,0,0,3,1,0,1009,2,70.7,72.6,62.4,40.6,90.5,71.7,70.2,Data Science,0
STU102674,22,Female,8.08,81.4,0,59.3,82.6,52.7,74.5,3,1,2,11.8,2,2,0,514,3,67.6,74,86,37.6,39.3,21.4,87.1,Data Science,0
STU102656,21,Male,8.06,90.9,0,64.6,64.4,70.7,71.7,2,1,0,0,2,0,0,902,2,71.3,50.3,66.6,72.7,65.8,,67.7,Cloud Computing,0
STU107219,22,Female,6.24,76.3,0,49.5,40,55.7,59.6,4,1,0,0.4,2,3,1,563,3,66,54.1,68.1,68.8,73.6,26.2,78.8,AI/ML,1
STU109468,20,Female,8.12,84.4,1,36.7,47.7,73.2,61,3,1,3,,2,1,0,476,3,77.6,51.6,70.7,82.5,43.9,81.4,94.9,Software Development,0
STU100782,22,Male,6.29,73,1,31.4,58.5,72.1,30.8,2,0,0,1.5,2,3,1,658,1,61.8,65.1,88.3,43.2,81.8,90.9,77.4,Cloud Computing,1
STU103764,22,Male,7.63,87.1,0,45.8,76.8,38.1,50.9,0,0,2,10.9,3,3,1,338,0,63,60.2,60.7,63.6,67.2,39.4,61.3,AI/ML,1
STU107006,22,Male,6.82,90.4,0,40.3,50.1,64.8,43.8,2,0,0,2.2,2,1,0,279,3,74.3,63.2,73.5,65.3,50.6,47.2,60.5,Data Science,0
STU107695,23,Female,7.52,92.4,0,71.5,60.8,46.7,53.2,2,0,2,5.5,5,2,0,762,1,70.6,71.4,67.8,25.5,63.4,49.5,77.8,AI/ML,0
STU106549,19,Male,7.5,,2,57.9,79,80.5,55,3,1,1,5.7,1,0,0,758,4,70.8,71.1,76.9,43.2,46.6,81.1,66.1,Software Development,0
STU101019,21,Male,7.36,93.2,1,52.2,25.1,59.7,47.9,1,0,0,0,3,1,1,964,1,64.4,66.1,83.8,53.8,40.6,6.3,73.2,AI/ML,0
STU106042,22,Male,7.66,74.9,0,45.2,44.5,77.9,66.8,3,0,4,15,0,2,0,646,2,,62.2,83.2,39.2,50.3,80.5,68.4,Software Development,0
STU107910,19,Male,8,79.3,1,66.8,53.6,53.9,92.7,4,2,1,2.6,1,2,0,919,4,62.9,60.4,71.9,61,34.5,33.5,70.2,AI/ML,1
STU102593,22,Female,8.53,75.1,0,59.4,59.9,67.8,55.3,6,3,3,8.4,2,1,0,617,9,73,73.3,68.8,55.1,76.7,31.5,,Business Analytics,1
STU108845,23,Male,7.29,88.7,2,47.7,52.3,71,46.9,2,0,2,9.8,3,2,1,847,1,87.3,60.5,73.3,45.4,40.7,44.7,57.5,Cloud Computing,0
STU103482,23,Male,7.7,75.7,0,32.7,59.7,55.8,53,2,2,2,9.4,2,0,0,530,3,72.8,52.1,77.1,70.8,56.2,180,73.4,Business Analytics,1
STU103882,23,Male,7.37,84.2,1,81.4,57.9,47.1,51.1,3,1,0,0,2,1,0,635,2,67.4,44.9,71.4,27.2,77.5,47.2,65.9,Cyber Security,0
STU106906,23,Male,8.13,65.2,1,41.2,61.7,26.9,51.9,2,0,0,0,2,0,0,707,3,66.9,52,56.2,42.9,60.9,114.9,58.6,Cloud Computing,0
STU101577,22,Female,7.56,82.6,0,52.2,65.5,66.4,34.5,6,4,0,0.1,1,1,0,587,6,70.9,86.4,80.8,59.6,33.5,57.3,69.8,Business Analytics,0
STU105744,22,Female,8.88,87.1,0,62.6,62.8,41.2,80.5,2,1,1,1.8,0,0,0,671,1,70.8,58.7,62.2,52.1,64.8,73.7,73,Software Development,0
STU101304,23,Male,7.36,75.9,1,56,46.4,63.3,52.9,3,0,0,0,3,2,0,575,4,72,59.1,76.6,33.2,89,36.2,66.7,Data Science,0
STU109432,21,Male,7.85,76.4,0,53.8,68,60.6,51.2,4,0,1,3,0,0,0,900,5,46.1,66.3,76,41.7,45.3,37.1,74.5,Software Development,0
STU105096,21,Male,8.18,79.4,1,48.8,40.7,72.5,53.6,2,0,4,10.9,3,1,0,890,2,66.9,65.1,79.4,31.3,44,53.9,90.1,Data Science,0
STU104145,23,Female,7.68,86.1,0,48.8,55.3,60.8,31.2,1,0,0,0.7,2,3,0,770,0,67.2,51,61.3,55.6,53.3,105.8,80.4,Software Development,1
STU103052,21,Female,6.72,75,0,33.1,53.7,73.1,49.6,1,0,0,0,0,2,1,565,2,52.4,38.3,68.7,81.3,65.5,,79.4,Software Development,1
STU105473,22,Male,7.68,77,2,59.3,42.5,30.5,75.2,5,3,2,,2,1,0,762,5,82.6,68.6,67.9,60.5,71.5,61.4,70.4,Business Analytics,0
STU109612,22,Male,7.63,98.1,0,34,68.3,64.9,33.2,1,0,0,1.1,4,1,1,464,2,61.3,53.7,87.2,59.3,73.3,38.8,66.5,Cyber Security,0
STU107297,21,Female,8.2,93.5,0,74.8,40.1,23.5,68.7,6,2,3,13.4,0,3,1,753,6,75.1,81.1,64.3,73.5,82.3,81.9,56.7,Software Development,0
STU104607,21,Male,7.4,100,0,67.1,69.8,48.6,64.9,3,1,0,0,2,0,0,623,3,65.2,71.5,65.3,46.6,43.6,64.9,79,Software Development,0
STU106747,21,Female,7.08,81.5,1,82.3,69.2,74.2,48.4,5,2,1,4.5,2,1,1,728,5,59.6,83.5,75.3,34.2,56.4,41.1,79.4,Software Development,0
STU104162,20,Male,8.64,97.9,1,78.6,59.7,31,72.7,1,1,2,10.3,3,1,0,235,1,71.7,73.5,50.5,43.4,57.8,20.1,64.8,Cloud Computing,0
STU107491,20,Male,7.99,78.7,2,54.8,41.5,58.1,59.7,1,1,0,0,4,4,1,718,0,74.9,51.3,78.8,58.7,48.2,41.4,89.5,Software Development,0
STU105990,21,Female,8.08,73.7,0,54,57.8,48.4,46.9,1,0,2,7.3,0,1,0,842,0,48,69.8,,22.3,56.7,118.7,79.3,Business Analytics,0
STU105219,23,Female,8.38,87.3,0,53,57.3,46.8,53,2,2,2,7.4,2,2,0,578,2,67.6,59.6,61.5,54.5,73.3,46.1,77.3,Data Science,0
STU107537,25,Female,8.33,78.7,0,74,89.3,59.7,57.1,2,0,0,1.1,4,1,0,728,2,84.3,72.1,80.6,50,83,103.3,70.4,Data Science,0
STU103621,22,Male,8.47,91.5,0,93,47.1,,59.2,1,0,1,4.2,1,4,1,749,1,58.9,62.8,67.2,73.7,85.5,24,51.5,Software Development,0
STU106712,21,Female,7.69,75.2,0,42.1,60.8,58.3,49.3,3,0,1,2.4,0,4,0,948,3,57.7,78.6,79.9,72.9,93.3,59.2,76.2,AI/ML,0
STU106128,22,Male,7.71,74.9,2,48.9,47.9,65.6,48,2,1,1,5.9,0,1,0,632,3,52.6,51.3,75.5,54.3,50.9,23.4,84,Software Development,0
STU107668,21,Male,7.88,82.2,0,58.1,39.5,55.9,56.8,2,0,0,0,2,1,0,897,4,62.4,61.7,68.4,49.1,42.5,116.8,76.8,AI/ML,0
STU106408,21,Male,6.9,91.9,0,41,84,,38,2,1,0,0.6,1,0,0,498,2,43.1,54.9,68.2,48.2,68.6,28.2,59.9,Software Development,0
STU102274,23,Male,8.13,85.6,1,52.6,57,47.5,75,4,0,1,3,1,0,0,747,4,51.5,52.5,80.4,70.4,51.5,32.5,72,Software Development,0
STU100815,21,Male,7.67,89,0,74.2,67.8,67.8,48.3,2,0,1,2.4,0,0,0,885,1,,68.8,93.4,55.9,76.9,18.3,76.6,Software Development,0
STU101892,21,Female,6.56,83.6,0,26.3,48.7,77.1,39.5,4,3,0,0,3,2,1,269,4,67,100,78.5,54.8,62.3,72.9,,Business Analytics,0
STU109029,22,Female,8.67,70.1,0,46.7,80.7,66.8,78.9,6,1,2,3.6,2,1,0,955,7,64.5,76.5,79.5,58.4,38.8,27.7,92.9,Cloud Computing,0
STU105781,21,Male,8.42,,1,67.1,60.1,62,58.2,2,1,1,4,4,2,0,1017,4,70.9,63.2,86.7,58.3,31.8,55,79,Software Development,0
STU109369,21,Other,8.07,78.3,2,51.4,61.1,52.3,63.8,7,2,2,6.2,1,2,0,755,7,80.2,66.5,60.3,42.3,52.8,25.7,84.2,Cloud Computing,0
STU109581,21,Female,7.51,76.9,0,54.3,59.2,22,51.9,3,0,2,4.8,0,1,0,872,3,63.6,54.7,67.2,43.5,48.5,58.2,30.5,AI/ML,0
STU101625,22,Male,7.14,77.2,1,82.9,49.2,59.7,69.3,3,1,2,9.8,3,4,0,946,2,90.2,74.4,74.5,77,48.1,33.9,65.9,Software Development,0
STU102225,20,Female,7.96,81.4,1,41.1,57.4,69.5,55.2,3,1,1,2.9,2,2,0,597,5,59.8,72.9,67.9,82.1,63.8,,83.1,Business Analytics,1
STU109331,21,Male,7.74,72.6,0,30.8,27.9,36.4,50.5,2,2,2,9.5,1,0,0,458,3,,45.2,77.9,45,75.1,63.3,72,Data Science,0
STU108402,23,Female,6.57,74.5,1,60.1,68,39.3,37.8,3,1,1,5.3,3,0,0,934,2,84,74.5,,53.4,38.6,30.3,54.1,Software Development,0
STU100292,22,Male,8.5,94.2,2,45,43.4,71.1,74.7,5,2,1,2.2,1,1,0,667,5,66.6,75.5,66.7,43.9,38.1,21,76.1,Software Development,0
STU107733,21,Female,8.53,75.3,0,64.2,52.3,57.8,73.2,3,2,1,3.7,1,2,0,632,3,58.4,49.4,69.5,55.1,69.1,25,79.7,Software Development,0
STU104782,23,Female,6.56,94.7,1,53.3,55.5,52.1,39.3,2,1,0,0.3,5,1,0,819,2,54.1,47.6,68.8,36.7,72.2,116.3,63.9,Software Development,1
STU106618,22,Male,7.88,76.3,0,50.2,89.5,70.4,54,1,1,1,3.9,3,2,0,799,0,58.6,56.1,78.7,56.9,46.9,60,78.3,Business Analytics,0
STU107933,23,Female,7.78,73.9,1,68.4,57.2,60.3,46.7,2,1,0,1.3,1,1,0,1036,2,67.7,47.8,65.7,50.6,43,34.1,78.5,Software Development,0
STU104175,21,Male,6.93,79.1,0,40.2,49.1,60.1,62.3,5,2,1,5.8,1,1,0,966,4,46,70.3,74.2,44.2,61,95,,Business Analytics,0
STU102303,19,Male,7.69,85.6,0,65.6,87.3,49.5,53.9,2,0,2,9.3,2,3,1,810,2,67.4,34.6,75.2,59.1,56.7,37.5,77.5,Cyber Security,0
STU103792,23,Male,7.12,73.6,0,67.8,62.8,50.1,40.3,1,1,1,5.1,1,1,0,1018,0,71.1,49.1,72,33.1,86.8,28.4,62.5,Software Development,0
STU108516,20,Male,7.03,79.1,0,56.9,48.9,68.6,57,4,1,1,2.5,1,1,0,719,4,54.8,89.6,79,29.3,41.7,24.8,80.8,Business Analytics,0
STU101496,20,Male,7.78,80.1,1,35.3,71.2,61.8,60.5,5,2,2,6.6,3,1,0,868,7,58,73.9,74.2,77.2,32.5,71.3,83.4,Business Analytics,0
STU101802,22,Female,7.77,81,0,56.9,65.3,50.3,48.3,1,1,1,3.4,0,0,0,797,2,57.3,43.5,75,64.2,64.9,102.9,62.8,Cloud Computing,0
STU103529,20,Male,7.88,,2,52.4,58.9,55.9,57.9,0,0,0,0,1,1,0,886,1,68.9,82.7,66.7,48.6,47.7,52.5,74.4,Software Development,0
STU101776,22,Male,6.14,77.4,2,16.6,36.9,,50.2,2,1,3,12.9,3,0,0,411,2,90.8,65.1,49.9,54.9,46,59.5,79.1,Software Development,1
STU100821,21,Male,7.78,60,0,60.7,63.2,62.3,50.4,3,1,3,8,3,6,4,458,2,57.2,65.7,67.8,34.6,50.4,19.4,64.3,Cloud Computing,1
STU107640,22,Male,7.97,90.9,0,48.6,37.6,76,65.8,2,0,0,0.7,1,3,0,439,2,54.1,59.7,76.1,78.8,48.2,51.5,78.8,Data Science,0
STU104547,19,Male,7.14,76.4,1,22.7,34,55.3,76.5,8,2,0,0,0,0,0,190,8,38.5,72.8,74,15.5,41.9,4.2,84.2,Cloud Computing,0
STU100687,23,Male,8.42,84.1,4,55.4,72.2,61.5,43.1,1,1,2,9.2,1,4,1,521,0,70,35.3,69.5,58.9,21.8,78.6,74.4,Data Science,0
STU105468,23,Female,5.46,68.3,0,64.6,47.1,61.9,59.2,3,0,0,0,2,1,0,775,4,74.3,40.7,75.9,61.1,41,61,84.1,Business Analytics,0
STU106510,22,Male,8.68,91.2,0,55.5,58.6,37.9,35.5,4,2,1,,0,1,0,786,4,58.4,63,75.7,35.8,40.6,76.8,79.5,Data Science,1
STU100261,21,Female,6.46,76.7,1,37.6,42.3,64.1,56.2,3,1,1,2.5,3,1,0,487,2,59.6,47.3,71.9,68.3,44,71.3,76,Software Development,0
STU107710,21,Male,6.83,85.2,0,48.8,58.5,56.6,24.3,1,0,2,8.1,1,0,0,941,2,69.3,68.8,71.1,55.6,68.3,42.8,67,Software Development,0
STU106874,22,Male,6.74,82.8,0,45.6,31.5,60.6,36.7,7,2,2,6.9,1,1,0,503,7,74.9,95,81.6,61.5,61.9,25.6,83.9,Business Analytics,1
STU101442,22,Male,7.14,90.6,1,68.5,52.5,48.3,50.4,4,1,2,6.7,3,1,0,671,4,66,80.9,59.8,29.7,38.7,56.8,73,Business Analytics,1
STU105376,23,Male,7.57,89.5,1,35.1,64.2,79.5,61.3,3,1,1,3.3,4,2,2,780,2,64.4,58,62.3,58.1,85.6,16.8,100,Cloud Computing,1
STU108318,19,Male,5.61,68,0,48,43.3,45,51.5,3,1,1,5.3,2,0,0,2161,2,61.1,74.1,74.8,65.4,42.9,97,68.4,Data Science,0
STU101968,22,Female,7.68,67.7,1,54.5,49.7,62.4,78.5,0,0,1,2.7,5,3,0,791,1,88.1,55.5,62.7,57.2,62.1,50.4,66.2,Cyber Security,1
STU101584,21,Male,7.69,79.1,1,32.4,94.4,74.9,78.3,7,2,1,2,3,0,0,882,6,69.4,72,88.1,49,36.6,69.3,89,Data Science,0
STU102099,20,Female,6.92,83.7,1,32.9,30.9,69.8,50.2,5,2,1,0.8,3,2,0,384,6,64.6,58,79.9,40.1,34.8,18.2,,Software Development,0
STU105273,21,Female,8.3,87.8,1,64.8,67,81.9,49.5,3,0,2,6.5,4,2,1,660,3,76.6,68.1,74.5,47.1,55.8,80.2,59.6,Business Analytics,0
STU104117,23,Male,7.44,94.3,0,43.8,60.9,52,57.7,3,0,1,1.6,4,3,0,630,3,77.4,62.1,75.1,49,85.8,98.3,74.7,Cyber Security,0
STU100819,22,Female,6.95,91.9,0,31.2,56.9,73.3,38.4,0,0,0,0.5,1,0,0,518,0,55.5,54,64.6,70.4,32.4,17.8,78.8,Cloud Computing,0
STU101528,22,Male,8.23,79,1,65.3,57.3,67.6,64.7,3,2,3,15.5,1,1,0,952,3,57.5,77.1,80.4,58.3,74.8,25.6,66.5,Data Science,0
STU101331,20,Male,7.99,85.7,2,24,65.1,48.1,70.4,2,1,2,11.1,1,3,1,762,1,61.7,55.3,68.3,74,57.9,47.5,84.8,Business Analytics,1
STU108269,21,Female,7.94,73.8,1,57.7,52,55.8,73.6,2,0,2,9.6,3,1,0,666,2,78.3,68.1,68,50.1,41.1,25.9,62.4,Software Development,1
STU101705,22,Male,6.98,79.4,0,23.6,41.7,55.6,40.4,5,3,0,0,0,0,0,571,5,52.4,65.8,60,69.8,38.1,37.2,72.2,Software Development,1
STU107912,21,Male,7.99,99,1,70.1,42.2,59.3,37.9,6,3,0,0,0,2,0,555,6,,70.2,56.9,60.8,35.4,75,80.1,Business Analytics,1
STU101050,22,Male,6.83,88.7,0,29.2,55.4,57.6,47.2,2,0,2,10.7,2,2,0,164,1,63.3,63.4,,34.7,48.8,54.7,57.1,Software Development,0
STU103046,21,Male,7.66,99.1,0,57.3,60,69,62.2,2,2,2,6.6,1,1,0,687,2,70.4,72.9,75.4,47.9,47.9,21.1,68.9,Software Development,0
STU102793,21,Male,7.27,89.7,0,37,33.3,59.7,49.7,6,1,0,2,1,1,0,797,5,73.5,63.3,78.1,52.7,49.2,31.4,69.1,Data Science,0
STU104446,21,Female,8.53,97.4,0,55.3,29.1,44.5,66.2,4,3,1,3.5,1,3,0,1100,4,64.2,,76.8,60.8,66.3,22.2,97.1,Cloud Computing,0
STU102633,22,Male,8.12,76.4,0,55.5,52.4,54.5,48.3,3,1,0,0.1,0,2,0,677,2,58.5,70.5,87.8,33.3,47.3,35.8,86.5,Software Development,0
STU107553,22,Male,7.49,77.3,2,28.3,58.9,48.5,91.7,1,1,0,2.3,1,0,0,841,1,66.6,72.1,81.3,37.9,50.3,70.9,78.4,Cloud Computing,0
STU100252,22,Female,7.5,69.9,0,21.6,51.4,52.9,53.7,3,0,1,,2,2,0,552,3,62.8,77.4,50.8,44.3,71.6,36.6,66.1,Software Development,0
STU108278,21,Male,7.6,87.1,0,73.9,52.1,53.8,38.6,2,1,1,6.8,0,0,0,940,1,55.6,43.7,71.9,40.3,50.6,25.7,45.3,Cloud Computing,0
STU101279,22,Male,7.34,83.3,1,41.9,50.5,69.8,80.1,1,0,1,1.7,2,4,1,720,3,64.4,60.4,83.7,60.1,52.7,48.9,89.5,Business Analytics,0
STU101044,22,Male,6.69,76.7,0,19.8,64.8,73.3,41.5,5,3,2,11.2,1,0,0,867,6,53.6,75.7,82.3,52.9,45.4,43.9,66.2,Cloud Computing,0
STU100861,21,Male,7.37,92.8,0,49.7,60.9,85,42.5,1,0,0,0,2,0,0,1400,4,62.9,68.8,75.8,59.4,62.9,18.6,70.6,Cloud Computing,0
STU108601,22,Male,6.33,80.5,0,45.4,35.7,67.3,44,2,0,0,1.7,5,1,0,100,1,59.6,62.3,76.6,42.9,58.6,22.8,76.9,Software Development,0
STU103870,22,Other,7.1,70.1,0,30.5,34.2,35.9,46.3,2,1,1,3,2,1,0,363,1,64.6,55.8,63.8,72.9,70.3,61.4,52.3,Cloud Computing,0
STU105801,21,Male,7.62,68.9,2,69.9,52.4,55.1,58.9,1,0,1,4.9,2,1,0,1169,0,63.3,44,57,67.5,38.5,11.2,74.4,Software Development,0
STU103668,20,Female,7.52,72.9,0,25.7,93.3,66.1,69.3,2,0,0,,1,1,0,843,2,48.6,62.8,70.6,66.7,65.8,17.8,80.2,Software Development,0
STU106586,21,Female,8.7,82.1,1,83.9,65.8,39.8,37.8,6,1,0,1.8,2,0,0,791,5,73,70.5,64.5,57.8,46.2,39.4,56.8,Business Analytics,0
STU109577,22,Male,7.45,98.2,0,68.6,57.8,69.4,36.3,1,0,0,0.7,2,1,0,567,2,43.5,64.7,77.4,60.3,29.3,64.5,67.9,Cloud Computing,0
STU105073,24,Male,9.77,82,0,66.8,68.1,59.4,84.7,3,0,1,2.8,2,0,0,1330,2,57.1,47,71.4,72.3,89,90.8,95.3,Software Development,0
STU108354,20,Male,8.25,74.3,1,75.1,51.4,55.4,59.5,5,3,2,6.2,1,1,0,476,7,40.7,60.7,72.4,70.6,46,32.3,67.2,Software Development,0
STU102248,21,Female,8.42,70.4,2,60.2,71.3,41.1,58.4,2,0,2,10.2,1,3,0,1161,5,30.3,40,59.5,82,51.8,87.5,75.5,Software Development,0
STU103687,20,Female,8.32,78,0,75.5,62.5,72.5,54.8,2,0,2,9.3,3,1,0,1047,4,69,51.7,67.3,45.8,61.5,36.8,64.5,Business Analytics,1
STU100648,20,Female,7.81,71.3,1,52.1,63.3,41.2,30.9,2,1,0,0.1,2,0,0,852,1,49.1,53.9,73.6,56.8,40.4,72.8,77.6,Business Analytics,0
STU103853,20,Male,7.24,83.3,0,47.3,46.5,66.8,56.6,1,0,2,5.7,1,1,0,953,2,53.4,63.4,77.5,48.4,53.2,17.4,81.7,AI/ML,0
STU104455,22,Female,7.15,87.9,0,53.1,53.7,52.7,77.7,1,0,1,3.8,2,1,0,1120,1,77.7,72.6,68.5,39.9,15.4,30.4,60.1,Cloud Computing,0
STU109213,23,Male,7.82,82.6,0,62.4,46,58.2,35.1,2,0,4,11.4,0,1,1,752,3,48.3,55.5,73,49.5,37.2,28,76,Cyber Security,0
STU101367,20,Female,7.77,90.8,2,58.7,45.2,69.1,52.5,3,2,1,6.9,0,4,0,896,3,69.3,51,60.7,71.8,64.1,51.9,85.1,Cloud Computing,0
STU106174,20,Male,7.27,74.9,1,45,35,61.3,84.8,2,1,0,0,2,2,0,281,2,65.6,48.2,79.4,34.7,81.3,13.1,89.3,Data Science,0
STU102081,22,Female,8.11,85,0,59.4,52.2,43.3,59.9,2,0,2,4.8,1,1,0,916,1,66,51.2,75.5,84.1,53,38.9,53.5,Cloud Computing,1
STU105033,23,Male,6.03,84.2,0,32.7,49.2,46.3,41.2,0,0,0,0,3,1,0,399,1,47,63.6,72.2,49.7,37.6,33.5,58.9,Software Development,0
STU102220,20,Female,6.92,79.1,0,48.4,63.5,71.9,58.8,3,0,3,10.2,1,3,1,814,2,78.1,66.4,83.7,63.4,35.6,,69.4,Software Development,0
STU101701,20,Female,7.19,72.6,1,25.1,72.3,68.6,37,2,0,2,10.8,3,0,0,529,2,71.3,65.9,70.7,38.9,71.5,51.7,81.7,Business Analytics,1
STU109027,22,Male,6.83,82.2,0,45.9,49.1,68.7,53.1,3,0,0,0,1,0,0,654,5,67.6,63.5,78.4,53.8,79.2,76,68.7,Cyber Security,0
STU105653,23,Female,7.51,75.8,0,33,47,66.6,66,5,2,2,9.2,1,1,0,817,7,57.8,,72.6,63.4,59.5,35,69,Software Development,0
STU107209,21,Female,5.73,93.4,1,35.4,62.3,64.7,37.6,0,0,3,12.1,2,2,1,711,2,92.2,50.9,66.3,56,58.7,68.7,74.5,Cloud Computing,0
STU103968,21,Female,8.57,81.2,0,60.4,64.1,52.4,71.2,1,0,0,0,4,1,0,571,0,58,67.4,56.2,75.6,72.9,,87.7,Business Analytics,0
STU109112,23,Male,7.06,81.4,0,45,37.8,34.6,30.3,2,2,1,5.5,2,1,1,724,4,74.6,68,58.3,68.3,77.4,54.2,48.9,Data Science,0
STU104693,22,Male,8.15,82.9,0,52.5,38.5,54.8,28.8,6,1,0,0.7,1,3,0,641,6,56,62.4,54.6,56.6,32.7,69.4,57.4,Data Science,0
STU106154,21,Male,7.89,69.1,0,40.4,52.3,61.4,21.3,4,2,1,3.8,4,5,0,1223,4,62.4,65,59,66.9,34.6,11.4,68.3,Cyber Security,1
STU101371,20,Male,8.36,99.2,0,48.2,78.4,41.5,56.5,5,4,0,0,4,2,0,748,6,89.3,,51.9,52.9,46.8,42.1,65.8,Business Analytics,1
STU103661,22,Male,7.01,80.1,0,23.8,33.8,53,34.4,2,0,1,4.9,3,4,0,639,5,42.3,44.2,63.3,76.8,46.1,19.3,66.2,Data Science,0
STU108283,21,Female,8.21,86,1,65,55.4,64.2,57.7,3,1,0,0.5,0,2,1,884,2,64.6,53.1,70.2,72.7,56,72.6,82.2,Software Development,0
STU100267,22,Male,6.51,79.6,2,46.3,59.1,52.5,50.5,1,0,1,1.9,2,5,0,722,0,67.6,59.4,74,49.5,52.1,18.1,55,AI/ML,0
STU106895,22,Male,7.89,89.2,1,53.8,55.1,47.1,58.8,1,1,0,0,2,1,0,608,2,53.8,65.2,67.1,67.4,65.3,76.6,63.3,Cloud Computing,0
STU107146,21,Male,8.88,96.5,0,92.5,63.2,67.5,56.5,4,1,0,0.1,2,1,0,167,5,53,81.6,70.9,51.8,73.5,55.4,81.8,AI/ML,0
STU100069,23,Male,6.41,82.4,1,38.4,16.9,77.6,46,3,1,0,0,3,0,0,718,3,51,70.6,74.4,28.6,63.9,60.4,56,Software Development,0
STU101182,23,Female,7.27,71.6,1,46.3,32.2,53.6,62.7,5,2,1,3.2,2,2,0,824,8,71.4,81,80.9,48.3,74.9,12.2,91.1,Software Development,1
STU105864,22,Male,6.79,81.8,1,45.7,59.4,68.9,46,4,0,0,0,2,1,0,553,8,55.4,63,69.6,78.1,34.2,15.1,86.9,Software Development,0
STU100726,23,Other,9.32,74.4,1,43.8,64.9,88.2,75.7,8,1,2,9.1,1,4,0,675,8,69.7,100,70.9,70.4,98.4,69.7,92.4,AI/ML,0
STU109698,23,Male,8.24,89,0,45.1,53.4,,55.7,3,0,0,0,0,1,0,691,3,53.2,62.8,75.1,49.5,64.3,36.3,84.8,Data Science,0
STU107223,22,Female,7.5,90.5,0,58.2,38.5,60.9,56.7,3,0,1,3.6,1,3,0,731,3,59.5,57.4,70.8,72.4,17.4,31.9,88.2,Business Analytics,1
STU100962,22,Male,6.82,96.7,0,52.7,52,62.6,62.1,3,1,2,9.1,1,2,1,615,2,49.1,67.5,74.4,34.4,70.2,35.1,83.4,Data Science,0
STU107268,22,Female,9.38,72.8,0,65.6,69.2,91.3,65.2,0,0,0,0.6,0,2,1,977,1,54.3,47.6,70.5,59.6,75.2,10.7,78.8,Data Science,0
STU107915,20,Female,7.2,82.1,0,72.7,38.8,40.9,62.6,4,1,1,6.2,0,1,0,720,5,49.9,56.4,63.2,36.9,52.2,37.5,72.6,Business Analytics,0
STU100076,22,Male,7.36,65,0,60.2,65.6,52.2,42.1,4,2,1,2.4,8,0,0,532,8,70.1,,89,47.6,81,29.5,71.1,Data Science,0
STU105518,23,Female,8.96,100,1,89.6,38.7,40.6,60.7,3,2,0,2,3,1,0,819,5,,50.8,76.9,60.3,76.8,39.3,70,AI/ML,0
STU103887,21,Male,7.62,88.3,0,58.8,54.7,,61.2,1,0,0,0,2,1,0,843,1,,72.8,61.5,37.5,39.4,56.6,78.6,Software Development,0
STU103802,21,Female,9.03,64,0,80.4,88.4,48.3,48.7,1,1,0,0,0,3,2,889,1,57.2,51.2,64.3,51.2,60.2,100.8,,Data Science,0
STU103999,21,Female,9.62,81.5,0,46,78.1,46.4,67.7,1,1,0,0,2,3,0,444,1,61.3,59.9,64.2,42.6,60.4,41.1,75.8,AI/ML,0
STU107827,22,Female,7.47,85.5,0,71.9,71,61,57.2,1,1,1,,2,2,0,888,0,71.1,40.3,62.7,65.4,33.8,101,65.7,Cloud Computing,0
STU109882,22,Male,7.07,62.8,1,69.9,51.3,62.2,54,2,1,0,,2,1,0,767,1,69.3,69,70.5,71.1,33.6,93,52.7,Software Development,0
STU102630,22,Male,7.76,81.4,2,45.1,52.7,55.5,38.2,4,0,1,4.5,2,2,0,367,6,52.9,69.3,65.2,40.8,44.2,,62.5,Software Development,0
STU102117,22,Female,6.99,82,0,51.1,47.6,42,53.4,7,3,2,6.2,3,3,1,661,10,,78.5,71.1,61.6,18.6,32.4,73.4,AI/ML,0
STU109798,22,Male,6.18,93,1,30.6,47.8,63.5,27.6,5,2,0,0,1,1,0,534,7,42.9,69.9,71.8,71.6,68.2,77.5,74.4,Data Science,1
STU106374,22,Male,8.64,78.1,0,63.3,64.4,35,56.1,4,3,2,9.5,2,1,1,868,3,62.6,56.7,69.2,67.7,63.5,44.9,50.2,AI/ML,1
STU103665,22,Male,6.4,89.5,0,22.8,57.2,50.2,27.3,2,1,1,1.8,1,2,0,176,2,63.4,72.1,75.2,69.9,55.4,35,71.7,Software Development,0
STU101024,22,Male,8.46,84.9,0,77.8,83.1,76.6,92.3,3,1,1,3.2,3,2,0,997,2,80.5,64.8,95.7,31.8,43.7,19,94.9,Business Analytics,0
STU101015,21,Male,7.47,79.2,2,67.2,54,60,79,2,0,1,6.3,0,2,0,845,2,78.5,,92.9,48,56.9,48,98.6,Cyber Security,1
STU109801,22,Female,8.52,87.1,0,65.6,42.9,,56.9,1,0,1,2.2,0,3,0,660,0,56.8,49.7,66.2,45.6,74.5,48,69.7,Software Development,0
STU103695,23,Female,7.42,91.2,1,38.2,30,89.1,44.5,3,1,0,0,2,0,0,535,3,66.1,51.5,83.5,36.1,70.5,,69.3,Software Development,0
STU103469,23,Male,7.47,80.6,0,61.9,51.6,58,40.8,0,0,0,0,1,2,0,1218,1,68.2,46,61.7,76.7,73.1,39,69.7,AI/ML,0
STU103778,22,Male,7.46,77.1,0,45.4,57.4,61.4,47.7,5,1,2,6.8,1,0,0,469,6,54.6,72.6,65.5,39.8,43.4,12.8,85.3,AI/ML,0
STU101429,22,Male,5.44,92.2,0,24.8,48.2,46.3,27.6,2,2,1,4,1,0,0,584,3,61.4,57.9,74.6,58.3,82.5,32.1,72.8,Data Science,0
STU103914,20,Female,6.68,85.1,0,39.1,37.5,43.1,54.3,2,1,0,0,2,2,0,438,2,78,67.2,55.4,58.2,41.9,35.7,61.4,Data Science,0
STU109275,21,Male,6.43,79.4,1,50.1,42.4,39.3,36.6,4,1,0,1.1,2,2,1,788,3,60.8,64,61.1,78.3,52.3,29.1,42.9,Data Science,1
STU101173,22,Female,7.78,70.7,0,59.5,68.6,92.4,55.7,2,0,0,0,3,1,0,487,1,54.7,72.7,72.1,70.7,34.4,46.9,72.8,Business Analytics,0
STU108877,22,Male,6.95,75.6,1,45,57,65.7,59.9,2,0,0,0.5,5,0,0,693,3,77.1,61.8,74.8,51.1,47.4,36.4,82.4,AI/ML,0
STU109593,22,Female,8.01,79.9,1,68.2,56.8,81.2,48.2,2,0,0,0,3,0,0,367,1,68.6,71.4,81,59.1,85.8,11.7,74.4,Data Science,0
STU102086,23,Female,6.87,92.7,0,66.4,44.9,,50.3,1,1,0,0.1,1,1,0,968,1,64.4,60.3,68.9,15,51.7,28.7,83.3,Cyber Security,1
STU106927,20,Female,7.02,63,0,74.3,78.5,20,51.5,3,1,0,0,0,0,0,1042,3,50.8,56.6,65.8,58.1,35.3,18.8,56.4,AI/ML,1
STU101526,23,Male,6.65,75.2,1,34.4,45.2,55.3,44.8,2,0,1,3,4,1,0,611,1,74.6,41,73.6,46,71.7,56.8,78.7,Data Science,0
STU104351,21,Female,7.53,88.3,1,33.1,42,48.7,46.2,5,0,3,10.6,3,0,0,548,4,77.3,68.2,60,69.8,51.9,30,75.3,Cyber Security,0
STU109186,21,Female,6.52,100,1,49.7,64.4,59.9,38.8,0,0,0,0,3,1,0,481,0,56.2,58,80.3,47.8,57.5,72.8,,Cyber Security,1
STU100833,20,Female,7.54,70,1,52.5,48.1,60.3,38.3,2,0,2,8.6,1,0,0,659,1,56.3,69.4,79.3,58.8,52.4,36.4,62.4,Data Science,0
STU101328,20,Male,7.41,93.1,0,45.8,64.8,61.6,64.2,1,0,0,0.1,2,0,0,982,0,78.3,60.4,66.4,45.6,47.1,51.3,76,Cyber Security,1
STU100793,22,Male,7.76,81.6,0,39.8,42.1,32.8,46.3,0,0,0,2.8,2,1,1,938,3,63.5,56.2,77.5,36.6,50.2,10.8,82.1,Business Analytics,0
STU107671,22,Female,6.69,91.2,0,72.4,60.9,43.2,59.4,2,2,0,0.9,6,2,0,1016,3,65.7,80.4,72.8,19.7,36.7,59.7,72,Software Development,1
STU103653,23,Other,7.24,77,0,21.3,51.8,46.3,71.6,5,4,0,0,2,2,0,823,4,53.9,80,60.9,29.2,59.6,61.2,73,Data Science,1
STU102142,21,Male,7.21,69.5,0,65.6,47.2,42.9,36.5,4,0,1,3.8,0,0,0,671,5,,71.4,72.2,59.5,43.6,60.4,52.7,AI/ML,0
STU108793,23,Male,8.64,85.6,0,50.8,49.7,59.7,40.3,1,0,0,0,1,1,0,893,3,56.8,62.9,71.9,70.6,46.8,23.4,70,AI/ML,1
STU107169,20,Male,8.78,77.6,0,87.7,55.1,81.4,76.2,4,0,2,5.6,2,0,0,1256,3,53.7,55,62,44,52.5,45.9,87.2,Software Development,0
STU109209,19,Male,8.77,72.3,0,69.3,61.3,64.9,57.7,2,1,1,1.7,1,1,1,912,6,65.1,50.8,77.3,48.9,65.8,58.4,88.7,Cloud Computing,1
STU105565,21,Male,7.27,82.5,0,54.7,71.1,33,53.8,1,0,0,4.9,2,2,0,1375,2,53.3,45.1,69.9,46.4,66,57.9,60.6,Cyber Security,0
STU101567,20,Female,6.6,94.8,0,58.8,37.5,54.6,44.4,4,0,1,3.7,3,4,0,547,7,71.1,52.4,74.3,37,60.1,19.3,64.8,Software Development,0
STU104759,21,Male,7.47,82.2,0,44.3,61.3,77.8,51.9,4,2,0,0,1,1,0,359,3,48.3,52.3,68.6,51.7,61.4,56.9,76.1,AI/ML,0
STU105091,22,Female,6.4,69.2,1,45.6,46.1,60,57.2,0,0,1,5,1,1,0,529,0,59.3,52.5,81.5,72.3,29.8,47.3,80.8,AI/ML,0
STU101239,22,Male,7.01,90,0,35.9,45.8,47,21.8,3,2,0,1.4,0,1,0,810,6,51.7,65.7,56.6,66.3,54.8,26.8,65.3,AI/ML,0
STU102760,23,Male,9.68,78,0,89.8,52.8,68.6,73.3,3,1,1,3,1,1,0,642,3,41.7,55.3,86.5,57.9,65.6,32.6,90.9,Business Analytics,0
STU108232,22,Male,7.21,93.3,0,30.9,53,50.6,,2,0,0,1,1,1,0,957,4,58.2,61.8,64.6,59.3,50.1,73.9,88.5,AI/ML,1
STU100755,24,Male,7.78,75.4,2,40.4,39.8,48.2,49.5,2,2,1,5.1,4,1,0,718,2,85.8,58.2,73.9,43.9,75.3,56.5,85.9,Software Development,1
STU100064,22,Male,8.33,65.2,0,,75.6,72.7,92.7,2,1,0,0.7,1,1,1,1062,2,42,62.8,80.6,48.9,48.1,108.1,74.8,AI/ML,0
STU105037,22,Male,8.54,87,1,100,63.7,58.5,76.6,4,2,0,1.3,1,1,0,1027,3,63.6,70.8,72.6,51.6,40.5,35.2,71.5,Data Science,0
STU103116,23,Female,7.5,85.8,1,53.1,63.9,55.8,48.8,1,1,0,0.9,0,1,1,411,1,55.5,31,72.8,34.9,46.2,39.2,73.4,Business Analytics,0
STU104013,22,Male,7.79,73.2,1,44.3,51.2,20,47,5,2,0,0.4,2,2,1,667,6,47.8,86.8,44,59.7,78.8,88.7,64.9,Software Development,1
STU105274,22,Female,6.88,94.4,0,56.9,37.9,74,29.1,1,0,3,12.4,2,1,1,694,1,73.9,52.5,74.3,54.5,55.5,20.2,60.6,Software Development,0
STU100554,24,Male,6.9,92,1,50.6,63.9,68.2,60.9,6,3,1,1.2,5,0,0,963,8,86.1,72.5,70.1,46.3,68,72.6,80.8,AI/ML,1
STU100351,22,Male,10,97.1,0,100,79.6,76.7,53.4,1,0,1,4.7,0,0,0,836,3,55.9,56.2,,80.4,70.4,51.6,84.5,Software Development,0
STU100828,22,Male,6.98,81.8,1,51.2,60.3,71.6,59.2,5,3,1,2,3,3,0,672,5,76.3,74.4,76.9,49.6,39.7,61.6,88.4,Data Science,1
STU106536,23,Male,6.52,83.4,1,25,24.5,71.9,24.6,1,0,0,1.3,4,2,1,566,0,55.3,64.7,65.3,59.1,53.3,31.4,63.2,AI/ML,0
STU103357,21,Male,8.13,62.4,2,69.1,,53.7,66.1,1,0,2,8.8,1,0,0,1088,1,58.7,33.9,74,50.8,80.6,50.6,63.6,Cloud Computing,0
STU106918,21,Male,7.94,89.5,1,49.5,58.4,48.6,69.8,2,0,1,6.3,1,1,0,423,3,82.4,59.4,71,57.4,69.4,44.6,86.4,Software Development,0
STU107185,22,Male,9.18,75.5,0,74.8,88,42.1,46.7,4,2,1,4.1,2,0,0,520,3,72.6,62.2,88,26.7,40.4,8,70.1,Cloud Computing,0
STU106401,23,Male,8.01,82.3,0,57.9,45.9,68.4,56.9,0,0,1,5.7,7,0,0,894,0,78.6,66.6,76.6,29.3,73.1,92.8,76,Data Science,0
STU101471,22,Male,7.75,78,0,38.9,64.7,44,81.4,3,0,0,0,1,0,0,382,2,60.4,62.8,59,52.8,51.7,37.6,73.1,Data Science,1
STU102189,24,Male,7.48,85.2,2,47.5,60.7,70.5,63.7,3,1,1,4.3,2,0,0,882,3,63.7,74,64.5,43.3,39.5,34.2,79.1,AI/ML,1
STU109487,21,Male,7.62,82.1,1,63.6,68.1,54.8,48.8,2,1,2,8.1,3,0,0,955,1,,58.5,69.6,41.8,40.2,107.6,74.7,Data Science,0
STU106690,24,Female,6.39,81.1,0,62.4,61.4,91.8,59.8,3,1,2,5.5,2,1,0,693,3,53.9,61.3,77.1,61.6,73.9,45.7,99,Cyber Security,1
STU100356,22,Male,7.97,71.8,0,56.7,97,52.1,77,2,1,0,1.9,1,5,0,963,5,48.7,60.5,73.3,71.9,46.4,60.5,83.3,Software Development,1
STU107877,21,Female,7.59,82.5,1,72.1,51.6,56.2,75.7,1,1,2,10.7,4,0,0,739,2,68.9,62.4,62.2,51.9,67.1,86.6,67.8,Cloud Computing,1
STU103924,22,Female,6.24,91.2,0,37,35.2,60.6,40.5,3,1,0,0.2,3,0,0,791,2,56.6,86.5,82.2,76.2,76.2,51.5,50.5,Software Development,0
STU101048,22,Male,7.19,95.8,0,65.2,28.6,62,56.2,2,0,0,2,2,0,0,411,3,63.8,62.5,75,28.6,57.5,87.7,58,Cyber Security,0
STU105156,21,Male,7.72,81.5,2,54.3,62.6,44,62.1,1,0,2,10.6,4,0,0,419,0,74.8,41.6,47.5,55.1,58,89.4,63.8,Cloud Computing,0
STU109439,23,Female,7.18,78.7,1,61.9,69.1,30.9,54.8,0,0,1,5.3,0,0,0,699,1,51.9,49.5,72.1,41.7,67,49.2,68.4,AI/ML,0
STU109220,21,Male,9.31,92.4,0,66.6,79.5,74.3,81.8,4,1,0,0,1,2,0,978,6,60.7,65.4,81.5,54.9,62.1,24.6,90,Cloud Computing,0
STU108255,21,Male,6.64,80.1,1,57.5,33.7,45.7,58.4,3,1,0,1.8,1,1,0,766,2,51.3,51,68.4,47.8,73.4,158.4,86.4,Business Analytics,0
STU102847,21,Male,7.29,90.2,0,28.5,89.6,41.4,54.7,4,1,0,1.6,0,0,0,432,3,,52,53,63.7,41.7,49.3,58.8,Cyber Security,1
STU108298,21,Female,8.24,77.7,0,68.6,76.4,77.3,53,6,1,1,2,3,1,0,843,8,66.3,,60.4,39.4,66.2,41.7,85.2,Software Development,1
STU109035,23,Male,6.39,91.1,1,33,72.3,52.4,40.6,2,1,2,7,3,1,0,961,3,70,59.9,65.5,34,34.8,46.7,71.3,Business Analytics,1
STU101548,21,Male,8.42,85.2,1,86.5,96.9,56.2,48.1,2,1,0,1.8,4,1,0,922,2,70.5,55.3,80.5,47,43.9,51.7,65.4,Cyber Security,0
STU100722,23,Female,7.56,86.8,1,25.8,,55.7,52.6,2,0,0,1,2,1,0,633,2,61,33.6,60,43.8,34.8,25,76.8,Cloud Computing,1
STU103524,20,Male,7.94,76.9,0,72.7,49.4,42.6,32.6,4,3,2,9.9,2,0,0,500,4,71.7,81.9,80,54.7,67.4,95.4,53,Cyber Security,0
STU103099,24,Male,7.01,90.5,1,55.4,24.5,47.8,55.2,1,0,0,0.4,3,0,0,1037,1,72.7,58.1,65,77.8,68.6,34.7,58.4,Data Science,0
STU109878,19,Male,8.4,90.6,0,58.5,67.1,49.7,38.5,4,2,3,12.6,3,2,1,710,4,54.4,65.3,60.5,53,52,52.7,90.4,Data Science,0
STU107405,25,Female,8.16,96,1,43.7,88.7,56,48.8,3,2,0,0.1,4,2,1,1101,2,68.9,66.2,76.5,50.7,66.6,36.9,78.1,Data Science,0
STU104372,21,Female,6.22,77.3,0,47.5,48.6,68.4,56.1,4,2,0,0,1,1,0,778,3,43.8,58.2,88.9,45.1,59.3,64.3,78.6,Software Development,0
STU105641,21,Female,6.54,97.5,1,70.9,40.9,42.2,35.2,4,2,0,1.2,3,1,1,705,4,66.5,70.5,66.8,67.8,83.1,137,70.6,Software Development,1
STU104651,21,Female,7.88,93.7,0,57,52.1,67.1,53.6,3,2,1,5.3,1,1,0,660,4,,68.4,71.6,68.2,63.8,65.6,62.2,AI/ML,0
STU100458,21,Male,5.84,84.5,1,50.5,50.3,57.2,46,3,0,0,0.7,5,0,0,832,3,50.8,51.5,66.9,63.2,45.1,27.2,77.8,AI/ML,0
STU105592,22,Male,8.01,76.4,0,56.4,42.3,67.7,77.3,1,1,0,0.7,0,2,0,872,1,42.7,48.6,98.9,60.8,65.7,91.3,75.9,Cloud Computing,0
STU107691,22,Female,8.14,79.9,0,47.8,,41.3,56.1,1,0,1,4.7,1,1,0,376,1,77.9,52.7,67.3,36.2,41.4,29.6,73.6,AI/ML,0
STU100835,21,Male,7.75,79.4,0,63.4,60.6,53.5,29.7,2,1,0,1.3,1,2,1,680,2,55.4,73.7,71.6,73.4,71.8,95.3,78.7,Data Science,0
STU108996,23,Male,7.43,73.9,0,48.5,67.1,60.8,52.4,2,1,2,7.1,2,1,0,342,2,65.4,70.1,58.7,61.9,84.3,25.6,67.9,Software Development,0
STU100612,22,Female,8.49,100,0,42.2,65.6,68.6,62,1,0,0,0,1,1,0,1084,2,52,54.3,74.9,36.3,74.9,47.6,55.9,Data Science,1
STU102183,20,Female,9.65,68.2,0,59.7,47.1,82.7,54.3,4,2,1,2.8,0,1,1,1117,6,61.9,63.7,77.7,74.7,46.4,43.5,71.3,Business Analytics,0
STU105113,22,Male,7.9,68.5,1,55.3,61.5,36.5,,2,2,1,3.9,2,0,0,315,2,59.1,53,61.8,41,62.3,67.1,79.8,Software Development,0
STU104785,22,Male,8.26,70.1,1,41.3,58,55.5,60.6,3,1,1,5.2,3,0,0,551,4,69.3,66.9,,60.5,77.4,64.7,73,Software Development,0
STU108943,23,Female,7.07,79.1,1,63.2,51.4,79.2,54.2,5,0,0,0,2,2,0,901,5,51.4,96,55.4,38.3,27.9,38.9,70.6,Data Science,0
STU100323,23,Male,7.67,93.4,0,65.9,43.3,69.8,69.3,1,1,1,,1,3,0,724,0,53.6,49.5,48.2,50.8,40.3,111.5,75.4,Data Science,0
STU101689,22,Female,5.84,93.2,0,,36.5,44.1,36.1,4,1,2,5.6,2,1,0,815,6,63.9,74.6,62.8,77.4,73.3,76.2,69.6,Cloud Computing,0
STU107206,21,Female,7.64,78.3,2,27.2,49,72.4,57.2,2,2,3,11.5,0,0,0,431,1,73.8,54.1,67.5,30,36.3,77.7,70.2,Business Analytics,0
STU106946,23,Male,7.05,69.3,0,42.1,51.9,48,48.6,3,1,1,2.8,2,2,0,664,3,,60.8,81.2,40.6,43.6,13.8,60.5,Data Science,0
STU103994,21,Male,6.76,80,3,51,67.5,61.7,34.6,0,0,1,4.1,2,1,0,758,0,72,53.8,76,72.3,59.8,39.2,65.4,Data Science,0
STU101176,20,Male,7.51,85.3,1,64.7,53.4,45.5,57.6,3,0,1,5.3,5,2,0,719,4,67.3,58.7,61.3,33.1,29.3,84.4,85,Software Development,1
STU105628,19,Female,8.15,71.1,0,59.8,23.1,30,38.7,1,0,1,4.5,1,2,0,691,1,51,62.4,75.7,76.5,72.5,18.2,44.4,Data Science,1
STU107136,24,Male,8.5,94.1,2,41.2,59.1,44.5,98.7,2,0,1,2.6,2,2,1,324,1,68.9,57.4,53.9,45.3,66.7,75.2,82.2,Software Development,1
STU107473,21,Male,8.48,82.7,1,72.8,53,63.7,70.3,2,0,1,3,1,0,0,935,2,73.2,49.3,76.3,57.2,38.4,31.3,70.2,Software Development,1
STU101672,20,Female,6.23,83.3,0,89.5,27.7,64.8,26.8,2,2,1,2.9,2,1,0,1051,3,58,45.5,65.2,84.8,45.2,136.9,56.4,Data Science,0
STU100131,21,Male,6.84,97.3,0,59.1,24,67.6,48.1,3,0,1,3.1,4,4,0,704,2,64.6,72.4,85.4,48.9,50,76.2,84.1,Software Development,0
STU100742,23,Male,7.67,81.9,1,58.6,63.7,66.8,45.6,3,2,1,3,3,1,0,505,3,61.8,70.3,83.1,68.3,59.5,24.9,83.8,Software Development,0
STU100803,22,Male,7.17,99.5,1,61.9,71.8,63.5,59.7,3,3,1,3.9,2,0,0,1089,2,69.4,73.6,81.4,56.1,41.9,14,83.5,AI/ML,1
STU105577,22,Female,7.24,91.6,1,75.3,48.8,71.8,54.8,0,0,2,9.5,3,1,0,834,0,53.7,53.1,83.4,52,94.2,75.1,73.6,AI/ML,0
STU108946,24,Male,7.99,72.5,2,41.3,42.8,27.5,56.1,1,0,1,5.4,3,1,0,882,3,64.7,71.5,76.7,53.4,64,46.4,55.2,Software Development,1
STU103190,20,Male,8.08,80.3,1,60.6,60.8,71.4,32.3,1,0,0,0.8,2,1,0,911,2,53.6,47.1,68.7,37.2,71.1,111.9,78.5,Software Development,0
STU102792,22,Male,7.5,83,1,44.7,59.9,70.9,37.1,2,0,1,6,2,0,0,253,2,62.8,61.1,78,56.4,69.9,32.7,,Business Analytics,1
STU107791,21,Female,7.8,,1,52,71.2,78.2,61.7,1,0,1,3.8,1,2,0,698,0,41.5,74.8,66.8,55.3,92.3,38.2,64.5,Data Science,0
STU103606,23,Male,8.28,81.6,1,65.2,59.6,71.7,26.9,3,2,0,0,4,2,0,927,3,53.7,69.1,80.6,39.7,64.4,78.3,76.3,Software Development,0
STU105396,22,Male,7.21,64.9,0,65.5,56.5,27.1,65.2,1,0,1,10.9,1,3,0,563,1,62.4,61.1,78.1,56.6,53.3,76.2,73.4,Data Science,0
STU106138,19,Female,7.8,80,0,62,50.1,59.2,50.9,1,0,1,2.8,1,1,0,997,0,66.1,50.1,95.9,91.6,68.5,30.9,70.4,Data Science,0
STU108713,23,Female,7.44,86.3,1,39.5,49.9,46.3,59.1,1,0,4,18.9,2,3,0,553,2,63.9,55.7,75.3,54.3,81.1,81.5,68.7,Cyber Security,1
STU107376,21,Male,7.95,86.6,0,66.3,,46.5,93.1,4,1,0,0,2,1,0,764,6,50.4,63.2,74.3,28.5,68.2,58.3,79.8,Software Development,1
STU104680,20,Male,7.11,99.8,1,45.5,49,64.6,53.4,3,1,0,0.9,2,0,0,685,2,54.9,73.3,79.7,31.6,71.6,63.4,75.2,Data Science,0
STU106425,22,Female,9,77.3,1,52.5,57.5,89.8,77.6,3,1,1,3.5,2,4,1,887,2,80.2,59.5,85.3,50,50.9,6.2,93.9,Software Development,0
STU106286,20,Female,7.67,78.2,0,42.2,,68,59,2,0,1,6.1,2,2,0,768,3,64,53,82.5,38.3,62.2,71.6,89.5,Cloud Computing,1
STU102291,22,Female,7.63,91.2,1,51.3,49.8,67.9,55.1,3,1,0,0,4,2,1,1072,3,77.7,56.6,77.4,45.5,49.9,40,68.4,Data Science,0
STU109198,24,Female,6.86,75.7,0,65.5,64.5,85.3,61.8,3,1,0,0,2,2,0,1000,3,47.7,78.3,69.9,55.4,63.1,18.6,73,AI/ML,1
STU109834,21,Female,7.05,78.4,0,59.2,33.8,55.2,70.9,4,2,1,3.8,1,3,0,863,3,60.3,57.9,79.2,30.5,36.5,36.4,89.8,Cloud Computing,0
STU107920,24,Male,8.22,83.6,1,72.6,69.6,40.9,72.7,5,5,2,7.1,3,2,1,711,5,70.9,88.9,70.1,54.2,43.7,78.4,87.8,Software Development,0
STU108425,22,Male,7.42,85.4,0,34,57.3,72.3,34,2,0,1,2.6,3,1,0,914,2,69.7,59.5,76.7,51.6,93.5,74.7,76.1,AI/ML,1
STU100946,21,Male,6.73,87.3,0,31.4,45.7,41.8,51.6,1,1,1,6.7,4,1,0,752,2,69.6,50,64.4,51.7,58.5,33,67.8,Cloud Computing,0
STU100701,23,Male,5.98,86.2,1,27.1,57.8,72.6,59,7,5,2,7.1,1,3,2,1166,6,,84.3,54.8,65.6,64,83.8,84.8,Cloud Computing,0
STU108325,21,Male,7.37,74.3,0,22.5,51.5,51.8,43.5,5,3,3,16.9,1,0,0,454,5,64.9,68.4,70.6,56.7,66.1,53.8,63,Cloud Computing,1
STU106108,24,Female,7.27,80.3,2,51.9,43.5,57.2,49.6,2,1,0,1.9,3,1,0,1229,2,68.4,52.6,69,67.4,66.1,20,66.3,AI/ML,0
STU109674,25,Male,6.91,81.9,1,52.5,35.3,89.3,68.7,3,1,2,7.4,3,1,0,864,2,59.6,61.5,75.7,77.5,46.9,59.7,88.5,Software Development,0
STU108600,21,Male,6.78,80.2,3,49.4,80.6,49.5,31.4,3,1,0,0,3,0,0,748,2,65,71.3,60.2,56.1,47.4,49.3,78.6,Software Development,0
STU103432,23,Male,6.45,79.8,1,18.9,53.5,63.6,28.7,1,0,1,2.9,1,1,0,1078,2,70.4,60.9,71.7,37.2,58.4,106.3,,Software Development,0
STU101934,23,Other,7.63,69.9,1,50.9,47.1,60.7,56.3,1,0,1,5.6,8,1,0,437,0,65.1,67.3,71.2,62.9,62.2,27.2,100,Data Science,0
STU104366,23,Female,8.42,64.7,0,,68.8,56.8,65,2,1,0,0.5,0,2,0,883,1,54.5,66.2,67.2,44.5,36.7,21.3,64.2,AI/ML,0
STU101676,20,Male,8.43,81,0,59.7,69.3,57.3,63,5,0,0,0.8,0,0,0,1008,4,35,67.8,73.9,46.1,46,78.5,60.3,Software Development,0
STU106155,24,Female,8.91,87.3,0,65.3,56,53.8,65.6,3,1,0,1.5,3,0,0,912,2,71,50.5,80.7,21.5,30.9,47.8,81.4,Cloud Computing,0
STU100774,23,Female,7.81,86.1,0,43.6,89.9,44.7,76.8,4,1,1,4.6,2,2,0,482,4,77.2,55.4,66.2,25.2,72,26.4,81.4,Software Development,0
STU108812,24,Female,8.18,93.7,2,49.3,52.1,45.2,74.9,1,0,0,0,3,0,0,1171,0,67.7,41.1,90.6,64.3,75.6,59.6,75.5,AI/ML,0
STU104748,20,Female,6.65,80.4,0,44.3,61.3,52.6,15,1,0,3,8.8,2,0,0,882,1,64.1,49.2,80,49,42.5,92,50.9,AI/ML,0
STU105470,23,Female,7.61,74.2,0,45.2,48.5,53.1,45,2,1,1,4.2,2,2,0,867,1,73.3,63.3,74.6,65.6,62.2,29.6,67.1,AI/ML,0
STU101210,22,Male,7.23,90.5,2,65,57.6,59,69.3,6,4,2,6,0,3,0,364,6,60.9,63.8,82.5,54.6,63,21.9,87.1,AI/ML,0
STU108252,22,Male,6.92,74.2,0,42.2,51,50.6,41.5,2,0,0,0,3,1,0,657,2,75.1,62.6,63.2,55.5,55.5,51,65.5,Cyber Security,0
STU100446,20,Male,7.42,68.1,1,36.2,30.8,74.6,64.4,2,1,3,14,3,1,0,872,3,86,58.9,83.7,44.8,83,35.1,88.4,AI/ML,1
STU101783,19,Other,7.03,78.6,0,64.2,34,55.1,51.1,4,3,1,3.3,3,0,0,843,6,74.7,54.6,63.7,73.3,80,25.2,65.7,AI/ML,0
STU105985,19,Female,8.67,,0,94.7,47.5,69.2,70.9,4,1,0,1.6,1,2,1,1113,3,54.2,56.2,67.9,41.4,82.9,39.5,88.9,Software Development,0
STU107728,23,Female,8.58,70.7,3,84.3,67.8,67,64.6,3,1,0,0,1,0,0,741,3,47.1,58.3,73.6,77.9,42.7,58,82.7,Cyber Security,1
STU102497,22,Female,7.75,79.1,2,47,54.5,72.2,55.7,0,0,3,8.6,6,2,0,574,1,86.5,62.7,60.1,69,82.7,31.3,62.5,Data Science,0
STU109917,20,Male,7.2,84,0,47.1,56.3,57.1,65.1,3,1,1,3.8,3,2,1,519,3,70.1,61.6,63,48.4,39.8,65.1,85,Software Development,0
STU109805,22,Male,8.75,93.8,1,41.1,60.3,47.2,91,2,2,0,0,2,0,0,626,2,73,55.5,75.7,47.7,66.6,93.6,91.8,Cloud Computing,0
STU109429,20,Male,7.95,83.1,0,58.8,42.5,55.1,40.9,3,0,2,5.7,1,1,0,655,5,63.2,66,66.5,62.7,47.2,21.9,63.3,Data Science,1
STU104681,23,Male,7.73,82.1,0,73.4,39.2,55.3,69.7,0,0,0,1.5,3,3,0,587,1,48.4,55.3,70.5,50.3,43.4,50.2,80.8,AI/ML,0
STU108988,19,Male,6.51,83.5,1,55,,63.4,47.2,1,0,3,13.5,2,0,0,584,2,69.5,63.4,66.1,72.6,35.1,63,58.7,Data Science,0
STU103666,20,Male,8.56,77.8,1,81,48.1,89.8,78.6,3,2,0,1.8,1,0,0,1220,4,57.6,50.6,69.2,72.3,49.1,59.3,82.5,Data Science,0
STU102280,20,Female,6.77,87.6,1,44.2,56.3,31.7,59.9,6,4,1,2,1,1,0,750,7,64,71.8,66.6,42.9,75.9,77.6,52,Business Analytics,0
STU106891,21,Male,8.65,87.7,0,37.6,85.8,57.4,51.1,4,1,0,0.7,1,1,0,711,3,59.3,75,,46.8,46,53.2,68,Cloud Computing,0
STU107944,22,Male,7.08,84.6,1,41.2,54.6,51.3,50.7,3,2,0,0,3,2,1,223,4,67.9,61.4,67.3,66.1,33.6,79.9,70.2,Software Development,0
STU107001,20,Male,7.27,83.8,1,45.4,67.8,69.7,61.5,7,4,1,5.7,3,1,0,941,7,58.2,68.5,80.3,49.5,64.6,25.9,,Business Analytics,0
STU100775,22,Male,5.8,68.8,0,68,56.7,45.2,29.2,1,0,1,3.8,1,3,1,554,1,71.8,55,65.7,67.4,40.1,38.3,58.4,AI/ML,0
STU102129,22,Male,6.06,79.3,1,40.2,55.8,,19.7,2,1,2,8.6,2,4,1,371,1,49.6,39.9,52.6,55.6,29.9,57.1,52.6,AI/ML,0
STU104755,24,Male,5.86,91.3,0,22.2,19.5,63,27.2,2,1,0,1.2,3,2,0,514,3,58.3,69,76.1,52.3,46.9,25.5,59.6,Software Development,0
STU100753,21,Male,8.7,94.7,2,60.2,60,32.6,44.6,1,0,1,5.5,0,2,0,733,2,59.5,,61.7,51.6,75.3,117.2,71.2,Software Development,0
STU101712,19,Female,8.42,85.5,0,46.3,69.5,70.2,48.1,5,1,1,2.3,3,5,0,1015,5,65.5,79.8,86,55,61.9,58.7,71.9,Software Development,1
STU107200,23,Male,7.25,64.9,2,68.9,56.5,49.2,55.8,5,2,1,2.5,5,1,0,367,4,57.1,75.9,75.6,43.2,67,15.5,73.6,Software Development,0
STU107509,21,Male,7.75,75.4,1,53,46.4,72.5,44.2,4,2,1,4.9,1,0,0,990,5,67.8,52.4,85.1,47.6,69.1,43.4,77,AI/ML,1
STU102587,22,Male,6.19,76.9,0,50.3,39.1,72.6,48.1,1,0,0,0.4,2,1,0,481,1,73.8,61.1,75.5,64.3,48.1,78.1,72.1,Software Development,1
STU109145,23,Female,6.49,75.2,2,,57.6,55,60.6,4,2,0,2.4,3,1,0,100,5,52.6,,68.1,66.3,74.2,74.7,46.9,Software Development,0
STU109105,21,Female,7.23,63.6,1,45.3,51,73.6,47.2,2,1,0,1,4,1,0,1071,2,75.1,61.4,70.9,59.2,96.5,37.2,85.8,Cloud Computing,1
STU103488,22,Male,7.31,71.5,1,48.7,72.1,78.5,46.6,8,1,0,0,3,2,0,1158,7,51.1,83,86.4,54.9,64.5,38.6,70.5,Software Development,0
STU104232,22,Female,7.84,80.9,0,57.3,44.7,64.1,65.9,1,0,3,12,2,1,0,488,0,70.9,77,76,47,69.2,43.8,64.4,Data Science,0
STU103256,22,Other,6.62,83.5,0,59,60.9,64.3,38.1,1,0,1,3,2,4,1,826,1,81.9,71.4,73.7,70.3,65.8,55.7,,AI/ML,1
STU101778,22,Male,8.42,87.2,0,38.8,50,46.2,65.4,2,2,0,0,1,4,1,732,3,61.1,62.1,68.9,69.7,77.7,54.3,60.1,Software Development,0
STU109931,20,Male,8,91.4,1,78.4,78.2,62.6,,3,2,0,0,2,3,0,685,4,48.2,58.4,80.4,57.3,100,138.1,83.7,AI/ML,0
STU107399,21,Male,7.6,74.5,2,21.8,70.5,67.7,64.8,1,0,1,3,1,1,0,763,1,61.3,52.1,60.8,75.9,29.2,148.8,80.7,Cloud Computing,0
STU103972,22,Male,8.29,72.2,1,60.9,75.1,56.9,43.7,1,1,2,5.5,2,0,0,841,0,67,77.8,66,61.2,56.2,,68.8,Software Development,0
STU102651,21,Female,7.53,94.3,0,54.8,57.9,,67.8,2,1,1,4.7,1,1,0,755,1,71.1,68.9,100,27.2,48.4,33,70.2,Data Science,1
STU106857,21,Male,8.09,77.3,1,86.4,44.3,59.3,58.6,2,1,3,13.8,2,3,0,1123,3,74.1,58.8,65.2,35.9,41.9,44.8,52.8,Cyber Security,0
STU107396,22,Female,8.56,81.4,0,94.6,81.1,44,76.8,2,0,0,0,6,1,0,1170,1,76.1,76.7,67.1,69.6,59,97.5,93.1,Data Science,0
STU108626,23,Female,6.87,80.7,0,50.8,48.4,84.8,41.5,3,2,1,4.4,3,1,0,976,2,73.8,56.5,86.4,45,83.7,58.1,59.7,Cloud Computing,1
STU104749,21,Female,6.81,87.7,2,51.4,47.3,45.7,67.8,2,1,1,3.2,0,0,0,523,1,63.9,65.5,78.5,22.2,64,65.4,69.5,Cloud Computing,0
STU104832,20,Female,7.73,87.7,0,58.9,68.7,38.7,52.8,1,0,2,9.6,2,0,0,851,2,82.6,57.7,61.7,59.5,86.8,109.1,64.5,Data Science,0
STU109920,24,Female,6.49,80.8,0,40.1,55.2,52.8,62.2,1,0,1,1.2,2,0,0,867,1,59.4,70,67.8,26.1,63.5,55.4,81.5,AI/ML,0
STU100511,20,Female,7.24,75.7,2,32.5,52.7,68.7,78.3,3,0,1,7.8,0,0,0,793,2,50.2,45,68.1,59,61.8,26.8,93.7,Cloud Computing,0
STU104866,22,Male,7.81,69.2,0,50.2,58.3,56,91.9,5,1,1,3.7,4,1,0,1081,5,73.6,73.9,65,51.1,35.7,109.3,88,Cyber Security,0
STU101713,22,Male,7.9,96.2,3,44.8,61.7,74.6,61.8,2,2,1,2.8,3,1,0,660,2,56.7,60.6,83.3,51.5,77.9,44.3,75.8,Data Science,0
STU108533,22,Male,7.13,80.6,2,44.3,58.8,48.7,54.8,2,1,2,7.4,5,4,0,864,1,85.8,72.9,69.6,45.5,50.1,34.4,74,Data Science,0
STU107512,20,Female,8,91.1,0,69.1,59.8,62.6,51.9,2,1,3,16,2,1,0,827,2,80.2,64.6,66.9,46.9,61.4,93.7,84.9,Software Development,1
STU103801,21,Male,6.7,71.8,0,29.8,62.9,50.2,40.3,3,1,0,0,1,0,0,436,4,43.8,,71,32.6,79.1,53.9,60.7,Cloud Computing,1
STU108511,20,Male,8.33,87.5,0,57.5,,58.8,39.2,3,1,1,2.6,2,2,0,553,4,75.2,74.3,66.5,59.2,53.5,49.3,81,Data Science,0
STU101669,22,Male,7.42,68.2,1,57.9,61.3,61.7,67.3,4,2,0,1.7,0,2,1,1218,3,50.1,,53.8,62.4,75.8,60.1,61,Business Analytics,0
STU102686,22,Female,7.46,74.9,0,63.1,50.5,41.8,60.5,0,0,3,11.5,2,1,0,511,0,55.1,48.9,78.4,56.4,65.6,23.6,75.7,Software Development,0
STU103113,23,Female,7.38,77.6,0,27.9,63,75.9,52.8,3,2,1,2.5,2,0,0,332,2,62.5,79,65,45.1,60.3,103,77.9,Software Development,0
STU103901,22,Female,5.45,78.2,1,51.9,31.9,74.9,31.7,0,0,0,0.1,1,2,0,621,0,47.4,53,82.9,59,48.2,63.1,81.8,Software Development,0
STU103644,21,Male,8.52,79.2,1,38.3,58.9,43.2,58,4,1,1,4.2,1,1,0,948,3,54.6,72.2,61,56.7,82.6,,77,Data Science,1
STU105624,20,Male,6.85,82.7,1,,45.5,49.2,50.1,2,2,2,10.5,3,3,0,878,1,100,65.3,,56.3,73.4,33.7,72.9,AI/ML,0
STU103825,21,Male,7.1,82,0,52.7,50.1,55.4,36.6,1,1,1,4.3,1,5,1,611,0,50.6,45.4,79.3,65.8,77.5,175.6,73.9,Business Analytics,0
STU105881,23,Male,8.17,87.9,0,52.8,66.8,53.8,50.1,4,2,2,7.1,1,1,0,568,3,63.9,67.4,68.4,22.7,89,88.3,69.6,Software Development,0
STU106099,23,Female,8.02,73.7,1,51.2,48.5,61.8,78,3,1,1,3.6,4,0,0,685,2,83,61.2,68.3,64.7,37.3,48.1,81.3,Data Science,0
STU102344,21,Female,7.87,,0,44.3,64.9,72.4,70.9,3,1,1,2.7,2,4,1,854,2,67.2,49.2,68.3,64.9,50.1,68.2,89.5,Cyber Security,0
STU102010,22,Female,7.31,81.8,0,42.9,48.9,42,42.8,1,1,2,12.2,0,1,0,577,0,53.5,41.3,69.2,50.1,34.2,43.6,65.1,Software Development,0
STU100229,21,Male,7.86,98.4,1,40.7,68.5,64.7,77.2,2,0,0,0,0,0,0,773,2,44.3,65.2,68.5,48.7,35.7,37.7,92.8,Cyber Security,0
STU101671,22,Male,7.13,73.4,0,42,33.6,56.7,,0,0,2,8,1,1,0,556,0,65.2,56.8,70.7,39.8,61.9,,77.8,Cyber Security,0
STU101825,21,Male,6.96,79.1,0,47.7,53.5,64,39.7,0,0,2,10.3,2,2,1,343,2,64.2,36.3,71,65.5,55,28.6,71.9,Software Development,0
STU108021,23,Female,6.35,90,0,58.8,58.5,46.8,23.6,5,4,0,0,2,1,0,609,5,36.2,68.8,78.1,83.8,48.8,90.4,59.2,Cyber Security,0
STU108114,21,Female,8.61,90.9,0,76.6,76.4,58.2,57.6,2,0,2,5.2,1,2,0,1056,1,56.6,53.1,67.1,63.2,54.9,25.5,90.7,Software Development,0
STU100167,23,Female,8.27,74.2,1,56.6,52.8,69.4,44.6,1,0,1,3.7,3,2,0,767,0,77,61.3,62.8,69.9,60.4,43,76.3,Data Science,0
STU100413,21,Male,7.26,92,0,53.1,41.2,41.8,37.3,3,0,0,0,4,1,0,777,4,68.9,69.1,54,65.7,51.6,52.1,62.1,Data Science,0
STU105673,22,Male,8.24,64,1,52.1,65.6,56.6,48.5,0,0,3,14,3,5,0,437,0,79.5,55.9,71.9,93.9,46.1,10.2,69.9,AI/ML,0
STU106512,21,Male,6.22,84.5,2,,55.3,31.6,45.5,1,1,0,0.5,7,2,1,401,2,75.6,51.3,77.2,49.2,40.8,114,65.7,Software Development,0
STU105760,19,Male,8.09,78.4,1,48.3,76.9,55.6,61.3,2,1,0,0.2,2,0,0,848,3,52.8,70,74,55.4,73.7,46.8,73.4,Business Analytics,1
STU106426,23,Male,7.34,100,0,48.3,55.3,75.7,56.3,2,1,2,7.4,2,3,0,780,2,75.5,48.3,80.5,61.5,66,85.3,83.3,Data Science,0
STU103634,22,Female,8.51,74.8,0,29.7,57.1,58.1,65.7,6,3,0,0,0,2,0,425,5,72.4,73.9,75.8,44.3,45.5,56.2,65.4,Software Development,0
STU104893,20,Female,5.77,84.7,0,46.4,45.2,43,35.8,2,1,2,11,2,1,0,716,3,58.1,50.1,68.1,57,47.6,71.2,61.9,Software Development,1
STU107140,22,Male,6.61,98,1,41.7,48.1,94.2,41,5,1,3,10.3,1,1,0,1132,4,53.3,67.6,89.2,37.3,55,63.2,,Cloud Computing,1
STU102016,22,Male,8.48,70.8,0,48.7,53.2,83.8,44,3,2,1,3.1,0,1,0,268,4,,60.5,62.3,47,55.9,104.3,83,AI/ML,0
STU105183,22,Male,7.28,82.6,0,47.9,50.5,55.9,62.5,1,0,1,5.5,2,3,0,569,1,61.8,68.4,79.4,77.5,44.7,18.4,74.6,AI/ML,1
STU103212,22,Male,8.13,66.8,2,65.1,49.7,64.9,59.5,1,0,2,7.2,2,0,0,481,1,63,49,64.6,52.4,42.4,22.6,77.7,Software Development,0
STU107281,21,Male,8.18,78.8,0,47.4,53.1,73.5,46.4,2,1,0,1,3,1,0,336,3,61.9,50,69.1,72.7,60.1,68.7,70.3,Software Development,1
STU103232,23,Male,7.48,90.6,0,80.5,38.7,53.9,38.8,0,0,0,0,2,0,0,1223,2,62.2,43.7,73.4,43,68.1,48.3,69.4,Business Analytics,1
STU104989,21,Female,7.31,71,0,56.5,67.8,76.1,,6,3,1,3.7,1,1,0,617,6,65.4,55.9,85.8,67.4,65.3,20.2,85.6,Data Science,0
STU107349,22,Male,7.78,93.6,0,23.7,57.2,65.7,61.3,3,2,1,3.9,2,3,0,392,2,52.8,46.9,80.2,81.7,72.3,67.3,72.7,Cyber Security,0
STU107745,19,Female,8.76,88.7,1,56.6,60.9,85.1,48.3,2,0,0,0.5,5,2,0,497,4,42.6,61,77.2,62.2,33.3,84,88.7,Business Analytics,0
STU109522,21,Female,6.73,78.1,0,65.2,46.4,54.7,20.9,1,0,2,7.6,1,0,0,1222,2,57.2,56.6,67.1,60.4,79.2,47.8,54.8,Software Development,0
STU100773,22,Female,7.81,77.1,2,46.2,44.6,48.3,31.8,3,1,1,4.6,3,0,0,820,2,55.9,70.1,65.4,39.7,65.8,55.9,74.8,Software Development,1
STU105530,22,Male,5.94,97.3,0,,60.2,79.3,44.5,3,0,2,6.5,2,1,0,843,5,68.4,61.3,,63,69.2,63.9,70.7,Software Development,1
STU106892,21,Female,7.92,82.4,0,67.4,44.4,32.6,61.6,4,2,2,11.9,3,3,0,657,4,77.3,54.4,71.1,47.2,41,86.7,62.6,Cloud Computing,0
STU108770,22,Male,7.1,78.6,0,52.4,43,50.6,38.7,0,0,1,5.5,1,5,0,680,1,62.6,55.8,,62.4,40.4,81.1,55.1,Cloud Computing,0
STU109142,23,Male,5.74,89.1,1,52.8,53.8,77.2,46.1,1,0,1,4.5,3,1,0,566,0,75.7,51.4,75.5,31.5,45.5,14.4,96.9,Data Science,0
STU109340,22,Male,7.35,83.2,0,53.1,52.7,60.6,45.3,2,1,0,0.5,4,2,1,872,1,74,45.6,78.5,78.1,74.6,,86.8,Software Development,0
STU103885,21,Female,7.67,92.7,0,60.1,58.5,56.1,62.7,3,1,0,0.4,0,2,0,1153,2,49.5,79.8,74.5,42.8,41.1,38.1,64.7,Cloud Computing,1
STU100879,22,Male,8.32,90.3,1,34.2,56.2,54.6,95.3,2,0,0,0,2,1,0,468,3,73,51.3,57,40.4,43.1,52.2,61.7,Software Development,0
STU109748,21,Male,7.63,77.5,0,48.6,43.9,62.2,48.2,2,1,2,11.4,2,1,1,873,1,57.6,68.3,46.9,43.8,22.9,84.2,71.9,AI/ML,0
STU104055,22,Male,7.64,87.8,0,47.7,82,67.7,49.7,2,1,0,0,4,1,0,769,1,49.4,50.3,67.4,16.2,29.6,12.5,81.3,Software Development,0
STU107375,21,Female,8.47,74.1,2,54.6,55.7,55.1,43.8,3,1,0,0,1,2,0,850,10,51.6,66.8,66.3,46.8,47.8,70.8,74,Business Analytics,0
STU102100,23,Male,8.37,81.7,0,56.8,86.8,55.1,63.4,1,1,1,3.4,4,1,1,574,1,74.3,67.9,,81.2,58.8,69.6,67.6,Software Development,0
STU106376,22,Female,7.52,82.5,0,97.6,66.8,98.1,38.7,4,2,3,13.6,2,0,0,1056,5,79.9,65.3,91.6,42.7,53.2,63.5,79.4,Cloud Computing,0
STU104310,19,Female,7.76,78.8,0,67.9,67.8,62.4,54.3,6,0,0,0,1,2,0,791,7,60.7,83.9,75.8,73.6,75.3,37.4,73.9,Software Development,0
STU107885,20,Male,7.47,82.4,1,50.1,37.5,71.1,43.2,1,1,0,0.5,1,1,0,876,0,69.5,55.1,78,65.1,52.8,35.4,66.3,AI/ML,0
STU108660,22,Male,7.04,75.6,1,62.8,47.2,61.5,49.3,0,0,1,6.6,0,2,0,803,0,62.5,53.2,,41.5,80.5,107.7,72.9,Cyber Security,0
STU101650,21,Female,7.76,84.9,3,46.4,62.8,42.7,58,4,3,1,3.4,3,0,0,951,5,87.7,62.2,81.7,49.1,59.2,80.3,83.7,Data Science,0
STU105906,21,Female,6.93,68.1,0,52,30.3,65.9,44.2,1,1,0,0,3,2,0,931,2,63.7,57.9,76.6,54.2,84.6,44.4,74.5,AI/ML,1
STU109687,22,Male,7.86,88,0,38.6,45.3,42,87,3,1,0,0,1,1,0,679,5,50.5,68.9,60.3,23.6,69.1,70.6,,Cyber Security,0
STU103225,22,Male,6.4,90.7,1,33.8,29.9,54.2,32.8,2,0,1,3.6,3,1,0,567,1,69.4,65.3,66.1,54,67.5,77.8,66.2,Data Science,0
STU109374,22,Female,8.63,71.7,0,85.3,93.3,,56.9,2,0,1,5.1,3,0,0,1091,1,64.5,56.4,63.9,55.8,45.1,17.9,82.6,Software Development,0
STU108937,20,Female,8.2,90.7,1,56.7,41.8,50.6,72.9,6,2,0,1.7,1,2,0,1187,6,75.8,62.2,69.5,40.9,46.3,167.5,76.3,Cyber Security,0
STU103378,21,Male,7.28,75.8,0,23.8,49.6,80.7,54.4,3,0,1,5.4,1,2,1,639,4,48.4,74.1,77.2,83.7,61.6,28.5,66.2,Data Science,1
STU104691,23,Male,8.03,77.1,0,72.3,78.4,40.3,57.2,4,3,1,3.3,5,2,0,745,4,63.4,74,64.5,53.5,26,40.1,66.3,Software Development,0
STU107270,22,Male,6.52,100,0,61.2,57.9,44.3,36,5,1,1,4.2,1,3,1,648,5,,67.6,66.2,62.1,37.5,46.3,62.2,AI/ML,0
STU103712,22,Female,6.42,69.2,1,35.2,42.4,44.3,61.2,1,1,4,16.9,3,2,0,840,1,64.7,57.3,62.8,72.8,48.3,57.2,72.2,Software Development,1
STU103527,22,Male,8.35,90.1,0,56.6,22.2,48.9,41.4,2,0,1,4.6,6,0,0,801,2,54.9,56.7,62.8,35.5,60.8,33.7,74,Software Development,0
STU106080,20,Female,7.77,88.9,0,38.4,38.5,45.3,63.9,2,0,0,0,1,1,1,581,6,58.6,59.3,52.8,56.1,55.2,78.7,92.1,AI/ML,0
STU105046,23,Female,7.11,88.6,0,69.8,36.7,49.6,39.5,2,0,1,5,2,2,0,572,3,,60.5,75.3,60.1,54.7,25.7,68.7,Software Development,1
STU101454,21,Male,7.96,75.8,1,65.9,39.9,35.6,51.2,2,1,0,0,2,0,0,1009,2,39.7,70.7,72.8,47.4,51.5,118.6,65.7,Cloud Computing,0
STU106490,21,Male,7.2,82.2,1,42.8,50.7,50.3,39.7,1,0,2,7.7,3,0,0,587,0,48.4,55,59.5,52.8,42.3,10.7,76.2,AI/ML,0
STU106491,23,Female,7.9,,0,44.1,54.3,58.8,57.4,2,0,0,1.1,3,2,0,100,3,63.8,63,,57.7,30.8,61.2,73.6,Cloud Computing,0
STU106840,22,Male,7.57,90.8,0,48.5,57.5,61.3,53.3,4,2,0,1.7,4,2,0,398,3,97.2,71.8,70.2,53.7,52,18.5,76.7,AI/ML,0
STU105891,23,Male,8.6,65.2,0,53.7,37.5,74,63.6,0,0,1,3.2,1,2,0,515,0,47.4,,53.9,27.4,51.9,21.5,78.1,Data Science,0
STU100397,23,Male,6.91,71.2,2,37.9,53.4,27.5,41.4,1,1,2,8.4,1,3,0,694,0,,73.6,73.1,61.2,57.7,88.4,82,Business Analytics,1
STU106277,23,Male,8.57,84.2,0,63.1,55.9,48.8,49.1,2,0,1,4.4,3,1,0,707,1,46.7,73.5,66.9,44.6,58.2,54.3,79.2,Software Development,0
STU103246,22,Female,6.4,78.1,0,42.9,56,62,47.8,4,1,0,0,4,0,0,820,6,62.5,87.6,78.9,46.9,67.4,47.6,60.4,Business Analytics,0
STU109918,22,Male,7.18,99.3,1,44.9,37.4,58.6,63.4,2,2,4,20.5,1,4,0,884,1,70.4,59.1,80.2,71.4,87.2,63.9,,Data Science,0
STU103509,22,Female,6.16,75.9,1,37,41.6,62.2,40.4,2,2,1,0,0,2,0,327,3,38.3,55.2,69.7,48.2,73.6,38.7,55,Cloud Computing,0
STU106063,22,Male,7.76,67.8,1,53.8,52.7,75.1,65.7,4,3,1,3.5,3,1,0,965,8,62.7,65.6,74.5,55.4,64.3,31.9,89,Data Science,0
STU107977,24,Male,6.43,83.8,0,80.7,62.3,45.4,62.3,2,0,1,5.7,1,2,0,1070,3,66.1,55.1,75.9,32.2,33.7,43.3,85.1,Data Science,0
STU104850,22,Female,6.66,83.3,2,40,47,73.9,52.9,3,2,0,0,0,4,1,1029,4,44.6,68.9,60.8,61.9,55.7,27.3,94.6,Data Science,0
STU109214,23,Male,7.69,83.9,1,65.4,47.7,42.2,56.9,4,2,0,0.7,4,1,0,659,4,57.6,59.5,68.9,51.5,74.2,25.9,79,Cloud Computing,0
STU103966,21,Male,5.7,82.4,1,37,28.9,50.3,34.9,2,0,2,8.3,2,2,0,435,2,61.8,51,69.8,53.8,39.4,57.9,69.2,Software Development,1
STU105797,24,Female,8.26,97,1,59.6,71.3,71.2,42.4,3,0,1,4.3,3,2,0,937,3,46.4,59.9,85.1,59,69.9,41.1,77.1,Data Science,1
STU105056,22,Male,8.48,82,0,77.6,61.8,29,66.1,2,0,2,7,2,1,0,704,2,51.3,72.2,60.9,40.7,71.5,6.3,72.3,Software Development,1
STU108321,22,Female,6.58,69,1,29.7,42.8,73.7,34.7,3,0,2,10.9,4,1,0,671,4,68.9,56.4,79.2,62.4,96.2,24.3,61.5,Software Development,0
STU107824,23,Male,7.6,,1,63.3,58,84,38.8,3,1,0,0.2,2,2,0,457,6,60.4,63.4,93.5,98.1,58.9,18.2,86.3,Business Analytics,0
STU104820,20,Male,7.87,72.1,0,73.7,56.1,64.2,48.6,7,3,0,0.7,4,0,0,1104,7,51,85.6,74.4,39.9,63.2,40.8,77.9,AI/ML,0
STU100322,21,Female,6.69,74.8,0,64.2,66.8,54.3,38.6,1,0,0,0.1,2,0,0,1039,0,62.2,61.5,86.7,58.6,47.2,16,71.8,Software Development,0
STU103684,21,Male,7.41,82.2,1,68.4,40.7,56.8,70.9,2,1,0,1.2,2,4,0,914,1,57.3,83.5,75.6,58.9,77.4,25,82.5,Software Development,0
STU108498,24,Male,6.05,84.4,0,41.1,55.5,31,33.7,2,1,2,6.4,2,0,0,579,3,66.8,66.1,76.5,39,45.2,76.4,64.2,AI/ML,0
STU102612,23,Male,8.93,70.1,3,56.1,72.5,47.3,62.6,3,1,1,4.1,2,2,0,610,4,41.4,68.4,71.9,53.5,55.1,38.3,51.9,Data Science,0
STU108833,20,Male,7.81,78.3,1,57.5,83,39.5,72.5,1,1,1,4.6,1,0,0,987,0,67.2,42.8,60.6,50.8,45.2,22.3,66.6,Business Analytics,0
STU108344,21,Male,8.99,86.5,1,54.1,53.5,70.5,58.8,0,0,3,17.9,3,2,0,694,0,65.7,55,92.6,67.9,51.3,45.9,79.8,AI/ML,1
STU106175,24,Female,7.44,84,1,71.1,75.1,56,43.1,2,0,1,2.9,2,2,0,826,1,46.2,62.4,71,46.2,70.1,40.6,77.3,Software Development,0
STU102399,21,Female,7.4,98.2,0,32.4,51.2,60.4,60.5,2,1,1,4,3,2,0,818,1,79.3,79.8,72.2,64.3,43.6,62.9,60.1,Software Development,0
STU104128,21,Male,6.91,70.1,0,34.5,57.5,50.3,45,3,1,0,1.3,1,4,0,838,3,68.6,48,69.5,74.2,92.4,42.6,85.7,Cloud Computing,0
STU106693,20,Female,6.51,86.7,1,29.6,35.2,64.4,31.4,5,0,2,4.8,4,0,0,519,4,77.2,70.9,71.8,43.6,60.6,45.6,66.3,Cloud Computing,0
STU102721,22,Female,7.93,94,1,81.9,50.4,62.9,58.4,4,2,1,,2,2,0,1044,4,62.4,60.4,74.1,56.2,85.4,66.7,46.7,Software Development,0
STU109415,24,Male,7.99,72.1,0,54.3,57.4,67.6,66.9,3,2,3,16.2,5,2,1,783,2,79.5,62.8,97.5,71.8,45,77.3,73.1,Cloud Computing,0
STU107683,22,Male,8.29,82.4,0,68.9,63,47.9,50.2,4,1,0,0,5,2,1,613,6,59.6,79.1,78.4,68.8,49.9,81.5,64.6,Software Development,1
STU103334,21,Male,8.21,95.2,3,63.1,68,51.2,71.7,1,0,2,9.2,1,1,0,614,1,81.6,49.7,72.1,34.6,47.6,,73.8,AI/ML,0
STU106835,22,Male,6.9,93,0,48.8,34,50.9,55.7,1,0,0,1.3,0,2,1,1083,0,48.8,40.4,70.6,39.7,54.2,48.7,76.3,Cloud Computing,0
STU103044,21,Female,8.35,83.8,0,40.9,57.8,29.4,68.2,1,1,0,0.9,2,1,0,823,3,49.4,71,65.2,65.4,58.4,69.8,59.4,AI/ML,0
STU100905,21,Male,8.94,81.7,0,72.6,56.3,44,78.8,2,1,0,0.4,0,1,0,569,1,66.4,45.7,59.4,41.2,61.9,37.7,82.6,Business Analytics,0
STU108362,21,Male,8.28,91.2,2,79,44.4,56.4,43.2,4,2,2,6.7,3,1,0,1235,3,68.5,58,65.4,47.9,64.1,101.7,48.7,Software Development,1
STU101053,22,Female,7.02,85.9,0,39.8,40.6,67.3,68.8,0,0,1,4.8,3,0,0,311,1,60.4,65.1,,48.8,29.4,35.3,79.4,Data Science,1
STU107583,22,Female,8.32,96.9,1,49.2,82.2,68.1,62.7,3,2,1,4.2,0,1,0,435,3,31.5,49.2,66.7,32.3,47.4,24,100,Cloud Computing,1
STU100579,21,Male,6.12,86.2,0,42,44.5,73,34.2,2,2,1,2.9,0,0,0,871,1,65.4,55.6,73.1,54,90.7,47.9,65.6,Cloud Computing,0
STU100706,21,Female,8.51,87.2,0,51,40.1,54.8,88.1,4,3,0,0.8,3,1,0,908,3,63,67.8,74.1,47.8,66.1,16.2,83.7,Cyber Security,0
STU106365,21,Female,7.84,78.3,2,63.7,47.8,56,58.1,0,0,0,0.8,0,1,0,967,0,38.9,60.7,58.2,58,81.7,95.1,97.2,AI/ML,0
STU105585,21,Male,7.24,88.8,0,58.7,63.4,65.2,63.3,3,2,1,4.4,1,1,0,1044,4,90,62.3,77.5,31.8,70.9,19.7,77.8,Software Development,1
STU106420,22,Male,7.59,90.6,0,51.8,67,20,60.7,4,1,1,4.9,2,0,0,1120,4,70,62.8,61.7,45,43.6,35.3,52,Software Development,0
STU101925,22,Male,7.56,75,2,60.6,49.9,78.2,49.3,1,0,0,,4,2,0,928,1,62,72.4,81.7,65.5,48.1,19.2,81.3,Software Development,0
STU101685,21,Other,6.76,88,1,54,73.8,66.6,30.7,2,2,0,0.3,2,3,0,1087,1,,65.1,72.2,43.5,63.7,22.5,62.5,AI/ML,0
STU106724,20,Male,8.71,89.1,0,63.1,63.4,52.8,71.8,2,0,1,5.9,2,1,0,689,2,49.4,67.7,64.2,38.1,77.7,108.2,78.8,Software Development,0
STU109207,21,Male,8.06,90.2,1,81.5,49.1,58.9,60.8,2,1,1,3.4,0,6,0,822,4,51.2,40,62.7,63.8,40.7,120.6,81.2,Data Science,0
STU101116,22,Female,8.32,98.5,0,58.6,55.2,62.9,73.6,1,1,1,4.4,2,3,0,866,0,68.7,59.6,100,53.5,62,38.6,88.2,Cloud Computing,1
STU104496,20,Male,7.87,91.9,0,47.4,50.6,41.1,67.9,1,0,1,2.1,1,3,2,874,2,59.2,45,55.8,72.9,55.5,102.6,70.8,Software Development,0
STU107711,21,Female,7.49,75.5,1,56.3,,20,68.8,1,0,2,11.1,2,0,0,1138,2,45,71.2,62.1,64.8,70,36.1,66.5,Cyber Security,0
STU106744,23,Female,7.72,76.1,0,61.8,76.6,62.6,45.7,4,2,0,0,3,1,0,452,4,67.3,75.5,76,61.8,66.3,46.2,55.4,AI/ML,0
STU101556,21,Male,7.26,63,0,36.1,55.9,46.2,50.5,3,3,3,16.9,1,2,1,268,3,45.1,68.7,73,56.9,52,29.3,75.7,Data Science,0
STU102040,22,Male,8.34,61.9,0,77.7,70.7,62.7,45.7,2,0,1,2.4,2,1,0,820,2,71.8,63.5,72.3,57.7,67.8,53.3,76.1,Software Development,1
STU109984,22,Female,7.43,100,0,61.4,80.7,61.8,75.1,2,0,0,0.3,0,0,0,555,2,65.2,64.4,84,20.9,42.4,26,79.1,Software Development,0
STU104485,22,Male,9.48,81,0,51.8,59.1,44.9,71.5,3,1,0,1.3,3,2,0,649,4,54.3,80.9,56,28.5,65.1,32.7,82.4,Software Development,0
STU105796,22,Male,8.37,86.5,0,67.8,57.5,44.7,61.9,0,0,1,2.7,2,0,0,869,0,64,80,63.8,36.4,65.4,55.6,70.8,AI/ML,0
STU102845,21,Female,7.56,82.1,1,42.1,35.2,50.2,37.9,1,1,3,11.8,2,3,0,596,0,65.3,,84.5,51.5,25.4,11.5,56.4,Cloud Computing,0
STU102729,24,Female,7.88,99.3,0,50.6,51.3,47.4,56.6,1,0,2,7.3,3,1,0,1372,1,58.4,57.9,70.4,50.5,57.3,91.8,91.2,Cyber Security,0
STU102767,20,Male,7.53,94.7,0,64.7,50.5,57.7,49.9,2,0,0,1.3,3,0,0,1010,2,54.5,48.4,68,58.8,61.2,35.9,66.8,Cloud Computing,0
STU101294,19,Female,7.54,74.8,0,55.6,46.9,25.9,48.8,1,0,0,0,2,1,0,589,0,36.7,58.5,76.4,85.3,38.6,32.1,,Software Development,0
STU107544,21,Male,8.78,,0,61.9,66.4,53.7,76.3,2,1,0,0,5,2,0,647,1,78.7,57,77.5,67,52.7,59.4,75,Software Development,0
STU104682,22,Male,6.68,94.1,0,35.4,38.9,95.7,66,3,1,1,6.1,0,3,0,830,3,48.4,78,89.5,75.7,35.5,14.1,91,Business Analytics,0
STU101465,23,Female,7.44,89.7,1,33.4,63.5,51,29.3,4,0,0,0,4,1,0,615,3,63.8,48.6,77.5,28.4,55.4,101,63.3,AI/ML,0
STU109974,19,Male,7.91,69.2,1,48.7,64,,65,3,2,1,5.3,2,3,1,707,2,77.9,53.2,43.7,54.4,81.1,58.6,46,Software Development,1
STU104997,21,Female,7.85,79.3,2,38.2,59.3,46.8,15,5,3,1,1.2,1,0,0,238,5,48.5,,72,39.5,45.2,54.3,61.9,AI/ML,0
STU100632,25,Male,7.62,76.6,1,59.8,60,59.9,69.3,1,1,2,10.9,3,1,0,773,0,60.3,55.1,67.1,32.1,32.5,33.8,70.9,Data Science,0
STU104454,22,Male,7.09,81.8,0,49.7,52.9,38.1,36.3,2,1,0,1.1,2,2,0,788,3,71.8,50.9,48.8,54.1,51.3,41.2,56.3,Business Analytics,0
STU102246,21,Male,6.64,71.2,1,60.8,54.1,31.2,35.2,1,0,1,4,3,2,0,758,0,66,71.5,71.4,51.3,38.8,83.8,,Software Development,0
STU108505,20,Male,9.09,76,2,66.4,52.3,61,71.6,5,1,0,0,1,0,0,938,4,70.6,66.7,80.3,44.6,65.7,6.9,82.9,Software Development,1
STU103864,24,Male,7.24,81.3,1,39.4,56.5,22.7,72.2,3,0,0,1.3,1,3,0,1036,3,71.8,69.6,62.1,68.3,35.7,19,62.1,Software Development,1
STU107232,23,Male,9.93,85,0,66.5,82.1,38.9,69.2,1,0,1,,3,0,0,648,1,64,54.3,71,41.6,67.7,102,43.9,Data Science,0
STU106405,22,Male,7.03,80,0,33.5,27.5,50.9,40.6,3,0,0,0,3,0,0,339,2,76.3,60.8,82.2,56.5,78.8,14.5,74.6,Software Development,0
STU106513,22,Male,6.67,79.6,1,60.8,71.8,32.7,41.5,4,1,1,3.8,3,2,1,909,4,72.8,50.7,54.4,47.8,14.6,45.6,62.5,AI/ML,0
STU100362,22,Male,9.06,73.9,0,68.2,56.4,36.9,84.7,4,0,1,4.9,1,4,0,913,6,71.4,80.5,51.4,77.4,58.2,38.2,74.7,Software Development,0
STU100813,22,Female,7.36,100,0,70.7,69.6,39,68.4,4,0,1,3.1,1,0,0,737,4,62,64.7,71.1,32.2,57.8,63,97.8,Cloud Computing,0
STU107725,21,Female,6.02,74.8,0,25.1,36.6,63.1,37.8,1,0,2,4.9,0,2,0,530,1,72.1,58.3,77.8,59.8,73.6,86.2,78.4,Cloud Computing,1
STU106461,23,Female,7.71,95.9,0,42.2,71.6,59.3,73.7,3,2,0,0,3,0,0,484,2,80.1,57.8,76.3,41.5,78.1,30.7,67.8,AI/ML,0
STU109402,23,Female,5.68,80.4,0,30.2,44.7,66.6,60.4,2,0,0,0,2,2,0,746,1,81.1,71.3,86.7,45.4,70.5,13.6,76,Software Development,0
STU101130,19,Male,7.88,87,0,68.8,70.7,40.9,60.1,1,1,1,2.9,1,0,0,1168,2,62.8,46.3,80.9,51,54.5,48.6,89.5,Business Analytics,0
STU100506,21,Male,7.4,84,1,35,60.1,70.1,57.5,1,0,0,,4,2,0,651,0,60.4,72.7,72.2,72,98.9,69.1,82.6,Cloud Computing,0
STU106167,22,Female,7.16,65.6,0,39.7,59.8,52.6,55.5,3,1,1,6.2,2,1,0,889,3,71.3,59.4,62.3,45.2,57.7,75.2,62.9,Software Development,0
STU101036,22,Male,8.36,95.6,0,56.3,70.7,60.5,38.9,2,0,1,3.9,3,2,1,1090,1,32.8,51.4,67,76,69.7,79.9,55.4,Data Science,0
STU106045,23,Female,8.99,100,0,42.8,,71.5,82,3,0,1,3.2,2,1,0,523,4,42.4,61.8,86.2,42.2,72.7,78.1,82.2,AI/ML,0
STU105352,22,Female,7.17,62.4,0,55.2,41.7,59.1,53.6,5,4,1,5.5,3,1,0,723,6,81.2,64.3,63.1,34.1,47.5,81.4,58.3,Data Science,0
STU108016,23,Male,7.29,76.7,0,59.3,34.3,70.4,46.1,1,1,0,1.7,1,2,0,934,0,72.1,47.1,72.6,74.6,63,50.8,77.8,Software Development,1
STU100140,25,Male,7.91,72,1,68.6,46.3,51,44,2,0,2,,4,1,0,705,5,74.4,60.8,77.3,32.5,56.4,115.6,63.8,AI/ML,0
STU103875,20,Male,6.35,78.2,0,44.1,52.9,53.2,46.9,4,1,1,3.9,2,0,0,529,3,66.2,63.8,68.5,60.8,33.1,155.3,74.1,Cyber Security,0
STU101147,22,Female,7.35,65.7,0,42.9,64.1,71.2,41.8,3,2,1,2.7,1,2,0,887,3,57.8,46.8,78.8,80.8,52.1,77.2,70.9,AI/ML,1
STU103252,22,Female,6.41,84.7,0,27.2,63.8,72.8,41.7,4,2,2,7,4,1,0,297,4,71.3,69.8,77.2,56.6,24.4,54.9,78.2,AI/ML,0
STU105983,21,Female,8.68,68.5,0,84.1,61.3,57.3,59.6,4,1,1,4.4,2,0,0,470,3,60.7,,81,60.2,53.1,25.3,71.7,Software Development,0
STU106073,23,Male,8.31,95.7,0,50.3,74,54.5,52.4,8,4,1,2,0,0,0,720,11,53.7,86.3,76.2,49.9,64.6,46.4,60.7,Cloud Computing,1
STU104861,20,Male,6.42,84.7,0,56.8,56.2,63.7,52.4,1,0,1,4,0,2,0,388,0,66.9,32.3,82.2,47.3,59.3,40.5,68.1,Data Science,1
STU101123,21,Male,7.97,91.1,0,63.9,48.9,52,56.4,1,0,0,0,0,2,0,697,1,59,44.1,76,34.3,56,85.3,63.3,Data Science,0
STU109004,20,Male,7.68,99.1,2,68.7,82.2,62.5,54.7,2,1,2,11.8,2,3,0,1050,1,68.6,47.7,74.9,64.8,62.2,21.2,64.1,AI/ML,0
STU103610,22,Male,9.18,88.3,0,60,44.6,67.6,93.3,1,1,1,2.7,1,0,0,937,2,52.8,,74.4,58.3,65.7,14.5,71.3,Cloud Computing,1
STU105699,21,Male,8.3,86.1,0,66.6,40.3,42.5,83.4,1,0,0,0,2,0,0,793,1,47.6,48,64.6,49.7,59.6,34.2,81.9,Software Development,1
STU104089,21,Female,8.28,84.5,0,86.5,66.8,20,26.7,3,1,1,3.3,6,0,0,805,4,90.4,84.4,61.3,49.4,34.8,43.1,70.1,Data Science,0
STU107604,22,Male,7.77,80.4,1,40.2,39.9,37.4,99.2,2,1,1,4.4,5,0,0,667,3,73.8,69.9,80.8,34.5,63.2,51.2,85.1,Data Science,1
STU102275,22,Female,7.52,88.2,0,50,51.4,70.1,49.6,1,0,0,1.4,0,1,0,937,2,43.5,29.8,62.8,59.9,83.8,32.6,53,AI/ML,0
STU101267,21,Male,9.19,66.9,0,69.3,68.2,51.9,64.3,1,0,0,0.3,4,1,1,980,0,55.4,46.9,64.3,40.6,55.9,44.1,78.8,Data Science,0
STU105393,20,Male,7.92,76.2,0,48.6,67.9,79.6,37.5,1,0,0,0,1,2,0,237,0,78.9,49.7,72.1,53.1,58.7,46.5,79.2,Cloud Computing,0
STU102343,19,Male,7.51,92.4,0,71.6,47.1,54.8,67.8,2,0,2,9.7,2,1,0,708,2,67.6,45.8,61.6,54.2,89.4,91.8,66.9,Cloud Computing,1
STU107063,22,Male,6.88,73.7,1,46.4,37.3,31.7,22,3,1,0,1.3,3,1,0,716,4,53.9,71.5,57.6,49.7,60.3,86.5,68.7,Cyber Security,0
STU104606,22,Male,9.49,79.6,1,76.6,54,56.1,84.7,8,3,0,2.3,2,1,0,707,7,61.4,61.9,78.6,92.8,55.1,27.1,100,AI/ML,0
STU106907,21,Female,7.73,83,1,71.5,57,70.8,40.4,4,3,0,1.1,4,2,0,966,3,68.2,59.8,77.8,60.4,54.1,113.4,78.3,Software Development,0
STU102394,22,Male,8.46,84.7,0,36.5,71.9,58.7,37.4,3,1,1,1.2,2,0,0,664,3,46.3,57.5,76.8,50.3,44.4,55.3,61.6,Cloud Computing,0
STU101309,19,Male,7.64,71.6,1,60,64.7,50.7,27,5,0,2,7.7,1,1,0,544,6,86.2,73.5,85.6,60.6,67.9,53.2,79.5,Cloud Computing,0
STU104021,22,Female,7.94,82.4,0,79.4,68.6,57.2,53.6,1,0,1,3.5,4,3,0,903,1,70.9,,46.1,37.3,49.6,48.2,67.9,Data Science,0
STU108725,23,Female,7.79,76.5,1,57.2,86.1,69.3,53.5,2,1,2,5.2,3,1,0,499,2,69.9,53.8,76.5,24.9,52.4,34.1,70.2,Business Analytics,0
STU104347,21,Female,6.17,85.5,0,38.2,43,62.1,36.7,2,1,0,1.3,0,2,1,830,3,51.6,64.2,77.4,54.9,47.8,17.3,46.5,Software Development,0
STU108844,23,Female,8.11,87.3,0,44.1,60.9,57.6,,2,2,0,0.3,1,2,0,814,1,56.5,54.4,74,62.5,53.4,60.8,69.5,Data Science,0
STU101902,23,Male,6.56,100,0,65.4,59.9,56.3,46,2,0,0,0,2,2,1,1032,2,53.2,59.6,71,28.2,32.9,,72.6,Data Science,0
STU108431,22,Male,7.59,61.5,2,45.1,65.6,57.4,51.1,5,3,1,6.5,2,0,0,916,6,,73.2,62.4,55.6,56,18.1,72.5,Data Science,0
STU102733,24,Male,7.71,85.5,2,77.6,74,59.1,44.1,2,0,0,0.3,0,1,0,894,1,55.3,61.9,74.8,73.5,26,,72.7,Software Development,0
STU109261,22,Female,9.2,83.7,0,63.5,56.8,59.1,92,1,0,1,5,1,1,0,223,1,52.6,56.3,79.7,61.7,55.6,61.3,89.7,AI/ML,0
STU101488,20,Male,6.83,72.1,0,26.6,46.2,45.8,48.1,2,1,0,0.5,2,1,0,740,2,59.5,51.6,67.2,53.1,94.9,67,49.9,Software Development,0
STU108314,21,Female,8.24,75.2,1,55.2,85.9,47.6,56.7,1,0,0,0.7,1,0,0,1261,0,43.7,57.9,85.9,22,58.3,42.3,78.5,Business Analytics,1
STU107852,23,Male,7.79,88.1,0,46.9,39.6,87.3,39.1,3,0,2,6.5,1,1,0,967,3,,61.6,66.8,21.3,44.6,,94.4,Data Science,0
STU101010,22,Female,8.1,96.4,1,72.3,52.8,67.9,50.7,2,0,0,1.6,1,1,1,849,1,51.3,54.9,88.8,51.1,73.3,13.3,75.1,Cyber Security,0
STU105951,19,Male,8.44,94,0,51.5,49.5,80.1,63.4,5,2,2,3.9,2,1,0,508,4,73.2,76.8,82.8,63.8,37.2,62.7,81.6,AI/ML,0
STU101396,24,Female,5.96,88.1,0,35,44.2,37.4,23.8,3,1,1,6.6,0,0,0,364,2,55.5,28.7,83.4,32,86.4,58.7,55.3,Data Science,1
STU106039,21,Male,7.6,100,2,58.5,35.2,62.6,35.4,3,2,0,1,3,0,0,979,4,62.8,57.3,74.8,29.5,69,44,66.6,Software Development,0
STU105545,22,Male,9.07,94.7,0,48,93.2,,69.4,5,2,0,0,2,1,0,712,5,56.9,77.1,63.1,39.3,58.3,54.9,86.3,Software Development,0
STU107363,21,Male,7.06,82.9,0,36.7,61.1,84.9,66.6,4,1,0,1.8,5,1,0,900,4,69.4,62.9,61.6,56.6,59.4,42.7,68.8,Software Development,0
STU101664,24,Male,7.81,86.5,0,67.9,62.2,42.8,64.9,2,1,0,0,1,3,1,910,1,51.8,58.6,76.4,66.2,46.6,49.2,60.7,Data Science,0
STU101145,22,Male,7.75,86.4,1,61.7,63.9,80.1,76.4,4,1,4,19.9,1,1,0,1050,4,76.5,69.3,76.8,43.5,81,56.5,,Software Development,1
STU101850,22,Female,8.19,87.4,0,82.3,66.6,40.7,32.7,1,0,2,7.1,4,4,1,956,1,74.8,69,63.8,43.2,32.3,54.9,77.2,Data Science,0
STU100829,23,Male,8.61,80.1,0,84.7,64.8,74.1,38.6,4,1,0,0,3,1,0,850,3,61.3,66.2,94.1,50.2,65.2,26.5,69.5,Cloud Computing,0
STU101753,21,Male,8.48,77.4,0,64.5,62.5,50.2,40.8,4,0,0,0,3,0,0,833,6,61,63.4,79.8,66.7,70.2,47.3,84.2,AI/ML,0
STU104071,21,Female,6.62,78,1,39,44.7,45.7,,2,1,2,7.6,3,2,0,662,4,73,66.2,56.3,59.1,34.6,90.6,73.7,Software Development,0
STU109258,23,Female,7.97,78.5,1,51.9,62.5,51.9,68.9,2,0,2,7.1,0,1,0,986,2,64.6,62.3,90.6,40,52,61.3,72.7,Business Analytics,1
STU101469,20,Male,7.75,71.1,1,33.1,45.7,74.6,76,2,1,1,5.5,1,1,0,632,1,68.3,55,80.2,60.7,76.2,82.8,83.2,Cloud Computing,0
STU109323,20,Male,8.45,91.7,1,39.1,76.6,68,59.3,1,0,2,4.9,3,0,0,593,0,57.1,65.1,75.5,32,66.1,27.6,70.2,Software Development,0
STU103075,23,Male,8.23,93.8,0,54.6,63.1,43.3,61.4,4,0,0,0,1,4,0,1160,4,50.5,47.1,57.2,67.1,71.7,38.2,,Cyber Security,0
STU105857,23,Male,8.4,83.5,2,74.4,65.5,56.3,64.6,2,1,0,1.4,2,0,0,1165,2,,45.8,76.4,78,56.4,,75.3,Cloud Computing,1
STU106926,21,Male,8.16,88.3,0,67.3,60.1,61,62.3,2,1,2,11,1,5,1,736,6,65.2,54.7,68.3,70.3,49.5,57.7,84.3,AI/ML,0
STU101052,21,Male,7.48,89.4,1,65.2,45.5,35.1,43.9,2,1,1,5.4,2,1,0,829,1,56,52.8,74.6,68.3,46.3,46,58.8,Cloud Computing,0
STU106808,21,Female,7.88,83.7,2,64,62.7,56.7,60.8,3,0,3,9.9,2,1,0,722,5,63.9,53.3,50,51.8,47.1,33.4,58,AI/ML,1
STU102537,21,Male,5.61,86,0,19.9,44.1,66.4,51.7,4,0,0,1.2,1,1,0,334,4,63,65.6,64.3,62.2,73.4,36.6,65.9,Data Science,0
STU107314,22,Female,7.64,74.4,0,32.7,56.7,63.5,48.7,6,2,2,6,2,0,0,364,6,71.5,83.5,,29.7,49.9,61.8,84,Data Science,1
STU101668,22,Male,8.09,87.8,3,35.2,70.4,56,86.2,2,1,2,10.7,1,1,0,617,1,88.9,47.4,84.5,47.7,49.2,9.8,71.5,Cyber Security,0
STU106856,22,Female,7.75,90.6,3,63.7,50.9,42,56.7,0,0,1,4.2,2,4,1,870,0,64.9,40.9,73.9,69.1,55.1,54.8,83.3,Software Development,0
STU101001,22,Female,7.05,87.6,1,40,67,56.9,41.3,0,0,0,0,3,3,0,606,0,54.5,51.2,83,35.2,55.3,16.8,70,Software Development,0
STU100176,22,Male,8.21,74.9,0,54.2,64.3,61.3,46.1,1,0,2,7.3,1,1,0,820,3,55.5,51.5,60.7,47,38.6,35.4,70.7,Data Science,0
STU101893,20,Male,7.56,92.7,1,41.2,56.3,60.1,41,1,1,1,3,2,3,0,659,2,95,60.7,67,72.4,49.2,25.6,,Cyber Security,0
STU106959,21,Male,8.87,68.8,1,55.8,77,38.2,47.6,2,0,2,7.2,1,1,0,505,2,89.1,74.3,62,39.6,96.2,89,,AI/ML,1
STU105826,22,Male,6.37,77.7,0,51.9,50.9,71.6,58.3,3,1,2,12.4,1,0,0,549,2,81.1,64,77.2,47.9,44.8,51.1,69.5,Cyber Security,0
STU107779,22,Male,6.84,80.6,0,58.7,64.4,64.7,47.6,3,2,0,2.8,1,1,0,476,3,65.4,67.4,80.5,54.7,56.1,20.4,65.2,AI/ML,1
STU109481,21,Male,7.42,72.9,0,63,49.7,32.5,52.4,3,1,0,0,2,3,0,875,2,71.8,56.2,62,60.5,51.3,20.1,69.3,Data Science,1
STU100297,22,Female,8.13,98,1,81.9,44.8,44.9,74.5,1,0,0,0.8,2,2,1,931,0,61.6,58.5,63.5,54.9,47.8,38.5,90.3,AI/ML,0
STU106544,23,Male,6.22,76.4,0,34.5,37.9,43.6,45.7,6,2,3,13.7,1,1,0,735,8,87.8,61.3,70.6,55.6,69.2,21.8,76.9,Software Development,0
STU108627,21,Female,7.39,78.9,0,50,39.8,60.9,46.5,4,1,0,0,2,0,0,1100,5,48.4,61.2,73,43.9,60.4,59.5,82.6,Cyber Security,0
STU100978,21,Female,8.1,83,0,53.6,59.6,72.3,65.3,2,1,0,0,3,0,0,662,3,59.4,51.7,95,67.7,53.9,92.6,58.8,Cloud Computing,0
STU103956,19,Female,8.29,78.1,0,61.2,52.3,78.1,66.5,2,0,1,5.3,2,2,0,610,1,65.5,41.7,74.8,71.7,85.5,24.3,80.1,Data Science,0
STU103127,22,Male,6.7,79.7,0,26.9,41.4,55.7,47.1,2,0,1,6.2,2,2,0,499,3,60.3,61.6,68.4,78.4,59.7,,69.4,Cloud Computing,1
STU100764,22,Female,8.1,96.6,1,63.8,32.8,50.6,58.2,5,2,2,2.9,0,1,0,662,4,65.1,74.8,65,29.2,47.1,23.6,78.3,Software Development,0
STU100463,20,Male,6.94,78.1,0,67.4,44.2,62.6,55.6,1,1,0,1.3,3,2,0,658,2,74,44.9,64.1,47.6,51.7,17.6,66.6,Software Development,0
STU105515,21,Male,8.15,88.9,0,67.8,37.3,44.7,65.6,1,1,2,7,1,4,1,727,3,55.8,62.8,58.5,29.4,70.8,42.9,71.6,Software Development,0
STU101754,21,Male,7.22,89.9,1,39.4,60.3,36.1,43.5,1,0,1,4.2,1,1,0,633,0,76,55.6,59.9,52.5,73.1,46.7,64,Cloud Computing,0
STU109776,22,Male,7.01,87,1,46.2,42.8,51.7,49.4,3,1,1,7.1,2,2,0,665,3,51.8,66.8,75.7,48.1,88.6,27.3,53.8,Cloud Computing,0
STU105070,23,Male,6.88,75.2,0,33.4,78.3,,58.4,2,1,0,0,1,1,0,588,1,70.4,73.7,59.7,62.5,64.1,18.8,,Cloud Computing,0
STU100912,22,Female,6.64,72.4,0,28.5,72,41.9,53,5,0,0,1,2,0,0,376,6,55.3,69.7,62.6,58.1,64.2,79.3,80.1,AI/ML,1
STU104998,23,Female,8.64,89.7,0,,54,60.7,86,2,1,0,0.1,3,4,1,719,2,75.1,67.4,,51.4,44.9,28.5,83.2,Software Development,0
STU102001,21,Female,7.81,64.6,0,77.7,76.9,64.2,61.7,0,0,1,6.8,1,2,1,765,0,63.3,57.9,69.2,59.3,28.4,26.2,68.5,Software Development,0
STU106993,21,Male,6.88,65.7,1,76.2,62.9,59.2,47.5,1,0,2,10.7,2,0,0,723,1,72.5,47.2,82.7,61.5,29.6,61,84.7,Software Development,0
STU107135,21,Male,7.66,79.8,0,41.5,49.4,53.6,83.5,3,1,0,0.5,1,1,0,564,2,72.7,55.7,78.3,61.8,45.2,46,72.5,Business Analytics,0
STU102755,23,Female,7.24,100,1,59.7,75.8,39.3,40.9,3,3,1,2.6,4,3,1,921,4,75.6,73.3,60.5,48.7,40.5,115.7,59.5,Cloud Computing,0
STU106395,24,Male,6.61,78.2,0,40.9,41.6,50.3,19.9,4,3,1,4.9,3,0,0,381,3,65.7,,61.5,49.9,81.8,70.8,84.9,Data Science,0
STU101837,22,Female,7.79,80,0,41.5,57.4,52.1,60.3,4,3,0,0,1,0,0,622,5,49.3,67.1,72.4,49.8,67.9,118.5,78.1,Cloud Computing,0
STU101516,22,Female,7.8,78.8,0,63.7,75.3,70.3,63,1,0,0,0,4,1,1,1042,0,71.3,54.9,65.6,48.4,39.1,25.8,76.5,AI/ML,0
STU109118,19,Male,7.11,79.1,0,54.4,70.7,52.5,58.3,2,1,1,4.7,2,0,0,1036,4,64.6,53.5,60.4,54.3,60.3,66.3,,Software Development,0
STU100982,20,Male,8.02,73.1,0,87.1,,77.9,42.3,0,0,1,5.1,1,1,0,616,0,71.4,40.9,67.8,84.6,46.1,22.1,52.8,Data Science,1
STU101240,23,Male,7.4,67.1,1,72.9,45.2,63.9,61.5,2,1,3,9.9,2,0,0,801,3,85.7,56.3,65.1,41.8,63.4,24.7,98.6,Cloud Computing,0
STU101246,22,Female,7.52,86.4,0,50.6,68.3,88.1,54.7,4,1,0,0.8,2,1,0,493,3,66.8,67.4,64.5,47.2,56.2,50.6,76.3,AI/ML,1
STU100040,22,Male,6.7,86,2,42,55.6,64.4,64.5,2,0,2,10.7,4,1,0,248,2,52.9,55.7,58.5,74.1,56.7,74.3,70.5,Data Science,0
STU102791,23,Male,7.32,83.3,0,55.5,60.5,47.2,22.7,2,0,0,0,1,3,1,834,6,59.7,65.9,77.6,67.4,58.1,32.3,48.4,Data Science,1
STU103020,19,Male,7.54,84.9,1,68.1,76.6,75.8,30.4,3,0,0,0,2,0,0,890,3,42.8,84.1,90.7,44.1,30.7,83.4,69.3,AI/ML,0
STU104840,22,Female,6.61,63.8,1,18.9,45.7,54.3,65.6,3,3,0,0,3,2,1,656,4,,51.2,64.7,45.8,47.6,82.2,80,Data Science,0
STU108222,21,Female,7.75,82.2,1,70.4,55.6,56,66.2,1,0,0,0,2,2,0,690,0,51.7,40.5,65,64.3,64.8,74.1,80.5,Software Development,0
STU105489,21,Female,7.04,100,1,37.5,67.6,71.8,56.2,1,0,1,5.4,1,2,0,231,0,39.1,62.2,89.9,49.6,34.8,52.3,65.5,Cloud Computing,0
STU101236,21,Female,7.72,55,0,50.8,69.3,50.8,50.4,4,3,1,3.8,1,1,0,674,6,60.7,64.3,84.4,76,43.7,48.9,81,Cloud Computing,1
STU102647,24,Male,8.15,84.6,1,63.6,68,59.4,59.5,4,2,2,6,0,0,0,639,6,44.6,78.2,69.4,46.5,61,72.2,63.7,Data Science,0
STU100536,22,Female,6.37,94.2,1,26.7,57.6,50,43.5,2,0,0,2,3,0,0,770,1,51.4,59.5,54.5,48.4,60.7,23.9,76.4,Data Science,1
STU105177,24,Female,8.26,84.7,0,93.3,66.4,76.1,68,3,2,3,10.2,0,3,1,1029,3,71.3,58.5,88.3,63.8,65.4,7.7,71.8,Business Analytics,0
STU107730,21,Female,8.12,80.8,0,,55.1,89.9,53.7,1,0,0,0,4,0,0,904,3,90.4,62.4,85.2,37.7,47.4,78.8,73.3,Data Science,0
STU105774,23,Male,8.63,75.8,1,57.5,66,50.2,83.4,2,1,0,0,1,1,0,958,2,61,58.7,67.7,42.5,60.9,42.7,81.1,Cloud Computing,1
STU103223,20,Male,8.17,89.3,1,36.1,63.8,43.2,80.4,4,1,0,0.2,5,2,2,790,4,75.5,76.2,70.1,57.4,50.5,80.7,97.3,Software Development,0
STU108862,22,Male,7.72,94,1,66.4,63.3,58.5,58.1,3,1,3,10.5,2,1,0,613,2,80,47.1,54.9,47.4,53.5,,,Software Development,0
STU104167,20,Male,7.36,79.5,1,46.3,39.9,71.6,40.7,3,1,0,0,1,2,1,556,4,59.6,68.9,82,34.4,64.4,19.9,79.3,Data Science,0
STU109571,23,Male,7.84,,2,36.3,38.6,52,59.5,2,1,1,4.4,1,2,0,674,1,60.8,55.6,75.1,44.2,70.2,64.2,77,Software Development,0
STU108348,22,Female,7.69,98.2,2,58.5,71,43,30.1,5,2,0,1.2,2,1,0,914,4,,83.6,76.1,32.2,54.9,33,65.5,Cyber Security,0
STU109578,23,Female,8.77,71.9,1,85.4,64.7,58.6,51.4,6,3,1,6.1,6,1,0,718,7,75.8,89.7,80.2,45,66.2,12.8,59.2,Software Development,0
STU104667,23,Female,7.44,77.9,1,43,54.4,55.4,52.3,2,0,1,4.1,0,3,0,243,2,31.5,54.7,61.4,46,70,46.4,76.3,Cyber Security,0
STU108853,20,Male,7.64,65.5,0,69.1,47.8,72.8,77.2,1,0,1,3.1,3,2,0,975,0,78.2,53.6,74.8,68.5,28.2,32,78.1,Software Development,1
STU101149,23,Male,8.05,81.3,2,50,65.7,39.9,48.1,2,0,0,0,3,0,0,1078,1,,52.5,64.7,45.4,69.5,15.3,59.9,Software Development,0
STU106899,21,Female,6.34,80.7,0,45.8,76.8,68.4,28.1,5,0,0,0,4,0,0,1005,5,72.1,74.7,78.1,55.7,52.5,,77.9,Software Development,0
STU105285,22,Male,7.82,,1,42,86.3,46.3,68.2,2,0,1,4.3,5,2,0,337,3,74.7,61.4,71,40.4,71.1,68.6,82,AI/ML,0
STU100948,19,Male,6.6,80,0,63.8,37.3,78.8,53.5,3,0,0,0,3,0,0,1024,6,60.1,47.1,71.7,58.1,65.8,25.2,65.2,Software Development,0
STU108930,21,Male,7.31,82.2,0,59.6,59.4,63.8,62.2,6,4,0,0,1,3,0,762,5,31.5,57.2,85.9,55.3,62,87.6,78.3,Data Science,0
STU109129,22,Male,8.22,90.2,1,62.5,62.3,47.9,,1,0,3,12.9,0,2,0,435,1,68.8,77.4,66.9,48.4,68.2,74.9,60.8,AI/ML,0
STU101082,22,Male,7.51,72.2,2,40.8,63.2,42.6,55.2,2,0,1,4.8,3,2,0,691,2,62.2,62.6,61.9,55.1,28.7,54,77.3,Data Science,0
STU102629,21,Male,8.55,87.1,1,80.1,63.3,,62.9,4,2,2,9.8,3,3,1,1132,3,78.6,,64.7,63.2,63.6,12.4,69.2,Business Analytics,1
STU108758,23,Male,8.87,66.8,0,66.2,68.2,45.1,48.6,0,0,1,4.9,3,1,0,765,5,66.3,54.7,70.1,54.9,97.4,67.9,57.3,Cyber Security,0
STU107292,21,Male,7.77,83,0,51.4,43.3,27.9,27.6,5,2,0,0,4,0,0,604,7,52.1,64.8,59.1,62,73.5,32.3,60.2,Data Science,0
STU108310,22,Male,6.63,81.2,2,53.2,70,60.9,54,3,1,0,0,0,0,0,752,3,45.1,45.7,77.9,37.7,80.2,38.3,70.1,Cyber Security,0
STU106966,22,Female,5.97,93.4,0,45.2,39.3,54.2,34.3,2,0,0,0.7,3,0,0,534,5,50.2,40.6,80.5,39.4,49.4,49.7,54.7,Cloud Computing,0
STU107890,22,Male,8.68,63.7,0,58.5,76.4,62.7,56,3,0,0,0,2,2,0,839,3,52.1,58.8,94.9,81.1,42.8,54.6,79.7,AI/ML,0
STU105652,20,Male,7.99,88.5,1,51.8,52.8,92.3,76,3,1,1,4.1,4,1,0,1061,2,64.6,78.9,91.1,49.3,56.6,29.1,95.2,Software Development,0
STU107986,22,Male,7.54,79.9,1,55.6,62.2,57.3,59.7,5,4,1,4.1,0,0,0,439,6,66.1,55.4,82.7,43.3,68.6,38.3,71.5,Data Science,1
STU108393,21,Male,7.05,99,1,71.2,70.8,57.3,41.2,4,2,2,7.4,3,5,1,980,5,70.1,74.7,64.4,75.4,60,34.3,76.7,Software Development,0
STU106216,21,Male,7.09,74.8,0,40.1,38.3,57.8,46.6,2,1,1,3.6,1,1,0,644,3,66.1,50,68.7,35.6,50.5,131,70.9,Data Science,0
STU105637,22,Male,7.41,82.4,1,59.2,64.7,72.6,35.5,2,0,1,2.7,2,0,0,698,3,67.7,40.3,79.2,42.6,49.8,96,81,Software Development,0
STU105456,22,Female,7.86,,1,65.7,,37.7,65,4,0,1,4.9,1,0,0,647,5,72.5,63.9,76,41.9,87.5,69.2,63.8,Business Analytics,1
STU108554,23,Male,7.01,83.9,0,47.1,56.5,67.2,30.4,4,1,1,2.5,3,2,0,950,7,52.1,50.8,79.7,51.1,62.1,107.1,59.7,Software Development,0
STU107374,21,Male,7.89,86.5,1,45.2,48.2,67.9,55.6,0,0,1,4.7,1,0,0,849,0,78.4,50.8,73.3,25,81.4,35.4,76.6,Data Science,0
STU108022,20,Male,7.17,95,0,35.8,59.8,59.2,59.2,1,0,1,5.2,4,3,0,649,3,73.8,50.9,68.7,55,70.9,133.3,65.2,AI/ML,0
STU108539,23,Male,7.29,92.4,0,,32.8,41.8,63.8,1,0,0,0,1,1,1,894,1,49.5,45.8,67.6,39.9,80.9,79.7,71.3,Business Analytics,0
STU100678,22,Male,8.55,85.8,1,88.4,45.6,55.7,69,2,2,1,3.6,3,0,0,1249,2,64.5,46.8,74.4,60.1,44,44.3,79.4,AI/ML,0
STU104368,22,Female,7.43,79.3,0,32.1,54,71.8,60,1,0,0,0,1,3,0,509,2,30.1,47.5,82.9,66.2,56.8,10.7,75.1,Software Development,1
STU103705,22,Female,6.99,83.3,0,86.9,,62.2,42.3,5,2,0,0,3,3,0,669,4,63.6,72.9,82.2,42.2,34.9,108,71.1,Cloud Computing,1
STU102802,23,Female,7.89,82.1,1,37.7,57.2,68.8,42.2,2,1,0,,2,1,0,724,2,48.4,69.8,73.5,37.3,88.6,154.4,80.3,Software Development,0
STU101449,21,Female,7.82,87.1,0,61.5,47.7,62.9,73.9,2,1,1,5.9,2,0,0,634,2,54.9,56.2,76.4,36.6,57.8,94.1,84.8,Software Development,0
STU106750,21,Male,7.61,,1,35.2,44,51.1,61.8,4,2,1,5.6,3,1,0,638,3,61.2,68.4,70.2,70.8,56.4,51.4,64.5,Data Science,0
STU106786,20,Male,7.15,,0,78.2,39.2,47.7,60.6,4,3,1,5.2,3,0,0,1145,4,68.6,75.8,77.1,43.4,62.7,59.4,71.8,AI/ML,0
STU107480,21,Male,7.62,95.5,0,60.1,67.9,53.8,72.9,5,3,1,4.2,5,2,0,688,5,83.2,64.5,68.1,32.7,74.2,35.9,70.4,Data Science,0
STU100549,22,Male,9.02,89.9,0,84.1,84.3,61.9,55.7,6,3,1,4.1,5,2,0,516,5,76.3,76.8,64.4,55.1,56.2,67.9,75,AI/ML,0
STU104528,22,Male,6.95,83.1,0,40,54.5,43.1,51.8,4,1,0,0,0,1,0,726,4,60.4,61.9,62.4,56.1,42.3,27,75.7,AI/ML,1
STU102910,22,Female,7.98,75.7,1,45.3,56.4,69.3,80.8,3,2,0,2,0,2,0,889,3,57.3,57.7,77.7,60.5,30.8,35.7,92.9,Data Science,0
STU104550,21,Female,8.56,74.8,0,34.8,66.7,40.6,57.9,4,2,0,0.1,0,2,0,528,4,58.2,63.6,79.5,76.7,85.6,51.8,76.8,Cyber Security,0
STU104137,23,Female,7.37,71.3,1,54.2,69.8,52.8,21.3,2,1,1,4.6,3,0,0,611,1,69.1,49.8,68.9,15,61.5,54.6,56.9,Business Analytics,0
STU103465,22,Male,5.71,93.8,0,28.8,53.8,56.3,49.5,2,0,1,3.7,2,1,0,647,2,45.7,57.7,74.3,57.8,62.8,26.3,75.5,Data Science,0
STU103556,21,Female,8.06,72.6,1,76.6,40.4,69.9,88.1,4,0,1,6.9,3,1,1,917,7,62.8,55,78.7,57.7,35.3,61.3,95.1,AI/ML,1
STU108779,22,Male,8.87,100,1,50.6,75,65.1,65.7,1,1,1,2,2,0,0,354,2,70.8,44.2,69.6,58.8,85.1,9.3,89.4,AI/ML,0
STU102079,19,Male,8.83,80,0,59.2,47.3,49.8,65.7,2,1,1,2,2,1,0,1027,3,73.4,80,67.1,70.8,44.7,24.5,67.4,Cyber Security,0
STU103811,22,Female,8.13,98.5,0,43.5,,58.1,52.6,3,1,0,0.1,2,0,0,464,2,70.1,77.2,65.3,50.8,74.7,45,90.3,AI/ML,0
STU103071,23,Female,8.13,69.2,0,54.9,45.3,76,63.7,2,1,1,2.4,1,1,0,1021,1,43.5,50.6,73.2,73.1,27.5,125.9,90.5,Software Development,0
STU105123,21,Male,7.41,77.1,0,50.9,66.7,55.9,54.3,2,1,1,,5,2,0,993,1,57.3,69.4,63.9,72.1,42.4,44.1,74.6,AI/ML,1
STU101889,20,Male,9.32,87.5,0,59.1,43.9,52.1,52,3,1,0,0,4,2,1,950,4,52.7,64.5,58.3,56.1,55.9,105.9,63.2,Data Science,0
STU109963,22,Male,8.22,87.5,1,53.7,58.9,66.2,75.8,2,0,0,0,3,2,0,1286,2,69.9,50,84.5,40.3,64.3,60,78,AI/ML,0
STU108095,20,Male,7.71,73.3,0,44.2,51,81.9,62.5,1,0,3,10.2,2,2,0,488,2,57.6,57.4,57.8,43,27.4,27.3,83.7,AI/ML,1
STU103913,21,Male,8.99,77.6,1,35.6,83.8,49.8,68.1,0,0,2,6.3,4,1,1,651,0,57.1,44.2,58.2,68.7,47.3,60.3,85,Business Analytics,0
STU106978,22,Female,7.08,98.6,0,44.1,41,55,65.5,9,1,0,0,2,0,0,560,10,59.8,100,75.4,48.6,90.2,75.9,60.3,Data Science,0
STU100629,21,Male,7.93,65.4,2,82.7,73.9,33.7,39.2,1,0,0,0,4,1,0,873,0,75.7,54,54,50.3,32.9,55.6,56.5,Business Analytics,1
STU103336,21,Female,8.92,,1,59.8,83.7,43.7,82.4,4,2,2,8.3,2,1,0,693,3,71.5,70.8,78.4,42.8,69.9,79.3,83.7,Software Development,0
STU100102,23,Female,7.9,100,1,58.3,44.2,,33.6,3,0,3,12.3,1,3,0,577,2,76.3,72.3,68.5,76.9,39,27.1,,Software Development,0
STU101931,20,Male,7.39,78.1,0,42.3,69.7,55.2,44,5,3,4,19,3,0,0,677,6,61.5,72.5,55.4,34.8,97.5,137,62.7,AI/ML,0
STU101241,23,Male,6.3,87.9,0,44.8,36.6,46.1,31.9,1,0,0,0,3,1,0,506,0,52.9,52.8,75.8,28.8,57.5,,76.7,Software Development,0
STU100358,22,Female,7.38,75.4,0,63.5,69.6,50.9,83.9,5,1,2,7.9,3,3,0,729,7,82.7,75.4,62.9,50,48.9,20.6,97.8,Software Development,0
STU100884,20,Male,7.17,84.2,0,37.1,68.8,78.8,70.8,6,2,1,4,0,1,0,973,7,48.3,78.5,78.5,42.9,50.4,34,79,Cloud Computing,1
STU105155,22,Male,7.36,82.2,0,76.4,46.7,64.4,67.8,2,1,0,1,1,0,0,1068,4,62.5,48.5,58.3,22.2,38.6,57.9,71.6,AI/ML,1
STU108197,22,Female,7.63,80.7,2,53.2,28.5,74,58.4,2,2,2,6.9,2,0,0,948,2,76.6,50.6,68,43.4,82.6,95.5,68.1,Cyber Security,0
STU100149,23,Male,9.95,55,1,76.9,81.9,46.5,63,7,4,1,2.4,1,1,0,930,6,50.5,64,61.1,53.3,54.6,48.3,73.3,AI/ML,1
STU109169,23,Female,8.6,75.5,1,77,63.4,61.5,62.3,1,0,2,6.5,0,1,0,752,1,63.2,51.4,79.9,40.6,54.6,43.8,80.9,Software Development,1
STU100888,21,Male,6.18,68.5,0,47.5,68.1,61,19.9,1,0,0,0,0,2,1,290,0,35.3,33.8,77.5,60,91.4,66.2,57,Software Development,0
STU109803,22,Male,6.86,66.2,0,55.6,57.2,,61,1,0,1,3.7,0,2,0,712,0,40.1,50.1,81.2,60,75.1,58.3,81.5,AI/ML,0
STU108108,23,Female,7.72,83,0,51.8,47.9,35,43.9,3,0,1,6,2,2,0,784,2,65,42.5,78.2,29.6,31.6,32.5,55.6,Data Science,1
STU100386,21,Female,8.15,81.8,1,58.9,76.2,69.6,37.7,0,0,0,0,2,2,1,518,0,64.6,44.6,70.1,67.7,56.7,1.4,83.5,Software Development,1
STU105765,21,Female,8.73,87.1,2,72.8,64.2,67.7,57.8,4,2,0,0,4,1,0,1062,3,61.8,74,88.8,54.3,56,24.8,77.8,AI/ML,0
STU105770,22,Male,6.46,91.3,0,31.9,63.8,48.8,24.4,3,1,2,5.8,2,2,1,649,3,76.8,65.6,77.8,52.1,75.7,60.9,71.4,AI/ML,0
STU100380,21,Male,6.55,79.3,0,56.3,55.7,24.6,31.6,3,1,1,1.9,1,1,1,1037,3,47.3,55.7,55,69.3,49.6,51.5,40.9,Software Development,0
STU101483,22,Male,6.5,85,1,35.1,52.2,37.1,62.5,4,2,0,0,2,2,0,419,4,60,75.8,62.4,52.4,18.6,42.3,71.9,Data Science,0
STU100123,22,Male,7.98,82.9,0,61.7,64.6,63.9,61.4,1,0,1,3.3,1,3,0,820,2,59.5,,73,40.8,81.9,123.1,85.6,Software Development,0
STU106306,24,Male,7.49,100,1,59.2,,,34.8,2,0,2,9.1,1,1,0,727,2,41.9,50.8,45.9,67.2,59.6,41.3,65.9,Business Analytics,0
STU102564,24,Male,6.36,80.9,1,53.4,30.2,48.9,40.7,2,1,1,7.4,2,2,0,778,1,56.2,67.5,84.9,54.8,64.5,47.1,80,Data Science,0
STU102412,23,Female,5.27,85.8,0,42.4,37,50.3,36.7,2,1,1,2.6,1,3,0,914,3,91,63.8,60.4,76.6,64.2,34.8,51.9,Business Analytics,1
STU104036,22,Male,7.84,94.4,0,72.2,48.2,45,68.6,2,1,0,0,1,0,0,573,2,57.9,53.2,83.5,43.3,52.5,12.6,77.4,Software Development,0
STU100200,22,Male,7.48,58.8,0,74.5,62.4,69.3,65.2,2,2,0,0,0,1,0,768,2,56.3,37.4,65.3,70.3,46.5,27.2,64.8,AI/ML,1
STU106670,21,Female,6.13,83.4,1,41.3,36.4,,20.4,3,2,2,8,3,1,0,840,3,68.7,72.1,80.4,42.1,64.6,12.3,64.1,Software Development,0
STU103627,22,Male,6.78,81.7,1,66.9,74.4,62.7,34.4,2,1,0,0.8,0,1,0,364,3,56.1,51.4,81.1,45.5,83.8,86.8,64.8,Software Development,0
STU102266,23,Male,8.12,91.5,0,55.4,59.6,67.1,48.5,0,0,1,5.6,0,0,0,983,0,64.5,58.3,88,68,66.4,23.9,72.7,Cyber Security,0
STU109746,23,Male,7.27,79.3,0,55.3,45.6,34.7,52.2,6,3,1,3.4,3,1,0,1005,5,63.5,86.1,71.4,58.3,46.3,63.3,80.3,Data Science,0
STU107049,22,Female,8.04,79.6,0,53.1,46.8,73.7,80.9,0,0,1,4.8,1,0,0,819,0,64.1,56,71.9,35.4,72.3,56.8,,Software Development,1
STU105225,23,Male,7.95,,0,57.4,67.1,56.2,54.4,4,3,0,0,3,1,1,399,5,67.4,94.5,67.1,57.4,74.4,101.8,,Cloud Computing,1
STU103560,21,Female,7.37,86.2,2,56.8,53.8,48.9,40.4,4,1,0,0,1,0,0,481,6,45.5,61.9,59.1,49.4,76.8,31.3,68.3,Data Science,1
STU103481,21,Female,7.82,96.2,3,,57.8,31,54.7,3,1,0,1.1,2,1,1,1121,5,54.8,57.8,54.3,66.3,67.6,150,72.5,Software Development,0
STU100100,21,Male,7.57,82.3,0,63.2,78,42.6,51.3,1,1,0,0,0,1,0,473,2,48.1,55.2,65.9,58.2,81.4,36.5,81.8,AI/ML,0
STU100502,23,Male,7.65,96.2,1,60.9,55.4,46,59,5,1,0,2,0,1,0,838,5,68.2,66.5,90.6,46.3,55.9,49.4,67.4,AI/ML,1
STU100450,22,Female,8.62,70,0,59.9,69.3,62.7,62.2,2,1,0,0,1,0,0,665,2,69.9,59.3,80.3,47.2,71.9,19.9,65.2,AI/ML,0
STU105256,20,Female,6.37,95.6,0,26.7,44.1,72.7,50.4,4,2,0,0,2,1,1,615,3,74.9,59.1,91,58.6,75.2,59.1,92.2,Software Development,1
STU105382,21,Female,8.12,78.7,0,71.9,77.1,49.4,81.4,1,1,1,4.9,1,0,0,892,2,42.8,59,67.8,49.6,19.1,81.8,77.4,Cloud Computing,1
STU104271,20,Female,7.46,77.7,0,66.7,51.7,54,36,4,1,0,0,1,2,2,1227,7,68.6,63.1,54.1,59.4,53.4,43.2,66.2,Business Analytics,1
STU107816,19,Male,6.84,98.3,2,62.1,63.1,34,56.4,0,0,0,0,1,1,1,710,0,59,39,62.1,51.4,51.6,61.4,75.1,Data Science,1
STU105997,22,Male,7.27,90.2,0,61.2,63.4,58.8,47.6,4,0,1,4,4,2,0,1057,4,84.2,54.7,66.9,51.3,32,31.3,92.8,Cloud Computing,0
STU109749,22,Female,7.89,87.1,1,75.5,75.4,74,67.4,6,1,1,3.9,1,1,0,539,6,62.7,85.3,75.1,51.9,41.7,11.5,70.1,Data Science,0
STU108260,22,Female,7.61,92.7,0,61.8,68.6,52,64.5,3,1,0,0,2,5,0,1057,3,43,60.8,60.7,48.2,64.6,107,,Software Development,0
STU109602,22,Female,6.11,67.9,0,46,64.2,65.4,38.1,2,0,1,2.5,2,1,0,1164,2,64.5,51,54.8,80.3,56.6,19.6,85.6,Data Science,0
STU100312,22,Female,7.74,89.7,2,32.7,52,60,28.6,4,2,0,0,5,0,0,931,4,48,65,77.9,58.3,37.4,113.2,60,Business Analytics,0
STU102997,20,Male,7.45,85.1,2,43.5,65.9,50.6,32.7,2,0,0,0,2,0,0,1005,3,66.6,80.4,61.5,63.5,78.6,22.2,58.7,Cloud Computing,0
STU104645,22,Male,7.4,72.6,1,32.3,81.8,,49.9,3,0,1,6.5,2,1,0,100,3,54.6,58.4,70,48.5,33.9,64.4,73.6,Data Science,0
STU107119,21,Male,7.55,82.1,2,31.7,58,58.1,26.6,4,1,1,,3,0,0,1171,5,68.8,66.2,62.7,53.1,51.6,57.2,50.8,Data Science,0
STU100281,22,Female,8.7,73.7,1,57.4,53.6,56.7,67.1,5,1,1,4.5,2,0,0,364,4,66.8,72.3,58.6,57.6,45.6,20.8,82.6,Cyber Security,1
STU108693,22,Female,8.49,79.7,1,51.5,67.4,61.2,62.5,3,1,3,11.4,1,2,0,953,3,64.1,51.7,68.2,59.3,77.3,44.4,94,AI/ML,1
STU104951,23,Female,9.55,71.5,3,60.4,75.3,35,68.2,4,1,0,1.1,2,1,0,917,5,65.2,85.2,48.7,74.7,43.8,93.3,63.5,Software Development,1
STU102171,21,Female,6.25,86.3,0,40.1,42.5,51.5,47.4,4,3,0,0.7,1,1,0,423,3,49.1,76.2,54.6,76.2,54.6,36.7,52.5,Software Development,0
STU107377,21,Male,7.3,93.6,1,71.9,15,44.2,37.5,6,4,0,0,3,1,1,626,7,64.9,62.7,68.6,30.2,29.5,38.1,70,Business Analytics,1
STU106701,21,Male,8.2,85.3,0,35.3,50.6,79.2,77.5,3,0,0,0,0,2,0,864,4,54.2,62.7,86.8,46.1,40.4,105.4,77.7,Software Development,0
STU102460,20,Male,8.58,67.2,0,49.1,79.6,52,78.3,0,0,1,4,4,3,0,935,0,70.1,59.3,77.4,81.6,53.7,62.5,79.2,Business Analytics,0
STU108224,24,Male,7.65,81.9,0,70,69.2,51.9,59.1,2,1,0,0,1,0,0,736,1,55.1,63.7,67.5,51.8,63.4,124.1,77.6,AI/ML,0
STU103715,21,Female,8.23,77.1,0,89.2,58.2,,51.8,4,1,0,0,6,1,0,750,4,74.9,89.9,79.4,55,85.5,40.2,90.3,AI/ML,0
STU109335,23,Female,8.55,92,1,40.5,60.2,51.2,88.4,2,0,3,17.4,3,1,0,655,1,61.4,65.9,60.7,57.7,75.7,38.1,75.4,Data Science,0
STU107989,22,Male,8.17,78.3,2,83.1,75.1,55.1,38.7,1,1,0,0,2,3,1,776,0,73.5,52.7,80,54.9,82.3,63.9,78.8,Business Analytics,0
STU104319,21,Male,7.53,95.1,1,50.2,68.8,65.9,43.7,3,0,0,0.3,0,1,0,471,3,63.7,81.3,69.7,45.8,78.9,59.9,73.9,Data Science,0
STU102145,21,Female,5.91,90.8,3,68.5,36.5,50,38.2,6,1,1,3,1,2,0,958,6,75.1,65.4,63.9,51.4,52.6,28.5,,Cloud Computing,0
STU104174,21,Female,8.35,86.2,0,30.5,60.5,56.2,71.5,1,1,0,1.3,2,1,0,739,0,73.9,54.8,66.3,65.4,48.4,39.2,90,AI/ML,0
STU106226,21,Male,7.25,76.2,0,53.6,44.3,67.6,41.3,2,0,0,0,3,1,0,776,3,,50.1,79.7,60.9,57.5,36.3,60.8,AI/ML,0
STU104467,22,Female,7.62,71.4,3,71.7,55.8,69.6,51.4,3,0,2,11.2,1,2,0,762,4,56.6,52.2,73.4,31.4,47,21.5,74.4,Software Development,0
STU106371,22,Female,7.73,64,0,55,45.9,57.5,40.3,2,1,2,,1,1,1,572,1,74.1,57.9,70.7,54.1,59.4,113.1,90.7,Business Analytics,0
STU104122,23,Female,6.76,72,0,47.3,68.8,36,74.6,2,1,3,10.6,1,1,0,525,1,50.4,56.8,60.9,63.7,32.1,94.7,50.3,Data Science,0
STU104650,21,Male,8.49,77.5,1,51.6,57.3,56.5,69.9,1,1,0,0,2,2,1,316,1,56.6,63.8,52,49.5,91.5,33.1,75,Business Analytics,0
STU103042,22,Female,8.56,90,1,58.1,55.2,31,64.7,4,1,2,10.3,3,0,0,489,4,60.9,71,64.7,54,37.5,37.7,52.5,AI/ML,0
STU100182,22,Female,7.46,75.3,2,44.5,62.9,,52.7,2,1,1,4.3,1,2,0,915,2,51.6,50.7,84.2,38.4,41.6,48.4,71.6,AI/ML,0
STU100349,20,Male,10,84.6,0,80.1,86.4,34.3,60,3,0,2,11.2,2,0,0,733,2,71.3,61.2,61.8,35.3,75,94.9,68.5,Software Development,0
STU107435,21,Male,7.86,76.7,0,46.1,74.6,63,53.4,2,1,1,3.4,1,1,0,782,3,55.8,60,63.3,69.5,53.8,39.9,83.6,Cloud Computing,0
STU107729,22,Male,7.1,78.8,0,46.3,63.5,72,72.9,2,0,2,7.6,4,5,1,606,3,78.2,53.9,72.4,64.9,54.4,78.6,79.6,Data Science,0
STU105919,22,Male,7.64,76.2,2,72.1,39.8,80.2,65.3,4,0,1,4.6,2,2,2,638,5,74.5,53.3,90.4,78.2,42.7,25.4,76.6,Data Science,0
STU100224,21,Male,7.92,73.6,0,61.3,50,63.5,37.4,1,0,2,5.8,5,0,0,680,2,64.9,48.5,63.8,75.7,54.2,63.1,80.2,Software Development,1
STU105492,19,Male,8.74,100,1,54.6,73.7,62.3,52,3,1,1,3.8,1,1,0,587,3,65.7,56.7,67.4,76.7,41.7,36,79.8,Data Science,0
STU107066,22,Male,5,86.1,0,33.6,56.8,55.6,15,2,1,1,3.8,2,4,0,131,2,78.5,81.9,71.8,61.9,72.9,15.4,,Cyber Security,0
STU106419,24,Female,7.84,96.9,1,44.3,65.1,66.1,49,4,2,0,0,3,2,0,497,4,62.2,71.1,65.2,37.8,58.2,28,85.8,Software Development,0
STU109894,22,Male,7.29,84,0,55.6,53.8,75.9,56.1,2,1,2,10.4,4,1,0,671,1,63.3,71.9,78.2,54.5,51.1,28.6,87.5,Software Development,0
STU102289,23,Female,9.21,81.4,0,54.3,80.2,70.4,79.3,1,0,3,,2,1,0,579,2,60.3,70.1,71.3,50.5,64.2,24.2,81.1,Software Development,0
STU105008,22,Female,6.55,61.4,0,36.7,47.1,45.6,55.9,3,0,3,10.9,3,0,0,735,4,67.4,,73.8,47.6,23.8,5.2,74.1,Software Development,0
STU101558,23,Female,8.24,81.9,0,39.8,60.1,65,79.1,1,1,1,2.7,0,1,0,609,1,67.9,48.5,55.1,53.7,70.8,40.8,73.2,Cyber Security,0
STU105128,23,Male,8.35,76.9,0,57.1,60.8,76.6,44.4,1,1,2,5.8,3,2,0,805,2,66.7,52.9,89,37.8,77.3,27.4,71.6,Cyber Security,1
STU106988,23,Male,7.72,87.2,0,60.4,47.9,56.6,28.8,4,2,0,1,3,2,0,363,5,58.3,60.1,61.7,71.4,27.6,27.3,69.6,Software Development,0
STU101560,22,Male,7.45,78.2,0,37.6,43.4,58,39.9,2,0,0,0.4,3,1,0,241,1,71.7,65.2,74.9,29.9,42.4,26,82.6,Software Development,0
STU103147,23,Male,7.89,79.2,0,54,63.6,31.2,71.3,2,2,1,6.1,2,3,2,447,4,48.3,56.1,73,62.2,76,25.9,80.9,AI/ML,1
STU102606,21,Other,6.74,81.2,1,56.1,49,40.4,28.8,1,0,0,0,1,1,0,504,2,73.7,47.6,56.9,60.1,69,97.3,49.2,Business Analytics,0
STU102578,21,Female,7.66,81.3,1,75.5,44.4,27.4,53.5,3,1,1,4.4,2,0,0,782,3,49.4,70.3,65.5,62.1,47.1,75.6,,Software Development,0
STU106189,24,Male,7.08,80.9,0,15.4,67.2,80,53.5,1,1,1,4,1,0,0,526,2,79.1,46.2,70,40.7,51.2,,67.4,AI/ML,0
STU100163,24,Male,6.73,82,0,36.4,43.1,65.3,24.2,4,0,1,1.6,2,0,0,606,4,67.5,71.4,76.8,38.7,84,124.7,62.4,Business Analytics,0
STU105984,22,Male,7.01,72.9,0,62.7,51.1,63.8,47.7,2,1,0,0.8,3,1,0,969,1,51.8,48,78.3,68.3,36.6,46.9,75.4,Cyber Security,0
STU105038,21,Female,8.24,83.2,1,50.1,93.6,57.4,76,3,1,1,2.9,1,2,0,651,2,61.1,40.8,75.9,53,78.7,49.9,66.1,Data Science,1
STU103539,23,Male,7.87,92.2,0,57.9,35.5,31,68.7,2,0,1,2.7,1,1,0,701,4,61.6,56,69.4,65,50.7,47.9,69,Software Development,1
STU100087,21,Female,7.38,76.2,2,40.1,34.1,47.7,50.2,5,2,1,5,1,2,0,446,5,50.9,73.9,70.1,46,64.5,43.5,78.3,AI/ML,0
STU100953,22,Female,8.35,86,0,59.5,66.1,29.3,72.2,5,1,0,0.3,3,2,0,622,8,70,93.1,66.7,49.4,51,36.4,48.4,Business Analytics,0
STU106482,21,Male,8.38,98.1,0,41.7,86,48.5,42,3,1,1,4.8,4,1,0,317,4,60.1,68.5,78.6,32,63.9,80.8,93.4,Data Science,0
STU105646,20,Female,7.13,75.5,2,29.5,32,76.5,34.2,1,0,1,5.2,4,0,0,606,3,67.5,63.9,70.8,75,72.4,64.8,74.6,Cyber Security,0
STU107880,23,Male,6.78,97.7,1,36,47.5,72.2,52.4,2,2,1,2.4,1,3,0,426,1,55.9,57,70,50.8,39.6,58.9,74,Cloud Computing,1
STU101184,22,Male,9.37,73.2,0,50,78.8,72.8,62.8,2,1,0,2.2,2,0,0,684,2,75.3,54.7,68,64.3,58.3,48.8,66.6,Cloud Computing,0
STU100479,22,Male,7.27,76.4,0,44.1,16.8,53,72.3,4,0,0,0,3,3,0,817,3,55,51,85.1,63.8,35.1,43.7,61.5,Cloud Computing,0
STU105151,23,Male,7.38,89.9,0,72,53.9,52.1,71.6,1,0,1,1.6,3,2,0,279,1,75.2,53.3,69.6,63.7,54.4,12,72.6,Data Science,1
STU101398,21,Male,7.91,88.7,0,47.5,77.8,33.8,52.7,0,0,0,1,0,2,0,566,0,49,26.9,60.5,54.3,64.8,72.2,,Software Development,0
STU102782,21,Male,9.45,83,0,62.8,84.5,57.7,62.4,2,0,1,4.7,4,2,0,875,3,63.4,77.6,60.5,54.6,44.3,61.5,95.3,Data Science,0
STU102531,23,Male,9,78.3,1,68.5,64.5,69.3,82.6,2,1,3,17.1,1,2,1,864,3,55.4,72.5,78.1,46.7,85.5,105.2,100,Software Development,0
STU106109,23,Male,7.76,73.2,1,70.7,65.6,57.9,61.8,7,4,0,0,2,1,0,1156,7,65.3,76,59.4,49.5,51,,70.3,Data Science,1
STU108659,22,Female,8.76,83.7,3,46.9,72.7,69.7,65.4,0,0,1,4.1,2,0,0,869,0,73.3,46.2,76.8,56.8,43,,80,Cyber Security,0
STU107344,22,Male,7.32,80.7,0,65.5,60,47.5,68.1,5,0,1,6.5,4,1,1,637,5,59.7,49.4,60.7,78.3,71.7,9.7,76.8,Software Development,1
STU108563,21,Male,7.56,85.8,2,45.5,67.6,45.5,47,1,0,1,2.4,0,1,1,522,0,53.7,59.8,67.6,69.7,75.9,55,87.3,Cloud Computing,1
STU105423,22,Male,6.53,90.1,1,15.3,28.9,65.1,50.3,1,0,0,1.2,1,1,0,906,4,47.9,44.8,72.8,52,65.8,31.6,86,Software Development,1
STU101788,20,Male,6.95,75.4,0,67.1,52.6,40.8,62.5,4,1,3,12.2,1,2,0,1225,4,77.9,75.1,66.2,37,56.5,57.2,72.9,AI/ML,0
STU108551,22,Male,7.16,90,0,28.2,52.7,64.2,30.8,2,0,1,5,3,5,2,520,2,66.8,25.3,78.6,85.4,52.5,116.4,56.3,Cyber Security,0
STU106193,20,Male,5.81,86.6,0,51.5,61,55,43.5,1,0,0,0,2,3,0,1056,0,70.5,51.3,62.6,39.4,35.8,47.6,81,Software Development,0
STU101190,22,Male,8.07,93.5,1,70.8,47.3,63.4,57,2,1,0,1.4,1,3,0,573,1,80.9,59.6,71.8,56.9,48.2,79.9,85,AI/ML,0
STU107320,21,Male,7.56,88.9,1,42.3,47.2,64.7,74.6,1,0,3,12.1,1,1,0,1252,1,76.6,65.6,72.5,22.7,55.9,31,73.3,AI/ML,0
STU108765,23,Female,7.93,79.7,0,43.2,63.9,31.8,50.9,2,1,0,0,3,3,0,716,1,51.5,58.3,70,53.7,50.6,43.9,68,Data Science,0
STU101115,22,Male,7.37,67.7,0,45.1,46.7,77.1,52.8,4,1,2,7.5,0,0,0,621,4,50.3,71,87.2,33.6,53.4,103.1,71.1,Software Development,0
STU105016,21,Male,7.18,92.5,1,50.3,53.5,47.5,27.1,2,0,1,3.7,2,1,1,747,1,70.3,53.7,76.6,56.6,71.7,52.1,56.7,Software Development,0
STU101581,23,Male,7.31,88,0,40.8,77.8,65.9,57.6,2,0,0,0,0,3,0,981,5,73.3,48.7,66.7,79.3,80.9,18.4,79.6,Cyber Security,0
STU105135,21,Male,5.96,86.1,0,20.9,22.9,65.8,46.8,4,2,0,0.8,5,3,1,726,3,70,76.8,77.6,43.5,70.5,135.6,79.2,Software Development,0
STU101970,23,Female,6.97,81.9,0,49.4,75.9,34.7,31.3,1,0,0,0,1,2,0,942,0,68.2,53.8,59.4,78.9,59.4,69.9,58.5,AI/ML,1
STU105298,22,Female,6.76,74.6,0,51.4,35,67.4,30,2,1,1,3.6,2,1,0,541,2,,50.5,68.6,59.6,100,53.3,76.5,Cyber Security,0
STU104104,24,Female,7.01,79.4,2,31.8,49.6,44.5,34.1,2,1,0,1.9,5,1,0,1029,2,76.4,72.7,78.8,53.9,44.2,27.7,59.8,Cloud Computing,0
STU106565,23,Male,6.67,,0,39,55.6,81.1,37.5,6,3,0,0.3,4,1,0,392,6,71,89.8,62.5,49,52.1,63.4,83.6,Data Science,0
STU106172,20,Male,5.65,89,1,44.3,49.7,66.2,41,4,2,0,0,1,3,0,291,7,71.2,78.5,62.2,64.1,33.6,97.8,66.6,Software Development,0
STU106310,20,Female,8.45,91.1,2,73.3,59.2,70.4,84.7,3,2,1,4.6,3,0,0,504,4,53.7,85.6,78.6,25.5,40.3,44.6,90.7,Business Analytics,0
STU101930,23,Female,8.82,79,0,51.4,61.3,53.5,66.3,1,0,2,6.3,0,3,0,976,1,72.7,38.5,65.9,49.8,70.6,73.9,67.5,Business Analytics,0
STU103773,22,Female,6.63,79.8,0,57.2,,93.8,15,2,0,1,3.6,1,0,0,559,4,72.3,28,79,71.9,71.5,84.6,70.7,Data Science,1
STU108427,22,Male,7.28,89.1,0,43.1,69.6,71.9,34.1,2,0,1,3.9,5,0,0,1099,1,,51.9,,53.4,73.3,35.1,67.3,Software Development,0
STU109745,20,Female,8.25,69.3,1,42.2,55.9,46.9,59.1,3,0,2,6.9,2,0,0,817,2,47.1,55.3,58.9,44.2,57.9,50.4,79.2,Software Development,0
STU109348,22,Male,8.04,82.4,0,32.4,40.1,25.4,89.4,1,0,0,0.9,1,4,1,618,0,71.9,63.8,46.9,64.1,41.1,106.6,80.9,Software Development,0
STU105812,22,Female,9.3,77.7,1,82.7,81.1,47.8,76.1,3,0,0,0,3,0,0,920,3,45.7,79.7,70.1,57.2,37.5,17.4,93.9,Software Development,0
STU103365,22,Male,6.5,78.7,1,67.6,48.6,60.2,32.5,5,0,0,0,2,1,0,1077,5,63.2,63.8,77.4,57.6,63,41.3,70.3,Cyber Security,0
STU103003,24,Male,8.37,77.9,0,57.7,58.3,51,72.8,6,1,2,11.1,2,2,1,1302,7,66.4,100,75.3,53.2,62.2,53.4,72.9,Software Development,0
STU107059,23,Other,7.49,94.1,0,44.4,60.3,46.6,73.8,3,2,0,0.7,2,1,0,921,2,65.9,63.8,64.6,53.1,33.7,45.5,87.8,Data Science,0
STU100640,22,Male,9.21,90,0,87.9,77,87.1,39.2,2,0,0,1.1,3,1,0,940,1,32.6,66.6,68.2,81,32,45.5,51.1,Data Science,0
STU104853,24,Male,6.96,71.3,0,32.3,51.7,37.8,44.6,3,2,1,3.9,0,2,0,763,2,,63,55.5,55.6,55.2,28.7,56.3,AI/ML,0
STU102967,23,Female,6.61,84.1,0,76,59.8,73.1,42.5,3,2,0,0,0,0,0,602,3,71,62,73.1,27.1,62.8,50.9,63.7,Software Development,0
STU100970,22,Male,7.91,75.6,1,66.1,83.6,66.1,53,1,1,0,0.8,1,1,0,605,2,56.3,48.2,72.5,62.6,60.8,42,,Software Development,0
STU101144,21,Male,7.22,84.5,3,38.5,64.3,28.9,48.1,4,1,1,6.2,3,0,0,1002,4,64.2,68.4,65.6,65.2,68.1,63.8,78.6,AI/ML,1
STU106338,20,Female,6.8,83.3,0,73.2,69.7,43.6,60.5,0,0,3,10.8,3,0,0,1011,1,67.5,46.9,70.9,77.1,69.2,57.2,69.3,Software Development,0
STU103807,21,Male,7.51,84.5,0,100,63.2,69.7,41.5,3,1,0,1.8,3,1,0,1190,3,70.2,69,80.2,46.6,85,304,76,Cloud Computing,1
STU106074,22,Male,6.97,100,0,,56.9,42.7,45.5,2,1,1,5,1,1,0,618,2,44.7,51.2,56.2,64.4,64.4,25.3,71.8,Cloud Computing,0
STU103521,21,Male,9.12,91.5,1,44.4,66.5,50.9,41.2,1,1,0,1.4,2,2,0,663,2,65.3,55.5,65.5,63.5,73.1,18,53.4,Cloud Computing,0
STU109034,23,Male,8.75,91.8,1,38.5,73.3,58.4,70.6,1,1,1,2.6,3,2,0,587,0,68.8,77.6,75,54.3,87.1,106.2,93.9,Software Development,0
STU103104,23,Female,7.8,81.3,1,70.8,66.2,45.1,36.3,2,1,2,7.9,1,0,0,864,1,78,45.4,79.3,38.4,52.5,45.3,65,Software Development,0
STU101605,21,Female,8.05,83.7,0,51.8,64.2,52,56.9,6,1,0,1.1,2,3,0,817,7,49,81.3,72.9,55.2,48.7,72.3,,Software Development,0
STU104159,23,Male,7.82,86,0,66.3,54.7,80.8,48.8,4,2,1,,1,1,0,1036,3,57.4,,74,51.5,58.2,91.1,59.4,AI/ML,1
STU109048,25,Male,8.16,68.6,1,70.3,41,44.9,76.6,3,1,2,8.1,5,1,1,706,3,89,68.9,67.3,66.5,59.6,18.8,85.7,AI/ML,0
STU103832,24,Male,9.34,72.6,0,83.7,59.9,72.3,65.7,3,0,2,9.6,2,1,0,793,3,53.4,54.7,63.2,65.1,83.3,11,80.4,Software Development,0
STU105057,21,Female,7.62,83.6,1,43.8,52.5,30.2,28.2,1,1,2,7.7,1,2,1,665,1,69.7,46.7,73,61.2,76.6,123.5,60.1,AI/ML,0
STU102517,22,Female,6.14,79.3,1,37.7,59.8,61.4,43.1,1,1,1,5,2,2,0,541,4,94.9,50.6,58.1,60.7,74.8,67.2,79.8,Data Science,0
STU101131,21,Female,8.24,68.2,4,67.4,35,57.2,33.5,3,1,1,3.6,1,0,0,1016,4,54.8,52,71.1,90.6,59.9,110.9,68.4,AI/ML,1
STU106011,20,Male,6.95,99.8,1,57.5,60.6,38.8,57.1,4,0,1,6.2,2,0,0,1027,5,83.5,50.8,69.8,48.5,41.2,52.5,66.6,Cyber Security,1
STU103508,22,Male,7.08,87.6,1,37.6,67.8,42.1,56.3,0,0,0,0.5,2,3,0,273,1,60.3,55.4,50.7,54.5,87.7,62.5,71.5,AI/ML,0
STU109777,20,Male,8.42,81.3,1,76.6,67.9,44.7,100,3,2,0,0,2,1,0,1090,2,36.4,58.4,65.7,55,58,22.7,92.9,Business Analytics,1
STU109619,20,Male,7.1,71.9,1,31.9,37.4,53.9,36.5,1,0,0,3.6,1,1,0,616,0,55.3,45.3,72.4,71.7,58.9,61.2,72.9,Software Development,0
STU108188,21,Male,7.14,100,0,40.6,48.2,60.7,38,3,1,1,4.1,0,0,0,1704,4,51.7,62.8,81.6,59.1,54.9,65.3,77,Data Science,0
STU103112,23,Female,6.51,90.5,0,49.3,47.4,68.2,50.9,7,2,1,4.8,2,0,0,470,6,,68,66.9,40.2,63.2,79.5,76.8,Business Analytics,0
STU105120,22,Female,7.84,63.4,0,66,33.4,89.1,59.6,2,2,3,10.3,2,0,0,597,3,85.1,77.2,77.8,50.3,43.6,15,100,Cloud Computing,0
STU106646,22,Male,7.32,81.8,0,78.1,47.3,62.9,67.5,3,2,1,5.4,1,3,1,1022,3,65.4,49.1,78.7,78.1,48.7,93.1,83.2,Cloud Computing,1
STU108732,22,Female,7.42,80.4,0,65,40.2,43.3,82.5,5,2,0,0.4,1,2,0,978,6,61.3,67.1,53.9,70,49.7,61.3,72.2,Software Development,1
STU109946,22,Female,6.08,82,0,51.5,49.2,68.4,25.2,3,0,1,4.1,3,2,1,1011,3,54.4,89.7,68.9,58.8,25.7,46.2,51.5,Software Development,0
STU106546,22,Male,7.58,82.2,1,57,53.1,66.4,59.8,4,3,0,0.3,2,0,0,328,4,54.8,57.5,65.1,73.7,37,18,75.5,Business Analytics,0
STU105421,23,Male,7.19,80.9,1,60.6,54.6,20,49.1,4,2,2,2.9,3,1,0,523,3,69.1,58.6,48.1,48.7,39.1,45.2,74.5,AI/ML,0
STU101809,22,Female,8.67,83.4,0,62.9,74.9,48.7,59.8,2,0,0,0,5,3,0,683,1,67,40.4,56.1,50.8,72.8,32.6,74.2,Business Analytics,0
STU102310,22,Male,7.31,79,0,60.9,64.5,77.5,38.9,1,0,1,3.8,0,0,0,624,0,59.4,46.7,58.2,61.2,71.6,44.1,72.3,Software Development,0
STU106095,22,Male,7.29,85.2,0,25,65.4,41.5,77.7,2,2,0,0.9,1,1,0,606,1,64.9,49.4,61.4,41.2,60.7,14.3,57.1,Data Science,0
STU101165,21,Male,6.6,85.9,0,35.9,64.2,60.9,,0,0,1,6.5,3,0,0,600,0,64.6,63.6,81.5,40.1,12.3,76.3,52.1,AI/ML,0
STU100846,22,Female,6.96,78.6,1,42.2,45.6,72.9,15,5,2,0,0,1,0,0,721,4,62.6,66.9,81.2,43.8,52.5,63.7,76.8,AI/ML,0
STU105764,24,Male,7.96,68.8,2,36.1,60.3,57.1,70,5,1,2,7,2,2,0,559,5,67.3,63.8,77.7,71.8,98.8,103.3,78.8,Software Development,0
STU105482,21,Male,8.2,69.8,2,46.8,61.5,42.2,63.1,3,1,1,5.3,2,2,0,825,4,80.2,60.2,61.6,38.9,45.1,34.1,93.4,Data Science,0
STU102515,22,Male,7.2,66.3,0,63.5,49.8,47.2,44.1,2,0,0,0,1,1,0,523,3,58.6,68.9,,62.4,42.9,53.4,75.5,AI/ML,0
STU107492,21,Female,7.6,87.6,0,52.9,70,50.4,66.2,4,1,0,0,2,1,0,896,4,60.2,68.1,71.4,32,76.9,39.4,62.6,Business Analytics,0
STU102496,24,Female,7.17,99.7,0,55.1,29.6,43.7,48,3,1,1,5.1,4,1,0,656,2,56.6,,75.2,50.8,54.2,21.8,61.7,Business Analytics,1
STU103880,22,Male,8.54,100,1,83.5,54.2,54,60.3,0,0,0,0.4,2,2,1,1145,0,63,,65.8,27.3,88.4,33.4,70.3,AI/ML,0
STU102493,23,Female,7.6,81.7,0,54.6,79.5,62.7,57.3,2,1,1,2.5,1,3,0,658,2,63.6,32.1,72.7,77.8,64.7,57.9,79.2,Data Science,1
STU103776,21,Female,7.71,85,0,41.5,71.2,66.2,52.9,3,2,1,3.8,2,3,0,633,2,67.5,78.8,69.6,44.9,57.3,72.3,71,Data Science,0
STU107288,23,Male,7.74,79.5,1,69.7,57.9,76.3,54,4,2,0,0.7,0,2,0,1189,4,59,64.9,79.6,47.8,50.5,20.6,63.3,Data Science,0
STU101507,19,Male,7.06,60.7,0,57.6,42.8,63,51.6,1,1,0,0,1,1,0,864,1,72.3,69.3,74.6,53.7,55.2,54.5,82.1,AI/ML,0
STU105159,21,Female,7.12,100,0,66.6,47.1,61.6,22.6,0,0,2,6.5,2,1,1,655,1,53.3,52.2,62.5,52,72.6,25.5,91.1,Business Analytics,1
STU100152,21,Male,7.83,71.6,1,46.2,70.9,53.8,67.3,2,2,2,9.9,1,2,1,671,2,77.3,78.5,79.7,83.1,39.2,68.5,69.6,Software Development,0
STU104766,22,Female,7.84,70.6,0,50.9,63.5,70.2,29.9,4,2,0,0,3,1,0,908,5,,82.8,70.5,64.5,40,48,66.7,Software Development,0
STU100717,20,Male,7.91,84.4,0,71.5,64,50.6,34.8,0,0,0,0.6,2,0,0,676,0,48.3,32.9,73.6,50.6,36.6,80.5,72.3,Business Analytics,0
STU101994,23,Male,7.31,86.4,0,53.8,72,54.3,33.2,3,2,3,13.8,1,0,0,769,2,62.6,85.2,65.2,66.7,67.7,44,72.7,AI/ML,0
STU105445,23,Female,6.85,87.7,0,48.7,68.2,50.8,48.9,5,3,1,2.5,1,1,0,988,6,70,68.3,64.7,61.8,76.9,66.6,57.1,Data Science,1
STU103789,24,Female,7.12,,1,48.4,23.2,49.7,71,2,1,2,9,1,1,0,1063,2,69.6,70.6,82.1,43.2,59.9,13.5,60.7,AI/ML,1
STU100094,22,Male,8.27,88.6,1,47.2,59.8,64.2,56.2,4,1,2,7,2,0,0,391,3,62.8,68.1,91,43.5,27.9,59.4,79.2,AI/ML,0
STU102624,22,Male,7.41,71.1,1,49.9,48.8,45.5,41.1,2,1,2,6.6,1,1,0,830,3,84.9,60.3,72,58.5,40.8,28,62,Software Development,0
STU101400,20,Male,8.5,83.1,0,71.5,74.1,64.4,81.4,4,1,2,5.5,1,0,0,1167,3,57.5,,64.6,72.7,69.4,20.9,83.6,Cloud Computing,0
STU104312,22,Male,7.31,78.7,0,49.7,55.3,47.4,39.4,2,0,0,0,4,1,0,770,2,59.9,58.1,68.5,58.8,30.8,69.5,64.8,Business Analytics,0
STU103691,22,Female,6.93,75.1,0,64.6,59.1,70,54.3,1,1,1,4.8,4,2,2,665,0,57.8,63.1,79.4,51.2,52.2,63.9,85.2,AI/ML,0
STU106662,24,Female,8.25,,0,79.4,97.1,58,78.8,2,2,2,12.2,2,3,0,877,3,68.2,75.9,75.4,41.2,47.1,48,69.6,Software Development,0
STU104248,22,Female,5.88,77.3,1,46.2,44,48.9,60.8,2,0,1,3.3,3,0,0,645,2,93.3,,66.1,29.7,57.5,26.5,75.4,Business Analytics,0
STU102380,22,Female,6.63,77.4,0,30.8,50.1,51,59.4,1,0,0,0,1,1,0,432,1,60.7,48.6,83,30,59.2,39.3,69.9,AI/ML,0
STU107605,21,Male,8.39,87.7,0,46.4,48,57.5,58.7,1,1,0,0.7,2,0,0,586,1,56,71.9,85,45.3,49.6,,90.2,Software Development,0
STU101603,23,Male,6.87,84.3,0,53.6,59.4,61.1,71.5,2,2,0,2.2,2,0,0,1106,1,65.1,64.7,75.4,50.5,90.2,65.4,91.5,Software Development,0
STU102895,21,Male,9.84,58.5,1,96.4,79.3,65.3,77.1,1,0,1,4.4,4,2,0,839,2,68.7,67.6,81.5,18.9,87.3,67.9,75.5,Data Science,0
STU106888,21,Male,8.19,85,0,68.6,42.6,41.8,75.7,4,1,1,2.9,3,1,1,1126,4,66.1,56.9,61.6,33.1,72.3,54.1,79.5,Cloud Computing,0
STU105390,21,Female,8.5,83.1,0,56,66.2,71.3,71.8,3,3,1,4.5,2,3,0,1036,3,61.7,48.7,74.2,51.3,40.3,73,90.7,Software Development,0
STU101440,23,Female,5,80.5,1,31.6,26,64.5,39.5,3,0,0,0,1,3,1,342,3,57.4,61.9,82.3,38.6,66.6,84.1,67.3,Software Development,0
STU104390,23,Female,9,68.4,0,82.7,68.2,58.8,68.7,1,1,0,0,2,0,0,875,0,59.5,36.4,62.9,31.2,59.5,12.3,71.3,Data Science,0
STU103860,22,Female,7.52,82.6,0,56.2,63.9,73.2,82.5,4,3,0,0,2,1,1,572,4,60.4,71.8,75,28.2,33.8,62.4,84.2,Cloud Computing,0
STU100418,23,Male,6.46,87.9,0,33.1,43.6,42.8,67.6,0,0,1,2.4,2,2,0,482,0,68.6,35.5,67.9,60.3,49.3,25.9,79.4,Cyber Security,0
STU100314,22,Male,7.14,85.9,1,33.8,36.8,46.8,82.1,1,0,0,0.2,2,1,0,676,1,,54.7,70.8,56.8,69.3,49.8,88.5,Data Science,0
STU102731,20,Male,8.75,72.6,2,,62.4,61.6,47.3,5,1,1,1.1,1,4,1,307,5,67.5,74.9,72.1,54.7,52,38.9,83.3,Data Science,0
STU109729,20,Female,8.44,80.3,2,73,87.1,54,59.9,1,1,1,1.7,2,0,0,968,3,53.2,67.4,59.6,62.2,57.1,75.5,56.3,Business Analytics,0
STU102345,23,Male,9.03,100,1,64.2,72.2,38.5,41.9,0,0,2,5.6,4,0,0,795,0,75.5,52.3,49.7,47.1,67.2,42.6,63.5,Data Science,0
STU106522,23,Male,8.29,70.3,1,55.6,62.4,62.4,65.7,1,0,2,9.4,0,4,1,669,1,53.7,40.3,89.1,48.7,70.2,34.5,71.7,Software Development,1
STU100503,21,Male,7.46,74,0,60,53,46.5,73.9,3,1,1,1.1,2,1,0,789,2,62.8,58.9,80.3,44.1,82.9,26.4,75.5,Software Development,0
STU108456,22,Male,7.76,81.4,0,70.8,73,44.6,48.9,4,2,3,15.6,4,2,0,438,3,68.3,60.2,61,50.8,77.5,39.7,75.1,Data Science,0
STU104618,21,Female,8.45,100,0,54.4,62.9,49,53.5,1,0,1,2.3,2,0,0,710,1,40.7,52.9,73.3,53.9,54.2,13.4,47.9,Software Development,0
STU101503,23,Female,6.45,87,1,32.8,57.9,72.1,58.5,6,4,0,1.6,1,0,0,834,6,70.6,62,92,41,25,127.7,73.7,Software Development,0
STU100318,21,Male,6.31,86.7,1,43.1,80.1,41.2,44.1,0,0,1,5.5,2,0,0,775,2,88.6,41.4,75.4,28.8,70.2,48.7,60.4,Data Science,0
STU102375,21,Male,6.81,71.9,0,34,60.6,81.4,52.6,2,1,1,6.9,2,2,0,780,2,61.3,56.9,79.3,45.3,16.4,49.1,61.4,Cloud Computing,0
STU105769,22,Male,9.2,73.2,2,79.6,51.2,66.4,79.4,4,2,1,4.5,5,3,1,621,3,86.3,77.6,79.2,40.7,87.8,31.9,68,Data Science,0
STU107023,21,Male,7.03,85.5,1,50.1,71.3,27.7,44.8,4,3,0,1,1,3,1,631,4,60.3,62.6,62.2,53.4,30.6,32.2,89.2,Data Science,0
STU104164,20,Male,8.13,76,1,62.8,54.8,62.7,50.4,2,1,1,5.6,1,0,0,852,5,,48.4,62.4,15,66,10.5,89.8,Software Development,1
STU105019,20,Female,6.04,79.2,2,42.5,51.6,46.7,48.7,4,1,0,0.7,0,1,0,808,4,50.3,75.3,61.4,50.1,73.3,29.1,60.6,Data Science,0
STU109339,21,Female,8.65,76.3,2,57.2,85.7,29.3,65.9,0,0,2,10.4,1,0,0,476,0,61.3,40.9,61.3,57.1,48.6,65,49.8,Cyber Security,0
STU102023,22,Female,8.96,77.7,1,78,80.9,39.5,69.1,2,1,0,0,2,0,0,389,4,70.6,75.7,75.8,42.9,61.5,41.5,79.3,Software Development,0
STU106804,22,Male,5.97,76.3,0,27.2,41.3,56.4,53.1,4,1,0,0,2,2,0,852,3,83.4,65.7,67,78.1,77.2,112.7,76,Cloud Computing,0
STU109928,23,Male,7.9,69,1,44.8,24,,42.6,2,0,2,8.8,4,3,0,864,3,55.4,57.4,75,79.9,31.6,34.6,77,Software Development,0
STU100908,20,Male,8.15,69.9,0,64.8,61.1,41.8,77.6,2,1,1,2.8,2,0,0,586,3,59.6,61.3,75.9,74.7,68.8,39.9,73.3,AI/ML,0
STU109557,21,Male,9.58,69,1,82,90.1,46.4,60.9,2,2,1,5,2,1,0,834,1,69.4,50.2,59.2,56.9,69.2,125.6,77.7,Cloud Computing,0
STU105878,21,Male,7.81,90.6,0,56.8,42.9,77,56.4,4,2,1,5.2,0,0,0,808,3,50.5,63.9,82.4,53,46.8,25.9,,Data Science,0
STU108966,23,Male,8.42,78.1,1,69.8,64.5,74.6,35.4,3,0,2,8.4,5,3,0,751,2,63.1,54,79.2,69.4,28.1,61.3,70.2,Data Science,0
STU101955,22,Male,8.08,92,2,47.7,40.8,68.9,43.6,3,1,1,4.7,3,1,0,833,4,70.4,70.6,,72.6,48.9,102.2,74.1,Data Science,0
STU102181,24,Female,7.75,90.9,0,63,55.6,43.3,58.9,2,2,0,0,1,0,0,1092,1,64.6,44.7,79.2,74.2,40.7,45.8,67.8,Cloud Computing,0
STU102922,22,Female,5.02,83.1,0,58.2,54.7,51.5,74.2,0,0,1,5.3,1,1,0,623,0,59.2,53,65.1,93.4,63.8,65.8,76.6,Data Science,1
STU108306,22,Male,9.76,76,0,88.3,52.9,78.2,60.1,4,0,0,0,0,0,0,892,3,65.9,55.1,81.4,45.9,57.7,48.6,63.8,Software Development,0
STU105748,20,Male,7.76,81.6,0,41.7,73.7,53,73.8,1,0,3,10.5,3,0,0,569,2,65.7,68.2,50.6,41.7,66.4,42.1,63.3,Software Development,0
STU104210,21,Male,9.36,85.7,1,62.1,81.4,63.6,82.7,7,3,0,0,1,1,0,914,7,69.2,73.9,70.5,38,68.7,34.1,70,Software Development,0
STU103937,23,Female,8.78,83.3,0,53.4,80,51.2,30.7,3,2,1,4.9,1,1,0,548,4,58.8,64.5,70.6,58.4,66.8,10.4,76.9,Software Development,0
STU100676,22,Female,6.77,85,0,19.7,52.7,34.7,43.9,5,1,1,4.4,4,1,0,535,4,65.6,83,60.1,57.6,71.1,50.3,52.4,Data Science,0
STU103007,20,Male,7.79,79.7,1,39.5,58.6,51.1,65.9,6,3,0,1.5,0,1,0,643,5,54.7,90.7,60.3,49.3,37,109.5,73.9,AI/ML,1
STU103985,21,Female,8.12,84.5,0,84.3,47.2,43.6,79.1,3,2,1,,1,0,0,635,3,59.2,77.3,63.6,69.5,77.9,30.1,55.3,AI/ML,0
STU100893,21,Male,8.08,86.6,1,69.3,61.5,41.9,49.3,0,0,0,0,3,1,0,693,0,53.8,42.8,59.8,48.2,83.1,47.4,66.5,AI/ML,0
STU108850,23,Male,7.43,79.5,1,41.7,59.8,63.2,87.8,1,0,2,8.3,0,2,0,994,0,55.4,52.4,99.2,68.7,47.8,49.2,90,AI/ML,0
STU103100,22,Male,7.5,70.1,2,47.5,51.7,56.2,46.5,2,2,2,10.3,2,1,0,1049,1,39.8,69.2,65.6,45.3,40.8,,80.7,AI/ML,0
STU104818,22,Female,7.66,82.1,0,36.3,55.2,49.1,48.7,2,2,0,0.5,2,3,0,503,1,48.9,62,71.4,53,28.3,31.1,53.9,Cloud Computing,0
STU102283,23,Male,6.49,100,0,52,58,67,47.4,2,2,1,5.1,3,6,0,448,2,59.7,,54.3,100,47.1,36.5,80.5,Business Analytics,0
STU102242,21,Female,8.29,70.4,0,74.8,70.6,61,27.9,2,2,1,4.5,2,2,0,1209,1,,48.3,62.2,34,82.4,50.6,74.8,Data Science,0
STU109013,21,Male,8.04,76.4,0,29.7,37.5,37.8,50.7,3,1,1,1.9,1,3,0,533,2,61.2,,56,71.1,80.9,30.4,55.9,Business Analytics,0
STU108559,22,Female,7.7,81.2,2,69.6,40.3,75.9,83,3,1,1,3.6,3,3,1,699,2,72.9,63.2,68.6,44.6,15.4,32.9,100,AI/ML,1
STU104602,22,Male,7.5,78.8,0,23.3,82,46,27.3,2,1,0,0.6,4,1,0,789,1,60.4,73.7,72.8,31.8,52.4,59.9,79.7,Cyber Security,0
STU106298,22,Male,8.7,86.1,1,75.7,75.6,66.5,26.2,3,0,1,5.3,5,0,0,1038,3,70.6,70.3,83.3,36.4,88.1,15.6,79.1,Software Development,0
STU102206,21,Male,7.96,68.9,1,40.5,24.7,63.2,60.6,1,0,1,4.9,3,0,0,740,1,68.6,55.8,66.5,20,67.7,99.1,82.1,Data Science,0
STU107794,21,Male,6.16,99.8,1,32.3,43.9,58.1,40.3,5,2,1,4,2,4,1,678,4,66.1,71.2,68.2,62,40.5,79.1,74.7,Business Analytics,0
STU100173,21,Female,8.91,76.3,1,70.7,64.6,65.2,60.3,3,3,1,3.7,0,0,0,816,2,47.7,80,74,36,61,20.8,58.4,AI/ML,0
STU106985,21,Male,6.34,98.2,2,47.3,54.5,70.8,27.4,5,2,2,9.4,3,1,0,1087,5,33,76.2,74.2,46.4,74.4,19.3,69.9,Data Science,0
STU109789,23,Male,6.57,84.4,0,44.5,65.5,44.6,47.8,6,2,1,1.9,3,1,0,381,6,74.7,68.5,60.1,71.1,47.2,39.3,75.8,Software Development,0
STU102336,22,Male,7.38,59.4,0,43.8,62.2,56.7,27.9,1,0,0,0.7,2,1,0,519,1,75.6,40,62.9,55.1,29.8,66.3,58.4,Software Development,0
STU103484,23,Male,7.47,71.7,0,56.1,45.3,54.8,44.2,1,0,0,0,1,0,0,602,2,60.5,50.7,72.6,33.4,57,77.7,66.6,Software Development,1
STU102043,24,Female,7.16,84.1,0,47.2,44.6,45.5,63.1,5,1,3,11.9,1,1,0,553,6,69,68.1,63.6,44.9,54.9,18.3,75.4,Software Development,0
STU102441,22,Male,7.97,92.7,1,40.9,58.3,58.6,71.4,3,1,1,3.8,0,2,0,737,2,58.1,63.4,63.5,60.6,71.6,52.7,,Software Development,1
STU105182,22,Male,7.76,76,1,53.5,33.1,58.5,79.6,2,1,1,4,3,0,0,1037,2,59.5,58.1,77.8,34.6,71.7,101.6,95.4,AI/ML,0
STU105194,22,Female,7.75,77,0,33.4,68.1,58.4,58.3,2,1,0,,1,4,0,489,2,62.7,60.7,81.5,64.3,34.1,17,68.9,Data Science,0
STU103909,21,Female,7,88,3,71.7,66.6,80.4,56.4,0,0,3,12.3,2,3,0,918,1,71.9,54.7,74.1,78.5,87.1,46.5,81.3,Cyber Security,0
STU100932,22,Male,7.06,61.6,0,52.3,63.3,52.5,62.8,2,2,1,2,0,1,0,613,2,48.1,53.7,69.1,68.3,56.6,133.3,67.1,Software Development,0
STU101186,20,Female,6.43,96.1,1,36.2,31.8,53.2,38.5,3,1,1,4,6,1,0,868,2,56.5,82.1,63.1,52.9,58,52.7,,Data Science,0
STU106678,21,Male,7.84,93,1,52.9,46,35.9,75.4,3,2,0,1.2,2,2,0,1006,4,64.6,81.3,54.6,84.4,51.2,110.1,60.8,Software Development,0
STU108871,23,Male,7.34,61.2,0,44.6,61.4,33.9,46.9,6,1,2,6.2,0,0,0,900,5,60,95.4,58,64.4,43.1,21.9,74.4,Data Science,0
STU101608,22,Female,8.06,87.8,0,77.4,84.3,57,66.9,3,2,1,3,0,0,0,970,4,69.5,73.4,71.4,30.7,53.2,39.1,72.2,AI/ML,0
STU106545,21,Male,7.02,78.6,1,56,47.1,37.8,42.5,4,0,0,0.2,4,3,2,906,3,60.8,72.9,70.1,49.6,65.5,43.8,51.6,AI/ML,0
STU107675,22,Female,7.88,89.6,1,,43.5,56.8,39.7,4,2,1,6.8,4,0,0,741,6,73.1,66,71.8,58,78.4,,,AI/ML,0
STU103453,24,Male,7.89,81.1,2,78.3,26.1,63.5,50.4,2,0,0,1.6,4,0,0,1037,2,,,61.3,52.2,56.6,15.1,70.7,Software Development,0
STU106947,24,Female,6.7,79.9,1,57,36.2,61.1,,0,0,0,1,0,3,0,953,1,42.1,49.7,81,53.6,45.5,,60.8,Software Development,0
STU103388,21,Male,8.96,92.4,3,69.5,57.9,30.1,78.2,3,0,0,0,0,5,0,1184,2,46.9,64.2,63.5,70,30.4,,71.2,AI/ML,0
STU106106,22,Male,5.63,95,2,27.3,24.2,63.1,28.7,7,4,0,0,1,1,0,781,7,59.5,83.2,67,67.5,55.8,60.9,,Cloud Computing,0
STU107046,22,Male,8.43,82.3,0,70,63.3,49.5,76.4,2,1,0,0,1,1,0,1357,2,57.2,50.6,82.1,55.9,36.9,111.4,87.2,Business Analytics,0
STU101170,21,Male,6.04,86.3,0,24,35.9,89.8,39.9,4,2,2,7.7,2,3,0,399,4,58.7,47.6,76.1,41.5,57.8,107.5,89.8,Data Science,0
STU104904,22,Male,9.43,78.7,2,45.8,69.9,41.7,80.8,0,0,0,0.9,7,2,0,540,0,64,79.6,56.6,46.4,40.6,38.2,68.6,Cloud Computing,0
STU106409,20,Male,8.14,75.4,1,34.7,42,33.8,70.7,5,2,2,,0,1,0,554,5,69.6,70,77.2,32.8,42,28.7,81,Cyber Security,0
STU105656,22,Male,8.96,88.2,0,73.5,60.8,46.2,66,3,3,0,0,3,2,0,397,2,70.7,71.5,83.9,44.6,54.3,58.7,73.3,AI/ML,1
STU101851,21,Female,8.66,88.3,1,66,50.5,39.2,82.7,1,0,1,4.2,3,1,1,786,2,64.9,62.4,59.9,65.5,72.5,21.6,79,Software Development,1
STU105692,21,Female,8.23,80.1,2,69.1,41.4,51.4,61.4,1,0,4,13.3,1,1,0,707,1,,48.2,61.6,63.6,80.2,45.9,77.5,AI/ML,0
STU101071,21,Female,7.78,94.4,0,50.7,43.9,43.9,60.8,2,1,1,5.7,3,0,0,804,2,76.4,62.4,70.4,48,82.2,48.9,64.2,AI/ML,0
STU102710,22,Female,7.52,97.3,1,79.4,70.2,60.1,79.5,4,1,1,5,5,0,0,1246,4,69.7,52.3,66.6,37.7,55.8,120.2,76.3,AI/ML,1
STU107522,22,Female,6.78,82.6,1,34.2,44.3,51.4,70.2,8,5,1,5.3,2,1,0,641,9,65,83.6,65.3,74,41.6,12.8,84.4,Software Development,0
STU102481,24,Male,6.83,,0,20.9,51.5,46.9,61.5,4,1,2,5.6,2,0,0,632,4,82.8,56.2,69.7,41.2,67.5,31,83,Cyber Security,0
STU105888,24,Female,6.85,78.1,2,55.6,35.6,70.8,58.7,3,1,0,,1,0,0,876,4,65.8,66.8,58.9,54.4,63,18.8,79.3,Software Development,0
STU108330,23,Male,5.95,94.1,1,28.9,39.3,56.2,47.9,3,2,0,0.4,2,1,0,440,3,64.7,54.3,68.1,45.4,57.6,59.2,72.7,Software Development,0
STU108316,22,Female,6.33,75.5,1,47.4,,79.3,52.5,3,0,0,,1,0,0,438,3,51.5,65.6,74,36.5,47.9,43.3,67.2,AI/ML,0
STU104041,22,Male,7.78,66.1,0,56.3,67,80.5,58,7,2,1,2.2,1,2,0,761,6,66.5,73.9,81.1,46.4,41.3,29.5,86.8,Cyber Security,0
STU107957,22,Female,8.53,82.2,0,67.5,62.6,68.2,50.3,1,1,0,2.1,4,2,0,837,1,61.5,63.1,75.8,35.4,51,41.3,,AI/ML,0
STU104138,22,Male,8.13,96.3,1,74.9,62.3,86.5,65.4,4,1,1,5,2,2,0,829,6,85.2,72.9,76.4,50.7,54.5,16.3,92.1,AI/ML,1
STU105453,24,Female,8,89.1,1,66.9,93.7,56.7,70.9,2,1,2,3.7,2,1,0,926,2,63.2,59.1,56.9,97.9,70.8,63.8,62.1,AI/ML,1
STU100150,22,Female,6.71,79.9,1,34.3,15,65.1,30.9,1,0,1,2.9,1,2,0,992,2,54.7,61.2,80.9,64.6,37.8,44.6,78.9,AI/ML,0
STU108483,22,Male,8.93,86.2,1,77,64.8,58.4,44.3,1,1,0,0,2,0,0,1087,1,52.6,63.7,65.7,52.7,62.5,76,65.7,Software Development,0
STU101983,22,Male,7.74,81.4,0,39.1,56.1,52.2,48.2,7,3,1,4.4,0,0,0,682,6,58.1,56.2,73.6,55.8,53.1,58.7,79.5,Business Analytics,0
STU104532,22,Female,8.54,91.5,0,44.5,70.4,48.6,50.2,2,1,2,4.6,2,1,0,686,1,52.9,50.9,61.1,57.1,41.3,,74,Software Development,0
STU100641,20,Other,8.18,84.6,1,80,,59,57.6,1,0,0,0.5,0,0,0,1320,1,34.2,42.1,91.4,44.2,77.1,49.3,63.2,Cyber Security,0
STU106714,21,Male,7.53,84.8,1,41.2,54,78,42.7,3,2,0,0.5,0,3,0,419,3,,47,89.8,37.7,50.1,38.4,54.4,Business Analytics,0
STU103547,23,Male,7.87,88.1,0,75.2,77.7,53.8,54.6,0,0,0,0,2,0,0,652,3,48.1,40.8,64.2,54,54.5,33.1,63.9,Software Development,0
STU107425,22,Male,7.42,94.2,0,49.3,41.3,83.7,60.1,2,0,0,,2,3,0,737,2,,70,75.7,43.3,47.1,38.4,88.4,AI/ML,0
STU100798,23,Male,6.99,92.3,0,52.4,31.1,52.8,46.3,3,1,1,4.6,1,0,0,1072,3,52,62.1,74.1,44.4,68.5,79.3,77.2,Business Analytics,0
STU100331,23,Female,7.96,83.5,0,55.5,60.7,42.2,52.6,2,0,1,4.3,1,3,0,874,2,61.6,51.5,57.7,65.7,67.1,49,75.3,Software Development,0
STU101531,22,Female,7.85,73.8,0,65,56.9,60,51.4,5,2,2,9.5,3,2,0,997,4,63.6,75.4,85.4,54.1,49.9,36.1,83.6,Data Science,1
STU107283,23,Male,6.83,88.3,2,39.5,52.3,84.4,60.1,7,3,0,0,1,1,0,860,6,69.6,77.7,67.8,47.4,63.2,,84,AI/ML,0
STU103923,20,Female,6.93,80.2,2,34.2,46.1,65.2,48.9,3,1,3,14.7,1,1,0,722,3,65.1,62.9,84,62.9,61.3,57.8,96.9,Data Science,0
STU106246,23,Male,8.35,87.7,0,39.9,63.2,66.4,20.9,1,0,2,5.6,4,1,0,716,1,55.2,60.6,83.3,65.5,61.7,38.6,53.7,Cloud Computing,0
STU105659,22,Male,8.03,80.5,4,73.7,65.2,69.8,87,1,0,1,4.1,2,0,0,1137,0,62.6,40.5,78.8,36.3,36,67.4,90.1,AI/ML,0
STU104344,21,Male,7.02,82.1,0,35.4,,45,44.4,4,0,0,1.1,3,1,0,987,5,63.9,80.3,78.3,30.9,70.7,88.3,81.6,Software Development,0
STU100014,23,Male,7.75,90.6,0,59.5,47,45.8,51.4,5,3,1,5.1,1,3,0,264,5,50.9,66.4,73.6,63.3,52.4,11.6,64,Business Analytics,1
STU109559,21,Female,6.51,76.6,2,40.6,47.6,55.6,41,2,1,2,9.1,1,0,0,331,1,63.2,52.5,64,59.7,56.3,25.8,63.2,Cyber Security,0
STU109662,22,Female,6.16,76.4,0,35.3,57.1,37.6,54.7,4,2,1,4.1,2,3,0,649,3,62.6,66.7,56.3,53.6,31.2,24.5,62.8,AI/ML,0
STU103103,23,Male,7.22,77,0,33.4,44.6,98.6,40.4,5,3,1,3.7,1,3,0,487,5,37.5,58.5,92.3,73.9,41.8,97.3,,AI/ML,1
STU108459,20,Female,7.57,90.6,0,62.9,48.7,66.6,54.7,7,6,0,0.5,3,1,0,878,6,51.3,75.8,,55,63.9,79.6,91.8,AI/ML,0
STU107388,22,Male,7.94,80.8,1,51,52.6,51.2,46.3,7,2,1,4.9,4,4,1,604,6,76.3,100,57.9,45.4,32.8,21.1,83.8,Business Analytics,0
STU109325,24,Female,7.81,81.3,0,64.7,56,57.4,35.7,3,0,0,0.4,2,0,0,389,2,48.8,57.3,72.1,44.6,48.2,74.8,75.8,AI/ML,0
STU100204,22,Female,8.74,85.9,0,69.5,70.7,,62.1,4,1,3,8.7,0,2,0,1134,4,50.6,67.3,56.2,48.9,55.3,72.2,84.4,Data Science,0
STU106814,21,Female,7.51,99.4,2,47.2,71.4,67.1,47.6,1,0,0,0,3,3,0,659,2,74.8,56.5,61.7,32.1,67,129.8,72.4,Software Development,0
STU108087,23,Female,8.75,85.1,0,73.1,49.6,70.8,82.9,2,1,1,5.2,1,2,0,1056,1,45.8,35.8,71.5,44.3,61,41.2,,Software Development,0
STU108044,19,Female,7.9,76,0,60.1,68.9,65.4,91.4,8,1,0,0.5,2,2,0,746,7,56.9,63.9,82.8,55.8,32.9,11.8,87.9,Software Development,0
STU105039,20,Male,6.85,90.5,0,55.9,46.8,49.4,40.6,1,1,1,5.5,4,1,0,666,4,68.7,62.3,66.5,53.8,69.3,40,63.7,Software Development,0
STU103047,22,Male,7.34,96.1,0,54.7,51.7,75.3,67,6,4,0,0,3,2,0,922,7,51.9,60.4,70.2,37,59.7,,65.1,Cloud Computing,1
STU108796,23,Female,7.21,,1,68.7,44.2,58.1,71.7,0,0,2,9.5,2,0,0,952,0,74.8,62.8,59.1,22.7,52.7,,78.3,Cloud Computing,1
STU101264,21,Other,8.3,72.8,1,45.9,91.1,73.2,61.7,2,1,0,0.6,2,4,1,753,1,41.1,38.6,85.6,66.3,49.8,45,70.4,Data Science,0
STU101490,22,Male,8.84,79.2,0,72.9,54.5,59.1,72.6,5,1,1,6.7,4,2,0,614,4,64.5,81.3,75.7,63.6,46.7,180,79.4,AI/ML,0
STU104679,21,Male,6.95,83,0,48.6,44.6,46,34.7,5,0,2,6.8,3,0,0,952,4,70.5,77.2,74.6,93.8,35.3,52.6,71.3,Software Development,0
STU109154,22,Male,9.32,86.9,0,63.2,64.5,31.8,72.4,1,0,0,0,4,3,0,877,2,61.9,55.8,74.3,68.6,52.3,77.5,80.4,AI/ML,0
STU107457,23,Male,8.06,88.8,1,55,53.3,77.9,92.1,3,1,2,4,5,2,1,1151,5,64.1,60.7,58.5,65,36,38.5,100,Software Development,0
STU108782,22,Male,7.4,,0,18,66.3,31,75.9,3,1,1,3.4,3,2,0,437,3,,69.6,57.5,54.5,44.4,59.2,65.9,Data Science,1
STU108345,20,Female,8.81,80.5,0,67.8,68.3,62.6,54.2,5,2,0,0,2,1,0,865,6,60.8,67.8,80.8,57,87.6,45,80.8,Data Science,1
STU109702,23,Other,8.31,86.9,0,67.7,86,80.2,63.6,4,0,1,5.9,3,1,0,754,7,69.7,77.3,92.8,69,43.5,82.6,85.8,Software Development,0
STU108154,23,Male,7.89,81.5,0,80.1,74.2,64.6,50.2,3,0,1,,2,2,0,1135,2,56.3,68.9,73.4,67.1,42.5,51.6,68.6,Software Development,0
STU101041,21,Male,9.22,78.4,1,79.7,77.3,60.2,68.7,2,1,0,0,2,1,0,842,1,44.6,54.2,,59.2,66,,92.3,Cyber Security,0
STU102377,22,Female,8.53,76.8,0,63.9,47.5,61,56.3,2,1,0,0,3,4,1,906,1,48.5,78.6,67.3,53.7,51.1,28,79.5,Cloud Computing,0
STU104987,22,Male,7.37,80.4,0,60,51.8,56.8,47.7,1,0,1,2.9,4,2,0,794,3,70.1,63.2,69.1,66.8,66.6,41.1,92,Business Analytics,0
STU104374,24,Male,8.83,66.3,0,61.8,51,57.2,70.7,5,0,1,,1,2,0,1059,5,34.9,61.4,61.3,42.2,66.5,85.9,71.2,Business Analytics,0
STU100703,21,Female,7.82,76.8,0,57.4,53.8,54,78.7,5,0,0,0.4,2,0,0,972,5,56.7,68.8,77.1,45.4,47.5,84.3,80.6,Data Science,0
STU107421,22,Male,7.4,87.8,0,82,22.2,52.5,83.2,2,1,0,0,3,1,1,980,1,42.2,55.1,63.2,57.2,35.5,49.3,75,Business Analytics,0
STU105363,24,Male,7.17,78.5,0,48,53.4,41.8,,2,0,0,0.5,1,3,1,1018,1,57.1,49.4,58.4,88.3,60.6,40.4,57.5,Software Development,0
STU102323,23,Male,6.89,83.3,0,62.2,53.2,68,41.8,2,1,0,0,2,1,0,220,3,48.9,66.8,90.1,65.5,56.8,42,,Data Science,0
STU106976,20,Female,6.7,67.6,0,27,49.6,59.7,57.3,5,2,0,0,1,1,1,585,7,68.4,77.4,64.8,60.3,46.9,77.7,80.6,Data Science,0
STU105632,23,Male,6.37,77,0,32.8,49.9,47.9,35.7,2,0,0,0.2,2,1,0,350,2,63.5,61.6,70.4,59.8,54.6,37.6,55.5,Data Science,0
STU100849,21,Male,8.45,83.4,0,63.6,46,41.8,63.9,3,2,0,0,4,0,0,1187,4,47.7,65.8,63.6,64.2,71.4,115.6,,Cyber Security,0
STU105839,22,Male,8.34,67,2,88.2,39.2,60.1,53.2,1,1,3,11.1,1,0,0,987,0,82.5,60.7,,48.9,78,34.7,85.5,Software Development,0
STU101521,20,Female,7.15,86.8,0,53,52.8,59.3,51.2,0,0,0,1.8,0,0,0,897,0,48.5,60,75.1,32.4,77.2,22.9,71.5,Data Science,0
STU102927,23,Male,6.34,76,1,47.2,41.5,76.3,26.8,1,0,1,5.7,4,1,0,319,3,52.6,55.2,80,37.2,74.4,36.9,85.8,Software Development,0
STU101395,20,Male,7.03,81,0,64.2,53.5,61.3,49.6,4,1,0,0,0,2,0,653,3,71.7,52.1,69.3,59.7,51.1,52.7,87.2,Business Analytics,1
STU101222,23,Male,7.6,77.3,0,69.7,63.7,72.2,70.5,1,1,2,8.4,3,3,1,912,1,56.9,85.5,90.7,70.6,71.3,51.5,63.6,Software Development,0
STU108830,22,Other,7.58,89.1,2,50.9,33.2,56.7,35,3,0,4,14.8,2,1,0,884,4,66.5,58.8,64.4,55.3,47.2,49.9,65.8,Cyber Security,0
STU107741,21,Female,7.38,78.3,1,35.2,64.9,42.6,67.4,1,0,2,6.4,3,1,0,333,1,59.5,71.1,66.4,66.5,67.1,106.8,72.6,Cyber Security,0
STU103713,22,Female,9.64,100,0,60.1,95.9,74.8,78,1,0,1,3.3,2,0,0,862,0,53.5,46,,65.7,56.2,76.1,80.3,AI/ML,1
STU103987,20,Male,6.81,81.6,0,57.9,49,49.2,27.8,5,1,2,8.5,3,2,1,720,6,62,66.1,82.8,57.9,34.5,46.2,45,Data Science,0
STU103160,21,Male,7.28,89.9,0,39,56.9,48.6,61.7,4,0,1,1.7,1,1,0,954,5,61.2,52.6,67.3,61.9,78,18.6,81.6,Software Development,0
STU109958,24,Female,6.72,76.5,1,58.6,41.5,67.9,38.1,2,1,1,4.7,0,0,0,884,1,61,63.4,63.9,50,69,105.3,85.6,Software Development,1
STU108191,22,Female,7.19,83,1,48.2,65.6,48,,4,2,2,11,3,2,0,936,4,81.8,63.1,51.4,43.2,60.8,47.6,62.7,Data Science,0
STU103195,22,Male,7.98,67.4,0,42.6,62.7,74.8,50.4,3,0,1,4.8,2,4,2,905,5,73.4,46.3,70.3,42.1,38.5,135.5,74.6,Business Analytics,1
STU100237,19,Male,8.04,85.6,0,88.6,48.8,57,64.2,2,0,1,4.3,1,0,0,818,2,,65.6,86,61.6,29.4,51.1,64.1,Cyber Security,1
STU109236,22,Male,7.6,78.2,1,35.4,59.9,52,36.3,1,0,1,6.4,1,1,0,484,2,,57.2,67.2,54,39.2,68.5,61.1,Cyber Security,0
STU104373,20,Male,6,93.5,0,26.3,59.8,49.4,47.9,5,1,1,4.8,4,3,0,687,8,54.5,75.2,62.4,94.6,71.7,46.5,57.7,Data Science,0
STU108356,19,Male,7.46,82.8,2,54.8,60.7,61.8,43.2,0,0,2,5.3,0,1,0,855,2,54.5,49.5,65.1,47.7,67.2,32.5,63.5,AI/ML,0
STU101966,22,Female,7.28,89.6,0,56.7,72.3,59,43.4,1,0,1,6.2,1,3,0,801,1,63.3,53.6,82.3,68.9,67.5,33.4,75.7,Cyber Security,1
STU109281,20,Male,6.58,70,1,43.7,45,42.7,46.1,3,1,1,4.6,4,1,0,716,5,80.1,77.5,76.7,53,34.9,48.9,55.1,Cloud Computing,0
STU104160,22,Female,7.08,83.1,0,31.8,50.9,70.3,30.6,6,2,1,3.7,1,2,0,970,5,68.5,74.1,67.1,60.6,30.2,72.7,58.3,Cyber Security,0
STU109607,23,Male,7.93,93.3,0,45.4,60.6,69,59.5,3,2,1,2.7,2,2,1,455,2,60.5,61.8,61.3,38.7,64.4,30.1,86.8,Data Science,0
STU104204,24,Female,8.95,74.7,0,75.3,65.2,53.1,65,2,1,1,4.1,2,0,0,425,2,59.4,62,75.7,42.8,33.4,48.8,76.7,Software Development,0
STU101408,22,Male,8.31,78.6,0,65.5,66.6,58.9,48,7,3,1,3.4,1,0,0,840,8,68,77.2,77.3,56.6,60,47.4,65.2,Business Analytics,1
STU107276,21,Male,8.26,90.6,0,46.8,61.2,63.9,90.5,1,0,1,4.4,2,0,0,180,3,73.4,54.3,83.8,33.8,57.9,26.2,82.7,Data Science,1
STU101629,22,Female,7.21,85.9,0,37.1,33.1,51.6,70.6,4,1,0,0,3,1,0,625,3,65.7,71.2,,43.3,52.9,45.6,57.1,AI/ML,0
STU101081,22,Male,8.24,74.4,0,37.2,,43.5,89.9,4,0,1,2.4,2,2,0,838,3,57.4,64.8,59.4,29.7,62.2,38,83,Software Development,0
STU109185,21,Male,8.13,74,1,66.2,54.9,72.9,83.2,4,0,0,0,2,4,1,780,3,55,62.4,67.2,79.6,85,35.6,93.1,AI/ML,0
STU104325,21,Male,7.54,82.4,0,46.7,54.4,53.8,74.3,3,1,1,2.1,2,0,0,645,3,,60.3,54.7,48.1,47.7,69.1,86.7,Software Development,0
STU105772,22,Female,7.67,81.8,0,51.8,45.7,79.9,52.4,8,3,0,0,3,1,1,518,7,67.5,71.8,76.2,64.2,50.2,66.1,81,Business Analytics,0
STU106934,22,Male,8.15,83,0,73.2,63,62,58.9,1,1,4,15.3,4,2,1,637,0,68.5,65.8,82.7,73.8,10,52.1,71,Cloud Computing,1
STU104981,22,Male,7.77,100,0,43.4,73.5,85.5,70.1,3,0,1,3.2,4,2,0,929,6,82.4,72.7,73,39.4,59,58.7,77.9,Software Development,1
STU106552,21,Male,7.46,88.1,1,62.5,65,20,56.7,3,0,4,21.5,2,4,0,976,2,49,52.3,49.4,64.4,48.1,87.1,61.9,Software Development,0
STU107932,20,Male,9.33,73.6,1,77.7,64.1,65.8,55.5,1,1,0,0.2,3,1,0,735,2,74.9,57.5,76.9,75.5,27.6,33.2,65,AI/ML,1
STU101721,23,Female,6.29,86.3,1,43.9,47.8,43.5,51.1,1,1,1,3.9,2,0,0,576,1,42.7,45.1,47.8,42.5,47.6,,61.8,AI/ML,0
STU104527,21,Male,9,77.3,0,50.8,47.6,62,88.8,1,0,0,1,1,0,0,929,1,52.1,63.1,67.5,48.7,86,51.9,92.1,Software Development,0
STU108139,22,Female,8.36,81.2,0,27.7,72.6,54.2,72,0,0,0,0.2,2,0,0,451,0,71.8,52.3,73,57.8,51.4,57.6,74.8,Data Science,0
STU103514,23,Male,8.55,87.4,1,73.4,76.6,65.5,78.9,5,1,1,3.9,8,4,0,599,4,77.7,92.2,60.7,44.3,60.1,25.7,77.8,AI/ML,0
STU102021,22,Male,7.74,85.6,1,46.5,45.6,32,46.5,2,1,2,9,3,4,0,361,2,72.1,66,64.7,63.2,43.6,84.8,66.8,Cyber Security,0
STU109038,23,Male,7.2,88.8,0,32.6,30.5,57.2,54.2,3,1,0,0,2,2,0,963,3,57.1,62.3,81.2,29.4,45.2,79.4,74,Data Science,0
STU104712,21,Male,7.97,80.9,1,50.4,49.4,61.7,52.4,8,2,0,2.3,4,3,0,889,7,,87.4,69.8,50.9,15.6,46.7,63.4,AI/ML,0
STU106485,22,Female,7.19,84.8,0,36.8,38.4,73.2,77.1,3,0,1,4.5,0,0,0,851,4,63.8,76.4,61.6,65.4,43,34.2,92.1,AI/ML,1
STU103418,23,Male,7.95,82.2,0,43.2,80.4,59.6,,5,2,1,2.2,0,0,0,302,5,69.3,68.5,66.1,40.2,82.9,40.8,66.9,AI/ML,1
STU104565,22,Female,6.84,93.5,0,48.9,48.1,,67.9,2,1,1,5.7,4,0,0,738,3,72.6,71.9,72.7,41.7,98.4,71.4,77,Data Science,1
STU103419,22,Male,9.57,86.8,0,77.8,48.9,51.4,99.7,1,0,1,3.3,2,0,0,823,0,53.5,55.9,79.2,36,41.5,34.5,80.2,AI/ML,0
STU104957,22,Male,7.92,75.5,0,56,50.2,63.3,44.2,3,1,0,0,1,4,0,1033,2,46.1,80.8,62.8,71.2,13.4,31.9,68.4,AI/ML,0
STU100262,21,Female,7.45,70.9,0,61.9,50.9,,23,2,1,0,0.2,2,2,0,999,4,79.7,53.4,72.5,72.6,36.6,115.2,62.4,AI/ML,0
STU109052,21,Female,8.7,77.6,1,63.2,73.9,60.9,63,3,0,0,0,3,0,0,814,3,73.7,60.2,89.9,67.2,34.7,90.1,,Software Development,0
STU101402,21,Male,6.81,76.8,0,59.3,54.6,49.2,62.2,1,0,1,4.1,1,1,0,842,2,50,57.1,60.7,33,76.8,39.5,65.1,Data Science,0
STU101963,21,Male,5.69,81.6,0,48.8,60.4,40.4,72.8,5,2,0,0.1,0,2,0,669,7,46.4,80.8,50.9,63.4,51.4,58.2,77.9,Software Development,0
STU105573,20,Female,7.79,91.6,0,70.1,53.4,56.1,63.9,6,2,2,7.8,3,1,0,861,7,66.9,79.6,81.3,59.5,77,69.9,82.1,Cloud Computing,0
STU102657,22,Female,7.23,66.6,2,47.1,45.4,58.9,44.5,3,1,0,0,2,0,0,657,3,59,62.5,81.3,36.9,60.6,23.1,70.7,AI/ML,0
STU109183,23,Male,8.48,92.7,0,60.2,65,78.4,50.2,3,1,2,7.1,2,0,0,685,2,64.1,64.3,74.9,76.1,51.8,24.3,76.9,Data Science,0
STU103477,19,Male,8.11,81.6,0,59.1,64.7,63.7,100,5,3,1,5.2,3,2,0,350,5,71.3,67.7,42.6,62.5,52.4,38.4,100,Cloud Computing,0
STU102195,22,Other,7.67,84.7,2,70.6,26.1,42.9,52.1,4,1,0,0,1,0,0,798,3,33.9,68.4,55.2,43.8,62.1,101.9,67.3,Data Science,1
STU105822,20,Female,8.07,75.6,1,54.8,36.1,48.4,58,2,1,1,3.8,3,0,0,883,1,52.7,66,67.2,48.1,66.4,68.1,54,Data Science,0
STU108682,22,Male,8.14,60.3,1,62,62.9,41.8,42.2,1,0,1,4.8,1,2,0,736,2,67.5,54.9,55.1,48.4,54.4,34.2,62.8,Software Development,0
STU102756,20,Male,8.16,83.6,1,29.7,73.1,36.7,51.2,5,1,0,2,3,2,0,640,5,62.2,63.6,69.9,51.1,58.3,92.3,84.3,Software Development,0
STU106232,23,Female,7.9,77.9,0,32.2,73.8,68.2,74.4,2,0,0,0,1,2,1,505,2,56.4,71.7,73.7,62.4,47.1,175.1,66.8,Cloud Computing,0
STU109278,21,Male,6.19,99.3,0,27.1,58.8,20,44.6,3,1,3,13.8,4,0,0,413,4,63.7,68.4,50.9,50.6,72.1,115,49.7,AI/ML,0
STU101761,20,Male,6.89,77,1,61.3,38.9,43.1,74.7,0,0,0,0.5,5,1,0,477,1,64.5,68.8,88.3,45.1,57.2,64.5,62.5,AI/ML,0
STU101742,23,Male,6.99,73.5,1,56.8,41.8,49.6,53.5,1,0,4,13.4,1,1,1,567,2,57.7,42.4,48.3,70.2,51.5,78.3,60.9,Software Development,0
STU104033,22,Female,7.38,88.4,0,44.7,44.5,65.6,56.6,2,0,2,9.3,3,5,0,253,3,65.3,53.3,71.1,48.8,45.3,89.1,76.3,Software Development,0
STU105063,21,Male,6.18,86.4,1,68.1,40.6,32.1,53.5,6,2,0,0,4,1,0,936,5,49.3,67.3,77.2,42.3,100,25.5,63.3,Software Development,0
STU108737,23,Male,7.33,80,0,52.1,43.3,75.1,58.4,3,0,0,0.1,0,3,1,730,3,40.3,70.3,68.2,56.3,77.7,85.3,58.9,Software Development,0
STU107603,23,Male,8.3,88.9,1,70,47.9,83.8,47.2,2,1,1,4.5,3,0,0,779,2,61.1,80.1,68.1,40.1,88.5,56.5,86.8,Business Analytics,1
STU104668,23,Male,7.48,100,2,45.3,60.6,38.3,56.2,4,3,0,0.8,4,2,0,785,4,56.2,77.3,74.7,57.1,43,38.1,74.9,Cyber Security,1
STU104710,22,Male,8.09,86.1,0,66.2,73.6,40.6,49.7,1,0,2,7.5,4,1,0,941,0,72.5,38.6,70.6,41.5,23.7,65.3,75.7,Software Development,1
STU101350,22,Male,7.26,80.7,0,67.9,62.5,71,37.6,3,2,0,0.1,2,2,1,960,5,80.4,50.9,78,43,27.5,36.4,74.6,Cloud Computing,0
STU106530,19,Male,7.65,80.6,1,45.6,65.1,28.6,,4,2,1,5.6,4,3,0,932,5,47.6,,77.9,57.6,51.1,44.8,49.6,Cyber Security,0
STU106983,21,Male,7.41,72.3,3,38.6,51.9,66.2,38.6,2,0,1,2,2,1,0,890,2,83.4,33.6,78.6,50.8,38.9,33.3,59.2,AI/ML,1
STU107090,22,Male,8.1,84.7,0,,84,55.8,53.4,4,1,1,5.3,2,1,0,561,3,68.9,69.4,65.7,38.1,48.9,47.8,71.5,AI/ML,0
STU104675,22,Male,7.35,84.7,0,71.4,52,49.1,57.9,6,0,0,0.9,1,3,0,685,8,50,75.9,71.1,75.7,56.2,47.7,72.9,Software Development,0
STU100959,22,Female,7.28,86,0,49.8,58.1,42.7,19.3,7,4,1,6.4,1,1,0,853,7,85.1,91.5,65.4,68.5,45.3,,51.5,Software Development,0
STU102883,23,Male,7.84,88,1,56.6,48.3,59.9,59.2,3,1,0,0.1,1,0,0,785,2,34.1,78,47.8,47.1,45.7,112.2,81.5,Business Analytics,0
STU100036,23,Male,8.55,69.2,0,36.2,58.1,55.9,67.5,5,1,2,8.5,0,2,2,661,5,63.2,71.4,63.6,74.9,80.7,107.7,75.8,AI/ML,1
STU102621,21,Female,7.31,72.5,0,47.3,42.7,59.6,64.6,2,1,4,14.9,1,2,0,450,2,66.2,65,73.3,40.8,56.4,48.3,86.2,Cloud Computing,0
STU100055,21,Male,7.93,78.9,1,68.1,76.4,63.6,61.8,3,2,1,2.6,6,0,0,456,3,74,66.8,81,31.6,68.9,43.1,87.2,Business Analytics,0
STU103569,22,Male,7.9,70.2,1,57.7,56.1,59,59.7,1,0,0,1.5,5,1,0,837,1,77.7,64.9,84,58.2,70.2,79.3,64.5,AI/ML,0
STU103320,23,Female,7.3,73.2,1,35,43.2,60.9,21.8,2,1,0,0,2,2,0,612,3,64.9,47,65.2,57.1,40.6,23.4,63.6,Cloud Computing,0
STU102920,23,Female,8.71,80.5,0,72.9,91.1,49.3,63.6,2,1,0,0,1,3,1,886,1,60.1,42.6,85.9,26,46.9,48.5,87.3,Software Development,0
STU109476,21,Female,7.48,71.7,2,63.7,65.6,40.9,24.2,1,1,1,5,0,0,0,895,2,44.4,55.7,69,58.7,54.2,100.1,72.7,Data Science,1
STU103844,24,Male,7.58,84.3,0,63.2,57.7,59,48.4,4,1,1,3.3,4,1,0,755,3,72.4,67.5,64.2,50.2,62,18.4,74.5,Software Development,0
STU108211,22,Female,8.18,73.6,0,56.9,49,86.4,50.7,2,0,1,5.3,0,1,0,533,4,43.1,46.5,72.2,77.5,66.3,8.8,88.9,AI/ML,1
STU108228,20,Male,7.43,80.4,1,26.8,67.9,40.8,59.5,2,2,2,6.8,3,0,0,634,3,82.2,59.6,62.8,56.5,55.6,35.7,64.3,Software Development,0
STU107072,23,Female,6.55,71.9,0,37.6,54.8,64.9,46,7,1,0,0,2,1,0,726,6,67.5,94.2,80.7,43,98.9,37,73.8,Data Science,0
STU106366,21,Female,7.38,88.2,0,45.2,46.5,62.8,52.3,4,0,0,1.4,0,0,0,830,4,64.3,53.5,70,48,70.9,97,73.7,AI/ML,0
STU107578,22,Female,6.63,88.3,0,53.7,52.1,65.9,64.1,3,2,2,5.8,5,2,0,404,2,74.1,57.3,66.1,77,75.5,35.7,81.4,Data Science,0
STU102468,23,Female,6.31,100,0,49.2,28.8,47.5,81.1,2,0,1,3.7,0,1,0,691,2,47.2,33.6,77.1,60.1,100,59.2,82.4,Business Analytics,1
STU107967,21,Female,6.92,90.1,0,68.8,55.9,43.3,55.1,4,1,0,0,4,3,0,704,4,67,64.6,62.2,50.9,49,23.6,67.2,Software Development,0
STU104401,22,Male,7.31,64.8,0,51,75.3,67.3,34.6,1,0,2,5.6,3,1,0,525,1,67.7,54.6,71.8,45,47.8,72.9,69,AI/ML,0
STU109328,22,Female,7.43,62.9,0,73.6,73.9,42.8,47.9,3,1,1,3.5,3,2,0,833,2,61.8,62.7,54.9,71.2,65.5,180,65.9,AI/ML,0
STU100414,23,Female,8.39,68.2,3,61.5,52.4,64.5,90.7,5,2,0,0,4,2,0,652,5,68.7,60.2,66.1,49.1,67.6,69.8,100,AI/ML,0
STU108721,20,Female,9.9,81.2,0,,98.1,81.7,65.1,4,2,1,,5,2,0,722,5,72.7,75.2,93,62.7,37.6,,76.1,AI/ML,1
STU101618,20,Male,7.73,72,0,57.4,65.2,45.9,37.6,6,2,0,0,5,2,0,475,5,78.8,86,71.3,64.2,77.5,90.6,47,Cloud Computing,0
STU101666,21,Female,7.97,78.7,2,,70.7,47.2,62,1,1,0,0,6,1,0,532,2,62.5,57.3,57.8,66.7,91.9,24,85.7,Cloud Computing,0
STU106834,20,Male,7.67,97,1,44.7,,37.9,75,3,1,1,1.2,7,0,0,572,2,73.6,58.7,77.5,65.5,57,32.6,82.4,Data Science,1
STU102068,22,Male,8.25,73.4,0,61.4,65.4,41,74.6,3,0,2,10.7,2,0,0,421,2,88.5,46.7,51.2,36.8,61.2,82.3,68.5,Software Development,0
STU104481,22,Female,6.53,90.5,1,45.4,49.3,62,56.3,5,1,0,0.1,0,0,0,608,7,47.7,82.8,64.8,55.8,56,28.6,70,Software Development,0
STU100778,22,Female,6.91,82.1,3,34.7,47.8,50.4,28.6,2,1,0,0,0,1,0,745,1,63.7,59.4,64.8,55,94,14,47.6,Software Development,1
STU102199,21,Male,7.69,62.1,1,44.9,37.3,55.8,65.6,1,0,0,,5,4,2,700,0,72,41.3,61.2,41,62.7,13.4,71.2,Data Science,0
STU106223,22,Female,6.01,89.9,0,35.9,55.2,40.4,18.1,1,0,1,1.6,1,2,0,665,2,56.3,43.7,75.2,30.5,40.8,74.8,73.7,AI/ML,0
STU109305,21,Male,7.87,70.7,1,29.4,31.9,67.2,38.6,1,1,0,1.2,3,1,0,225,2,58.4,61,85.7,38.8,67.2,20.9,,Cyber Security,0
STU101493,21,Male,6.68,94,1,20.2,57.7,60.9,47.2,2,1,1,3,1,0,0,867,1,72.2,52.5,67.6,47.4,59.3,55.1,63.7,Business Analytics,0
STU100510,22,Female,7.88,93.7,2,48.9,55.5,46.4,27.6,4,0,0,0,3,1,1,565,6,62.3,62.1,80.2,33.1,61.2,22.8,56.8,Business Analytics,0
STU107215,21,Male,6.97,87.1,1,67.9,52.8,75,60.4,2,0,2,9,3,1,0,706,2,74.9,57.6,75.9,73.4,52.8,42.9,90,Data Science,0
STU100466,21,Female,7.1,94.3,1,42.8,56.2,88.1,59.7,3,3,1,3.8,0,3,1,874,3,50.6,55.3,72.4,55.4,73.4,4,82.5,Software Development,0
STU102551,20,Male,6.55,78.7,0,29.7,26.8,54,38.6,6,4,0,1.7,2,0,0,671,7,69.9,78.8,77.6,40.4,61.9,117.2,62.8,Cyber Security,1
STU109401,21,Female,7.78,88.4,1,42.7,63.4,65.5,30.7,2,0,1,2.5,1,2,0,823,2,68.2,53.8,81.1,53.3,43.7,50,67.6,Data Science,0
STU101138,22,Male,6.05,81.1,0,72.9,39.4,69.7,61.3,0,0,2,7.7,3,4,1,1133,0,75.6,37.9,80.4,74.4,52.8,99.3,80.6,Business Analytics,0
STU106483,21,Male,7.58,79.7,1,70.9,52,61.8,58.9,4,2,1,6.6,3,1,0,918,4,53.9,49.4,72.9,77.6,42.6,66.8,87,Software Development,1
STU100478,20,Male,7.94,80.2,0,35.7,42.7,46.9,58.3,2,0,1,3.8,0,3,0,514,2,57.9,64.7,53.4,66.5,58.2,28.7,66.3,Software Development,0
STU100960,22,Male,7.79,58.8,2,50.9,54.8,60,,3,2,0,0.3,3,1,0,1160,5,47.9,60.4,70.7,42.2,82.2,28,62.4,Data Science,0
STU101485,23,Male,7.5,79.9,1,50.8,63,66.9,57.1,4,0,0,0,2,2,1,742,4,48.3,51.3,65.8,54.1,50.8,23.3,84.3,Cloud Computing,0
STU102745,23,Male,6.9,82.1,1,69.7,63.7,54.4,49.3,4,2,0,1.3,2,0,0,839,3,58.3,74.6,75.7,58,42,30.8,62.1,Software Development,0
STU105006,20,Male,7.88,85.2,1,72.5,61,69,68.3,3,0,1,3.8,0,0,0,954,3,69,49.5,70.4,33.9,82.9,73.3,54.2,Software Development,0
STU102428,21,Male,8.85,55,0,67.9,56.8,26.5,76.7,2,1,0,0,4,2,0,1027,1,67.6,66.3,50,89.6,37.9,35,72.6,Cloud Computing,1
STU100689,21,Female,8.71,58.1,0,63.2,46.5,61.1,56.1,5,2,2,5.5,2,1,0,486,4,63.7,80.2,66.5,48.2,36.7,40.4,72.9,Software Development,0
STU107620,23,Male,8.76,99.6,0,54,53.2,33.9,49.4,0,0,1,4.4,2,1,0,680,1,58.2,69.1,56.8,49.2,34.4,20.2,55.8,Data Science,0
STU101075,21,Male,7.51,72.9,1,67.3,56.3,77.3,71.6,2,1,0,0,2,0,0,554,1,52.6,62.6,76,39.8,76.5,38,81.9,Software Development,0
STU106943,21,Male,8.79,75.5,0,,38.9,44.7,81.5,3,1,1,3.7,3,1,0,913,2,68.1,58.4,61.6,55.4,58.1,54.1,78.1,Business Analytics,0
STU103953,22,Male,9.47,82.8,2,79.5,77.4,54.3,98.3,3,1,1,5.4,3,1,0,741,3,54.9,76.4,67.4,35.2,74.8,45.4,85.8,Software Development,0
STU105926,21,Female,7.75,79.3,1,55.3,34.5,92.6,59.8,4,2,1,4.2,3,0,0,701,3,74.1,80.4,77.7,47.4,53.5,18.3,55.6,Data Science,0
STU105361,21,Female,8.32,98.6,0,56.4,77.2,59.4,51,1,1,1,3.5,2,0,0,744,1,74.4,75,68.7,46.4,64.7,111.9,82.1,Software Development,0
STU109303,22,Female,6.87,92.6,2,33.3,60.6,59.3,32.5,4,0,0,,2,3,0,630,3,61.7,54,57.2,56.3,59.8,52.7,79.1,AI/ML,0
STU100247,20,Female,8.1,98.8,1,70.3,31.5,72.4,47.4,1,0,2,9.6,1,0,0,774,1,75.2,45.3,86.6,53.1,31.9,117.5,69.3,Software Development,0
STU107774,23,Male,8.01,72.1,1,58.1,77,79.4,63.9,3,1,1,3,5,0,0,549,2,65.9,77.4,72.9,68.9,66.3,26.4,,Business Analytics,0
STU100898,21,Male,7.41,73.3,0,58.3,36.8,54.5,40.3,3,2,1,2.9,5,2,0,798,3,79.7,58.7,67.3,48.2,86.1,63.8,68.1,Data Science,0
STU108648,22,Female,9.81,74.5,0,90.3,55.3,72.6,48.1,3,0,1,1.7,1,1,0,1238,4,54.4,64.1,87,78.8,77.4,30.6,72.7,Cloud Computing,0
STU105550,21,Male,7.21,80,0,54.1,59.7,64.2,56.9,3,0,1,3.1,5,1,0,390,3,,71.9,63.7,51.4,55.7,20,74.5,Cyber Security,0
STU104123,21,Male,8.84,77.8,0,61.2,76.1,49.3,100,2,0,2,7.6,2,1,0,785,3,75.5,45.1,66.6,48.4,54.7,51.2,73.8,Data Science,0
STU100969,23,Female,7.78,71.4,2,53.6,36.2,72,37.3,2,1,1,4.9,3,1,0,335,2,62,75.8,66.4,63.8,45.2,99.6,74.8,Cloud Computing,0
STU103532,21,Female,7.53,83.3,2,59.4,82.6,81.3,64.1,2,0,3,10.1,1,3,0,839,3,81,50.6,72.4,78.6,73.1,33.6,93.7,Cloud Computing,0
STU100368,21,Female,6.31,75.5,0,27.6,31.5,64.4,44.1,1,0,1,2.2,3,3,1,768,1,82.3,47.7,63.6,86.6,51.5,38.6,76.2,AI/ML,1
STU101174,21,Male,6.63,88.5,0,55,52.5,24.3,63.5,1,1,0,0.3,3,0,0,860,0,66.8,64.5,55.2,55.9,62.5,56.6,94.3,Cyber Security,0
STU103501,21,Female,8.3,75.1,1,59.7,65.6,68.5,70.3,1,0,0,0,1,2,0,426,1,71.8,62.8,78.3,72.9,58.1,47.5,85.5,Business Analytics,1
STU109867,20,Male,8.12,89.4,1,69.8,55.7,54.7,68.7,3,2,1,6.2,1,3,1,1126,4,,55.2,81.7,27.9,62,41.2,83.9,Cloud Computing,0
STU104143,22,Male,6.43,85,0,48.7,46,49.2,51.1,2,1,0,0.8,1,2,0,227,3,58.5,53.1,83.2,15,34.5,55.8,91.8,AI/ML,0
STU105889,23,Male,8.3,82.6,1,49.4,49.8,71.2,64.2,3,1,1,3.2,8,2,0,542,2,91.1,87,67.8,61.4,56.9,79,85.9,AI/ML,0
STU100810,22,Male,6.24,70.5,1,62.9,58.6,68.9,62.3,6,1,1,4.1,2,3,1,1187,8,59.2,81.2,68.6,30.1,70.7,,73.3,Data Science,1
STU107876,22,Female,7.35,84.6,0,49,51.8,35.4,43.9,2,0,0,0,3,2,0,1081,2,63.4,60.3,64,50.4,66.6,88,69.5,Business Analytics,0
STU100251,21,Male,8.31,81.6,1,30.5,62,47.6,47.3,3,0,3,13.4,2,2,0,638,3,65.3,84.4,64.4,38.2,71.9,83.9,86.6,Cyber Security,0
STU102826,22,Male,8.68,71.3,1,71.4,59,70.7,66.4,4,2,1,4.2,3,1,0,478,4,62.6,72,81.8,36.2,72.1,67.7,70.4,Software Development,0
STU106774,21,Male,6.67,92.2,0,64.3,35.6,39.8,46.5,5,2,1,4.6,1,0,0,498,5,40.4,86.6,64,65.1,69.4,26.5,47.5,Software Development,0
STU107210,22,Female,6.96,67.8,0,55.3,46.9,69.4,47.8,2,2,3,10.5,2,2,0,977,1,60.1,69.2,78.4,39.2,72.7,46.7,61.6,Data Science,0
STU105472,21,Male,8.01,91.1,1,61.2,53.9,50.8,51.9,1,1,0,0.8,2,0,0,576,0,40.9,52.2,80.5,68.8,77.5,24.3,63.8,Cloud Computing,0
STU105147,23,Male,6.09,90,0,47.1,43,68.6,51.1,3,2,1,3.7,1,5,0,1026,2,83.6,50.7,89.5,78.3,41.4,53.6,69.8,Business Analytics,1
STU104059,22,Male,8.69,86.4,2,55.2,77.4,42.6,42.9,3,1,1,3.3,0,1,1,585,4,66.5,83.9,56,39,56.1,40.7,59.2,Software Development,0
STU100429,20,Other,8.83,72.5,1,39.8,71.4,48.2,80.9,2,1,2,8.5,2,3,1,825,1,53.5,62.5,52,59.3,58.9,38.4,66.4,Cloud Computing,0
STU100772,23,Male,7.85,86.7,0,52.2,53.5,64.3,63.4,3,1,0,0,5,1,0,439,2,84.1,50.3,61.4,71.9,39,63.1,75.3,Cyber Security,0
STU109147,21,Male,7.59,79.5,0,37.2,95.1,58.3,63.3,1,0,1,4.9,0,3,1,558,1,,44.4,84.1,45.2,54.6,45.1,68.3,Data Science,0
STU106844,22,Female,6.97,75.1,1,41.9,59.2,100,35.3,2,1,2,7.6,0,0,0,444,3,51.4,55.7,79.2,63.5,35.6,34.1,70.2,AI/ML,0
STU108013,22,Female,9.01,93.7,1,76.5,50.6,82.4,78.1,4,1,1,5.2,1,3,0,1226,4,61.1,56.8,86.6,46.2,63.7,79,92.1,Data Science,1
STU102514,23,Male,8.74,86.3,1,91.1,61.7,56.8,64.6,2,2,1,1.6,2,1,1,1065,2,64.2,53.2,68.8,50.7,96.3,121.5,96,Cloud Computing,0
STU101163,21,Female,8.6,,0,53.2,98.1,73.8,54.3,1,1,0,0.4,4,0,0,651,1,55.8,51.9,70.7,55.1,53.6,48.5,68.8,Software Development,0
STU100658,22,Male,7.96,68.8,1,62.6,52.2,62.6,37.6,1,1,1,5.1,0,1,0,719,4,51.5,51.4,81.3,77.7,75.7,49.5,66.9,Business Analytics,0
STU104091,24,Male,7.01,93,0,64.5,44.8,74.1,55.5,0,0,0,0,2,1,0,900,0,67.3,51.8,76.8,58.6,31.3,77.1,97.4,Data Science,1
STU109979,22,Male,7.11,96.4,0,55.6,69,36.4,51.9,3,3,1,3.6,2,1,1,822,3,80,62.3,67.8,69,50.1,68.3,65.2,Cloud Computing,0
STU105336,21,Male,7.82,80.3,1,38,68.3,41.9,42.4,3,2,0,2.6,2,1,1,447,2,69,82,65.8,36.8,43.3,46.2,50.9,Cloud Computing,0
STU100711,22,Female,8.08,70.9,0,41.4,48.6,72.8,55.5,0,0,0,0.2,2,0,0,679,1,,70.8,84,34.8,56.8,55.9,80.3,Cyber Security,0
STU105184,25,Female,7.25,80.7,1,50.3,72.9,47.9,45.9,2,2,0,1,1,2,1,100,2,55.6,51.8,64.3,60.7,60.2,25.8,70.4,Data Science,0
STU100804,22,Male,6.82,73.7,1,59.7,39.5,20.3,57.1,2,1,0,1.8,2,2,0,316,2,46.6,55.6,54.2,71.8,60,63.2,79.5,AI/ML,0
STU103346,21,Male,7.69,97.1,1,48.2,58.4,64.4,64.4,4,2,1,4.4,0,2,0,511,3,40.8,56.7,63.4,38.2,70.9,48.7,71.7,AI/ML,1
STU107106,22,Male,5.62,85.7,0,27.8,39,74.1,23.4,3,1,1,2.5,2,0,0,483,2,54.5,42.9,78.8,52.6,17.6,36.3,64.7,Business Analytics,0
STU105643,22,Female,6.55,83.2,0,36,64.6,,53.6,1,0,1,5.9,3,1,1,966,1,54.9,38.1,82.2,35.3,63.9,58.1,84.1,Cloud Computing,1
STU105946,20,Female,7.42,71.9,0,22.3,71.7,45.1,60.1,1,0,0,0.4,1,2,0,931,1,58.5,,61.7,32.8,53.6,32.2,83,Cyber Security,1
STU105074,21,Female,7.67,81.4,0,62.9,56.3,40.6,55.4,2,0,0,0,3,1,0,1123,1,73.2,52.6,52,73.6,44.1,7.7,69.9,Data Science,0
STU108477,22,Male,6.65,80.3,1,43.4,55.7,42.8,22.6,4,1,1,,2,1,0,666,4,68,,66.1,58.2,51.7,38.4,42.5,Software Development,1
STU103101,21,Male,7.39,75.8,0,27.6,47.7,40.3,50.1,2,0,0,0.7,5,1,0,808,2,61.4,79.9,67.9,59.1,76,71,67.9,Software Development,0
STU109355,21,Male,8.99,75.3,0,57.4,61.6,62.5,72.3,3,1,0,1.3,2,0,0,787,3,57.7,57.4,70.2,42.9,58.4,42.3,72.5,Software Development,1
STU101797,21,Male,6.12,92.7,0,34.3,41.7,55.4,24.7,2,0,1,2,1,4,0,1203,3,53.8,73,71.5,55.8,65.2,30.2,72.8,AI/ML,1
STU108547,21,Male,7.62,89.9,1,48.8,,69.5,53.5,3,0,2,9.5,2,0,0,842,2,63.2,48.4,81.2,50.8,16.8,14.4,91.6,Data Science,0
STU108113,21,Female,8.14,67.9,1,61.5,56.1,59.3,66.8,4,0,1,4.3,1,0,0,997,5,53.4,45.5,80.1,54.8,59.6,30.7,81.7,Data Science,1
STU103725,22,Female,7.98,87.6,1,18.7,61.4,52.6,72.8,5,3,0,1.7,2,1,0,100,7,74.1,72.3,69.3,66.5,64.9,39.3,86.9,Cyber Security,0
STU102425,22,Female,7.7,85.5,0,47.8,57.6,39.6,68.8,3,0,0,1.5,1,1,0,564,2,53.7,65.5,75.9,43.2,54.1,30.2,,Software Development,1
STU106560,22,Male,7.19,66,0,42.8,45.3,59.8,62.2,0,0,1,3.3,1,3,0,500,0,49,44.7,69.2,72.4,32.5,4.7,,AI/ML,0
STU103041,23,Male,8,82.6,0,46.9,79.7,47.1,32.5,5,0,0,0.2,6,2,1,563,5,58.3,86.1,83.7,57.7,42.5,,75.1,AI/ML,0
STU100768,21,Male,6.63,82.9,0,15,48.6,29.3,20.6,0,0,1,2.2,3,1,0,681,0,74.3,50.1,53.4,64.5,37.1,64.3,66.5,AI/ML,0
STU101224,23,Male,8.43,81,0,69.5,73.9,41.5,62.1,0,0,1,2.4,5,1,0,914,2,,38,70.6,67.9,56.7,65.7,54.6,AI/ML,0
STU105324,21,Male,7.7,75,0,28.5,57.6,66.7,56.1,2,1,0,0,2,2,0,534,3,36,73.1,68.1,55.4,63.9,144.1,96.5,Cyber Security,1
STU107883,22,Male,6.36,100,0,53.3,33.8,66,42.4,0,0,1,4.2,1,2,0,819,0,81.9,37.2,59.1,42.2,30.2,14.8,81.6,Software Development,0
STU104976,21,Female,7.49,82.8,1,59.2,66.4,67.3,45.9,3,1,2,10.3,1,1,0,616,5,60.3,60.1,73.6,25.1,40,38.1,87,Cyber Security,0
STU109196,21,Female,7.4,69.6,0,37,49.9,53.3,67.6,4,1,2,4.2,4,0,0,824,4,55.7,86.5,67.8,59.6,72.7,42.7,,Data Science,0
STU101066,22,Female,8.08,79.2,0,46.2,76.9,57,69.5,3,2,3,8.2,4,1,0,889,3,57.3,50.9,70.4,62.4,50.9,30.3,77.8,Software Development,0
STU103392,20,Male,9.51,85.3,1,53.3,66.1,42.9,68.2,3,1,0,0.1,2,2,1,487,3,63.9,49.2,85.5,50,50,155.8,73.4,Cyber Security,0
STU100570,22,Male,8.42,73,1,85.7,40,77.8,61.2,4,1,2,8.4,0,4,0,528,3,63.2,61.8,76.3,51.4,43,109.9,93.7,Cloud Computing,0
STU103500,22,Female,7.59,67.5,0,45.3,53.9,80.8,41.6,2,1,0,1,2,2,0,697,3,46.6,66.9,90,36.5,38.1,49.2,87.2,Data Science,0
STU101389,22,Male,7.87,87.3,1,72.8,53.3,55.6,45.2,0,0,0,0,5,3,0,616,0,64.2,58.4,82.8,33.9,29.2,23.8,63.5,Data Science,0
STU109450,21,Male,8.26,79.3,0,76.4,58.8,54.3,95.3,2,0,0,0,1,1,0,862,4,61.6,63.5,78.3,51.3,50.9,35.9,81.3,Cyber Security,1
STU104937,22,Male,6.64,91.2,0,38.6,56.5,48.4,70,5,2,2,,0,1,0,710,5,63.2,73.2,58.2,59.9,87.4,67.9,63.7,Cloud Computing,0
STU101869,21,Male,7.6,87.8,0,69.4,78.3,70.3,73.1,5,3,3,7.7,2,1,0,675,4,59,68,95.2,57.3,39.4,23,84.7,Software Development,1
STU107416,20,Female,9.01,78.1,2,59.2,59.3,36.2,60.2,3,0,2,6.6,1,1,0,777,3,84,57.5,74.8,45.5,64.3,63,56.9,Software Development,0
STU102530,21,Female,8.2,97.4,0,71.4,100,72.4,55.3,1,0,2,10.4,3,0,0,1037,2,69.8,57.5,76.1,49.9,57.4,92,65.7,AI/ML,1
STU101262,22,Male,7.02,80.6,0,38,45.9,85.7,44.8,7,3,0,1.4,4,4,0,708,9,60.8,70.8,78.7,72.3,72.7,34.2,79.7,Software Development,0
STU100099,22,Male,8.73,74,0,67.3,74.6,70.3,48.5,3,1,1,6.7,2,1,0,610,4,87.5,,63.3,45.1,58.6,58,77.6,Data Science,1
STU103297,22,Female,8.34,84.1,0,48.9,52,65.8,54.2,4,2,0,0,0,0,0,844,4,47.7,,74.4,53.7,65.9,9.5,,Software Development,0
STU103891,20,Female,7.75,92.5,1,58.3,61.8,35.2,58.2,1,1,2,,0,1,0,1266,0,49.9,58.4,58,56.5,51.4,,81.9,Business Analytics,0
STU105077,22,Male,7.2,73.9,0,37.1,76.6,84.6,31.9,0,0,0,0,0,0,0,912,0,52.4,52.1,76.1,28.2,55.3,46.4,65,Cyber Security,0
STU101756,22,Female,7.34,91.5,1,,46.3,57.2,65.2,5,1,2,6.7,3,2,0,1013,6,60.3,81.6,62.9,42.2,56.7,55,92.2,Cloud Computing,0
STU107241,23,Male,6.68,71.4,0,39.9,69.6,60.6,44.5,5,2,2,8.2,1,0,0,855,4,74.9,59.8,80.2,44.7,46.3,37,68,Data Science,0
STU101008,21,Male,8.27,71.6,0,76.3,78.4,71.2,,2,0,0,0,4,1,0,1026,1,55.6,58.2,78.7,62.7,65,35.9,79.6,Cyber Security,0
STU100256,23,Female,8.17,88.5,0,58.4,53.2,43.2,51.8,1,1,1,5.9,3,1,0,855,1,57,53.7,65.5,77.6,74.6,36.8,53.8,Data Science,1
STU100357,22,Male,7.07,75.2,0,50.1,62.2,,62.2,5,2,0,1.2,0,0,0,1009,4,54.7,80.6,87.6,48.5,65.7,24.3,73.4,Data Science,0
STU107507,20,Male,7.76,94,0,65.6,36.3,50.4,74.7,3,1,3,12.6,1,1,0,629,3,57.8,60.3,80.9,47.8,51,33.3,66.5,Data Science,0
STU102348,21,Male,7.24,78.9,1,39.5,64.8,53.2,49.4,4,2,0,0,1,0,0,965,4,57.7,63.8,64.6,71.1,33.2,27.5,74.3,Cloud Computing,0
STU106031,22,Female,8.65,82.1,1,65.7,48.4,71.2,68,2,0,1,2.1,3,1,0,685,1,64.9,61,83.3,56.1,67.1,66.7,100,AI/ML,0
STU101730,22,Male,7.44,78.9,2,67.9,68.2,57,62.3,2,1,0,1.3,1,2,0,833,2,74.3,60.8,74.9,67.6,38.5,91.5,76.2,Data Science,1
STU102384,21,Male,7.1,79.9,0,39.4,54.3,66.1,53.1,1,0,0,0,1,2,0,748,0,44,63.9,87.5,71.9,51.2,21.3,83,Software Development,0
STU103692,22,Male,7.89,73.6,0,60.6,73.6,76,36.3,5,1,1,5.8,3,3,0,654,6,65.6,71,80.4,41.3,45.3,45,83.5,Cloud Computing,0
STU103871,22,Female,7.71,72.5,0,55.6,69.8,81.1,36,2,0,2,10.7,1,3,0,1110,4,73,71.3,85.2,58.2,39.9,35.6,54.4,Cyber Security,1
STU105417,22,Male,6.26,82.3,1,26.4,43.1,62.8,51.1,2,0,0,0,1,4,0,502,6,55.7,62.7,73.7,64.6,63.3,96.8,80.3,Data Science,0
STU103812,21,Male,7.39,78.1,0,50.7,41.7,47.2,29.9,4,1,0,0,2,0,0,410,4,58.2,62.7,61.9,68.7,65.9,97.1,67.8,Data Science,0
STU106886,22,Female,8.27,95.1,0,74.4,66.2,79.1,77.3,6,1,3,7.8,5,2,1,950,7,89.8,91.5,60,57.9,34.5,21.7,90.1,Cloud Computing,0
STU103108,22,Male,8.69,70.7,1,63.5,84.3,51.4,66.8,3,0,2,9.4,3,3,0,806,3,64.4,,63.2,56.2,52.4,56.5,81.2,Cyber Security,1
STU104422,23,Male,7.7,88.6,0,70.6,,52.1,63.3,1,0,0,1.4,4,0,0,997,0,65,63,64.3,49.6,86,10.9,68.1,Data Science,0
STU107487,22,Female,8,80.9,1,39.2,47.6,67.3,36.8,7,3,0,0,4,1,0,662,8,56,94.1,72.5,37.2,42.7,77.2,53.1,Software Development,0
STU109781,22,Male,7.25,93.5,0,35.6,42.6,60.6,66.5,1,0,1,6,1,4,0,851,2,57.1,53.7,67,59.5,78.5,12.3,74.3,Software Development,0
STU103821,23,Male,7.54,78.9,0,61.5,59.5,53.7,53.9,4,3,3,8.6,2,0,0,1054,5,59.9,84,64,35.5,21.8,49.4,78.5,Data Science,1
STU107773,21,Female,7.36,76.1,0,50.6,52.1,58.6,55.7,1,0,0,0,2,1,0,1238,0,59.6,56.3,84.5,24.5,33.7,42.6,63,Software Development,0
STU104811,22,Male,8.39,74.3,0,70.2,64,57,57.4,2,1,0,0,3,1,0,1022,3,35.2,48.8,69.7,71.3,32.7,43.3,79.8,Data Science,0
STU105950,25,Male,7.26,80.5,2,44.9,46.9,58.7,54.1,1,1,1,4.6,2,1,0,359,1,83,70.4,65.7,55.2,54.8,84.2,74.1,Software Development,0
STU104461,22,Female,7.34,75,0,47,45.3,58.5,36.1,3,0,1,6.2,5,1,0,562,5,58.2,64.4,80.4,43,45.4,40.6,48.7,Cyber Security,0
STU106836,22,Male,6.93,79.1,0,58.1,29,55.6,54.6,4,0,1,6,4,2,0,880,4,68.9,82,67.7,49.2,68.6,53.2,62.2,Software Development,0
STU104511,21,Female,6.76,67.2,0,60,74.8,52.7,16.8,1,0,1,,3,1,1,836,0,58.7,53.4,66,30.7,53.1,12.7,68.4,Cloud Computing,0
STU107693,20,Male,8.05,77.5,1,60.1,68.2,35.3,49,4,1,3,10.3,2,0,0,724,3,71.2,49.4,74.7,60.3,73.2,18.3,61.6,Software Development,0
STU105904,22,Male,6.59,82.3,0,45.2,15,60.9,47.2,3,0,0,0,1,1,0,629,3,58.5,81.7,90.1,57,41.2,15.3,78.4,Cloud Computing,0
STU100026,21,Female,8.26,77.4,0,43.6,59.4,53.1,51.3,1,0,1,3.9,1,3,0,368,2,50.4,60.5,58.3,46.1,86.6,113,62.8,Cyber Security,1
STU102228,22,Male,7.7,81.7,1,32.9,47.6,44.2,50.7,2,0,0,0,4,1,0,331,3,71.5,57.2,81.2,64.9,23.2,22.2,67.7,AI/ML,0
STU100900,20,Female,6.03,76.8,1,52.6,46.1,62.1,46.9,2,0,0,0,3,1,0,1126,1,,69.3,70.8,55.8,49.7,23.1,71.6,Software Development,0
STU102625,21,Female,6.35,96.6,2,15.4,59.3,43.8,33.7,4,1,1,3.8,0,3,0,680,8,59.2,74.9,84.5,63.2,86,,56,Business Analytics,1
STU109844,22,Female,7.91,,0,59.2,57.9,58.9,73.6,3,2,2,7.6,5,1,0,830,5,74.8,71.6,60.1,55.1,100,76.6,70.8,Cloud Computing,0
STU101877,23,Male,6.9,78.9,0,51.6,47.1,85.1,26.6,1,0,1,7,2,3,0,606,1,59.1,56.3,95.3,60.9,46.7,83.1,84.2,AI/ML,0
STU102708,19,Male,6.44,91.6,0,15,59.8,57.9,34.9,2,1,1,6,2,1,0,867,1,45.6,55.2,65,74.2,57.5,42,54.6,Business Analytics,0
STU104443,22,Male,8.43,75,1,47.4,61,55.5,46.5,3,0,3,9.8,2,0,0,644,4,70.6,67.9,66,62.5,51.7,56.6,55,AI/ML,0
STU108865,24,Male,7.13,69.6,0,48.8,56.1,81.7,78.7,1,1,0,1.5,3,0,0,369,1,68,56.1,79.6,58.3,52.8,22.5,83.8,Data Science,1
STU101064,23,Female,6.81,87.6,0,22.9,57.6,54.1,48.8,4,2,0,0.5,2,1,0,789,4,65.5,72.6,52.3,65.8,51.6,32.4,69.7,Data Science,0
STU103270,21,Male,7.65,85.8,0,66.1,40,63.5,51.4,4,1,2,9,3,3,0,654,3,51.7,79.2,51.5,62.9,81.9,25.3,71.4,AI/ML,1
STU104105,21,Male,7.75,85.8,1,68.7,48.7,71.2,72.6,4,1,1,4.1,2,2,0,1052,4,58.6,69.1,78.6,47.5,39.4,61.5,74.6,AI/ML,1
STU108800,21,Female,6.84,79.2,0,40.4,56.1,44.8,57.8,3,0,1,4.3,4,1,0,777,2,72.6,59.6,81,53.1,69.2,44.7,47.9,Cyber Security,0
STU106007,21,Male,6.92,85.2,2,64,43.6,73.4,41.6,1,0,0,0,1,3,0,1012,0,51.9,59.5,87.3,70.3,45.6,15,77.5,Business Analytics,0
STU109874,21,Female,8.28,78.1,1,58.4,85,54.7,79.7,5,2,0,0,4,1,0,731,4,49.4,,82.2,40.8,29.4,9.1,75.2,AI/ML,0
STU101143,19,Female,7.36,74.7,1,55.4,60,66.8,76.7,6,3,1,3.8,0,1,0,1149,7,65,69,80.5,40.8,35.7,31.6,74.7,Data Science,0
STU106890,23,Other,6.74,89.7,3,68,54.2,99,63.2,2,2,0,0.2,1,5,1,745,2,61,56.9,82.2,63.5,58.2,57.4,86.7,Business Analytics,0
STU105060,22,Male,7.01,83.4,2,58.9,45.5,60.5,37.6,3,1,0,0.9,3,1,0,943,3,47.9,74.1,68.8,42.6,32.7,35,84.1,Data Science,0
STU104277,23,Female,6.59,81.4,0,,56.5,37.8,44.2,3,2,0,1.3,2,1,0,1152,2,57.9,69.8,60.5,42.4,55.5,48.8,48.3,Data Science,0
STU108724,21,Male,9.27,79.5,0,79.3,35.4,72.1,82.4,6,2,0,0,5,1,1,1312,6,52.6,84.8,77,37.6,38,50.2,86.6,Cyber Security,0
STU101421,21,Male,8.21,83.6,0,68.4,65.5,59,67.5,2,1,0,0,3,2,0,935,3,50.3,61.7,62.9,66.9,76.8,73.5,87.5,Business Analytics,0
STU100878,21,Male,7.05,87.3,0,52.5,57,66.6,59.3,2,0,0,0.7,1,1,0,966,1,61.4,49.9,74.8,42.7,77.8,25.4,76.7,Data Science,0
STU105564,20,Female,8.46,83.6,0,44.8,51.3,71.9,72.1,3,1,1,5.7,4,1,0,421,2,64.7,78.6,75.9,27.9,60.3,79.3,78.1,Business Analytics,0
STU107754,22,Male,7.77,79.9,0,40.3,71.1,55.9,74.5,2,2,2,9.5,5,2,0,693,2,83.9,58.8,60.8,53.9,42.7,66.6,89.6,Software Development,0
STU101212,21,Male,5.85,77.8,0,33.2,46.4,54,54.2,4,2,0,0.1,6,0,0,620,5,70.8,66.5,66,35,49.2,43.8,92.6,Cloud Computing,0
STU100254,21,Male,7.34,79.8,0,64,47.6,50,68.1,7,3,1,5.8,2,2,1,583,6,62.4,60.3,78.9,60.7,50.2,56,72.8,Cyber Security,0
STU106878,21,Female,7.66,79,1,44.7,47.7,75.5,70.8,5,0,1,2.6,3,2,0,296,4,,61.4,68.8,65.7,70,15.9,82.6,Software Development,0
STU105439,22,Female,6.12,89.4,0,48.6,28.8,61.5,30.8,1,0,0,0.4,1,0,0,707,1,75.3,64,76.4,53.9,44.4,35.1,70.1,AI/ML,0
STU108377,20,Male,7.71,65.2,0,51.2,52.5,39.8,56.7,2,0,0,0,3,1,0,768,3,66.8,66.4,77,62.4,78.1,45.6,50.6,Software Development,0
STU108394,20,Male,7.9,71.1,2,59.4,65.7,44.5,55.2,3,0,1,2.7,1,3,0,281,2,70,56.1,64.3,59,47.2,87.1,74.6,AI/ML,1
STU107940,23,Female,7.65,70.9,0,27.3,63.7,55.1,81.1,4,2,1,3.7,4,1,0,542,6,,81.3,80.2,43.5,36.3,47.6,65.8,Software Development,0
STU103222,22,Male,7.32,80.6,0,74.5,45.6,50.9,46.4,1,0,2,4.4,1,1,0,937,0,72.3,53,68.3,49.8,40.9,136.2,70.2,Software Development,0
STU105004,22,Female,7.45,79.5,0,46.2,,62.8,37.4,0,0,0,0,3,2,1,538,0,57.1,57.2,90,57.9,52.7,41.4,40.8,Cyber Security,0
STU100907,21,Male,8.26,84.2,1,62.8,41.7,78.6,54.3,1,1,1,6.4,2,0,0,783,2,53.5,58.4,70.3,38.8,94.8,105.4,92.5,Cloud Computing,0
STU109889,21,Female,6.27,,1,46.6,35.7,35.5,54.4,1,0,1,4.4,1,0,0,1001,0,50.8,30.8,70,53.2,65.3,34.2,68.3,Software Development,0
STU108815,24,Male,6.68,78.2,0,31.4,46.3,51.5,31.9,1,0,0,0.5,1,0,0,348,0,46.8,54.5,66.3,37.8,45.6,54.3,64.4,Cyber Security,0
STU102642,22,Male,7.29,84.9,0,49.3,73.6,48.5,49.4,3,0,3,9.4,0,2,0,993,2,56.2,61,84.8,65.8,34.1,33.5,74,Cloud Computing,0
STU109393,20,Female,6.41,75.2,2,39,39,42.6,31.4,3,2,1,3.7,3,1,0,442,3,66.1,62.9,65.8,38.9,68.6,44.8,45.3,Software Development,1
STU104483,22,Male,8.48,93.1,0,52.4,70.5,61.5,59.9,1,0,1,5.3,0,3,1,675,0,43.5,66.1,82.2,72.8,63.3,20.5,63.1,Data Science,0
STU109626,23,Male,7.51,77.7,3,80.6,62.2,76.9,51.6,3,0,1,2.7,3,1,0,802,4,67.3,52.7,69.3,36.4,59.5,30.4,83.8,AI/ML,1
STU107973,21,Female,7.3,,1,55.2,61.2,49.2,69.1,4,0,3,8.7,1,0,0,489,5,60,55.9,62.7,73.7,100,36.9,71.9,AI/ML,1
STU102725,21,Female,8.77,79.4,0,80.3,56.8,77.1,22.6,1,1,2,7.6,4,1,0,1177,1,58.6,46.8,89.5,76.4,69.4,,67.3,Cloud Computing,0
STU102138,23,Male,8.08,,2,57.8,59.6,61.4,43.5,3,2,0,0,1,3,0,571,4,62.5,59.3,67.6,64.2,60,35,79.9,Cyber Security,0
STU106089,24,Male,6.61,78.8,0,29,57,52.1,58.7,2,2,1,4.9,2,1,1,1067,2,72.9,60.8,69.9,49.5,47.4,50.6,81.4,Software Development,0
STU105268,19,Female,6.59,81.6,2,15,83.2,66.4,48,3,2,0,0.5,0,0,0,778,2,66.8,81.2,85.8,35.8,57.6,29.9,86.9,Software Development,0
STU108804,21,Male,8.49,89.2,0,63.5,72.5,64.8,40.1,0,0,2,5.5,2,0,0,1048,0,56.4,31.8,75.1,32.7,64.8,42.2,56.7,Data Science,0
STU106326,25,Male,7.31,81.4,0,34,54.8,52.3,59.1,1,1,0,2.8,1,0,0,749,2,51.1,33.7,54.7,60.9,75.5,50.7,75.4,Business Analytics,1
STU100005,20,Male,8.41,,0,73.3,55.3,76.1,56.9,4,1,1,3.9,2,0,0,613,4,63.9,64.8,69.1,57,54.1,30,72.6,AI/ML,1
STU108856,20,Male,7.63,92.6,0,49.7,58.8,53.7,79.1,2,0,0,0.2,2,1,0,435,2,57.2,75.7,63.5,70.5,100,19.4,84.3,Cloud Computing,0
STU103040,22,Male,7.46,85.3,0,53.2,60.7,73.2,63.2,2,1,0,0,0,2,0,702,1,55,42.5,82.1,69.3,45,,77.2,Data Science,0
STU101554,21,Male,6.62,81.3,1,40.5,60.5,50.9,37.6,3,1,0,0,3,1,0,547,4,67.4,64.1,77,77.5,78.8,124,55.7,AI/ML,0
STU101928,21,Female,7.76,87.9,0,57.2,44.9,39.5,69.1,2,1,1,4.7,2,0,0,836,2,51,60.7,73.1,50.8,66.6,,75.8,Data Science,0
STU105479,23,Male,7.05,80.3,0,42.1,68.6,27.5,38.6,1,0,0,0,9,4,2,590,1,87.8,72.2,77.5,55.3,60.3,38.9,45.3,Data Science,0
STU109580,23,Male,8.73,99.7,0,58.2,74.4,67.1,59.2,0,0,1,3.6,2,0,0,701,0,54.6,51,69.1,44.7,66.4,110.5,74.1,Software Development,0
STU108861,23,Male,7.99,69.6,0,60.4,56,50.2,78.6,2,2,1,3,3,1,1,870,2,62.3,59.7,77.3,62.6,72.2,,73.5,Business Analytics,1
STU100792,20,Female,6.55,68.9,2,43.9,34.6,65,61.4,3,1,0,1,2,3,1,935,3,82.6,62.8,63.9,58.7,91.2,30,72.3,Data Science,0
STU106477,22,Male,10,87.8,1,99.9,63.8,62.6,65.1,4,0,0,0,0,2,1,1400,3,71.7,58.7,76,58.6,77,64.5,76.2,Cloud Computing,0
STU101202,21,Male,6.95,70.5,0,33.9,45.2,51.6,47.2,1,0,3,7,3,0,0,559,2,69.7,58.5,58.2,52.4,45.6,30,79.1,Software Development,1
STU101315,22,Male,6.86,92,0,,54.8,87.7,58.1,7,2,1,3.2,2,2,1,793,8,51.9,76.1,84.6,73.8,59,86.9,79.2,Business Analytics,1
STU101275,21,Female,8.7,94.9,0,66,98.6,60.5,77.9,3,1,1,5.8,2,2,1,691,2,65,50.9,57.3,48.5,69.6,33.7,87.5,Data Science,0
STU103366,20,Female,6.52,95.1,0,33.9,57.2,53.1,50.7,3,0,1,6.9,1,1,0,883,9,69.1,59.5,62.7,41,38.1,28.9,68,Cloud Computing,1
STU109491,23,Male,7.82,82.1,1,75.2,56.5,68.5,48.2,4,0,1,4.1,4,2,0,1005,4,64,70,67.8,52.8,74,100,76,Cyber Security,0
STU103573,22,Male,7.63,79.3,0,63.5,57.7,57.9,63.7,1,0,1,,5,3,1,848,0,67.1,59,63.3,51.8,45.6,48.3,75.9,Software Development,0
STU105929,22,Female,8.99,79,0,49,64.4,61.6,45.6,5,1,0,0,3,1,0,563,6,,,81.5,44.4,69.9,44.8,68.8,AI/ML,0
STU109197,20,Male,8.6,75.4,1,83.9,51.4,46.8,48.3,2,2,3,12.2,2,1,0,714,1,92.4,64.7,76.8,55.8,96.3,40.5,68.7,Software Development,0
STU103525,21,Male,9.2,83.2,1,57.8,70.2,61.6,58.3,3,1,1,5,2,2,0,627,3,90.9,,76.1,69.5,39.3,65.2,79,AI/ML,0
STU104039,21,Female,7.95,71.1,1,70.5,45.6,76.5,69.6,4,1,3,14,4,0,0,592,5,68.6,53.4,76.6,38.3,41,67.5,,AI/ML,0
STU106908,22,Male,6.03,81.4,0,24.2,41.4,20.1,44.3,3,1,0,0,3,3,1,999,4,55.6,76.6,74.4,64.3,45.1,58.2,66.1,Cloud Computing,1
STU109808,23,Male,7.28,85.9,0,42.2,73.2,58.2,58.5,3,1,0,1.3,1,2,0,937,4,45.9,70.4,63.6,57.9,70.3,70.2,69.1,Software Development,0
STU106996,23,Female,7.22,91.1,0,39.8,48,67.2,48.1,3,1,3,10,3,2,0,564,3,68.4,78.1,62.1,70.1,53.8,54.9,89.1,Software Development,0
STU100139,24,Male,6.96,86.1,1,29,58.7,61.8,71.3,1,0,1,,2,2,0,637,3,52.9,48.1,84.5,67.4,47.6,23.1,84.3,Data Science,1
STU107280,23,Male,5.14,92,0,15.9,21.2,79.9,60.5,5,0,0,1,1,2,1,120,6,54.1,82,85.6,50.6,91.6,82.6,75.1,AI/ML,0
STU104631,20,Male,6.8,88.6,1,68.8,55.5,53.5,57,5,2,2,9,1,1,0,918,8,70.7,74.1,61.4,37,52.8,22.9,76.4,Cloud Computing,0
STU108592,21,Male,8.31,66.1,0,,82.2,29.3,72.3,1,1,1,3.9,1,2,0,826,2,50.9,43.3,62.3,69.8,34.8,34.1,86.7,Data Science,0
STU101091,21,Male,9.48,79.8,0,66,55.3,40.9,74.7,6,2,1,6,3,1,0,843,6,56.7,81,59.8,53.2,67.3,67.4,81,Data Science,0
STU100867,20,Female,8.67,85.4,0,94.3,79.7,37.5,62.1,5,1,2,13.4,3,1,0,771,5,66.4,63.7,68.5,47.9,77,79.5,79.4,Cyber Security,0
STU105844,22,Male,6.5,80.3,0,48.7,51.9,45.4,48.3,3,2,4,,1,2,2,519,3,57.3,63.2,77.1,45.9,58,74.4,58.7,Cyber Security,0
STU102136,21,Male,6.53,77.8,0,18.9,53.5,77.5,58.4,2,0,1,3,5,1,0,475,2,77.5,62,69.2,37.5,51.2,29.4,77.7,Cloud Computing,0
STU105162,20,Female,5.85,84.6,0,56.8,70.5,47.8,39.4,1,0,0,0.2,1,3,0,1005,3,66.2,48.7,79.3,63.5,55.7,54.7,71.5,Software Development,0
STU107017,23,Female,7.21,87.2,0,48.1,70.7,56.3,55.8,1,0,1,5.1,4,1,0,729,0,62,59.7,69.9,43.5,56.4,74.3,60.2,Software Development,0
STU108598,22,Female,9.12,76.7,1,71.7,77.6,78.4,73.1,2,0,0,1.6,5,1,0,789,4,50.8,69.8,63.4,74,58.5,78.8,85.8,Cloud Computing,0
STU106121,24,Female,7.34,85,1,50,49.7,60.9,71,4,1,0,0,1,0,0,100,4,35.1,55.5,79.9,28.2,45.9,38.7,79,Software Development,0
STU100435,23,Male,6.18,68.9,0,34.9,42.2,46.7,26.3,3,0,3,,3,1,0,360,2,73.5,68.9,80.2,39.3,51.8,27.4,43.8,Software Development,0
STU100596,21,Male,7.26,86.9,0,31.6,81.2,73.1,55.7,5,2,2,8.4,3,1,0,808,5,77.3,87.8,64.6,69.2,52.9,98.9,73.1,Business Analytics,0
STU102277,20,Male,7.25,80,0,44.6,39,63.1,54.2,3,0,1,4.7,0,1,0,1163,2,45.8,,79.8,62.6,61,23.2,74,Cloud Computing,0
STU109971,23,Male,7.52,80.4,1,17.7,23.4,34.1,38.3,2,1,1,5.3,2,1,0,822,2,74.6,63.2,72.8,65.6,34.6,38,56.5,Cyber Security,0
STU109114,21,Male,8.37,92,0,67.1,58.9,48.8,66.4,1,0,2,5.9,3,3,0,1016,0,53.8,52.9,54,60,57.3,45,86.7,Cyber Security,0
STU102306,21,Female,7.85,76.7,1,70.8,45.8,76.1,31.4,3,1,1,4,3,2,0,796,2,78.1,59.9,75,54.3,65,106.2,78,Cyber Security,1
STU106832,22,Male,8.52,92.8,1,87.8,73.4,27.5,60.8,6,3,0,0,3,1,0,918,7,68.7,84.3,52.9,63.5,62.7,20.4,77.1,Data Science,0
STU102803,23,Female,8.57,67.8,1,61.5,72.6,54.4,64.8,2,0,2,11.5,1,1,0,625,3,67.6,67.7,74.5,58.3,33.3,71.4,82.2,Data Science,0
STU105431,20,Male,7.7,90.8,1,47.2,59.8,75,73.9,2,1,0,2.9,0,1,0,1185,4,71.6,54.4,65.1,50.1,51.3,50.7,86.9,Software Development,0
STU100455,22,Male,7.1,80.4,0,57.1,57,65.5,43.8,2,2,0,0,2,0,0,639,1,56.3,56.1,79.1,56.3,43.7,46.4,80,Cyber Security,0
STU103236,22,Male,7.49,97.3,1,46.2,49.2,44.7,59.3,2,1,0,0,5,3,2,1049,1,,82.7,61.2,56.8,47.8,94.6,88.9,Cloud Computing,0
STU105942,20,Female,7.56,71,0,55.1,49.7,53.1,49.6,0,0,1,4,2,2,1,834,0,69.1,38.9,76.7,37.5,53.1,121.7,64.3,Cloud Computing,1
STU106766,21,Male,8.5,79.2,0,68.1,53.7,64.6,68.1,4,0,1,5,1,1,0,917,5,58.4,64,85.9,60.8,19.1,32.9,,AI/ML,0
STU109623,22,Female,6.01,83.9,1,42.2,55.7,70.6,43.3,3,2,1,4,3,2,0,901,3,,62.7,65.3,55.9,43.4,74.3,59.7,AI/ML,0
STU109152,22,Female,8.34,73.7,0,59.1,34.8,66.8,83.3,3,0,1,3.4,1,1,0,692,2,44.4,54.1,76.7,53.4,77.1,,,AI/ML,0
STU109060,22,Male,8.11,71.4,3,68.3,44.9,72,58.2,4,0,0,0,1,3,0,524,4,74.3,59.6,74.7,56.4,65.3,22.5,,Business Analytics,0
STU100180,22,Male,7.08,84.8,0,22.7,47.7,56.2,53.3,3,1,0,0,0,1,0,416,4,60.6,77.4,62.8,36.4,48.7,44.5,74.4,Data Science,1
STU108925,20,Male,6.44,82.6,0,45.1,44.7,49.7,61.5,1,0,3,11.4,3,2,0,930,3,75.9,63.1,63.8,68.3,59.2,52.4,75.7,Software Development,0
STU102772,22,Male,7.36,93.4,1,43.9,77,55.2,50,5,1,0,2,3,0,0,1157,5,54.4,81.5,77.1,71.4,38,8.5,73.2,Business Analytics,0
STU109178,23,Male,6.96,,0,40,57.6,67.3,38,3,2,4,18.8,4,4,0,670,2,68.6,65.5,71,73.7,83.7,57.4,75.1,Software Development,0
STU103680,22,Male,7.54,74.9,0,,43.3,52.7,49.9,5,3,0,0,3,0,0,815,4,67.8,76.3,72,28.1,59.8,29.5,67.8,Data Science,0
STU100025,21,Male,9.21,89.7,0,63.4,82.8,58.2,65.2,3,1,2,11.7,3,2,1,593,5,,67.4,62.8,50.5,69.2,4.8,68.9,Business Analytics,1
STU101770,25,Other,8.03,77.7,0,49,66.7,64.1,56.3,3,0,0,0.9,1,0,0,610,5,59.3,56.3,81.5,46.5,75.7,37.7,61.7,Cloud Computing,0
STU107329,21,Female,7.66,95,0,64.8,48.2,46.6,92.9,4,3,0,0.4,2,1,0,1177,3,61.1,,68.8,41.3,63.3,22.1,77.3,Data Science,0
STU104887,22,Male,6.82,91.7,0,58,61.9,69.9,69.7,2,0,0,0,4,0,0,788,3,71.7,76,66.6,47.6,61.1,107.2,75.2,Cyber Security,0
STU104155,21,Male,7.76,82.8,0,66.4,38.3,84.2,68,2,0,1,3.4,0,1,0,594,2,47.6,61.3,87.7,52.2,86.9,79.7,77.4,Cloud Computing,0
STU100110,20,Female,7.81,72.4,0,49.9,48.9,49,31.1,3,2,0,1,0,1,0,373,2,66.6,49.4,72.2,56,58.8,14.3,,Cloud Computing,0
STU101610,21,Male,8.46,82.6,0,65,62.4,74.2,47.2,4,1,1,2.8,1,3,1,927,5,54.3,70.2,71.7,68.4,78.1,32.9,62.6,Software Development,0
STU107934,21,Female,7.69,76.1,1,67.6,33.8,40.2,21.9,2,1,1,7.1,0,0,0,1080,2,59.3,50,54.1,37.1,60.6,50.2,32.8,Cloud Computing,0
STU103679,21,Female,10,,2,84.5,60.5,51.8,74.1,1,0,1,2,2,2,0,900,1,,52.2,68.9,40.3,57.4,36.1,77.7,Software Development,1
STU108948,21,Male,7.05,72.5,0,66.5,55.6,56.8,85.7,3,0,2,9.2,0,2,0,558,3,57.5,52.8,63.6,50,60.2,39.5,77.8,Cyber Security,0
STU106413,21,Female,8.08,63.2,1,57.9,48.9,63.2,77.9,3,2,0,1.1,6,1,1,961,5,72.4,65.8,80.8,44.1,54.2,79.6,88.9,Software Development,0
STU109406,20,Female,7.74,86.7,3,58.7,79.9,55,37.2,5,3,0,0,3,0,0,694,5,75.4,69.1,81.6,38.7,27.8,,59.9,AI/ML,0
STU104258,23,Female,6.5,90.8,1,34.3,55.5,83.4,53.3,4,1,1,4.9,3,1,0,661,3,55.6,65.3,79.2,37.3,55.6,60.3,53.6,Cloud Computing,0
STU107450,22,Female,8.61,75.6,0,59.1,58.4,77.9,47.8,3,3,3,6.9,1,0,0,694,2,69.5,65.1,80.6,62.2,70,24,78.4,Data Science,0
STU109376,22,Male,6.44,75.3,0,29.5,42.5,52.5,47.8,4,1,0,0.1,2,1,0,407,6,58.5,75.7,57,53.3,33.6,74.7,78,Cyber Security,0
STU107189,21,Male,6.68,89,1,71.7,47.9,59.6,44.1,1,0,1,2.9,7,0,0,1009,0,67.2,71.3,61.4,41.1,34.8,54.2,62,Data Science,0
STU106635,22,Male,7.45,77.1,0,44.5,49.5,51,51.1,5,2,1,4,2,1,1,1248,5,55.6,74.7,73.8,52,40.1,47.5,89.8,AI/ML,0
STU103467,23,Female,8.46,86,0,,62.2,91.5,28.1,0,0,0,0,3,2,2,728,2,62.5,51.8,88.5,75.8,66,16.7,57.7,Data Science,0
STU109869,22,Male,7.72,87.4,0,61.1,72.5,22.2,69.2,4,0,1,2.6,1,2,0,861,3,52.3,73.5,76.7,48.4,48.7,37.5,61.7,Cyber Security,0
STU100409,20,Female,6.85,83,1,72.7,72.1,66.7,62.8,2,0,0,0.2,2,0,0,1355,2,37.1,58.2,79.2,35.5,61.4,18.4,72.8,Software Development,0
STU102105,21,Female,6.38,85,0,35.7,67,61.9,,3,2,0,,3,1,0,499,4,61.7,58.1,60.4,61.4,59,51.3,88.8,Data Science,0
STU102877,20,Male,7.74,85,1,52.4,39.4,25.1,90.1,3,0,0,0.7,2,0,0,650,6,74.4,82.3,60.7,83.6,15.8,101.9,86.8,Software Development,0
STU105727,20,Female,6.45,83.8,1,39.4,60.5,54.3,47.1,2,1,1,6,3,4,2,694,2,64.3,60.1,65.2,53.1,54.5,77,66.6,Software Development,0
STU105428,22,Male,8.51,75.9,0,61.2,46.2,42.5,42.2,3,2,1,1.5,3,1,0,601,5,57,69.6,75.7,64.4,51.5,22.4,62.5,Business Analytics,1
STU109033,23,Female,7.53,71.7,1,49.5,50.6,51.5,52.1,1,0,0,3.7,2,2,0,786,0,58.5,49.1,73.1,53.1,73.9,78.9,69.2,Software Development,0
STU102363,21,Female,6.29,76.5,0,38.6,58.7,63.4,34.8,1,0,2,8.3,2,2,0,594,1,58.1,49.3,78.8,67,74.3,83.1,71.3,Software Development,1
STU107433,23,Male,7.58,85.5,0,89.2,54.6,63.3,38.7,7,1,3,12.1,0,0,0,971,6,65.6,70.9,91,55.5,49.9,19.2,65.7,Data Science,0
STU105583,23,Male,7.2,86.1,3,41.8,45.1,70.9,52,1,0,0,0,2,2,0,761,0,68.3,47.1,66.9,55.6,36.4,68.7,81.5,Cloud Computing,0
STU103781,22,Female,8.94,95.9,0,51.5,62.6,50.1,72.3,1,0,1,4.8,5,2,0,930,0,77.8,56.8,81.4,44,24.9,24.9,66.3,Software Development,0
STU101681,20,Other,7.84,79.7,0,57.7,51.3,67.3,58.9,2,1,0,0,4,3,0,358,2,50.4,81.2,67.5,44.2,65.7,39.9,69.2,Software Development,0
STU108275,23,Male,7.46,76.5,0,46.4,38.3,61.5,53.2,3,0,1,2.4,1,2,1,791,2,70.7,70.8,62.8,56.2,54.1,29.2,80.5,Business Analytics,0
STU106576,22,Male,6.92,79.9,0,32,60,62.9,58.2,4,3,0,0,3,0,0,805,3,83.8,57.1,54.3,40.6,35.3,11.5,78.2,Business Analytics,1
STU101866,22,Male,8.63,85.3,0,73.5,51.1,62.3,71.8,4,0,0,0.8,1,1,0,1246,4,50,63.4,73.7,55.5,89.1,51.1,82.2,Data Science,0
STU103060,21,Male,7.66,70.6,1,45,50.2,74.8,45.1,3,0,0,0,2,1,0,514,3,79.6,56.3,65.6,51.6,57.4,27.2,75.3,Software Development,1
STU107528,22,Male,7.94,87.7,1,68.9,39.9,50.8,65.8,4,2,1,2.2,3,2,0,1100,5,65.4,71.7,79.9,47.4,22.2,45.6,83.5,Software Development,1
STU105503,21,Male,7.01,,0,42.5,42.5,55.8,57,2,2,1,4,2,2,1,357,2,70.6,52.8,75.7,50.2,36.7,34.3,74.9,Business Analytics,0
STU106965,23,Male,8.72,84.5,0,61.1,80.5,,48.7,0,0,0,1,3,1,1,1019,1,79.6,68.3,76.2,39.3,82.5,18.3,67.6,Software Development,0
STU104692,22,Female,6.42,72.1,0,40.4,50.4,30,21.1,2,1,0,0.3,3,4,1,691,1,65.4,51.4,72.1,41,62.7,52.2,51.8,Data Science,0
STU105034,22,Male,7.59,92.2,0,19.9,36,46.1,54.2,2,0,0,0,2,0,0,100,3,74.8,60.7,67.1,54.9,33,62.4,77.6,AI/ML,0
STU100334,21,Female,6.78,77.6,0,21,81.7,60.9,65.7,2,2,0,1.5,4,1,1,711,1,59.5,74.3,79.4,57.1,20.7,62.2,93.8,AI/ML,0
STU103183,21,Female,8.23,78.9,0,71.5,66,72.3,38.3,1,0,0,0,3,2,0,866,1,62,59.9,75.1,65.2,70.8,14,92.9,Data Science,0
STU103703,21,Female,7.88,85.4,0,83.1,55.3,61.9,43.5,4,2,1,,1,0,0,1085,4,64.4,74.6,66.9,51.9,62.5,34.3,63.2,Cyber Security,0
STU100135,20,Male,8,74.9,1,47.8,35,63,48.2,3,0,1,3.9,0,3,0,574,3,56,52.4,77.6,33.4,58.4,30.8,67.1,Cloud Computing,1
STU102903,23,Male,7.85,71.3,0,50.1,74,45.6,67.9,4,2,1,4.6,1,1,0,414,4,54.9,63,61.4,67.4,52.9,8.7,73.8,AI/ML,0
STU102264,21,Male,8.63,100,1,76.9,64,33.8,40.7,2,0,1,4.1,1,2,0,834,3,64.9,53.5,89.8,32,79.9,63.2,48.1,AI/ML,0
STU109110,22,Female,7.09,73.8,1,42.2,37.8,33.3,48.2,3,0,0,0.5,3,3,0,956,2,68.6,69.1,62.5,63.2,78.5,55.7,71.7,Data Science,0
STU108707,21,Male,8.33,85.7,0,37.6,39.2,81.7,59,1,0,1,1.9,2,2,1,154,2,70.8,44.4,87.5,52.2,55.8,85.4,77.9,Software Development,0
STU109392,25,Male,8.29,94.8,1,,48.9,47.3,64.8,3,1,1,6.4,2,3,0,1302,3,61.9,68.6,67.5,45,62.9,32,,Software Development,0
STU102284,22,Male,7.13,87.5,0,56.2,48.9,51.4,37.4,2,2,1,1.6,3,1,0,1106,2,77.6,60.9,75.6,49.3,75.5,59.7,59,Cloud Computing,0
STU100854,22,Male,7.03,82.4,2,51,67.1,26,49.6,10,3,2,7,3,2,0,322,10,78.7,87.7,68.7,69.3,37.7,51.3,75.8,Software Development,1
STU100739,20,Female,8.84,94.5,2,69.6,49.5,77.1,60.9,5,1,2,3.9,1,1,1,867,5,64.7,74.7,76.5,56,60.2,48,79.3,Cyber Security,0
STU106344,21,Male,8.04,92.6,1,59.8,62.7,71.4,70.9,2,0,0,1.7,3,1,0,700,3,68.9,52.8,68.9,50.2,68.6,137.7,70.7,Business Analytics,0
STU101361,21,Male,8.02,81.2,0,80.2,57.4,50.6,58.2,5,0,0,0,3,1,0,691,5,61.5,59.8,65.7,52.2,75.1,42,75.1,Business Analytics,1
STU107970,23,Male,8.67,86.7,1,51.1,58.6,48,72.7,3,1,1,5.2,1,1,0,668,4,,61.5,70.5,54.2,61.9,31.3,51,Business Analytics,1
STU102301,21,Male,7.74,90,1,20.2,52.1,74.4,63.3,3,1,3,15.5,1,1,0,523,3,57.9,52.2,86,49.2,62.9,35.8,96.8,Business Analytics,0
STU107148,22,Male,8.32,70,0,70.3,38.6,60.9,34.9,2,1,1,5,1,2,0,823,1,53.2,54.2,52.3,64.3,63.1,27.9,86.7,Data Science,0
STU100874,22,Male,6.91,90,1,26.5,44.5,49.8,49.6,2,1,1,5.1,0,1,0,836,2,79.4,65.1,69.5,55.9,71,43.8,52.9,AI/ML,1
STU109462,22,Male,6.86,85.4,1,27.6,49.9,57.3,38.3,4,2,0,0,0,2,0,644,3,58.7,69.2,86.9,60.6,69.1,20.5,87.1,Data Science,0
STU109483,22,Female,6.19,89.3,0,46.7,46.3,60.1,15,3,0,0,1.3,1,2,0,647,3,49.3,75.1,72.7,46.5,31.2,61,62.6,Software Development,0
STU109414,20,Male,6.05,99.8,0,29.2,21.3,61.7,40,1,0,1,1.4,1,2,0,507,0,51.6,61.7,73.6,49.6,45.8,,62,Cyber Security,0
STU105192,22,Male,7.55,85.1,1,70.4,57.1,49.4,59.9,5,2,2,7.3,2,1,0,762,5,75.8,76.7,63.8,65.6,37.2,64,77.5,Cloud Computing,0
STU105681,21,Female,8.71,79.3,0,63.6,51.3,,48.6,1,1,1,4,5,0,0,508,1,66.3,60.5,76.1,60.2,66.2,63.7,68.4,Data Science,0
STU103474,22,Male,7.81,85.2,0,76,52.9,,48.5,3,0,1,1.2,8,2,0,691,3,73.5,80.4,57.8,43.3,44.8,38.3,77.9,AI/ML,1
STU104507,23,Male,7.09,73.8,2,23.4,53.7,58.8,58.5,2,0,1,5.4,3,1,0,597,2,81.3,67.4,73.9,67.9,49.4,75.2,71.3,Cyber Security,0
STU100740,19,Male,7.48,93.2,0,74.5,35.8,58.6,26.6,5,1,1,4.9,3,1,0,811,5,58.3,71.2,80.4,46.4,46.2,66.2,80.4,AI/ML,0
STU103602,24,Female,8.43,77.4,1,62.7,62.3,39.2,98.8,3,1,1,4.7,3,1,0,590,2,65.1,59.1,63.8,42,55.2,38.8,81.1,Cloud Computing,1
STU109501,19,Female,7.12,75.5,0,39.4,60.2,,40.1,4,1,1,5,3,0,0,664,5,60,62,81.1,38.2,50,25.8,62.6,Cloud Computing,0
STU106665,21,Female,9.4,79.5,0,73.9,52.6,49.5,62.6,1,1,3,11.7,3,0,0,1195,0,70,53.4,77.7,49.2,51.7,122.6,69.7,Cyber Security,1
STU108840,22,Other,8.41,89.9,0,45.9,30.9,51.8,57.2,1,0,2,5.3,6,1,0,349,0,62,46.3,65.6,58.7,62.9,80.3,60.9,Data Science,0
STU104135,21,Female,8.04,88.1,0,76.4,54.5,45.2,68.4,8,4,2,7.8,5,2,0,952,10,67.1,79.8,74.3,47.9,58.8,39.6,85.6,Data Science,0
STU103381,22,Female,8.14,93.9,0,41.2,66.6,62.2,62.2,1,0,0,1.6,1,0,0,1139,3,71.7,55.2,63.5,39.5,57.9,20.3,66.2,Software Development,0
STU106970,23,Male,7.49,,2,68.6,63.6,60,45,2,0,2,7.4,1,1,1,759,1,56.5,43,80.2,58.3,78.7,16.9,83.9,Software Development,0
STU101729,22,Female,10,84.5,0,89.8,62,52.4,100,2,2,2,5.8,0,1,0,710,2,52,69.9,73.4,44.8,97.9,68.6,90.4,Software Development,0
STU109206,21,Male,7.36,100,1,42.9,35,54.4,64.6,2,1,1,5.4,5,1,0,706,1,75,70.6,57.4,38.8,67.2,85.3,90,Software Development,0
STU109905,22,Male,6.78,94.7,0,23.8,66.9,48.1,35.6,1,0,3,9.8,3,1,0,1134,1,63.9,57.2,67,31,68.6,36,47.6,Data Science,0
STU101218,19,Female,7.38,78.2,1,48.8,60.5,70.9,81.4,3,2,1,3.6,3,1,0,757,4,55.4,65,66.6,43.1,85.3,23,86.8,Data Science,0
STU108938,23,Female,8.61,88.9,2,54,85.6,60,54.6,2,1,2,9.8,1,0,0,467,3,72.6,66.8,63.5,58.1,62.9,33.6,63.7,Business Analytics,0
STU100330,21,Male,5.95,97.6,1,44,24.9,86.6,40,2,0,1,3.7,2,1,0,582,6,65.1,58.5,70.2,44.6,71.7,68,60.1,AI/ML,0
STU109507,21,Male,7.39,79.1,2,68.9,53,42.6,53.4,0,0,4,16.2,4,2,0,952,0,57.8,46.5,63.1,21.7,91.1,38.3,51.4,Cyber Security,0
STU105145,20,Male,7.25,77.6,0,42.3,70.7,44.6,51.3,2,1,0,0,3,2,1,453,1,63.7,61.4,52.5,58.5,56.8,54.1,73.4,Software Development,0
STU107580,22,Male,6.72,79.7,0,28.2,58.6,34.8,45.4,2,0,2,10.1,0,3,0,913,1,53.7,63.2,63.8,66.5,30.2,50.7,73.3,Cyber Security,0
STU102245,22,Female,9.17,81.7,2,69.7,76,46.8,82.1,2,1,0,0.1,2,0,0,1158,3,54.5,52.2,60.9,23.3,56.1,60.1,73.1,AI/ML,1
STU102898,22,Female,6.67,82,0,19.7,30.8,87.7,46.3,5,2,2,9.3,2,0,0,520,5,65.5,68.8,71.5,26,90.7,23.9,96.3,AI/ML,0
STU108530,22,Male,7.79,88.6,1,69.5,40.6,83.4,64.3,1,0,1,5.7,3,2,2,897,3,75.7,64,71.9,44.9,48.9,163.6,84.4,Cloud Computing,0
STU107282,21,Male,8.29,80.1,1,71.1,56.6,65,49.2,4,2,4,11.1,4,3,0,864,4,77.4,43,55.8,15,41.5,55.9,75.9,Data Science,0
STU105071,21,Male,8.05,73.8,0,63.5,68.9,52.2,72.6,3,2,0,0.3,4,2,0,974,2,35.5,66.3,56.1,63.9,65.6,74.9,91.2,AI/ML,0
STU100866,23,Male,7.06,90,0,52.8,51.3,49.8,46.5,2,1,1,3.3,1,2,0,1199,2,52.9,40.1,52.6,62,62.8,40.2,49.1,Data Science,0
STU101738,21,Male,6.63,84.9,1,26.8,35,54.3,48.1,5,2,1,3.6,2,0,0,812,5,58.7,46.7,69.6,30.5,60.7,15.2,80.6,AI/ML,1
STU105003,21,Female,7.5,89.2,2,34.8,77.2,56.3,79.2,4,1,1,3.3,2,2,0,497,3,40.3,69.1,72.7,55.4,68,16.6,86.8,Software Development,0
STU106248,21,Female,7.41,77,1,63.5,25.5,60.7,62.6,1,0,0,0,3,0,0,538,0,64.1,58.5,75.5,39.7,90.3,43.1,67.8,Cyber Security,0
STU104910,22,Male,6.7,75.8,0,15.8,63.3,48.6,59.4,4,0,0,0,0,1,0,588,5,43.3,78.4,71.9,17.2,74.5,67.4,77.7,AI/ML,0
STU107300,22,Male,8.98,86.5,1,53.5,71.5,84.5,64.5,0,0,2,7.8,3,0,0,532,2,62.5,61.2,86.3,36.6,50.7,60.6,93.2,Software Development,0
STU106456,21,Female,7.54,72.3,0,42.3,53.5,57,55.7,2,1,4,18.2,1,0,0,824,1,71.6,55,73.5,44.7,70.6,83.6,93.6,Business Analytics,1
STU106704,23,Male,8.98,86.2,1,73.7,53.9,38.2,76.2,2,1,0,0,0,0,0,1218,2,61,44.7,56.9,39.5,64.9,110.6,69.5,Cloud Computing,1
STU100963,21,Male,7.35,58.6,0,60.6,43.5,57.3,85,0,0,0,0,3,1,0,834,0,66.6,53.9,65.3,15,66.4,65.5,73.5,Cloud Computing,1
STU101251,23,Male,6.91,80.8,0,37,53.4,59.4,59.3,3,2,0,,1,1,0,390,3,67.3,61,71.2,18.6,69,,80.2,Data Science,0
STU106984,20,Female,8.75,70.8,0,81.9,60.3,54,56.8,3,1,1,4.4,1,1,0,988,6,53.8,61.6,82.7,56.7,54.9,29.8,74.4,Software Development,0
STU103106,22,Male,8.74,78.3,0,72.6,77.6,60,50.8,3,0,0,1.7,1,3,0,759,4,67.2,61.6,63.3,41.5,59,10.7,78.4,Software Development,0
STU104919,22,Female,7.95,75.6,1,53.9,76.2,,60.7,0,0,0,0.4,1,0,0,647,1,55.7,36.1,72.2,40.8,63.3,14.4,86.5,Software Development,0
STU106535,20,Male,7.42,75.6,1,40.4,51.4,39.2,49,2,0,1,3.8,3,0,0,609,4,65.7,79.1,63.6,40,67.7,47,,Software Development,0
STU100602,21,Male,7.5,78.1,0,64.8,66.1,50.5,53.9,1,0,2,,0,1,0,904,0,54.3,42.7,69.8,63.8,77.4,60.7,81.4,Cyber Security,0
STU100364,21,Male,8.1,81.3,1,56.5,44,54.5,53.1,4,1,1,1.9,3,0,0,614,3,67.9,63.1,74.9,48.2,58.3,156.3,82.1,AI/ML,0
STU106767,24,Male,6.68,92.7,1,68.5,36.9,82.2,55.7,3,0,0,0,1,3,1,818,4,65,89,95.3,60.6,57.9,59.7,86,AI/ML,0
STU106181,22,Male,6.48,79.7,0,43.5,61.9,52.3,36.9,6,4,0,0.6,1,1,0,835,7,65.9,94.8,77.8,54.3,37.4,63.2,67.7,AI/ML,0
STU106406,23,Male,8.44,85.4,1,62.6,71,79.6,62.9,2,1,4,11.2,4,0,0,959,3,88.1,63.9,79,32.2,49.8,21.9,68.2,Cyber Security,1
STU108241,20,Female,7.07,72.6,1,57,61,71.6,50.5,2,0,1,2.6,2,1,0,1272,3,46.5,47.9,84,40.8,80.2,101.7,54,Data Science,0
STU107520,20,Male,7.34,78.3,0,54.4,47.6,51.7,47.2,0,0,0,1,2,1,0,161,0,54.1,50.5,55.8,39,51.8,21.2,76.3,Software Development,1
STU107182,22,Male,8.12,91.2,1,50.3,61.6,73,74.2,0,0,0,0,2,2,1,738,0,70.7,45.9,71.9,46.4,54.8,80.8,,Data Science,0
STU103518,22,Male,7.9,81.7,1,45,58.6,31.3,48.7,2,1,0,0,2,3,0,642,2,43.6,68.5,58.8,58.5,60.2,68.2,70.6,Software Development,0
STU105902,21,Female,7.21,80.4,3,38.1,52.9,62.3,81.3,1,0,1,5.8,2,1,0,483,1,60.7,65.9,59.1,42.8,76.3,57.9,79,Software Development,0
STU104207,22,Male,8.4,89.1,1,73.8,81.5,76.2,63.9,3,1,0,0.1,1,2,0,884,6,71.5,60.7,71.5,42.4,73.7,22.4,87.8,AI/ML,0
STU103262,20,Male,7.98,100,2,57.3,45.4,78.6,83.2,2,1,2,8.2,0,2,0,720,1,47.8,44.5,85.6,55.3,62.7,36.5,77.8,Cloud Computing,0
STU108242,21,Male,6.67,84.3,0,53.9,59.2,74.6,43.2,3,0,0,0.8,1,0,0,969,2,66.7,53.8,84.2,35.7,47.8,26.8,82.5,AI/ML,0
STU104037,24,Female,7.76,,0,57.8,39.9,60.9,61.9,2,0,0,0.8,1,4,1,619,2,79.1,,77.6,58.7,59.8,58.3,74.6,AI/ML,0
STU109346,22,Male,6.81,100,0,66.2,72.8,56.7,51.5,4,2,4,10,4,1,0,838,5,78.1,71.9,72.2,44.6,43,53.3,71.8,Data Science,0
STU103215,23,Female,8.77,76.8,0,100,60.3,51.2,66.1,2,1,1,6.3,3,2,0,1246,2,66.9,57.1,,71,71.1,73.8,68.1,Business Analytics,0
STU108557,21,Male,7.35,87.6,3,28.2,62.5,58,47.1,3,0,1,3.9,4,1,0,674,2,73.9,66.2,71.5,58.2,67.5,63.6,67.6,Software Development,0
STU100534,22,Male,6.78,90.2,1,30.8,67.4,43.8,57.2,2,0,0,0.5,4,3,1,1030,1,71.5,69.6,47.2,32.1,54.7,54.4,67,AI/ML,1
STU102141,22,Male,6.87,91.5,2,26.6,83.3,82.8,62.1,0,0,0,0,1,1,0,576,0,45.6,43.4,74.4,30.7,43.5,39.6,79.1,Software Development,0
STU108589,22,Female,8.16,100,0,63.5,59.3,74.3,59,2,1,2,8.4,5,0,0,1015,1,65.7,66.1,78.3,51.4,78.4,61.2,70,Cyber Security,0
STU101033,21,Male,7.49,97.9,0,30.5,72.9,68.1,46.7,4,3,1,3.4,4,2,0,971,4,67.3,62.7,81,45.2,56.3,57.6,73.2,Cloud Computing,0
STU104804,23,Male,8.52,73.1,2,66.1,72.2,77.1,53.4,7,3,0,2.2,1,1,0,906,7,57.2,72.2,72.5,45.7,82.3,31,72.2,Software Development,0
STU103402,23,Male,6.87,83.7,4,38.7,40.7,65.9,47.6,4,1,0,0.1,1,1,0,557,3,51.9,83.5,77.4,62.9,62.6,45.7,60.8,Software Development,1
STU107287,21,Male,7.27,85.5,3,44.1,58.2,52.9,56.2,3,0,2,9,4,2,1,605,2,75.2,65.5,70.2,55.7,57.9,26.5,86.1,AI/ML,0
STU100378,19,Male,8.42,74.9,1,51.4,64.9,66.9,68.3,4,1,3,7.5,1,2,0,702,6,66.4,52.6,59.8,55.9,58.4,82.6,79,AI/ML,0
STU108281,22,Male,7.61,81.4,1,67.2,35.2,20,50.7,3,1,0,0,3,2,0,833,4,64.8,77.6,74.5,44.7,49.4,126.6,53.2,Data Science,0
STU104816,19,Female,6.94,79,0,58,61.8,64.9,44.5,0,0,0,1.4,6,1,1,979,0,72.4,57.6,60.6,36.7,56.4,45,76.2,Business Analytics,1
STU109443,20,Male,7.45,77.6,1,42,77.3,92.5,52.9,2,0,2,4.4,2,0,0,669,2,74.5,55.1,92.6,46.3,53.4,82,77.7,Business Analytics,0
STU102571,24,Female,8.38,80.2,1,70.4,72.3,62,84.6,0,0,1,5,1,3,1,985,1,59.1,37.5,60.6,52.8,25.1,22.3,67.3,AI/ML,0
STU100443,22,Male,6.47,79.2,1,43,41.6,41.5,37.5,0,0,0,0,4,1,0,615,0,67.2,48.8,64.9,36.3,45.3,67.3,59.8,Software Development,1
STU102695,23,Male,7.87,90.6,0,65.1,50.3,76,47.5,3,1,0,0.7,2,1,0,524,2,57.9,61.3,98.1,64.2,41.8,16.8,68.2,AI/ML,0
STU100382,23,Male,8.07,81.9,0,44.1,59,80.7,84.9,2,2,1,1.7,3,3,1,1110,5,63.1,50.8,75.6,57.9,70.7,49.7,90.4,Software Development,0
STU104465,23,Male,8.05,80.8,0,31.9,46.6,,73.5,2,0,0,0,4,1,1,413,3,55.9,66.8,90.9,45.3,34.6,35.8,81.3,Cloud Computing,1
STU102667,21,Male,6.16,90,1,41.4,68,51.6,50,5,0,2,,0,1,0,547,6,65.1,63.1,70.2,35.7,71.6,73.2,56,Software Development,0
STU102613,21,Male,8.14,74.6,2,65.4,70.2,75.1,35.3,2,0,1,4,1,1,0,1074,3,56.9,69.6,64.8,51.1,81.9,101.1,92,Cloud Computing,1
STU109677,22,Male,7.55,94.4,1,18.4,57.6,54.7,52.5,3,1,0,0,3,0,0,594,2,78.6,56.2,83.4,50.4,64,43.4,57.5,Software Development,1
STU102908,22,Male,7.16,76.1,0,62.2,53.9,46.5,59.5,2,1,1,4,2,1,0,408,1,57.5,54.5,93.3,83.3,57.4,93.2,75.3,Software Development,0
STU103856,20,Male,8.42,93,0,79.8,70.7,74.2,55.4,2,0,2,5.8,1,1,0,1400,2,51.8,71.3,62.6,61.3,64.6,99.6,86.2,AI/ML,1
STU104421,23,Male,7.45,75.3,0,67.6,35.4,89.9,49.8,3,2,0,0,4,3,1,896,4,67,58,76.7,61.6,66.9,80,76.3,Business Analytics,1
STU108811,21,Male,7.15,67.8,1,44.7,59.9,54.9,62.3,5,1,1,1.9,1,0,0,830,4,72.9,68.3,97.5,37.7,36.5,98.8,73,Data Science,0
STU107862,21,Male,7.66,91.8,0,54.9,66,54.9,56.7,1,0,2,6.3,0,4,0,742,3,45.5,46.7,50.8,74.2,27.8,102,60.5,Data Science,0
STU108900,21,Male,8.28,74.6,0,68.9,60.8,52.8,78.3,4,3,1,4.9,2,2,0,1052,4,77,63.3,77.4,59,81.3,41.3,77.5,Data Science,0
STU107953,22,Male,6.78,82.5,1,31.3,42.2,70.5,51.8,5,3,1,2.9,3,2,0,590,6,,91.3,76.8,44.8,63.9,91.1,74,Cyber Security,0
STU105911,23,Female,7.01,88.2,1,44.3,65.3,59.3,31.9,3,1,1,1.8,3,0,0,735,3,59,61.7,62.9,51.3,53.7,26.6,66.2,Data Science,0
STU100524,21,Male,6.75,78.2,0,50.9,52.6,66.4,56.6,2,0,0,0,3,1,0,570,1,74.4,76.9,82.1,58.9,92.2,72.3,83.5,Software Development,0
STU105525,22,Female,7.15,94.1,2,82,59.8,42.5,20.9,5,2,0,0,4,2,0,1211,4,49,85.8,53.8,64.7,84.7,90,58.4,AI/ML,0
STU104524,22,Female,7.85,85.1,0,61.1,40.1,44,57.1,3,1,0,0.3,5,2,0,1088,2,64.9,62.8,75.3,51.9,58.3,34.6,62.1,Software Development,1
STU106945,22,Female,6.38,71,0,55.7,,58.7,33.6,0,0,1,6.6,3,1,0,785,0,70.2,52.5,73.8,50.7,49.2,2.1,70.9,Cyber Security,0
STU106861,22,Female,6.84,76.1,0,56.5,48.5,44.2,50.7,6,2,0,0,4,1,0,744,6,60.6,67.9,71.3,77.1,40.7,173.7,71.7,Software Development,0
STU109448,21,Female,6.28,97.9,1,46,54,70.7,24,4,3,1,3.7,2,0,0,769,4,73.7,76.6,76.5,20.9,73.5,23.9,66.7,Cyber Security,0
STU108071,23,Female,7.14,86.8,0,84,48.8,43.8,47.3,1,0,1,4.5,5,0,0,778,1,71.6,77.7,73.3,64.6,73.5,47.5,69.7,AI/ML,0
STU105045,19,Female,8.75,86.1,0,45.2,61.9,58.6,59.9,5,1,0,0.1,1,0,0,519,5,59,73.2,78.8,49.1,71.1,32.6,73.9,Business Analytics,0
STU105976,22,Male,8.46,76.4,1,93.5,70.6,58.5,87.1,2,0,0,0.9,4,1,0,918,1,69.1,60.1,51.9,26.6,67.6,77.3,77.3,AI/ML,0
STU107789,21,Male,7.23,60,0,53,64.7,55.9,57.3,2,1,1,3.6,1,2,0,305,2,75.6,75.7,78.7,53,31.9,82.2,74,Cloud Computing,0
STU100078,22,Male,7.59,89.6,1,42.2,54.8,46,69.5,3,1,0,0,5,6,2,719,3,75.6,65.8,65,45.3,65.8,33.5,60.8,Cloud Computing,0
STU106373,21,Female,6.83,73,0,44.3,63.1,52.1,40.9,3,0,0,0.5,2,3,0,658,2,70.1,58.3,82.1,53.5,61.3,25.7,76.3,Cloud Computing,1
STU107571,19,Male,8.81,84.9,2,57.4,79.1,33.3,79.5,2,1,4,,0,2,1,873,2,52.2,60.6,57.2,49.8,54.2,43.1,59.5,Software Development,0
STU109845,21,Male,9.4,79.4,0,54.6,74.5,39.3,76.4,6,2,1,2.2,2,4,0,847,5,71.1,81.8,67.3,62,55.9,23.3,88.1,Data Science,1
STU101861,22,Male,7.21,98.7,1,60.9,62.7,67,32.2,2,1,0,0,2,3,0,1051,2,48.1,67.5,76.7,51.8,75.5,22.1,82.5,Software Development,0
STU103672,22,Female,6.54,72.5,0,24.7,32.8,55.6,70.2,3,1,2,9.4,2,3,0,646,3,54.8,44.1,73.8,68.1,69.5,58.6,93.1,Software Development,0
STU109956,24,Male,7.4,82.8,2,57,49,46.3,53.4,2,0,0,0,2,1,1,703,3,49,52.5,61.4,50.1,48.1,39.4,87.4,Data Science,1
STU102644,21,Male,7.78,100,0,76.3,50.4,50.4,51.9,1,1,1,,2,3,2,465,0,55.9,72.6,62,55.1,100,92.1,74.3,Software Development,0
STU103523,21,Female,7.06,100,1,,83.5,42.1,30.7,3,0,0,0.1,0,0,0,757,4,62.1,65.2,65.1,39.4,69.6,95.4,62.9,Software Development,0
STU101404,21,Female,8.25,74.4,3,77.7,68.6,74.8,51.1,2,2,2,7.5,2,3,0,621,2,69.8,65.9,67.6,33.9,52.9,,,AI/ML,0
STU102949,22,Male,6,91.9,1,38.3,55.5,46.3,40,2,1,0,0,2,1,0,731,3,87.2,69.9,68.5,64.2,100,33.1,77.4,Cyber Security,0
STU108435,22,Male,7.02,75,1,54.9,47.6,27.4,74.4,1,1,0,0,2,2,0,1056,0,62.5,,44.5,70.5,35.8,47.9,58.3,Software Development,0
STU106251,21,Female,7.37,87.3,1,68.6,52.3,65.5,35.6,3,1,1,6.6,2,3,0,897,4,69.5,49.2,74.6,15,75.6,17.4,84.2,Software Development,1
STU101457,24,Male,6.09,78.7,0,53.7,49.3,62.2,34,5,2,1,5,3,1,0,609,5,48,81.3,76.6,44.2,35.4,73.1,73.8,Cloud Computing,0
STU104100,21,Male,7.46,75.9,0,46.8,40.7,76.1,67.8,0,0,1,,1,1,0,854,0,64.9,54.8,78.6,47.9,87.4,75.8,82.4,Data Science,0
STU101534,20,Female,8.44,86.1,1,51.8,51.8,34.6,62.1,1,0,0,0,3,2,1,813,1,74.9,34.3,75.1,59.1,62.6,124,68.7,Cyber Security,1
STU108144,23,Male,8.55,83.3,0,55.9,60.6,72,45.2,0,0,0,0,2,0,0,683,0,58.8,42.8,70.1,30,65.1,47.8,70,Cyber Security,0
STU101960,21,Male,8.36,73.3,0,52.6,78,59.2,78.6,2,0,1,1.5,4,3,1,819,2,70.2,72.4,71.1,48.4,41.4,60,82.5,Data Science,0
STU100996,22,Female,8.77,86.9,2,51.2,39.9,74.8,71.1,4,1,0,1.6,3,4,1,668,5,55.9,65.5,75.2,45.6,35.5,68.4,82.6,Data Science,0
STU106897,22,Female,7.76,82.9,0,65.4,62.4,60.9,100,7,4,1,3.3,2,2,0,1069,8,61.7,78.3,72.6,42.1,57.8,63.4,93.3,AI/ML,0
STU103248,20,Male,8.32,79.3,1,50.4,67.3,59,52,0,0,1,,1,1,0,707,0,59.7,35.4,92.9,75.9,57.5,28.9,86.2,Cyber Security,0
STU102330,23,Female,6.72,83.4,1,57.1,45.9,59.5,45.5,4,1,1,4.5,1,1,0,252,4,58,62.1,91.6,42.2,61.5,8.1,57.9,Software Development,0
STU106458,22,Female,7.13,85.1,0,45.5,100,47.9,34.7,4,1,2,8.3,3,0,0,798,3,73.1,75.2,79.1,51.6,57.4,30.8,64.6,AI/ML,0
STU104334,23,Male,8.33,80.6,0,44,66.5,54.2,88.8,6,2,1,2.2,0,0,0,1020,6,61.3,81.3,64.1,46.4,72.3,72.5,84.2,Cloud Computing,0
STU103726,23,Male,7.98,99.2,0,61.3,37.4,,57.4,5,2,1,5.7,6,2,0,265,5,69.9,78.8,64.5,68.5,65.7,9.5,61,Cyber Security,0
STU104084,21,Female,8.51,81.6,1,76.6,95,36.8,60.6,2,0,0,0,0,0,0,642,1,40,42.6,72.5,41.4,68.3,11.1,67.3,Cloud Computing,0
STU104966,22,Male,9.69,79.9,0,77.5,86.3,87.3,61.4,2,1,1,2,2,0,0,1147,2,60.3,49.7,72,42.7,84.5,61,77.6,AI/ML,1
STU104221,23,Female,7.55,87.4,0,54.9,78.5,60.6,63.1,3,2,2,9.8,3,0,0,1083,2,61.5,60.4,65.8,43,76.8,49.1,76.9,AI/ML,0
STU107073,21,Male,7.18,78.1,0,35.5,38.5,42.1,62.4,4,1,0,2.3,4,2,0,778,5,81.1,75.7,73.2,55.4,71.9,15.2,72.8,Business Analytics,0
STU107809,22,Male,7.79,70.6,1,72.6,71.7,73.1,44,5,2,0,1.1,6,2,0,1233,6,69,82.8,89.4,38.7,32.1,43.8,65,Software Development,0
STU105131,21,Female,8.12,91.5,1,83.6,57.3,65.3,48,5,2,0,0,2,1,0,717,4,60.3,82.5,62.9,45.9,71,91.9,76.7,Software Development,1
STU102863,21,Male,7.12,78.7,0,54.1,53.3,52.7,41,0,0,0,1.5,2,2,0,979,0,60.6,61.2,73.3,56.8,40.4,38.9,68.6,Business Analytics,0
STU106178,22,Female,8.87,92.3,1,47.6,54,72.2,49,4,1,0,0,5,0,0,722,6,63.9,74.5,72.6,46.5,47.4,96.6,83.2,Cloud Computing,0
STU103437,21,Female,7.78,74.1,0,71.5,67.6,53,64.4,4,1,1,5.9,0,0,0,906,5,67,73.3,85.8,66.9,40.9,40.6,69.9,Software Development,1
STU107385,23,Female,8.22,64.1,1,49.4,54.5,57.9,47.1,3,0,2,5.5,1,0,0,926,2,71,74.5,66.4,39.3,38,30.9,70.6,Software Development,0
STU102507,23,Female,7.37,84.3,1,41.1,50.2,68.9,58.3,3,1,1,5.6,4,3,0,863,5,66.6,51.7,67.9,40.4,57,135.3,84.1,Cyber Security,1
STU107067,23,Male,7.29,71.1,0,29,45.1,41.3,69.5,2,1,1,6.4,1,1,0,560,1,51.1,49.2,68,31.2,45.4,47.1,67.3,Cloud Computing,0
STU101460,22,Male,8.03,71.8,1,,55,62.3,84,3,0,1,6.7,3,1,0,836,2,84.6,46.5,89.2,23.7,86.8,8.9,76.9,Business Analytics,0
STU104290,22,Female,7.6,68.5,1,51.9,47.1,100,55.6,4,0,1,4.8,3,2,0,723,4,66.9,68.2,85.9,32.8,74.1,31.8,81.1,Data Science,0
STU105280,24,Male,7.96,74.1,0,48.1,49.2,67.9,66.7,3,1,0,0,1,0,0,413,2,42.4,54,86.6,34.5,45.9,75.7,79.3,AI/ML,0
STU100724,20,Male,8.06,96.8,0,58.4,58,56.5,52.4,3,1,1,2.9,3,0,0,624,3,63.8,34.6,68.3,58.8,62,53.9,70.8,Software Development,0
STU107094,21,Male,6.88,66.1,1,58,43.2,54.7,28,1,1,0,0,4,3,0,311,1,82.2,50.4,65.6,67.9,31.5,88.8,68.9,Cloud Computing,0
STU100538,23,Male,6.55,78.7,0,29,38,52,44.4,2,0,2,9.1,3,1,0,629,3,58.2,39.9,73.6,56.3,43.5,42,79.8,AI/ML,0
STU108340,23,Female,5.66,72.2,0,15,37.1,58.1,35.9,0,0,1,5,1,1,0,856,1,60.3,43.5,79.6,53.8,55.2,19.1,74.5,Data Science,1
STU106674,20,Female,7.95,64.4,0,18.8,61.5,54.1,45.4,1,1,0,1.3,3,2,0,541,1,66.1,56.4,83.6,51.9,33.8,21.6,91.3,Data Science,0
STU105181,21,Male,8.77,85.9,0,41.5,47.3,54.5,65.4,4,0,2,6.5,1,1,0,738,7,,72.3,75.3,40.8,55.2,43.4,94.5,Business Analytics,0
STU108989,21,Male,7.52,81.6,1,77.3,51.8,38.2,53.2,4,2,1,6.2,2,2,0,747,7,63.5,49.5,44.7,48.2,48.3,85.1,,Cloud Computing,0
STU106619,23,Male,7.15,83.2,1,45.4,50.8,81.8,36.4,3,1,2,,1,1,1,387,3,64.8,55.3,64.3,37.3,83.9,28.4,55.3,Data Science,1
STU108595,22,Female,7.44,98.1,0,47.5,55.3,64.4,52.7,4,0,0,0,2,0,0,908,3,58.6,76.5,78.7,65.8,51.3,38.8,68.2,AI/ML,0
STU107192,21,Female,7.53,83.4,0,37.2,46.2,51.8,63,5,2,1,1.7,0,2,0,508,5,61.5,69.5,86.1,33.4,68.1,81.2,83.2,AI/ML,0
STU103464,20,Male,6.88,83.2,0,46,23.5,50.9,49.4,3,0,1,3.8,2,0,0,781,3,81.9,47.4,65.7,25.6,70.5,20.8,80.8,Software Development,0
STU107853,24,Male,7.12,70.6,0,47.3,53.5,48.8,49.3,5,3,0,0,3,2,0,851,6,49.9,67,62.1,48.1,67.8,,56.3,Software Development,0
STU108446,23,Female,6.81,88.8,0,45.2,60.5,46.2,42.4,0,0,1,7.5,2,1,0,633,0,71.5,46.1,79,61.7,50.8,36.4,55.2,Data Science,1
STU100860,22,Male,6.95,62.4,0,25,55.6,64,46.3,2,2,3,11.2,0,1,1,609,1,59,61.7,75,39.9,58.3,29.4,71.6,Software Development,0
STU105886,23,Female,6.97,78.1,0,63.1,44.7,49.1,49.6,5,2,1,4,1,1,0,814,7,40.7,69.1,68,36.8,52.8,81.5,78.5,Business Analytics,1
STU109569,22,Male,9.31,70.1,0,52,66,81.3,70.3,4,2,0,2,0,1,0,624,5,41.2,75.1,72.2,43.8,38.6,12.5,82.8,Cyber Security,0
STU105053,23,Female,7.98,79,2,70.5,83.9,49.1,65.8,2,1,2,7.3,0,1,0,729,3,59.5,71.5,75.9,43.3,63.7,28.5,97.3,Data Science,0
STU109316,22,Male,7.29,68,0,44.7,65.3,38.8,53.4,2,0,0,0.1,3,6,1,436,2,60,65.5,72.7,70.3,86.6,20.5,64.2,Data Science,0
STU108807,21,Male,7.07,95.2,1,52.3,43.9,74.1,59.3,1,1,3,10.7,2,0,0,495,4,58.7,58.8,90.7,44.3,72.9,109,86.6,Data Science,0
STU102609,23,Female,8.54,80,0,53.2,49.1,59,51,3,1,2,,2,2,0,1181,3,66.8,63.3,95.3,48.4,56.4,75.8,81.3,Cyber Security,0
STU100604,21,Female,7.96,73.3,1,71.3,58.6,63.6,57.3,2,1,1,4,2,3,2,779,3,41.8,57.7,62.6,46.1,48.3,48.1,60.6,Software Development,0
STU109831,21,Male,6.78,77.2,0,37.4,62,62.9,62.8,4,3,0,0,1,1,0,981,7,61.7,81.1,84.1,30.8,45.6,25.6,74.4,Business Analytics,0
STU102870,22,Female,6.25,77.3,0,53.2,55.1,40.5,27.6,2,2,4,22.4,0,1,0,830,1,72.6,54.7,73.7,49.8,73.5,112.1,,Software Development,0
STU107821,22,Male,7.97,74.8,1,64.3,,79.7,46.4,2,1,0,0.3,1,2,0,989,9,66.5,58.9,,47.7,77.9,39.2,62.2,Data Science,0
STU107983,22,Female,7.55,69.9,0,54.2,70.7,74.1,55.9,0,0,2,7,3,5,0,845,0,85.3,60.8,87.4,72.6,48.8,,78,Data Science,0
STU108883,21,Female,8.48,96.1,0,51.2,38,82.8,67.4,3,0,1,3.8,0,2,0,894,3,65.3,65.7,,49.1,66.2,62.1,70.3,Cyber Security,0
STU103193,22,Female,6.62,75.7,0,54.5,47.4,79.6,41.5,1,1,1,3.6,1,2,0,818,1,70.8,52.2,88.3,65.4,59.1,81.6,77.6,Data Science,0
STU109949,23,Female,6.86,81.7,0,36.2,37.8,58.1,45.8,2,0,2,6.8,1,1,1,1011,2,72.8,49.9,61.5,44,56.4,42.3,77.9,Business Analytics,0
STU101070,22,Female,7.59,94.4,0,37.1,50.5,59.6,32.6,2,1,4,16.6,0,3,1,769,4,44.8,63.2,56.2,53.7,57.3,32.3,83.8,Software Development,0
STU101799,21,Female,7.51,89.1,1,71.1,54.8,41.5,43.8,4,1,0,0.3,1,0,0,787,4,50.3,56,69.9,52.6,86.7,33.6,73.7,AI/ML,0
STU108420,22,Male,6.14,72.6,0,32.9,59.3,68.8,,1,0,1,6.7,2,0,0,819,2,58.9,45.1,71.8,62.2,85.5,28.2,67.3,Data Science,0
STU105893,24,Female,8.01,76.1,0,44.7,51.2,53.2,45.3,4,1,1,4.6,1,1,0,932,4,63.2,59.2,64,55.9,47.5,104.8,74.5,Cloud Computing,0
STU101150,23,Male,7.75,84.1,0,29.8,61.3,51.5,29.5,4,1,2,8.7,3,2,0,308,4,56.3,65.4,62.9,71.8,31.8,71.2,69.3,Business Analytics,0
STU105741,23,Male,7.04,85.9,1,57.8,57.3,45.5,37.2,2,0,0,0,0,3,0,778,1,52.2,35.5,72.5,55,69.5,35.7,60.9,Software Development,1
STU109122,20,Male,7.16,90.5,2,52,83.7,57.7,85.4,3,0,2,,2,3,0,446,4,57.2,59.4,82.9,39.6,61.4,55.2,62.3,Business Analytics,0
STU107285,20,Male,6.82,85.9,2,43.1,32.9,71.9,37.2,2,1,0,0.6,3,0,0,416,1,,59,71,48.4,47.6,6.3,73.1,Software Development,1
STU108268,20,Female,8.05,83.9,0,36.6,66.9,58.4,100,3,0,0,0.1,3,2,0,538,3,69.9,68.8,71.2,76.3,16.1,49.5,80.3,Data Science,1
STU102879,21,Male,7.41,84.4,1,56,76.9,35.3,43.9,2,2,1,3.9,1,0,0,929,3,55.8,51.4,74.1,55.7,43.3,54.3,74.3,AI/ML,0
STU102628,23,Female,7.03,86.3,2,43.7,49.1,63.8,52.7,0,0,0,0,5,4,0,821,0,63.6,71,75.6,60.1,35.7,83.2,66.9,Business Analytics,0
STU109382,22,Male,7.31,89.6,1,33.3,40.9,56.1,15,2,0,0,0.6,1,0,0,333,6,66.6,54.2,61.5,24.1,27.9,57.3,85.2,Cloud Computing,0
STU102028,19,Male,6.79,67.2,1,42.1,58.4,36.2,61.4,2,1,1,4.4,2,0,0,391,2,60.5,69.2,68.7,59.4,75,32.5,68.8,Data Science,0
STU104561,22,Male,8.58,82.3,0,70.7,60.7,47,59.8,4,1,0,0,1,3,1,1036,3,65.4,64,66,59,70.7,27.2,61.5,Data Science,0
STU108519,22,Female,6.63,94.9,0,34.6,26.1,48.5,55.5,2,2,2,9.5,2,3,0,281,3,66,51.1,56,65.9,41.5,71.4,72,Cyber Security,0
STU102858,22,Female,7.98,69.9,0,68.3,51.7,64.8,79.4,3,1,0,0,3,3,0,797,3,56.7,58,56.4,51,68.8,84,76.3,Data Science,0
STU106360,21,Male,7.07,91.4,1,42.7,70.2,59.8,31.9,5,1,1,4.5,1,3,0,734,8,42.4,75.3,77.4,53.1,65.9,37.3,81.7,Data Science,0
STU106864,22,Male,7.42,85.1,1,31.6,67.7,40.1,61.8,5,1,0,0.6,1,0,0,572,4,66.6,66.5,62.5,42.7,55.4,141.8,60.9,AI/ML,1
STU109911,21,Male,7.42,98.8,0,,42.5,63.2,66.2,5,2,0,0.7,1,2,1,466,4,64.3,72.9,64.5,46,69.7,57.2,75.5,Cloud Computing,0
STU107790,21,Female,6.8,90.1,0,39.2,68.4,45.6,58.9,1,1,1,0.7,0,0,0,879,3,49.1,,74.5,27.4,56.3,104.9,82.1,Data Science,1
STU105381,23,Male,6.84,71.8,1,47.2,25.5,48.9,40.8,1,0,1,2.8,3,1,1,570,0,57.7,52.3,59.7,48.1,65.8,36.8,66.7,Cyber Security,0
STU109778,22,Female,8.4,,1,49.5,74.2,65.5,44.4,1,1,1,2.8,3,2,0,215,2,42.3,67.2,73.3,63.5,49.6,49.1,72.1,Data Science,0
STU107943,23,Male,7.69,92.3,0,68.3,70.6,58.8,57.8,3,2,0,4.2,1,2,0,782,2,51.4,61.9,79.4,48.8,66.5,26.9,76.4,Software Development,0
STU106066,22,Male,7.42,84.3,0,62.9,59.4,68.7,76.9,0,0,0,0.5,3,3,0,465,0,61.5,62.9,54.6,55.7,29.1,100.9,98.8,Business Analytics,1
STU109553,25,Male,6.3,90.3,1,,45.9,,37.4,4,1,1,3.7,2,0,0,1116,3,68.7,82.8,64,37.3,73.1,87.1,60.4,Cyber Security,0
STU109527,22,Female,6.6,81.6,0,15,72.8,50.4,22.6,1,0,3,9.4,4,3,0,650,0,61.7,61.1,53.9,50.7,68.1,24.7,66.6,Data Science,1
STU107623,22,Female,7.3,76.4,0,77,70,65.9,60.9,1,0,1,3.2,2,1,0,894,0,71.9,61.1,73.5,57.8,31.2,24.7,83,Software Development,1
STU102292,23,Male,6.92,83,0,27.2,24.5,57.9,59.4,2,0,0,0,3,0,0,473,3,61,61.2,84.4,46.1,80.2,12.6,70.3,AI/ML,0
STU103796,22,Female,9.83,81.5,0,61.9,60.9,53.4,57.5,1,0,0,0,5,0,0,1239,0,73.8,71.7,72.1,62.4,80.1,22.4,72.2,Business Analytics,1
STU103034,22,Male,7.04,84.5,1,39.2,44,41.8,50.7,2,0,2,8.6,1,0,0,1069,1,,64.3,74.8,26,67.7,46.2,54.4,Software Development,0
STU104615,21,Male,8.47,97.7,1,81.1,77.7,46.3,62.2,2,1,1,4.3,1,1,0,573,6,70.8,47.4,79.6,34.5,35,26.3,82.2,Cyber Security,1
STU106686,20,Male,7.48,60.3,0,52.3,45.6,61.5,58.7,5,2,3,5.9,2,1,0,602,5,79.8,62.1,85.4,46.6,62.3,81.9,78.3,Business Analytics,0
STU103408,24,Female,8.15,75.1,0,68.2,68.4,55.1,66.3,2,1,2,5.5,0,1,0,628,2,54.7,45.6,61.8,59.4,52.3,24,88,Business Analytics,0
STU109951,22,Male,7.73,90.6,0,52.7,50.3,57.3,16.5,2,1,0,0.9,0,1,0,318,3,70.8,52.8,81,37.1,81.3,15,70.9,AI/ML,1
STU103642,24,Male,9.66,100,0,66.7,44.9,,59,0,0,1,4.4,1,1,0,621,1,65.9,58.7,68.2,65.9,34.2,67.9,63.4,AI/ML,0
STU106383,23,Female,6.3,93,1,49.5,29.5,68.3,39,3,0,1,4,5,2,0,840,4,66.8,69.3,,60.9,51,75.7,56.7,Data Science,1
STU109520,21,Female,7.42,71.4,2,42.3,54.4,66.8,64.2,3,2,1,4.5,1,2,0,737,2,54.6,59.9,58.5,33.7,49.7,16.7,71.8,Data Science,0
STU104252,21,Female,7.18,89,2,43.5,72.5,45.8,34.9,0,0,1,4.4,3,1,0,532,2,69.8,53.6,67.4,49,41.9,54.1,,Software Development,1
STU104780,22,Female,7.64,78.5,0,48.1,76.2,47.8,65.7,2,1,2,7.6,3,5,1,306,1,57.5,63.2,57.2,63.6,55.5,47,78.8,Cyber Security,0
STU108817,22,Male,7.55,77,0,27.2,75.3,68.4,69.4,2,0,0,1.9,1,0,0,221,3,48.5,,67.7,37.2,35.7,87.3,62,Software Development,1
STU107636,22,Female,7.29,67.8,1,43,63.7,73.1,46.5,2,2,2,,1,0,0,429,1,67.4,47.9,80.9,54.9,50.8,12.7,77.2,AI/ML,0
STU109959,21,Female,8.53,80.1,0,65.4,64.4,45.7,76.1,4,1,0,0,3,2,0,394,4,83.8,78.3,60.8,70.7,88.7,19.8,64.6,Cloud Computing,0
STU103550,22,Male,6.77,75.7,0,27.9,34.3,61.4,38.6,3,0,3,15.1,3,1,1,582,4,85.7,63.5,86.3,35.4,66.3,18.8,67.3,AI/ML,0
STU101990,20,Female,9.21,76.7,0,94.9,75.4,83.4,54.1,5,3,1,,2,1,0,837,5,79,72.2,80.7,53.5,56.1,75,82.4,Software Development,0
STU108419,23,Female,6.93,59.4,0,34.8,55.6,99.5,85.9,1,0,0,0,1,0,0,100,1,75.5,68.6,77.1,70.8,27.5,88.3,95.5,Data Science,1
STU106234,24,Other,8.29,82.5,0,69.3,56.5,43.1,43.2,1,1,0,0,2,3,0,577,1,50.6,51.5,56.1,65.3,54.1,74.7,70.9,Data Science,1
STU108289,21,Female,6.77,85,0,54.1,24.6,56.9,15.9,3,1,1,4.7,1,2,1,375,4,70.6,47.5,74.3,18.5,49.5,59.4,63.5,AI/ML,0
STU105882,21,Male,8.49,93.7,0,70.3,56.9,57.8,67.2,2,1,0,0.6,1,0,0,856,1,52.3,48.2,83,67.3,70.7,16,70.9,Business Analytics,0
STU103975,21,Male,7.26,94.3,0,23.2,60.6,66,36.9,3,2,1,5.3,3,2,2,262,2,63.7,69.8,62.4,49.7,58.2,74.6,81.1,Software Development,0
STU105171,22,Male,7.91,74.8,2,59.6,67.4,60.6,52,1,1,1,5.1,4,1,0,409,0,66.7,58.8,76.6,61.7,28,61.2,82.7,Software Development,1
STU108237,21,Male,8.75,71.6,0,53.4,65.5,57,89.4,1,1,0,0.5,1,1,0,582,1,39.7,50.1,72.5,58.1,86.2,29.5,94.4,Business Analytics,1
STU101445,22,Male,8.29,93.6,0,49,45.4,82.1,60.7,3,1,0,0,3,2,0,786,3,87.2,,81.6,39.6,61.9,32.7,92.2,Software Development,0
STU109744,22,Male,7.48,72.4,0,52.7,56.1,52.5,54.7,4,2,2,6.6,2,5,0,695,4,55.2,76.9,62.9,68.1,59.9,124,72.4,AI/ML,0
STU100586,24,Male,7.14,91.4,2,25.2,56.4,37,63.1,5,0,0,0,3,3,1,561,4,54.7,70.7,64.1,67.7,40.1,45,76.8,Software Development,0
STU106040,23,Female,8.35,92.7,0,68.7,53,20,54.8,3,1,0,0,1,0,0,1037,2,68.5,41.2,56.5,52.6,47.5,59.6,,Data Science,1
STU105414,23,Female,8.57,80.6,0,25.1,52.3,53.1,76.7,3,0,0,1.6,4,1,0,247,6,77,73.5,59.9,62,57.3,42.1,77,Business Analytics,1
STU109548,20,Female,7.26,87,0,37.8,40.7,58.7,45.6,4,2,0,0,2,2,0,857,3,50.1,54,62.3,47.2,35.5,53.9,76.9,Data Science,1
STU109193,20,Female,9.07,95.5,0,77.3,59.9,43.4,65,2,0,0,0.4,2,0,0,984,2,56,26.5,69.8,59.8,63.6,60.8,70.6,Cyber Security,0
STU101365,21,Female,6.71,83.3,1,50.6,37.4,67.3,59,3,1,1,1.9,1,1,0,358,3,60.7,49.1,56.5,49.3,98.2,46.4,77.8,Cyber Security,1
STU100697,19,Male,7.16,91.2,1,54.8,65.6,50,41.4,4,1,0,0,3,1,0,741,4,67.6,68.7,66.7,48.6,71,91.9,69.3,Data Science,0
STU102604,22,Male,7.62,75.6,0,57.5,57.3,49.5,57.2,2,2,1,1.9,3,5,0,1000,1,66.6,65.2,69.7,80.7,25.4,4.7,50.5,Data Science,1
STU108895,22,Male,6.11,78.2,1,35.4,44.3,76.3,52.7,5,0,0,0,1,0,0,1079,8,45.8,78.7,78.4,22.7,78.7,34.3,75.9,Software Development,0
STU104968,20,Male,7.96,81.6,2,53.3,58.4,74.8,72,1,0,3,7.6,1,0,0,663,3,68,65.1,73,15,60,107.5,81.9,Data Science,1
STU102416,23,Male,7.05,75.9,0,61.8,53.5,53,53.4,0,0,0,0,0,3,1,964,0,61.5,66.2,71.4,59.4,84.6,107.7,81.7,Business Analytics,0
STU106228,23,Female,9.01,100,0,74.1,53.2,54.9,75.8,4,0,0,0.8,2,0,0,953,5,64.7,73.4,65.9,73.9,58.5,66.7,92.9,AI/ML,0
STU100117,22,Male,6.06,96.4,0,64.7,34.9,42.7,56.2,5,2,1,2.9,1,2,1,1021,5,65.5,87.1,72.6,66,79.2,4.8,,Software Development,0
STU104756,21,Female,6.45,75.1,1,59.7,56.7,39.3,36.7,3,1,1,2.4,4,1,0,1144,2,67.9,53.2,68.7,34,58.6,144.6,39.8,Data Science,0
STU105994,21,Female,6.63,86.4,1,46.6,32,78.6,41.7,1,1,1,3.5,3,0,0,709,1,61.6,54.6,72,76.3,42.4,66.4,64.4,Cyber Security,0
STU101546,21,Female,7.81,88.5,0,60.8,62.7,51.6,48,0,0,0,0.9,3,0,0,869,0,56.1,56.9,59.2,35.5,42,27.7,81.5,Business Analytics,0
STU107124,22,Male,7.78,72.1,0,56,67.8,47.7,41.1,2,1,0,0.7,0,1,0,715,1,58.3,53.5,62.6,67.8,46.2,26.8,85.8,AI/ML,0
STU108534,22,Female,7.15,77.7,0,31.6,26.9,37.7,42.6,3,2,4,14.5,1,2,0,426,3,58.4,53.5,60.3,65.4,82.4,58.6,59.2,Software Development,1
STU103763,22,Male,6.84,73.7,0,60.7,31.5,67.6,57.4,3,1,1,2.5,3,0,0,834,4,46.2,65,,50.5,67.5,69.7,75.3,Software Development,0
STU104018,23,Male,8.97,76.8,0,57.8,73.2,34.6,53.5,2,1,1,3.1,2,1,0,534,1,65.5,83.7,55.5,64.8,53.8,96,62.1,Software Development,0
STU103349,22,Female,6.81,76.8,0,35.5,36.6,63.3,51.1,1,1,0,0,3,1,0,799,0,69.4,68.5,,29.6,49.7,37.6,,AI/ML,1
STU108918,22,Female,8.36,73.5,0,63.1,64.7,48.6,46.4,2,2,2,11.5,2,1,0,703,2,68.2,68.1,74.9,36.5,63.5,71.1,70.4,Business Analytics,0
STU108089,22,Female,7.84,65.2,1,61.3,47.8,63.4,36.3,3,1,2,9,1,2,1,941,3,52.8,73.8,78.6,57,38.7,62.5,65.2,Cyber Security,0
STU107757,22,Male,7.78,83.1,2,55.1,45.7,48.3,70.6,1,1,1,1.6,1,3,0,361,0,71.1,44.9,65.4,50.9,89,15.3,75.3,Data Science,0
STU102705,22,Female,7.49,76.9,0,52.3,62.7,65.3,65.6,1,0,0,0,1,2,0,847,1,57.5,31.5,75.3,65.1,44.2,55.1,49.1,Business Analytics,1
STU100609,20,Male,6.69,88.8,0,52.1,74.7,51.1,15,3,2,1,2.6,2,0,0,655,3,65.6,80,70.5,46.3,94.8,30.1,66.2,AI/ML,0
STU107903,23,Male,8.11,88.1,1,56.8,52.3,42.1,52.3,6,2,0,2.3,4,1,0,904,5,70.3,88.6,62.3,55.5,49.3,42.2,72.6,Software Development,1
STU105287,21,Male,6.85,81.5,1,30.8,27.2,65.9,48.4,1,1,0,0,7,1,0,857,0,73.5,82,63.9,28.4,71.1,38.8,83.9,Business Analytics,0
STU107371,22,Male,6.32,90.2,0,43.2,58.1,90.4,50.3,6,3,1,0,3,2,0,614,7,83.6,77.8,67.2,64.1,83.3,,84.2,Cyber Security,0
STU109156,22,Male,7.21,82.4,0,44.9,61.3,47.2,51.2,0,0,1,1.6,3,0,0,996,0,56.2,55.7,72.8,72.2,72.7,,84.3,Software Development,0
STU100041,23,Male,7.19,64.2,2,54.4,20.1,44.2,39.9,3,2,1,3.2,0,1,0,1138,3,38.4,64.7,57.4,59.4,61.9,34.5,70.7,Data Science,0
STU103238,23,Female,9.26,84.2,0,74.1,78.4,62.1,89.4,4,1,0,0.5,2,4,0,1134,4,56.8,59,65.8,52.1,84.6,43,79.9,AI/ML,0
STU103189,21,Other,7.42,73.5,3,52.4,76.1,53.7,51.1,2,1,0,0,1,0,0,587,3,43.7,53.2,74.4,44.1,76.9,68.9,79.8,Cloud Computing,0
STU107591,21,Male,8.24,93.5,1,94.3,74,60,53.1,3,1,0,0.4,4,2,0,857,3,86.6,80.4,68.2,47.5,51.9,52.4,95.4,AI/ML,0
STU104412,22,Female,7.53,83.9,0,38.5,49.3,78.4,56.9,3,2,3,7.3,2,4,0,821,4,78.3,67.3,73.8,55.1,50.8,143.6,79,Cloud Computing,0
STU100765,22,Male,6.38,78.1,0,41.4,56.8,80.8,,4,0,0,2.4,2,0,0,645,5,69.7,49,83.5,59.1,58.1,66.2,98.3,AI/ML,1
STU105241,23,Male,7.82,78.7,0,64.5,65.9,56.3,65.3,1,0,2,8.8,0,0,0,863,1,53.6,53.3,53.9,57.5,63.4,53.8,66,Software Development,1
STU102122,22,Male,7.17,82.8,0,51.7,62.7,45.9,67.5,3,1,1,5.2,2,1,0,1037,4,59.1,83.3,60.7,53.9,42,101,61.2,Data Science,0
STU105082,21,Male,8.24,89.6,3,61.4,71.5,56.9,73.3,3,1,0,0,1,3,1,590,3,71.6,76.5,64.6,50.8,30.4,84.2,77.4,Business Analytics,0
STU100993,24,Male,7.44,73.7,1,54.3,80.3,43.9,60.4,2,0,0,0.5,0,2,0,830,3,61.8,46.7,50.4,38.6,61.5,58,69.7,Cyber Security,0
STU107212,20,Male,8.47,63.6,2,54.8,71.6,64.8,48.5,3,2,2,5.7,3,2,0,575,2,63.3,78.1,78.2,53.3,93.3,85.7,70.5,Software Development,1
STU108293,21,Male,8.82,76.9,0,80.1,83.6,66.6,66.7,1,1,0,0,3,2,0,1104,1,57.4,51.5,83.8,55.2,67.1,28.9,77.7,Cyber Security,0
STU102492,21,Male,7.05,75.9,0,15,74.6,62.4,65.5,4,0,1,4.3,4,5,1,814,3,54.7,52.5,74.1,50.6,50.4,57.5,83.5,Business Analytics,0
STU103287,20,Male,7.97,72.5,0,64.4,35.1,47.9,62.2,4,0,1,2.2,1,2,0,1043,4,60,74.3,55.3,50.5,56.5,20.2,59.5,Data Science,0
STU104184,24,Female,9.92,68.1,0,76.3,70.9,48,50.5,3,1,0,0.8,2,2,1,1013,4,55.8,87.5,84.8,63.8,58.4,28.9,78.2,Data Science,1
STU106231,22,Male,6.26,76.5,0,36.1,,73.5,39.4,3,0,1,3.7,1,1,0,883,3,56.1,72.9,85.1,37.3,37.8,41,75.6,Software Development,0
STU102162,21,Male,7.86,82.3,2,58.5,68.3,64.9,19.6,4,2,1,3.5,2,1,0,724,3,,,,31,54.9,19.8,69.3,Data Science,0
STU100639,22,Female,8.46,78.8,0,49.6,54.8,80.9,60,1,1,0,0.4,2,1,0,835,3,62.6,73.1,84.2,58.2,70.6,39.9,82.1,Data Science,0
STU104504,23,Male,7.59,94.4,2,64.7,41.4,76.5,57.6,2,1,2,6.7,4,1,0,644,4,66.6,63.9,77.4,51.4,70.3,66.9,76.3,Software Development,0
STU108991,23,Male,6.59,96.3,2,71.9,54.7,58.4,37.5,2,1,0,0,1,1,0,755,2,60.9,62.3,78.7,42.8,55.1,8,78.3,Software Development,0
STU104970,22,Female,7.66,68.8,1,25.6,81.2,56.8,62,1,1,2,8.8,1,1,1,636,2,56.9,40.2,76.6,38.3,36.3,34.8,82.1,Data Science,0
STU108384,21,Male,5.81,86.7,0,32.1,49.9,61.9,51,4,1,1,4.8,5,1,0,143,5,84.6,82.4,53,66.9,70.2,59.2,78,Cyber Security,0
STU102302,21,Female,8.59,77.3,1,74.2,54.1,43,70.7,4,2,0,,2,0,0,724,4,62.3,71.3,79,75.2,41.3,14.9,75.8,Data Science,0
STU106198,22,Male,7.05,74.9,1,56,70.6,83.2,38.2,3,0,0,0,7,1,0,873,2,60.4,61.1,77.9,26.2,48.8,97.1,65.9,Cyber Security,0
STU109264,20,Female,9.16,82.3,1,58.8,64,50,79.8,1,0,2,,2,2,0,742,0,68.5,52.7,78.8,62.4,47.2,22.5,81.3,Cloud Computing,0
STU107687,22,Male,7.01,76.3,2,64.8,66.1,52.6,44.4,2,2,2,9.7,3,3,0,554,1,80.6,77.7,68.3,63.2,34.9,42.4,,Cloud Computing,0
STU103331,22,Female,7.67,84.8,0,62.6,72.6,63.2,85.1,5,1,0,0.2,1,1,1,1066,9,74,72.7,81.4,78.5,30.8,57.4,79.9,AI/ML,0
STU105758,21,Female,6.64,73.9,0,32,64.1,67.5,57.9,0,0,2,5.1,3,0,0,875,0,71.8,53.7,75.5,57.1,52.4,39.2,64.2,AI/ML,0
STU107511,23,Male,6.88,71.4,0,53.7,36.1,68.7,51.9,2,1,2,10.8,3,3,1,551,4,65.4,58.5,61.9,70.8,68.1,32.6,81,AI/ML,0
STU100056,21,Male,8.18,86.5,0,64.9,33.3,74,35.7,3,2,0,1.6,2,0,0,842,4,57.9,64.2,91.3,27.9,93.5,29.5,53.5,Cyber Security,0
STU101984,21,Male,6.71,78.7,1,19.5,61.2,33.1,46.1,2,0,3,14.5,5,1,0,473,2,72.7,57.7,51.6,55.6,60.7,34.9,67.9,Software Development,0
STU101843,23,Male,7.13,87.4,0,46,30.5,77,57.7,1,1,2,10.4,2,1,0,1033,0,64.2,,68.6,34.9,98,25.9,73.5,Data Science,0
STU101706,24,Female,7.2,72.8,0,62.2,43.5,71.8,51,1,1,0,0.3,3,0,0,492,0,65.5,49.4,83.3,31.4,36.1,87.9,79.9,Cloud Computing,0
STU101215,19,Female,6.26,70.4,1,54.1,48.3,60.1,36.9,5,2,0,0,2,2,1,940,4,49.6,88.6,68.3,51.7,58,33.4,77.4,Cloud Computing,0
STU105866,20,Female,6.8,89.4,1,41.2,64,64.3,52,4,1,2,9,1,0,0,875,4,59.5,82.2,70.1,43.1,60.4,43.8,71.9,Cloud Computing,0
STU103358,21,Female,7.86,73,3,28,80.5,51.8,50.2,4,2,1,4.7,1,1,0,654,3,67.5,59.3,75.4,22.6,78.5,34.6,65.3,Business Analytics,1
STU103599,20,Male,7.57,75.4,0,52.5,52.5,84.2,32.9,2,0,0,0.7,0,0,0,286,2,74.3,40.3,68.4,80.7,40,80.3,81.3,AI/ML,0
STU103004,20,Female,7.53,98.8,2,62.5,78.8,62,68.6,4,2,0,0.2,4,2,0,479,3,61.8,77.8,57.9,39.2,75.3,28.2,81.6,Business Analytics,0
STU103450,22,Female,7.03,90.4,0,36.9,63.6,46,63.5,3,1,1,3.2,3,2,0,699,4,47.5,48.8,70.5,43.9,75.9,29.8,70.8,Software Development,0
STU100249,25,Female,8.55,75,0,65.6,69,60.9,64.3,5,1,3,9.7,1,0,0,631,6,56.5,79.5,84.4,42.5,37.7,57.4,91.2,AI/ML,0
STU108550,24,Male,8.09,80.7,0,45.4,60,76.1,49.5,2,0,0,0,3,2,0,660,2,81,69.1,81.6,49.4,72,102.8,66.6,Software Development,0
STU100670,19,Male,7.5,78.1,0,50.2,40.9,95.3,55.4,2,0,0,0,1,3,0,874,3,64.1,57.3,66.7,79.8,62.2,50.3,79,Business Analytics,0
STU105079,23,Male,6.56,80.7,0,42.2,65.4,61.8,25.2,2,0,1,4.2,1,2,0,626,1,49,62.3,74.1,68.8,59.8,23.3,77.5,Cyber Security,1
STU104560,20,Female,7.89,69.5,0,67.1,70.2,64.5,50.2,4,3,0,2.6,1,0,0,682,4,70.3,68.6,76.6,55.9,87.9,20.4,59.9,Software Development,0
STU106297,20,Male,7.88,78.7,0,50.7,50.7,68.8,69.6,4,1,2,6,2,1,0,976,4,72.9,66.1,83.6,32.4,36.5,24.6,69.6,Cyber Security,0
STU107673,23,Female,8.02,84.9,3,40.4,70.4,82.9,72.3,5,1,1,,0,2,0,872,6,41.2,74,75.4,64.5,55.6,44.2,65.3,Cloud Computing,0
STU103175,23,Male,8.36,86.9,0,51.6,68.2,54.8,70.3,1,1,0,0,5,2,0,700,1,69,75.3,83.7,49.7,62.8,18.6,85.8,Software Development,1
STU102566,21,Female,7.46,76.2,1,48.9,46.6,82.4,62.3,2,0,0,1.3,1,1,0,408,1,47.4,55.2,64.6,60.1,47.2,11.7,85.5,Software Development,0
STU108977,22,Female,7.76,76.1,0,32.5,52.9,28.4,43.4,2,1,0,0.1,2,0,0,611,2,54.5,38.8,74.2,62.2,56.4,32.8,52.9,Software Development,0
STU105710,21,Female,7.96,85.9,0,65.6,62.2,49.6,73.6,1,0,0,0.1,0,1,1,356,1,48.4,,68.7,51.3,55.2,41,77.4,Business Analytics,0
STU102318,22,Male,7.81,85.2,1,79.5,45.8,57.2,56.4,2,0,0,0,3,2,0,848,3,62.9,57.3,77.8,44.8,26.3,35.3,64.9,Software Development,0
STU104954,20,Female,7.27,70.1,1,68.3,41.2,60.9,47.6,3,1,1,3.6,5,0,0,1225,2,77,72.9,70.6,55.6,34.4,21.8,,Data Science,0
STU100617,22,Male,8.35,70.9,0,67.1,60.8,58.3,51.7,4,1,1,3.5,0,1,1,951,3,44.7,62.4,54.2,57.4,70.2,30.2,68.5,Software Development,0
STU106914,24,Male,8.39,68.7,1,60,68.2,78.1,66.4,6,3,1,5,4,2,0,912,7,66.5,72.9,63.7,61.1,42,67.2,86.6,AI/ML,1
STU106430,21,Male,7.64,86.1,0,74.8,75.2,42.2,66.9,6,4,2,7.6,3,0,0,1115,6,69.6,80.8,67,58.3,37.6,43.1,89.4,Data Science,0
STU104982,22,Male,7.1,88.7,1,56.5,57.1,68.8,67.9,1,0,2,5.5,2,1,0,666,1,79,54.4,68.9,54.4,42.5,61,95.3,Cloud Computing,1
STU103896,20,Male,9.37,96.7,0,68.9,62.9,43.8,64,2,0,0,0,3,2,0,1140,1,49.6,68.1,74,58.4,75.5,38.5,62.8,Software Development,0
STU108972,20,Female,7.55,86.2,1,52.9,48.4,58.2,50.5,3,2,1,1.9,2,3,0,847,2,64.5,58.3,67,76.4,42.9,23.8,49.3,Data Science,0
STU102563,23,Female,8.08,75.6,0,92.4,60.4,37.8,58.6,1,1,1,4,2,0,0,1389,2,66.1,60.8,67.3,54.3,24.8,42.7,81.7,Software Development,0
STU102631,22,Male,7.77,78.9,1,46,36.9,60.5,34.7,4,2,2,5.6,3,1,0,265,5,68.6,71.3,67.8,53.7,61.1,49,59.3,Cyber Security,0
STU100062,21,Female,7.52,77.3,1,35.2,51.3,42.3,30.6,3,1,0,0,5,3,0,957,2,62.4,76.1,66.1,67.1,69.6,67,77.8,Software Development,1
STU107806,23,Male,7.76,79.7,0,61.9,55.6,38.9,50.2,6,0,0,0,1,0,0,646,5,49.5,78.7,60.7,40.3,60.1,33.2,64.4,Data Science,1
STU105776,22,Female,7.58,64.9,0,42.4,,39.5,73.7,3,0,0,0,3,0,0,942,2,52.8,54.7,76.8,48.8,57.4,63.9,77.6,Cyber Security,0
STU108549,22,Male,8.14,85.6,1,65,47.4,55.1,48.3,3,1,1,3.5,4,2,0,931,2,56.5,57.2,58.1,59.4,29,40.9,83.6,Business Analytics,0
STU102461,20,Male,6.53,92.5,1,59.5,36.9,66.9,42.8,4,1,0,0,1,1,0,562,3,62.3,77.3,93.7,66.1,56.1,47.5,54.8,AI/ML,0
STU104526,20,Male,7.61,97,1,71.4,46.7,66.6,70.8,3,2,0,0,3,0,0,993,5,46.8,85.7,73,43.6,67.9,32.4,90,Cloud Computing,1
STU107257,24,Female,6.87,73.8,0,59.8,80.5,42.6,38.1,2,1,1,1,2,1,1,1102,4,64.7,56.4,83.9,45.5,62.2,41.3,68,AI/ML,0
STU103865,20,Female,7.18,92,0,57.4,49.4,82.7,56.5,2,0,3,13,1,2,1,715,2,64.7,44.3,88.2,68.4,54.1,28.4,75.5,Data Science,1
STU103226,21,Male,9.75,85.4,0,57.8,57.8,70.4,54.8,6,3,0,1.6,1,3,0,743,5,60.3,76.8,78.6,65.3,73.7,30.4,81,Cloud Computing,0
STU104612,24,Male,5.89,81.9,0,43.8,41.4,70.6,23.1,0,0,0,0.8,2,1,0,683,0,47.3,,59.2,64,44.7,84.7,78.9,Software Development,0
STU103551,21,Female,6.43,84.9,1,39.3,52.6,46.2,39.3,3,1,1,6.4,2,2,0,480,2,67.6,53.2,72.3,28.2,46.7,43.1,58.5,Cloud Computing,0
STU100599,22,Male,8.78,67.6,0,71.7,81,70.8,61.4,1,1,0,1.9,0,2,1,803,2,46.5,47.8,83.4,63.7,56.4,51.2,93.9,AI/ML,1
STU105278,21,Male,7.73,88.7,1,47.6,55.9,66.1,59.5,3,0,1,2.6,1,2,0,863,4,57.6,72.5,57,64.8,65.6,48.6,72.2,Cyber Security,0
STU106056,22,Male,8.47,75.9,0,66.2,93.7,67.9,61.9,4,0,3,11.9,2,1,0,883,5,60,57.1,59.7,66.2,42.2,32.2,64.7,Software Development,1
STU104196,21,Female,6.8,85.7,1,60.8,34.4,48.6,61.1,0,0,2,4.8,0,2,0,651,2,68,43,64.7,51,49.1,65.5,80.6,AI/ML,0
STU103806,19,Male,8.2,84.4,2,55.6,61.4,49.4,61,2,1,1,4,5,2,0,748,2,72.8,61.2,59.9,34.2,36,92.7,75.9,Software Development,0
STU107286,22,Female,5.28,84.3,1,32.4,54.9,81.7,23.7,4,1,1,2.9,2,2,0,701,4,68.5,61.7,84.9,70,71.8,42.2,82.4,Data Science,1
STU100185,22,Male,7.01,70.9,0,53.2,64,43.7,52.1,3,2,0,0,1,2,0,1103,4,68.1,64,85.2,66.1,70.8,28.9,77,Software Development,0
STU109787,22,Female,6.77,73.8,0,58.3,86.2,,50.6,3,1,1,6.2,2,3,1,573,4,87.5,65.8,71.1,52.1,60.1,33.4,65.2,Data Science,1
STU109636,22,Male,7.95,79.6,0,,73.7,73.6,61.7,2,2,1,3.6,7,2,0,780,1,72.2,88.3,73.1,46.8,50.1,68.5,87.8,Cyber Security,0
STU105563,22,Male,8.44,70.6,2,33.1,46,49.8,,6,2,0,1.6,3,2,0,579,7,73.9,66.2,77.5,65.9,46.2,46.7,60.1,AI/ML,0
STU103878,22,Male,7.64,84.9,1,54.4,54.9,57.9,59.5,5,2,0,1.1,2,1,0,858,5,64.8,77.9,72.3,52.6,59.3,32.2,84.6,Business Analytics,0
STU108835,20,Female,9.38,75.1,1,54,77.7,69.3,60.6,1,1,0,0,8,1,0,172,3,77.7,,100,34.7,62.7,50.7,69.5,Software Development,0
STU104061,22,Male,7.52,81.2,0,31.9,52.6,70.2,66.4,1,0,0,0.1,3,2,0,792,1,59,45.2,78.3,67,59.2,81.2,62.3,Business Analytics,0
STU103367,22,Male,8.05,93.7,1,38.1,58.7,46.6,65.8,1,0,0,0,4,2,0,598,1,54.2,47.6,72.8,72.2,40.9,30.8,59.4,Cyber Security,1
STU107949,21,Male,7.39,99.2,1,51.7,65,70,24.8,7,3,0,0,1,2,0,464,6,68.7,73.1,72,44.2,46.8,92.8,66.7,Software Development,0
STU101964,21,Male,6.72,80.7,1,66.4,47,55.4,33.1,1,0,0,0.7,1,3,0,617,1,64.6,56.1,76.1,51.9,66.4,69,83.3,Data Science,0
STU107330,23,Male,7.83,78,0,60.5,62.9,79.3,47.7,3,0,1,3.8,3,0,0,1156,3,51,52.2,86.2,53.6,37.6,86.1,70.2,AI/ML,0
STU107008,20,Male,5,61.8,0,19.3,15.7,63.3,22.1,6,2,1,4.2,3,3,1,258,5,47.7,86.8,77.5,34.1,71.3,80.3,56.5,Cyber Security,0
STU105166,21,Male,5.7,76.9,0,42.5,37.7,84.7,61,3,2,0,1.7,1,0,0,278,2,,63.8,81.3,45.3,74.1,87.4,69.9,AI/ML,0
STU106991,21,Female,7.95,67.4,0,58.5,50.4,59.2,54.3,4,1,0,0,3,0,0,824,4,73.7,59.5,60.8,27.4,61.1,48.8,72.4,Cloud Computing,1
STU106001,22,Other,7.81,84.8,1,61.8,64.9,24.9,43.2,2,1,1,1.5,0,1,1,832,3,59.1,51.6,77,38.9,39.5,24.1,37.1,Data Science,0
STU109716,23,Female,8.81,93.4,0,71.3,43,54.5,60.3,2,0,1,,4,0,0,597,1,79.1,56.8,82.3,49.1,35.3,41.4,70.5,AI/ML,0
STU103169,21,Male,7.5,94.2,0,48.2,24.4,47.6,44.1,2,0,2,8,0,1,0,856,4,69.5,50.7,68.3,60.9,28.2,44.3,61.8,Software Development,0
STU106520,22,Female,7.49,100,1,66.8,80.1,26,63.4,2,1,1,3.8,4,0,0,1022,2,77.2,48.5,51,48.4,78.6,69.9,71.9,Business Analytics,0
STU104326,21,Male,7.41,78.7,0,39.7,62.3,32.6,54.1,1,1,0,0.3,5,0,0,752,1,67.2,,53.9,41.6,74.4,59.3,51.2,Software Development,1
STU105848,23,Female,8.56,73.7,0,71.6,65,38.6,73.9,1,0,0,0,2,1,0,895,0,65.3,67.3,80.1,61,62.8,,65.8,Cloud Computing,0
STU109020,21,Male,6.61,72.1,1,53,47.6,57,52.4,3,0,0,1.6,4,0,0,769,5,51.3,64.7,72.5,40.4,50.3,37.8,56.5,Cloud Computing,0
STU104992,22,Male,7.26,80.3,0,39.3,56.9,58,26.7,2,2,2,4.7,2,3,0,599,4,58.2,57.1,65.1,51.5,58.8,72.5,56.3,Software Development,0
STU101028,22,Female,8.01,86.7,1,65.7,78.9,71.5,46.6,2,1,1,4.2,2,2,1,905,1,67.3,56.8,84.2,60.8,25.1,52.4,75.3,Cloud Computing,0
STU109177,22,Female,7.67,80.4,0,45.2,75,40.7,,5,4,1,3.5,5,2,0,848,6,66.8,68,74.1,48.8,77.4,36.4,59.1,Business Analytics,1
STU102665,21,Female,6.34,93.1,0,17.4,40.9,49.2,17.6,2,2,3,8.4,3,1,0,467,3,61.9,54.5,70.5,91.3,10,47.3,77,Software Development,0
STU109467,21,Male,7.47,83.7,0,59.9,68.3,75,58.4,2,0,0,1.3,0,3,0,975,4,48.2,53.7,73.3,53.3,49.8,13.7,,Software Development,0
STU107593,22,Male,6.59,71.6,0,32.2,48,58,57.1,2,1,0,3.7,1,2,0,402,2,78.4,59.7,68.4,73.8,64.8,6.8,83.1,Software Development,0
STU106917,21,Female,6.09,90.8,3,64.1,62.5,65.5,39.7,3,1,1,2.2,2,0,0,892,3,49.6,61.8,69.8,26.5,76.8,38.9,68.7,Business Analytics,0
STU103949,22,Male,6.44,80.8,3,38,60.9,32.5,31.8,5,1,1,6,4,0,0,777,5,80.1,65.7,70.1,47.4,31.5,16.1,67.4,AI/ML,0
STU101862,21,Male,7.13,87.1,2,49.1,51.6,100,53.1,3,2,0,1.3,1,1,0,684,3,42.6,67.1,91.4,62.6,42.7,22.6,94.4,Data Science,1
STU100049,22,Male,6.79,83.3,1,39.7,45.1,40,65.6,3,1,0,0,2,3,0,306,5,55.5,73.2,56.5,42.8,17.6,42.9,68.6,Software Development,0
STU103841,20,Male,5.84,87.1,0,42.9,56.9,50.7,29,2,0,2,7.2,1,0,0,753,1,65.8,44.9,65.9,40.3,54.7,51.7,51.6,AI/ML,0
STU105918,22,Male,7.08,68.2,0,50.7,61.4,44,42.7,8,3,1,,0,2,0,641,8,61,100,79.1,57.1,51.6,,,Software Development,0
STU108028,23,Female,7.68,80.4,2,51.9,50,58.2,46.7,0,0,1,5.4,1,0,0,1008,0,64.4,51.5,84.2,66.4,73.8,19.5,86.3,Data Science,1
STU104053,22,Male,6.72,78.2,0,34.7,53.4,41.6,36.3,1,1,2,5,0,1,0,100,2,70.2,38.1,66.8,65.3,73.7,88.2,57.7,Software Development,1
STU108058,23,Male,7.83,92.9,1,81.5,68.8,79,81.8,3,1,0,1.3,4,1,0,452,3,77.8,78.3,73.7,92.5,72.5,100.1,84.4,Cloud Computing,0
STU108522,21,Female,7.84,89.4,2,62.5,53.7,20.3,66.9,1,1,0,1,2,1,0,627,1,61.4,49.6,66.1,55.5,50.7,58.3,68.3,Software Development,0
STU104925,20,Female,7.99,81.9,0,50.5,49,74.1,49.8,2,0,1,,0,2,0,658,2,60.2,49.5,77,71.8,44.9,35.9,74.2,AI/ML,0
STU108672,22,Female,7.63,79,0,43.5,29.5,78.4,50,2,1,2,8.1,6,0,0,679,1,88.3,61.3,54.6,40.1,45.3,71.8,97.6,Data Science,0
STU104131,23,Male,6.67,90.8,0,27.8,50.1,56.9,47.4,2,2,0,0.8,3,0,0,664,2,51.9,59.6,68.7,35.8,41.3,79.1,62.7,Cyber Security,0
STU108697,23,Female,6.71,65.7,0,61.3,64.2,60.9,62.1,2,1,0,0.6,2,1,0,496,1,57.7,64.7,67.3,53.8,53.3,89.7,70.8,Data Science,0
STU101346,24,Male,8.06,89.5,0,68.5,53.2,45.9,45,3,1,4,14.1,1,0,0,1011,6,75.7,66,70.6,46.4,59.5,23.6,86.2,Software Development,0
STU108388,23,Female,7.36,84.6,0,58,41,,53.1,0,0,0,1.4,1,1,0,860,1,55.5,51.3,81.1,46,65.1,59,64.3,Software Development,0
STU100074,22,Male,5.73,79.1,0,29.7,28.4,27.5,22.3,3,3,1,3.8,2,0,0,576,2,88.8,,63.2,31.8,61.5,75.2,72.7,Data Science,1
STU109172,22,Female,6.69,83.2,1,57.2,48.2,66.8,38.3,4,1,1,3.2,2,2,1,912,5,60.7,78,80.5,45.7,61.4,17.8,85,Software Development,0
STU102544,23,Male,7.62,62.7,1,52.4,54,83.7,57.8,3,0,0,0,3,2,1,858,2,55.2,59.2,76.9,57.5,86.1,123.9,82,Business Analytics,0
STU103086,23,Male,6.64,67.8,0,36.4,63.7,50.5,48.6,1,0,3,7.5,3,1,0,541,0,58.7,60.3,64.4,67.8,45.5,8.9,69.4,Data Science,1
STU106427,23,Male,7.92,86.2,1,43.7,,76.2,59,4,0,4,16.6,1,0,0,762,5,74.6,58.6,72.6,58.9,58.3,32.7,90.8,Cloud Computing,1
STU102156,22,Female,9.1,81,0,44.4,65.8,40.6,56.9,2,0,4,11.1,4,3,1,760,3,75.1,69.7,68.1,40.4,79.6,30.6,69.9,AI/ML,0
STU109503,20,Female,6.75,77.3,1,64.6,45.7,77,31.9,1,0,0,0,1,5,1,726,2,77.7,59.8,64.9,59.7,58.9,127.5,72.3,AI/ML,0
STU102741,21,Male,8.23,82.9,0,44.5,38.7,47.8,85.9,2,1,0,0,2,6,0,686,2,79.7,55.9,67.4,91.8,36.7,47.4,72.5,Cyber Security,0
STU103598,21,Male,8.2,85.3,0,56.7,70.5,66.3,60.3,6,5,2,9.4,2,1,0,366,7,58.1,61.4,69.8,75.5,44.6,,80.5,Software Development,0
STU103582,24,Female,8.73,83.2,0,64.7,70.7,66.1,52,1,1,1,3,0,3,1,1021,1,74.9,47.7,89.1,70.7,42.9,22.5,70.3,AI/ML,0
STU106116,23,Male,6.92,78.7,2,46.2,49.3,63.2,61.5,3,2,1,1.9,0,1,0,538,2,50.6,56.4,66.6,45.5,36.6,56.1,79,Cyber Security,0
STU101728,21,Male,8.87,80.2,1,80.8,58.7,56.4,61.4,2,0,1,7.7,1,2,1,1258,1,65,66,78.7,68,62.4,61.5,75,Data Science,0
STU104515,22,Female,6.82,89.3,0,70.1,47.7,43.2,44,1,0,0,0.5,3,1,0,882,1,51.4,55.6,76.5,52.8,48,31,57.1,AI/ML,0
STU100065,22,Male,7.02,90.5,0,52.4,53.6,35.7,27.9,1,0,0,2,1,2,0,736,2,70,56.6,70.8,72.6,80.3,25.5,58.5,Cloud Computing,0
STU106182,23,Female,8.65,79.2,1,52.6,83,67.3,56.8,1,0,2,10.1,0,4,0,783,3,77.3,53.8,65.8,51,46.2,50.1,88.4,Data Science,0
STU109836,20,Male,6.37,88.7,0,53.8,59.8,56.6,39.4,5,0,1,6.3,2,1,0,878,5,53.4,67.7,98.3,44.3,59.6,84.3,64.8,Software Development,0
STU102586,23,Male,8.39,77.2,1,54.8,64.3,71.5,59.7,1,0,0,1.3,5,0,0,819,2,73.2,58.6,82.5,46.9,66.1,35.9,72.2,Software Development,1
STU108010,20,Male,7.32,90.7,0,40.9,72.2,58.1,63.7,4,1,0,0,0,3,0,650,3,49.2,56.5,62.7,41.8,64.7,95.4,72.6,AI/ML,0
STU109320,19,Male,7.29,82.7,1,61.8,43.5,53.2,44,2,1,2,7.5,2,0,0,1139,2,55.4,45.8,67.2,25.9,44.3,77.9,86.8,Data Science,1
STU105569,22,Male,6.26,78.9,2,38.8,44.8,69.8,21.3,4,0,1,6,2,1,0,765,4,80.7,66.3,49.7,56.7,35.3,24.1,68.2,Data Science,0
STU108922,22,Female,6.74,84.4,0,34.8,65.8,71.3,47.7,3,2,0,0.8,2,3,1,581,4,52.1,66.3,71,64.9,50.7,85.4,83.6,Software Development,0
STU104616,24,Male,8.2,78.9,2,53.8,66.5,63.4,46.2,5,1,2,10.1,3,2,1,670,7,63.3,83.4,73.8,55.1,22.7,161.2,83.7,Cloud Computing,0
STU101973,22,Male,7.25,86.1,1,61.7,61.1,88.6,63.8,3,1,1,4.8,3,1,0,1026,3,77.4,54.5,75.6,48.1,59.7,,81.2,Software Development,0
STU102572,22,Male,8.17,84.9,0,40.3,45.7,65.8,82.9,2,0,0,0,5,3,0,589,4,57.9,,83,73.3,51.6,7.6,87.5,Data Science,0
STU104885,22,Male,7.38,84.4,1,32,67.3,47.2,47.7,2,2,1,3.6,2,0,0,934,1,45.8,61.4,68.3,50.7,73.1,50.9,49.9,AI/ML,0
STU106580,22,Male,8.89,91.3,0,61.4,79.1,77.9,56.2,3,0,0,0,7,1,1,876,4,73.9,70.3,62.9,57.1,52.8,,71.6,AI/ML,0
STU105989,22,Male,7.24,85.4,0,61.4,36.2,43.9,72.4,0,0,3,16.8,2,1,0,769,1,69.4,54.2,62.3,72.1,45.4,18.7,,Business Analytics,0
STU106489,21,Male,7.14,84.1,0,76.2,46.5,60.2,44.1,2,0,0,0.1,4,0,0,986,2,66.5,65,68.4,15,65.1,53.6,67.3,Cloud Computing,1
STU101957,23,Female,8.19,77.2,0,59.9,88.8,59.9,43.3,1,0,0,0.7,5,1,0,639,1,76.7,55.2,61.3,45.6,55.1,34,73.2,Business Analytics,0
STU107527,21,Female,9.33,89.8,0,50.3,80.3,76.9,95.1,2,1,2,5.2,2,1,1,749,2,67,60.6,71.1,59.2,84.2,106.9,74.7,Software Development,0
STU102637,21,Female,6.93,77.9,0,39.9,60.7,40.2,44.3,4,0,0,0,0,3,1,100,4,60.8,55.6,63.7,47.3,90.6,27.7,57.6,AI/ML,0
STU107988,22,Female,7.96,86.9,0,67.7,75.1,54.2,81.2,3,0,1,4.4,1,0,0,1063,3,52.2,54.4,65,70,81.4,36.8,67,Cloud Computing,0
STU100402,22,Male,6.05,89.4,0,50.1,25.2,41.5,40.4,2,0,1,3.8,2,0,0,914,2,56.7,42.4,82.4,47.4,19.4,84.4,64.5,Software Development,1
STU101058,22,Male,6.06,80.6,1,29.5,38.5,56.3,27.8,4,0,0,1.1,1,0,0,979,6,58.9,63.5,51.2,23.9,42.9,22.9,62.4,Data Science,0
STU105425,22,Female,8.15,75.9,0,65.7,47.5,61.2,60.6,2,1,0,0,0,3,0,373,1,62.4,78.4,76.3,43.2,62.3,,76.4,Cyber Security,0
STU105353,23,Male,8.58,79.7,0,76.7,66.3,56.9,43.2,2,0,0,0,1,3,0,754,2,66.1,64.3,89,67,81.3,54.7,80.5,Data Science,0
STU109879,21,Male,6.77,85.9,0,47.5,32.8,47.7,52.2,1,0,0,,4,1,0,764,0,66.6,55.8,64.4,74.1,60.7,14.1,61.7,Software Development,0
STU101911,21,Male,8.06,78.4,1,39.3,79.6,58.8,31.4,3,2,0,0.1,4,1,0,430,4,64.5,66.8,67.9,62.5,57.8,53.2,62.6,Software Development,0
STU106713,22,Female,8.36,85.4,0,58.3,40.7,64,43,5,3,1,4.4,0,2,0,654,7,44.9,54.8,76.9,61.8,75.7,31.7,75.2,Data Science,0
STU108074,22,Male,7.86,71.5,1,82.2,69,53.7,35.9,4,2,0,1.3,0,1,0,1040,4,54.2,52,72.1,56.4,55,29.3,72.3,Data Science,0
STU105922,24,Female,7.36,94.1,0,58.9,70.7,59.1,44.1,2,0,2,5,1,3,1,847,4,58.7,31.9,62.9,63.6,85.3,44.1,70.5,Business Analytics,0
STU109046,21,Male,7.8,71.6,3,58.2,50.4,86.7,52.5,0,0,1,6.1,0,2,0,233,0,79.7,,77.1,54.6,67.1,94,96.7,Software Development,0
STU109715,22,Male,6.55,88.4,3,27.8,62.6,54.5,29.7,1,1,1,3.9,2,2,0,628,2,65.8,53.5,73.3,50.2,58.3,25.2,65.2,Data Science,0
STU102046,21,Female,8.09,75.2,0,50.3,56.5,71.5,55,4,2,1,1.6,2,6,2,823,5,59.6,70.2,65.6,48.8,73.7,40.3,94,Software Development,0
STU103028,20,Male,6.39,89.7,1,87.6,50.3,40.8,35.2,2,0,2,9.5,2,1,0,1027,1,52.4,43.3,70.2,31.9,52.4,36.5,59,Software Development,1
STU107075,23,Female,6.72,96.6,0,60.9,52.8,58.5,26.3,1,0,2,8.5,1,0,0,896,0,59.4,54.1,73,55.6,64.6,73.9,76.8,AI/ML,0
STU104217,23,Female,5.76,74.3,0,17.5,29.2,64.5,61.2,2,1,2,9.7,5,3,0,672,2,57.2,73.7,65.8,31.4,75,9.6,95.5,Software Development,1
STU109356,21,Male,8.16,66.3,0,30.6,79.3,77.2,70.4,2,0,2,7.5,3,2,0,758,1,53.1,61.4,70.8,77.2,47.8,102.9,79.2,AI/ML,1
STU108964,20,Male,7.41,65.9,1,74,60,59.8,57.3,1,1,2,7.1,2,1,0,703,1,62.4,61.1,,43,54,69.4,77.1,Software Development,0
STU103230,20,Male,7.99,93,1,49.5,73.7,63.5,59.8,5,0,0,,2,1,0,831,5,56.8,52.9,70.6,58.4,69.8,,62.5,Software Development,1
STU104448,22,Female,7.52,77.6,2,59,42.6,75.4,54.9,0,0,0,0,3,1,0,848,0,53,61.5,,36.6,21.5,77.1,88.3,Software Development,0
STU101643,19,Female,7.42,81.6,1,27.7,38.9,47.3,45.8,1,1,0,0.7,2,0,0,416,0,55.2,35,64.5,53.4,69.2,,53.7,Cloud Computing,0
STU106254,21,Other,7.21,82.2,1,63.9,34.8,60.3,47.5,0,0,1,6,0,0,0,738,3,71.4,66.6,59.6,57.1,50.2,45.3,89.4,Software Development,0
STU102602,23,Male,7.15,63,0,74.7,83.5,43.9,45.8,0,0,1,4.2,2,3,1,770,1,45.7,63,69.1,68.9,65.2,59.5,56.2,Software Development,0
STU105450,22,Female,8.11,79.2,0,89.2,41,74.3,45.5,3,3,3,9.2,2,1,0,1049,4,58.8,47.8,81,52.7,58.9,44.6,53.1,Cloud Computing,0
STU106687,23,Male,8.94,93.4,0,58.8,88.4,33.2,67.6,2,0,3,11.2,1,0,0,857,4,79.8,63.7,69.1,49.3,68.2,97.4,79.3,Business Analytics,1
STU101045,21,Male,6.19,72.7,2,57.1,32.8,48.4,43.8,0,0,0,0,2,0,0,618,0,51.4,50.6,,65.1,65.6,26.4,74.2,AI/ML,0
STU104739,23,Male,7.36,67,1,72.8,44.8,83.9,44.3,3,0,1,5.9,2,2,0,811,4,67,57,97.6,66.3,65.8,36.2,82.3,Software Development,1
STU100459,22,Male,7.92,81.8,0,51.2,48.4,76.5,54.6,1,0,1,1.9,1,0,0,794,2,54.9,57.6,81.1,40.7,58.8,51.8,76.9,Data Science,0
STU100989,21,Male,8.49,77.8,0,48.8,56.9,45,69.6,0,0,1,5,0,3,0,859,1,67.3,53.2,54.8,73,69.4,43,77.7,Cloud Computing,0
STU105139,21,Female,7.76,83.2,1,65.3,52,49.5,37.4,7,2,2,11,5,4,0,883,9,73.8,79.4,83.7,50.2,20.7,110.4,69.8,Software Development,1
STU104776,22,Male,9.62,82.7,3,56,52.1,63.5,63.3,8,2,0,,5,2,0,545,7,70.2,81,69.5,47.9,29.7,101.6,61.7,Cyber Security,1
STU107367,21,Male,8.53,65.9,0,67.5,48.4,80.4,75.9,2,0,0,0,1,2,1,729,6,60.6,57.3,85.7,57.2,68,69.5,87.5,Software Development,0
STU100951,20,Male,7.21,77.8,0,58.8,53.2,46.3,42.7,4,1,0,0.8,3,1,0,688,3,59.3,56.6,67.4,73.4,21.8,62.4,63.7,Software Development,0
STU104415,22,Female,6.47,77.2,0,25.2,41.3,66.1,52.6,4,3,1,3.9,2,1,0,418,5,70.2,69.9,71.2,49.5,71.3,11.6,79.7,Software Development,1
STU105714,25,Male,6.91,100,0,47.6,43.5,33.3,56.9,4,3,0,0,1,1,0,629,4,46.7,36.8,65.5,53.9,66.7,36.4,72.3,AI/ML,0
STU103022,23,Male,7.6,70.2,0,64.1,60,63,63,2,0,1,,4,2,0,766,4,90.5,57.6,81.8,41.5,28.7,29.9,73.9,Cyber Security,1
STU109039,21,Female,7.77,74.6,1,44.3,54.8,62,48.8,1,0,3,10.2,4,1,0,742,3,89.8,71.5,69.8,66.7,63.1,28.9,75.6,AI/ML,0
STU104142,25,Male,7.73,94.6,2,30,38.7,22.6,51.2,5,1,4,18.6,2,1,0,481,5,77.4,85.1,55.2,17.6,57.5,16.8,70.2,Cloud Computing,0
STU100241,21,Male,7.51,73.9,1,61.2,50.9,36.1,40.4,4,2,1,4.5,2,4,2,966,5,83.3,87.5,75.2,75,79.3,81.4,65.8,Data Science,0
STU105085,22,Male,6.51,91.4,0,44.1,65,70.3,48,4,4,0,0.4,1,0,0,920,5,55.5,71.6,75,45.6,51.3,70.1,75,Data Science,0
STU107127,21,Female,7.18,66.1,0,64,48.9,52.9,60.5,1,1,2,3.6,0,2,0,1133,1,71.3,47.5,60.8,56.3,69.9,22,90.1,Data Science,0
STU108267,23,Male,8.07,92.7,1,51.4,55.6,66.6,52.4,5,2,1,4.6,2,5,0,742,4,45,65.3,74.2,37.3,74.1,21,73.9,Software Development,0
STU102008,20,Male,8.51,82.8,1,59.7,70.8,56.3,56.4,3,1,1,2.5,0,0,0,843,2,52.1,41.8,67.3,52.6,60.1,77.6,61.3,Cloud Computing,1
STU107174,21,Male,6.62,76.7,1,40.5,42.1,40.9,47,4,1,1,3.6,5,0,0,875,4,83.8,76.6,61.1,51.1,69.9,61.8,69.9,AI/ML,0
STU103585,22,Male,8.48,82.4,0,71.1,56.7,41.9,62.3,1,0,0,0,3,1,0,762,1,63.2,61,61.1,67.3,68.9,24.3,75.3,Data Science,0
STU105293,22,Male,6.96,76.1,0,43.8,59,29.7,64.5,3,0,2,8,3,1,1,812,2,,61.6,78.5,53.4,52.6,110.2,63.5,Data Science,0
STU102739,24,Female,7.73,61.7,0,79.6,66.5,79.3,55.2,1,0,0,,2,1,0,540,1,47.5,65.8,87.4,43.1,75.7,37.8,95.4,Cloud Computing,0
STU103370,22,Male,8.39,70.7,1,36.5,59.2,74.9,44.2,0,0,0,0.9,3,5,1,902,0,54.2,42.7,69.4,73.8,48.5,35.2,73.8,Data Science,0
STU108880,21,Male,8.39,82.4,0,57.8,57.2,,45.3,3,2,1,,5,1,0,812,3,72.8,78.1,64,20.1,89.8,104.2,70.3,Data Science,1
STU102620,24,Male,7.61,78.6,0,68,66,68,58.9,1,0,0,0,0,4,1,872,0,60.6,66.5,72.1,43,70,76.4,79.5,Business Analytics,0
STU109143,20,Male,6.55,73.6,0,39.7,52.4,41.9,49.8,2,1,3,13.4,5,1,0,583,3,73.5,50.5,54.3,27.3,67.3,34.8,73.4,AI/ML,0
STU102569,20,Male,7.6,71.2,1,72.9,42.3,61,50.6,3,1,0,0.7,1,0,0,925,2,52.9,51.9,81.7,68.3,47.3,131.2,76.1,Data Science,0
STU105495,23,Female,6.67,83.7,0,28.6,53.1,31.7,29.6,3,0,0,1.9,3,2,0,740,2,63.2,73.8,41.1,81.8,69.6,85.7,64.9,Software Development,0
STU103027,23,Male,7.66,81,1,26.6,64.3,50.8,52.4,5,4,0,0.6,4,0,0,670,5,54.1,65.3,73,32.9,71.3,10,70.2,Software Development,0
STU105260,22,Male,6.61,84.8,0,45.4,63.9,53.7,52,2,2,1,4.2,2,1,0,1163,1,37.6,35.2,76.3,73.5,63.1,37.8,85.3,Cloud Computing,0
STU103648,21,Male,6.76,89.5,1,,58.5,70.1,42.7,2,1,2,9.9,2,1,0,939,2,58.6,59.5,78.6,55.9,53,77.4,87,Software Development,0
STU107628,20,Female,7.07,89.5,0,39.8,77.9,78.6,34.9,0,0,1,,2,0,0,576,0,70.2,44,67.6,47,51.5,81.1,83.9,Business Analytics,0
STU109067,23,Female,6.61,81.9,1,48.7,71.3,71,78.7,4,1,0,0,3,1,0,768,3,59.6,84.3,79.2,29.8,51.1,19.1,84.8,Data Science,0
STU108285,22,Female,7.87,77.8,1,59.2,45.7,49.1,55,1,0,0,0.3,1,0,0,1379,1,76,,72.6,53.7,60.6,67.9,90.3,Software Development,0
STU109100,22,Male,8.52,79.8,0,59.7,59.4,70.7,61.1,4,0,1,1.9,2,3,0,800,4,64,61.8,81.3,63.1,63.4,63.4,92.8,Business Analytics,0
STU107355,22,Male,6.6,76.3,1,54.8,38.6,75.9,48.8,6,3,0,0.2,6,0,0,594,5,83,94.7,89.4,47.1,43.1,51.7,75.3,Software Development,0
STU100193,21,Male,7.25,89.3,1,70.8,51.6,62.6,60.6,3,1,0,0.7,3,1,0,773,3,49.8,72.1,87.5,63.9,23.1,54.8,89.7,Software Development,1
STU100484,22,Female,6.49,85.1,0,40,67.4,76.5,59.8,1,1,1,3.4,1,4,0,744,0,50.1,52.3,67.5,54.1,68,64.7,73.6,Cloud Computing,1
STU108617,22,Male,7.68,94.8,1,66.5,44,60.9,66.6,1,0,0,0,0,1,0,362,2,65.5,46.2,65.3,52.4,31.4,10.1,65,AI/ML,0
STU105186,22,Male,9.59,100,0,98.9,72.7,96.3,68.3,4,3,0,0.9,1,2,0,1265,5,47.2,65.9,69.3,59.5,62.8,60.4,85.8,Software Development,0
STU101642,22,Male,7.72,100,0,39.3,55.3,,61.8,0,0,3,11.3,2,1,0,740,0,57.5,50.3,73.3,26.6,50.3,74.2,71.9,Business Analytics,0
STU108247,22,Female,7.07,100,0,47.3,31,73.6,33.7,4,1,1,4.4,2,0,0,619,5,64.5,73.1,82.4,35.1,35.4,56.7,69.3,Cloud Computing,0
STU108368,21,Male,7.93,71.8,0,,43.3,46.5,46,2,2,0,0,4,0,0,768,2,57.9,59.5,77.5,43.1,49.4,,,Cloud Computing,0
STU102119,22,Male,7.42,86.2,0,48.2,49.3,51.9,51.4,3,2,2,8.6,4,2,0,348,5,85.7,79.8,66.5,30.2,53.8,61.8,77.5,Cloud Computing,0
STU106124,21,Male,8.1,84.8,3,48.1,59.2,70.8,60.3,3,2,1,4.3,1,0,0,852,3,63.8,43.6,62.6,46.5,63,39.5,71.9,Software Development,1
STU100826,22,Male,7.89,72.7,1,53.5,53.1,60.2,45.9,0,0,0,0.1,1,1,0,913,0,79.2,55.9,84.7,45,46,51.1,,Data Science,0
STU103310,21,Male,6.94,69.8,0,51.4,76.7,49.8,48.4,2,2,0,1.3,2,1,0,868,3,61,78,77.4,51.7,54.5,15.9,72,Software Development,0
STU105009,21,Male,8.47,86.2,1,46.2,69.9,58.5,56.9,5,2,0,0,5,1,0,771,4,61.6,76.9,72.6,54.7,51,19.8,81.3,Cyber Security,0
STU101822,23,Male,6.88,74.4,0,82.2,55.1,72.9,65.8,2,0,0,0,2,2,0,885,2,43.5,64.5,91.2,69.9,79.3,48.7,76,Cloud Computing,0
STU105519,23,Male,7.04,92.1,0,51.7,67.5,77.3,29,3,1,1,2.6,0,0,0,348,3,55.2,46.6,49.3,58.1,38,2.5,73.3,Cyber Security,0
STU103920,22,Male,7.53,74,0,49.2,46.3,45.6,32.3,0,0,1,6.1,5,3,1,459,0,61.3,33.9,63.2,45.1,54,33.4,63,Cyber Security,0
STU107882,23,Male,7.12,98.6,0,67.3,59,62.6,47.8,0,0,0,1.5,2,3,0,963,0,46.6,38,58.7,61.5,68.8,27.6,74.9,Data Science,0
STU104125,23,Male,7.78,90.5,0,39.2,49.9,60.9,65.3,4,1,0,1.6,0,2,0,762,3,57.9,63.7,60.8,38.7,60.5,67.1,83.5,Software Development,0
STU101103,22,Male,7.36,85.7,0,54.7,51.2,54.1,67.9,3,1,2,6.7,0,2,1,687,3,69.4,62.7,46.5,67.6,68.8,27.9,,Business Analytics,0
STU109871,21,Female,7.49,84.5,2,62,66.6,57.8,78.8,3,2,2,7.4,2,2,0,640,2,62,68.5,70.8,61.3,88.1,32.4,54,Cyber Security,1
STU108311,20,Female,7.57,92.4,0,51.3,54,52.8,54.3,1,0,2,4.6,5,0,0,682,2,83.4,58.2,75.7,38.1,66.6,101.4,65,Cloud Computing,0
STU102499,21,Male,7.6,80.4,1,34.2,37.7,59.8,27.8,0,0,1,5,3,0,0,691,0,62.9,47.3,67,23.9,58.3,101.2,54.8,AI/ML,0
STU108635,21,Male,9.97,83.4,1,60.4,60.9,52.1,63.1,4,2,1,3.8,1,1,0,1117,4,64.7,64.4,73.8,73.7,53.9,22.8,81.3,Data Science,1
STU100171,21,Male,7.26,80.2,0,50.9,57.1,69.5,46.7,1,1,0,0,1,0,0,855,1,52.6,58.2,92.6,38.1,59.9,20.4,85.6,Software Development,0
STU103435,20,Female,5.9,84.5,0,34,48.2,48,55,4,2,1,,1,0,0,545,5,49.9,73.9,63.7,64.1,64.8,33.8,85.6,Data Science,0
STU102161,21,Male,7.46,82.5,0,50.9,50.8,65.2,71.2,3,2,1,2.2,1,2,0,673,3,51.1,50.2,59.3,52.9,77.7,45,90.9,Business Analytics,0
STU108885,22,Female,7.66,81.3,0,60,48.2,62.1,53.6,1,1,0,0,0,0,0,851,2,54.7,53.1,92.6,40,46.9,42.4,71.9,Cyber Security,0
STU105454,21,Male,8.09,76,0,88.9,37.4,39.1,60.5,4,2,1,5.1,1,2,0,976,4,,72.5,61.1,48.2,52.2,26.5,60.6,AI/ML,1
STU106689,23,Female,7.49,81.2,1,60.4,57.4,59.5,58.8,2,0,0,0,4,2,0,924,2,48.1,77.3,80.8,62.3,35.4,88.3,76.8,Business Analytics,0
STU108742,22,Male,6.77,84.1,0,37.3,46.8,49.7,37,3,2,0,2.6,3,1,1,532,2,58.3,58.1,58.1,55.5,54.5,105.1,,Business Analytics,1
STU102061,20,Female,6.31,90.3,1,61.7,53.7,73.8,26.6,2,1,0,1.8,2,2,1,722,1,63.2,64.3,75.9,42.8,56.2,49.1,88.5,AI/ML,0
STU103584,22,Female,7.93,86.1,1,77.4,45.7,57.8,60.8,7,1,4,20.1,2,3,0,531,7,85.1,71.9,61.7,26.3,71.3,84.9,83.2,Cloud Computing,0
STU106247,21,Female,8.2,84.8,1,35.2,48.3,65.7,66.4,1,0,1,4.3,4,2,1,415,1,,59.5,65.1,64.7,41,83.9,82,Software Development,0
STU100347,21,Female,6.84,86.6,0,66.3,45.5,53.9,66,2,1,0,0,3,0,0,801,1,74.9,47.3,50.5,24.2,52.5,11.6,68.6,Software Development,0
STU106264,21,Female,7.34,82.7,0,53.1,63.5,36.9,40.3,3,2,1,2.7,1,1,0,764,3,49.8,61.1,72.7,44.3,76.7,29.2,63.4,Business Analytics,0
STU100497,20,Male,7.98,100,2,67.6,69.4,79.8,32,5,2,0,0.6,1,2,0,912,5,52.8,72.9,85.3,60.4,53.8,79.9,78.8,Data Science,0
STU101623,23,Male,8.51,81.6,0,71.5,76.9,57,58.7,3,1,3,10.1,1,0,0,680,3,81.5,61.2,70.1,21.6,76.5,48.3,54.5,Cyber Security,0
STU108973,22,Male,8.06,62.1,2,72.2,73.2,55.2,76.2,2,1,1,5.5,1,3,0,465,3,43.2,65.9,66.4,68.2,74.5,30.9,82.9,Software Development,1
STU101544,22,Male,7.44,65.7,0,41.1,29.9,69.4,29.1,6,2,0,0,0,5,0,684,7,67.9,73.1,71.3,63.8,42.5,66.4,70.7,Data Science,0
STU102366,23,Male,5.44,99.8,0,28,40.6,58.8,48.1,4,1,1,5.4,2,1,0,827,3,63.8,72.7,78.2,72.2,53.4,54.2,73.1,AI/ML,0
STU107378,20,Male,8.74,77.8,0,83.7,41.4,34.2,57.5,1,0,3,12.7,0,0,0,977,2,68.1,53.2,54.4,46.4,46,34.5,62.7,Software Development,0
STU104096,20,Male,7.62,67,0,44.8,59.3,62.9,51.5,2,1,1,3.5,1,1,0,388,2,53.6,55.7,58.6,50.9,56.9,82.7,60.8,Software Development,0
STU103575,21,Male,8.73,96.9,0,58.7,68.4,80.6,76.2,2,1,1,1.4,2,2,1,1012,4,49,52.6,90.3,72.9,25,60.7,93.6,Software Development,0
STU105080,21,Female,5.85,87.4,1,27.4,57.9,37.1,49.6,3,1,2,10.3,0,0,0,780,3,71,60.8,78.7,45.7,31.2,55.5,71.1,Software Development,0
STU108838,21,Female,6.66,87.7,0,41,51.2,82.8,68.1,0,0,0,,2,2,0,940,1,62.8,72.4,79.8,61.9,43.6,75.6,91,AI/ML,0
STU102055,22,Female,6.76,89.7,0,30.6,58.5,39.9,72.7,0,0,0,2.5,0,2,1,250,0,53.4,46.6,43.9,74.9,45.4,97.6,64.9,Software Development,0
STU106929,21,Male,7.04,69.4,1,55,47.5,67.4,51.9,1,1,2,7.6,6,0,0,615,0,89.9,70.7,68.4,31.1,56.5,32.6,88.2,Business Analytics,0
STU108902,20,Female,8.07,75.1,1,64.4,44.7,59.1,57.8,1,1,0,0.4,3,0,0,1075,1,63.3,56.4,66.7,16.3,39.8,41.8,83.3,AI/ML,1
STU109157,22,Male,7.8,81.2,1,53,52.8,70.3,58.4,5,1,1,3.1,3,1,0,913,7,65.5,78.9,71.3,54.2,66.4,80.6,,Cyber Security,0
STU104860,21,Female,7.99,100,0,37.8,59.1,58.2,78.2,0,0,1,7,4,1,0,1039,0,56.9,45.1,73.2,65.9,80.7,19.8,,AI/ML,0
STU101585,22,Male,7.92,97.7,2,44,41.5,77.8,28.1,5,1,0,0.2,2,1,0,779,5,75.2,51.8,69.2,39,37.6,26.2,63.4,Business Analytics,0
STU106731,23,Male,6.41,74.4,0,34.5,63,43.8,41.6,2,0,1,3.4,3,1,0,833,1,76.8,63.4,61.1,43.9,29,33.2,59.4,Business Analytics,0
STU103332,22,Female,7.62,72.4,0,58,40.5,42.4,63.4,1,0,0,0,0,0,0,860,3,60.1,70.5,60.9,62.1,45.4,61.2,74,AI/ML,0
STU106017,23,Male,8.44,66.9,1,52.2,77.1,44.9,43.1,2,1,1,4.3,5,1,0,494,2,70.7,69,75.6,70.9,60.6,26.6,71.3,Data Science,0
STU100216,23,Male,7.84,94.4,0,50,55.7,51.9,44.4,0,0,2,4.6,1,2,1,922,1,60,42.4,70,58.8,88.9,71.7,71.7,Data Science,0
STU100513,22,Male,7.94,76.8,1,63.4,55.6,54.6,61,5,2,2,10.5,1,4,0,433,5,68,75.3,78.6,73.8,74.8,101.6,85.9,Software Development,0
STU107913,22,Female,7.95,,0,48.2,60.6,39.1,60,0,0,0,0.3,3,2,0,707,1,62.3,,57.7,42.4,44.5,51.2,70.2,Software Development,0
STU108492,24,Female,7.61,91.2,0,49.7,36.8,80.8,52.1,2,0,0,0,0,6,1,654,2,47.8,66.9,62,64.3,72.6,8,78.5,Data Science,0
STU106613,22,Male,8.15,69.5,0,45.7,41.5,55,59.6,2,0,2,11.3,0,0,0,671,1,48.1,48.5,63.6,57.2,72.1,51.8,84.8,Data Science,1
STU101929,23,Male,6.86,92,0,64.5,48,63.4,37.2,1,0,1,4.6,0,2,0,1763,2,49.7,66.9,51.8,77.1,67,70.4,76.3,Data Science,0
STU103786,20,Female,7.32,64,1,20,68.4,59,34.8,5,2,4,12.2,4,1,0,745,6,74,85,68.7,52.6,84.2,26.1,76.6,Software Development,1
STU103746,21,Female,6.98,88.8,1,54.3,42.2,83,43.7,4,1,1,5.1,2,1,0,521,4,74.8,63.5,77.5,55.1,45.6,88.5,95.2,Business Analytics,0
STU102926,23,Male,7.84,86.2,1,51.6,80.1,67.1,41.6,1,1,0,0.9,2,0,0,787,2,46.8,65.2,72.1,28.3,100,15.1,71.7,Data Science,0
STU109227,20,Male,8.74,83.2,1,72.2,59.6,70,79.1,3,1,2,7.6,3,2,0,666,5,71.9,82.5,74.4,76.4,72.4,19.6,83.9,Software Development,0
STU101446,22,Male,6.38,82.3,0,61.3,86,58.1,39.1,2,0,0,0,3,0,0,1126,1,46.6,67.4,68.7,25.2,53.1,30.4,67.7,Software Development,0
STU105310,22,Male,7.53,60.4,0,54.7,63.1,44.3,49.2,1,0,0,2.3,0,1,0,881,2,61.5,51.7,79,54.7,51.9,71.6,68.5,Business Analytics,0
STU104188,21,Male,5.75,74.6,0,58.7,35.1,72.9,48.3,0,0,2,8.5,2,4,0,765,2,60.5,60,66.3,75.9,63,10.6,69.6,Data Science,0
STU102722,23,Male,6.71,84.2,1,33.8,54.7,66.5,72.9,2,1,1,5.5,5,2,0,610,3,68.4,52.8,80.4,100,92.1,18.7,69.5,AI/ML,1
STU108266,22,Male,6.93,95.7,2,51.6,47.2,56.9,51.6,6,2,1,4.8,6,1,0,645,6,73.8,95.4,84.3,76.1,59.8,60.1,76.8,Data Science,0
STU100655,22,Male,6.82,94.6,0,35.7,59.2,38.9,57.8,0,0,0,1.2,2,0,0,686,0,53.1,44.9,52.3,52.4,56.4,73.8,79,Software Development,0
STU100492,22,Other,8.56,89,0,57.8,59.6,61.8,49.1,2,1,0,0,0,1,0,714,2,60.1,58.1,68,50.7,64.6,39.1,76.7,Software Development,0
STU107129,21,Male,9.04,55,0,62.6,32.8,73.1,77.6,2,1,1,0.8,3,4,0,676,1,68.4,65.3,,53.1,51.8,78.3,73.8,Data Science,0
STU107082,23,Female,9.56,88.3,0,74.6,82.4,65.8,80.8,2,1,0,0.3,2,1,1,1069,1,73,59.1,60,42.2,69.5,17.4,71.7,Software Development,1
STU105178,23,Female,7.22,82.2,2,33.1,58.7,71.4,46.2,1,0,1,5.5,2,4,0,715,1,70.1,52.6,81.3,73.7,74.4,55.8,67.8,AI/ML,0
STU104912,22,Male,5.86,83,0,29,36.9,37.5,62.7,3,2,0,0,3,2,0,676,3,55.4,57,75,64.3,32.5,25.3,59.2,Software Development,0
STU104365,19,Male,8.54,84.4,1,32,56.8,51.2,55,3,2,0,0.3,1,3,0,749,3,58.3,67.8,58.4,39.9,45.4,76.6,70.6,Data Science,0
STU107646,23,Male,8.13,87.4,1,66.1,69.4,49.5,85.4,3,2,2,6.6,4,2,0,774,3,77,81.1,73.4,67.2,51,80,69,Data Science,0
STU103629,23,Male,6.82,81.7,2,42,42.4,77.2,36.9,3,1,1,2.8,0,0,0,464,2,57.5,63.7,64,48.5,63.7,41.2,44,Software Development,0
STU106710,23,Female,7.13,70.6,0,66.1,29.6,57.1,37.6,4,2,1,3.1,3,1,0,600,4,44.3,76.1,81.4,55.8,53.2,121.3,77.3,Software Development,0
STU107807,20,Male,6.18,81.7,0,58.4,39.2,47.2,,1,0,4,14.4,1,0,0,537,1,46.4,71,56.2,64.6,34.2,66.9,63.1,Software Development,0
STU106933,22,Male,6.76,78.1,0,42.5,61.8,74.9,58.6,1,0,0,0.5,2,3,0,1024,0,72.2,46.7,70.8,53.8,79.1,20.5,81.9,Cyber Security,0
STU101552,21,Male,5.43,69.2,0,33.3,48.4,61.4,24.6,3,2,1,2.7,1,1,0,969,4,54.7,56.6,70.7,67.3,73,59.5,72.6,Data Science,0
STU104863,22,Female,8.06,89.9,1,46.7,67.9,52.2,69.5,2,0,1,5.6,3,0,0,1142,1,86.3,82,71.4,29.9,54.7,39.5,67.5,Data Science,0
STU106711,23,Female,7.54,77.7,1,64.2,41.2,60.4,,0,0,1,5.8,5,3,0,722,2,50.5,52.8,80.2,54.1,68.4,36.6,81.9,Software Development,0
STU102808,20,Male,7.45,72.3,0,55.7,88.7,46.1,65.4,1,0,1,4.3,2,3,1,389,0,72.9,39.6,57.9,60.2,71,53.2,71.5,Software Development,1
STU109573,21,Male,7.74,89.9,0,41.9,78.1,59.6,47.9,3,3,0,0.7,4,1,0,934,3,62.1,71.7,79.6,63.8,51.6,39.2,79.8,Cloud Computing,0
STU105335,23,Male,7.79,83.4,1,62.7,48.8,80.5,37.9,2,0,1,2.4,1,2,0,895,1,,52.8,78.2,61.1,85.9,37.2,63.7,Software Development,0
STU104316,22,Male,8.5,99.4,1,73.4,74.8,50.2,24,3,0,0,0,2,1,0,931,3,68.1,63.1,61.4,44.5,73.9,63.9,64.2,Software Development,0
STU109109,22,Male,8.17,81,0,66.8,68.7,49.3,53.6,7,2,1,4.4,0,1,0,563,9,49.5,72.3,82.8,50,52.9,21.8,70.9,Cloud Computing,1
STU101506,22,Female,8.35,76.1,0,57.3,61.4,57,72.5,3,1,1,5.2,2,1,1,607,3,72.5,71,59.7,59.6,38.2,17.5,83.2,Data Science,0
STU101959,21,Male,7.28,79.7,2,45,61.8,22.6,61.6,1,1,0,0.2,3,1,0,675,0,63.9,,,65.1,49.2,43.7,81,AI/ML,1
STU105529,21,Male,6.57,79.7,0,47.1,57.4,67.5,23.5,4,1,0,3.1,2,2,0,670,4,42.5,81.9,93.1,65.9,100,72.3,51.4,Software Development,0
STU105040,20,Female,8.2,78.2,0,56,45.6,59.3,51.8,3,0,1,6.8,2,2,0,853,5,42.9,82.2,77.8,53.9,68.8,37,80.4,Software Development,0
STU100130,21,Female,6.35,60.7,0,51.3,49.4,78.1,50.5,3,1,0,0,1,2,0,1062,3,60.5,58.2,69.9,46.9,38.6,50.7,69.7,AI/ML,0
STU101422,21,Male,8.47,79.7,1,69.5,79.1,67.3,67.6,4,1,0,0,2,3,0,1053,4,51.1,74.8,67.8,49.3,64.6,59,69.4,Data Science,0
STU104241,22,Male,8.03,89.5,0,30.2,37.7,60.6,62.8,2,1,1,4.7,2,1,1,502,1,,67.7,76.8,49,79.7,56.5,73.4,Data Science,0
STU109965,22,Male,7.14,92.9,0,59.9,,61.3,43.4,2,0,0,0,4,1,0,903,1,63.7,56.2,72.8,62,19.2,27.8,58.3,Cloud Computing,0
STU104635,22,Male,7.62,83.9,0,52.4,,57,60.4,3,1,3,13.5,2,2,0,706,4,69.2,63.8,76.3,60.7,23,50.4,71,Software Development,0
STU106809,23,Male,7.21,69.3,1,60.7,30,58.5,57.2,2,1,0,0,1,0,0,919,3,50.4,60.4,57.1,32.2,63.2,33.6,90.6,Software Development,0
STU108691,21,Male,8.25,72.3,0,67.9,72.9,24.7,55.6,4,2,1,5.8,3,0,0,681,4,52.6,67.7,61.3,52.2,96.9,84.4,77.7,AI/ML,0
STU105089,20,Male,7.69,,0,67.7,69.2,54,56,6,1,1,6.8,2,0,0,789,5,71.4,80.7,57.5,49.8,41.8,16.8,72.2,Business Analytics,0
STU109456,22,Male,6.41,72.3,0,55.2,61.1,39.1,52.3,0,0,1,6.3,0,1,0,761,0,56,55.4,83.5,56.1,32.2,29.5,68.6,Software Development,0
STU102354,22,Male,9.03,85.9,0,37.4,56.4,70.3,36,1,0,2,7.5,1,1,0,836,2,55.8,59.7,81.3,61.3,63.3,69,63.7,Software Development,1
STU109964,23,Male,6.68,77.2,0,35.7,49.5,73.2,45.9,4,1,0,0.6,2,2,0,456,4,58.9,60.1,88.2,62.4,49.4,67.8,82.4,Data Science,1
STU104391,22,Other,7.77,63.5,1,84,47.9,88.8,52.7,4,1,0,0.9,1,2,1,854,4,85,49.3,91,42.3,62.8,52.8,92.7,Software Development,0
STU101046,21,Male,6.84,78.7,0,30.3,54.3,34.1,68.1,4,0,0,0,3,1,0,542,3,64.4,82.7,80.1,57.8,55.3,52.2,68.8,Software Development,0
STU102252,22,Female,7.7,98.2,1,52,42.4,,59.5,4,3,0,0,2,2,0,783,5,46.7,64.6,70.8,56,53.3,60.3,85.1,Software Development,0
STU105350,22,Male,5.51,89.1,0,36.3,47.3,61.7,26.3,1,1,1,,1,1,0,371,0,56.2,54.4,71.9,15,65.8,62.3,84,Cyber Security,0
STU103371,21,Male,7.94,92.1,0,76.3,59.7,57.4,56.6,3,2,1,4.1,2,2,1,976,2,71.3,60,,56.2,27.6,85.4,83.4,Data Science,0
STU100340,22,Male,7.71,95.5,0,53.6,31.7,61.1,52.5,6,2,1,3.2,2,1,0,752,7,45.7,76.9,83.4,48.6,61.7,72.3,71.2,AI/ML,1
STU104287,21,Male,8.42,66.4,0,63.5,51.8,98.2,95.4,6,0,0,0,1,0,0,629,6,65.6,70,84.3,61.2,44.8,67.9,100,Business Analytics,0
STU106948,23,Male,8.46,88.6,1,43.9,64.8,57.6,84.4,2,2,1,3.4,6,3,0,954,2,75.9,68.2,81.6,71.5,39.4,8.4,75.9,Data Science,0
STU100974,22,Female,6.56,81.6,1,57.8,32.5,21.1,34,2,1,1,2.8,3,3,0,828,2,65,55.9,67.2,46.2,70.8,9.4,62.2,AI/ML,0
STU108752,22,Male,6.94,79.6,0,32.8,45.7,48.1,31.8,1,0,0,2,2,1,0,625,1,43.6,70.9,75.8,63.7,91.8,74.9,55.5,Software Development,1
STU103281,24,Male,8.58,79.4,1,43.7,76.6,64.4,67.4,4,2,0,0,3,0,0,773,3,,73.4,78,59.2,78.4,43.8,97.5,Software Development,0
STU105342,22,Male,7,80.2,1,59.2,47.5,53.1,49.2,3,0,1,2.7,2,1,1,1400,4,60.3,58.1,69.6,43.2,82.6,119.2,49.3,Software Development,1
STU104045,21,Female,5.29,69.5,0,50,44.7,73,47,0,0,0,0,4,0,0,295,0,85.6,50.3,88.5,42.1,72.3,92.5,89.7,AI/ML,0
STU107719,22,Male,7.6,87,0,64.5,57.5,58.7,68.7,3,2,0,0.4,0,1,0,660,4,49.5,58.3,65.2,49.8,78.9,37.6,71.5,Software Development,0
STU100392,22,Female,7.3,97.7,2,26.5,64.1,91.6,73.5,4,2,0,1.3,4,0,0,688,5,,76.7,86.4,57.4,75.2,37.4,94.4,Business Analytics,0
STU104181,23,Male,5.94,81.4,0,41.6,50.5,74.1,31.2,1,0,1,2.7,0,3,0,769,1,76.1,79.4,61.5,51.4,58.4,112.3,68.1,Software Development,0
STU101796,21,Male,9.17,75.4,0,84.8,64.3,65.4,67,5,1,0,1.2,3,0,0,804,5,33.2,62.1,84.9,45.7,55.1,80.9,57.6,Cloud Computing,0
STU104297,21,Male,9.94,82.7,1,44.1,59.6,53.2,75.7,0,0,1,2.3,3,1,0,905,0,70.9,40.3,74.1,64.6,88.5,18.2,66.3,Data Science,0
STU108046,22,Male,7.13,98.2,0,58.7,34.4,54.7,33.2,2,0,1,3.6,1,0,0,577,3,71.2,53.3,66.1,57.2,80.3,30,69.8,Data Science,0
STU101501,21,Female,9.29,83.8,0,,59.9,77.9,81.7,3,1,2,5.4,4,0,0,458,3,55.1,69.8,65.7,60.5,79.7,20.9,66.8,Data Science,0
STU101991,22,Male,7.48,73.3,1,51.3,95.4,58.7,55,1,0,0,0,2,2,0,870,2,47.5,45,65.9,42.3,61.1,23.2,74.3,Business Analytics,0
STU109704,22,Male,8.38,91.4,1,62.1,65.3,67.4,70.6,1,0,2,6.2,2,1,0,1130,1,67,48.6,60.7,59.4,41.9,29.3,79.4,AI/ML,0
STU101106,22,Male,5.48,88.7,1,41.2,36.5,43.2,32.3,2,0,3,11.5,3,2,0,382,2,63,64.9,75.1,57.9,46.1,41.9,54.8,AI/ML,0
STU102859,21,Male,8.77,81.2,0,59.5,67,58.8,67.3,2,1,3,10.7,3,1,0,1059,2,70,86.5,,46.5,29.3,21.2,81.6,Software Development,0
STU107025,22,Male,7.89,77.5,0,34.2,57.2,61,64.6,4,1,1,1.9,5,3,0,701,3,,71.3,59.3,66,37.2,,67.8,Cloud Computing,0
STU106843,23,Male,8.23,83.8,1,85.5,79.2,47.5,43.5,2,2,3,10.5,3,3,0,807,2,79.1,53.6,74.1,49.3,24.1,48.6,69.4,Data Science,0
STU107391,20,Female,6.39,81.7,0,56,77,59.5,40,2,0,1,,1,1,0,561,2,58.6,56.9,63,74.2,27.5,44,78.3,Software Development,0
STU104182,22,Male,6.42,79.9,0,40.1,40.8,64.3,29.2,4,3,2,8.7,1,2,0,666,4,,66,63.8,66.3,51.9,79.7,54.4,Software Development,0
STU107879,21,Female,7.11,85.7,1,57.5,66.8,63.9,53.8,5,3,2,7.6,0,1,0,734,5,66.9,71.1,70.3,47.9,51.3,63.5,86.3,Business Analytics,0
STU101470,20,Male,9.1,100,0,64,50.5,44.5,40.4,1,0,1,0.8,1,2,0,819,1,59,44,87.8,65.1,40.2,78.6,54.7,Data Science,0
STU108749,22,Male,8.36,67.1,0,49.6,82.5,35.7,100,4,1,1,1.7,2,2,1,428,5,44.4,,46.3,44.5,64.5,97,80.3,Software Development,1
STU109187,22,Female,7.7,67.3,0,60.3,78.4,64.3,61,4,2,2,10.5,1,1,0,825,3,81.6,80.7,63.7,39,58.8,87,78,AI/ML,0
STU105265,21,Male,7.26,79,1,50,66.7,59.5,74.3,4,2,1,2.9,3,1,0,1033,6,71.3,89.9,55.6,45.2,39.1,82.8,71.5,Cyber Security,1
STU105799,21,Male,6.84,77.9,0,38.4,49.5,81.2,46.3,0,0,4,20.3,2,0,0,701,1,59.5,54.4,59.5,52.6,81.3,84.4,64.6,Cyber Security,0
STU104329,22,Other,7.02,84.9,1,59.1,,65,55.7,2,1,1,2.6,3,0,0,994,2,60.1,47,66,42.4,47.4,17.5,78.1,Software Development,0
STU108797,23,Female,6.55,65.2,0,46.6,35.1,82.4,29.4,4,0,3,13.5,2,0,0,582,3,76.8,72.4,81.7,58.5,32.1,,66,Business Analytics,0
STU105394,21,Female,8.38,74.7,2,26.2,61.1,45.2,65.1,1,0,1,7.1,3,1,1,673,1,68.8,39.6,67.9,58.5,48.3,73.8,72.2,Cyber Security,0
STU102690,20,Male,8.03,76.6,0,60.7,56,65.2,69.3,7,3,2,4.5,1,0,0,1121,7,63.3,70.3,75.6,58.5,15.5,34.6,71.1,Software Development,1
STU107353,19,Female,7.49,74.1,3,71.8,42.5,79.4,42.5,2,0,3,9.3,2,1,0,905,1,78.5,55.3,79.2,37.2,20.8,59.3,81.9,Software Development,0
STU103542,22,Male,7.54,94.3,0,49.7,65.5,61.6,49.3,5,4,1,4,2,0,0,673,5,71.6,77.1,76.8,51.9,79.5,27.8,70.1,Data Science,0
STU105729,23,Female,7.78,67.4,0,56.4,45.1,59,47.6,5,4,2,5.7,2,2,0,1137,5,64.3,79.1,75.6,48.3,68.8,49.1,,Software Development,0
STU100984,23,Male,8.21,96.7,1,60.3,60.7,49.3,43.7,1,1,1,4.9,2,1,0,952,2,55.5,59.8,68.5,38.8,51.6,55.3,64.7,Software Development,0
STU104466,22,Male,5.22,72.7,1,35.8,25.3,60.9,24.1,0,0,1,3.1,0,2,0,711,0,81.2,41.3,78.6,57.8,64.6,48.9,78.7,AI/ML,0
STU107434,23,Male,8.35,82,0,52.8,55.6,54.5,61.8,3,0,2,7.6,4,2,1,734,2,75.1,75.6,71.2,34.7,59,86.3,72.3,Software Development,1
STU108843,21,Male,6.85,66.4,3,51.7,62.2,60.3,44.2,1,1,0,0.3,0,0,0,914,1,54,58,88.7,74.3,45.4,59.2,83.2,Data Science,0
STU109089,20,Male,8,98,0,49.7,53.4,74,57.5,3,1,1,5.2,3,0,0,763,2,68.2,74.1,76.3,66.1,37.9,106.7,91.5,Cyber Security,0
STU108992,19,Male,8.85,81.9,0,72.2,82.1,49.4,77.6,4,0,2,8.4,3,1,0,1114,4,61.5,88.2,59.5,67.4,65.9,68.2,70.9,Software Development,0
STU108369,22,Male,7.15,74.9,1,68.3,52.4,51.9,34.9,4,1,0,0,2,1,0,943,3,54,61.9,63,51.6,44.4,83.8,79.8,Data Science,0
STU104572,24,Female,8.69,87.8,0,70.7,51,72.8,57.4,5,1,1,3.5,1,3,0,940,5,38.4,70.7,63.9,89.4,71,33.5,96.3,AI/ML,0
STU107145,21,Female,7.99,77.9,0,52,41.7,37.1,52,1,0,1,3.6,3,2,0,961,0,67.9,77.3,77.4,61.6,41.4,28.4,70.3,Software Development,0
STU102095,22,Male,8.11,79.4,0,85.9,63.5,57.2,80.1,4,0,1,4.4,1,3,1,867,4,53.7,80.6,65.2,53.1,78,34.6,87.9,Cyber Security,0
STU106556,22,Male,6.98,74.1,0,64.8,41.4,61.3,53.3,4,2,0,0,1,1,0,786,5,50.6,67.6,86,32.9,45.6,12.2,74.1,Software Development,0
STU105664,22,Male,8.4,93.6,0,83.9,59.1,44.7,71.3,1,0,1,3.2,5,3,0,1200,3,74,57.4,51.8,79.7,33.8,114.5,89.4,Data Science,0
STU100556,21,Male,6.96,82.9,1,41.4,52.7,65.6,65.9,2,0,0,0,4,2,1,330,3,56.1,68.6,90.1,45.6,46.5,14.2,91.1,Software Development,0
STU101359,21,Female,8.08,75.9,0,75,62.8,83.8,49.8,3,1,0,0.8,3,6,2,803,4,59.4,65.5,63.5,64.9,88.6,70.6,55.6,Cyber Security,0
STU103570,23,Male,9.09,85.7,0,88.6,77,53.9,86.8,3,1,3,12.6,0,2,0,1051,4,57.8,49.9,63.8,36.5,71.8,114.4,83.6,Business Analytics,0
STU107504,22,Female,7.13,70.2,2,58.2,57.2,41.7,26.4,3,2,2,8.9,3,0,0,758,4,74.2,52,57.2,48.1,35,121.2,51.5,Software Development,0
STU103574,22,Male,7.06,,0,31.2,28.4,54.2,43.2,4,3,1,3.8,2,1,0,353,4,79.3,68.3,55.2,47.9,19.2,126.4,,Business Analytics,0
STU105709,22,Male,8.73,89.1,0,84.8,52.7,55.7,83.4,2,0,1,3.3,0,2,0,901,1,59.8,93.3,75.4,62.1,63.9,48.8,74.8,Software Development,0
STU104073,22,Male,7.17,79.7,1,33.3,69.9,54.1,59,0,0,1,,2,2,0,294,2,65.9,55.2,74.2,69.4,66.8,37.9,54.2,Business Analytics,1
STU108687,20,Female,7.89,81.3,3,42.1,38.5,58.2,53.9,1,0,2,7.9,2,0,0,698,1,68.1,37.8,69.3,48.4,67.7,146.3,58,AI/ML,0
STU107887,21,Female,8.8,90.3,0,73.6,67.6,55.3,58.5,3,1,1,3.9,3,1,0,802,4,64.4,62.7,67.1,68.1,42.4,121.9,64.3,Software Development,0
STU100309,22,Male,7.41,80.5,1,32.7,50.7,57.2,56.9,2,0,0,,3,1,1,413,5,63.1,54.5,72.8,60.1,95.7,84.4,84.7,Data Science,0
STU101740,22,Male,9.03,82.8,1,34.5,64.7,50.9,,3,2,1,4.4,0,0,0,601,4,42.9,41.3,77.7,43.8,40.5,40.9,73.8,Cyber Security,0
STU103795,20,Female,8.82,76.5,1,62.6,77.1,83.5,45.6,1,1,0,0,3,1,0,861,1,45.6,60.3,78.6,45.1,42.5,64.3,73,Data Science,0
STU109910,21,Female,8.59,100,0,41.5,67.4,25.7,75.4,2,1,1,7.1,1,1,0,665,1,57.1,58.8,69.3,66.8,69.2,91,,Software Development,0
STU107163,21,Male,6.71,65.4,0,43.1,49.9,52.8,42.6,2,1,0,0.9,2,0,0,773,2,62.6,70,77.4,62.3,47.2,33.7,68.8,AI/ML,0
STU103325,23,Female,8.84,80,1,74.4,48.9,59.5,53.7,3,1,1,4.5,2,2,0,750,4,52.7,69,59.6,62.4,47.5,132.7,93.5,Business Analytics,0
STU106024,22,Male,8.58,93,0,36.5,46.6,63.1,76.9,3,3,1,3.7,2,1,0,775,2,66.6,63.4,73.5,71.4,66.5,49.4,67.5,AI/ML,0
STU100447,23,Male,8.1,91,1,68.8,69.3,70.4,,3,1,0,,1,0,0,797,2,63.5,61.5,75.2,36.2,57.6,28.9,87.8,AI/ML,0
STU103342,23,Female,7.62,94.8,1,24.4,46.7,20,55.7,1,0,0,0,0,0,0,566,1,39.5,41.5,55.6,74.1,45.8,23.5,87.6,Cyber Security,0
STU106075,22,Female,8.03,93.3,0,57.3,52.2,85.3,46.7,4,1,1,0.9,3,2,0,424,3,60,75.2,83.1,46.1,46,39.1,60.2,Software Development,0
STU100611,21,Male,6.21,79.6,1,45.5,61.8,90.3,49.8,0,0,0,0,2,0,0,694,1,47,43.9,90,64,35.3,34.6,77.1,Software Development,0
STU109495,20,Male,6.01,78.1,1,32.9,39.1,71.7,39.1,6,1,1,5.5,5,3,0,436,5,65.6,83.4,78.5,60.4,87.9,33.3,,AI/ML,0
STU101196,24,Female,8.22,82.1,1,55,63.7,55.6,65.8,0,0,1,3.9,3,0,0,774,0,83.9,43.7,,39.1,64.4,,47.4,Data Science,0
STU107317,20,Male,8.13,74.6,1,65.9,69.7,53.9,60.1,2,1,2,7.7,1,0,0,1150,2,58.1,,70.1,60.7,66.9,57,80.2,Software Development,1
STU102051,23,Female,6.63,66.2,0,15,62,62.5,49.1,4,3,1,4.8,0,2,0,655,3,63.4,63.3,81.3,48.9,46.3,35.7,82.8,Software Development,1
STU109899,23,Female,7.68,77.8,1,,42.5,45,50.9,4,2,0,0.8,2,1,0,864,6,54.9,85.4,68.3,58.2,51.2,90.2,69.6,Data Science,0
STU102184,21,Male,7.79,83.6,0,54.9,56.2,56.2,64,2,1,0,0.2,2,1,0,795,2,69.4,57.1,70.8,53.8,27.5,95.6,80.6,Cloud Computing,1
STU106956,22,Male,7.39,94.3,0,43.9,49.1,55.4,36.8,4,1,0,0,2,4,2,656,3,62.3,73.5,67.2,63.5,41.1,68.9,68.2,Software Development,0
STU103504,20,Male,8.16,73.4,0,67.5,74.5,47.7,67.2,2,1,1,3.6,1,1,0,623,4,52.1,68.4,60.9,45.2,27.5,36.7,68.1,Data Science,0
STU102257,22,Male,7.29,100,0,62.2,39.1,70.9,53.2,2,2,2,7,2,1,1,1040,2,72.8,73.2,83.1,67.2,70.1,47.6,,Data Science,1
STU100383,20,Male,7.9,100,1,67.2,82.2,43.7,72.1,3,1,0,0.4,2,1,0,1111,3,67.1,54.2,74.7,62.8,89.2,48.8,84.6,Data Science,0
STU104915,23,Male,6.53,68,1,51.7,51.6,79.9,47.6,4,2,1,3.8,0,1,0,945,5,32.7,70.1,,62.1,51.2,51.9,66.3,AI/ML,0
STU106648,22,Male,6.78,95.2,0,48.5,51.1,59.4,47.9,2,0,1,3.9,3,0,0,554,1,71.2,55.3,68.2,59,50.2,40.2,79.1,AI/ML,0
STU101127,24,Female,7.13,82.4,0,51.4,72.1,59.3,21.9,3,1,1,5.8,4,1,1,980,6,65.6,59.7,42.3,61.7,41.5,19.4,71.3,Cyber Security,0
STU103211,22,Male,7.03,86.7,2,23.8,50.1,47.9,71.4,4,1,2,9.2,1,1,0,436,3,64.8,,64,78.2,41,,93.3,Data Science,1
STU105372,22,Male,7.62,93.4,1,37.8,67.1,53.5,22.5,0,0,1,1.7,4,0,0,634,1,81.5,44.9,74.1,44.4,51.4,46.9,74.2,Data Science,0
STU107454,20,Male,7.52,71.2,0,47.9,46.8,38.6,74.9,1,1,1,5.5,1,2,0,696,0,57,,63.3,33.6,68.1,46.3,65.6,Business Analytics,1
STU101909,21,Female,7.32,84.2,0,62.1,42.9,87.9,36.2,2,2,0,0,3,1,0,465,3,,63.3,70.6,51.3,34,40.7,74.5,AI/ML,0
STU105562,24,Female,5.83,69,0,43.4,45,63.3,21.5,2,0,1,,4,2,0,876,2,56.7,67,89.6,56.5,51.8,29,63.4,AI/ML,0
STU105969,22,Male,7.12,78.5,0,59.1,54.9,59.4,57.6,4,1,1,1.8,5,1,0,1202,4,69.4,73.9,47.7,28.8,71,64.1,89.1,Software Development,0
STU101319,20,Male,8.69,83.4,0,41.7,70.1,20,61.3,4,1,2,8.7,1,0,0,488,4,83.6,38.2,73.1,48.8,67,45.6,59.7,AI/ML,1
STU109961,22,Male,7.65,92.3,0,57.1,70.5,73.9,26.7,3,0,0,1.4,3,1,0,1259,2,55.2,54.1,72.6,40.2,57.8,29,68.6,Software Development,0
STU106727,23,Female,9.91,86.4,1,75.8,91.1,76.5,77.7,2,1,1,6.1,0,1,0,505,4,62.6,44,78.1,34.3,71.7,41.9,78.9,AI/ML,0
STU104213,22,Female,7.26,81.3,0,,43.8,49.2,59,4,2,1,5.9,2,1,0,964,4,66.7,60.5,83.9,56.7,67.6,40.5,62.8,Cloud Computing,0
STU100967,21,Female,7.08,86.7,0,,35.5,62.5,29.1,3,2,0,2.1,1,2,0,742,5,55.5,66.2,79.3,60.1,69.6,12.5,78.6,AI/ML,0
STU103302,24,Male,7.41,74.1,0,59.2,49.7,63.8,49,2,0,0,0,1,1,1,758,3,,56.6,73.3,70.9,83,44.9,73.6,Data Science,1
STU107743,19,Male,7.93,85.4,0,55.1,52.7,37.8,72.7,2,2,0,0,3,1,0,610,2,56.9,57.1,59.5,77.4,48.4,151.5,78.3,Software Development,0
STU108202,20,Male,6.49,62.2,0,32.3,80.1,43.4,68.7,7,3,1,3.1,2,1,0,613,7,53.5,,69.3,75.3,59.2,50.4,67.4,Software Development,0
STU109155,22,Male,8.25,,0,65,50.8,67,59.3,2,0,1,3.6,1,2,0,905,2,69.2,54.1,67.4,43.1,33.4,56.9,86.9,Software Development,0
STU104593,22,Female,8.26,83.7,0,59.6,85.4,64.1,38.8,2,0,0,0,4,0,0,925,2,47.6,57.1,62.3,44,48.5,82.5,66.7,Business Analytics,0
STU101543,22,Male,8.26,86.4,0,82.6,69.2,61.4,30.2,2,1,1,2.1,1,0,0,494,2,56.6,41.2,59.9,54.8,16.5,60.5,83.8,Cloud Computing,0
STU107430,23,Female,5.76,92.5,1,15,36.2,44.5,38.2,4,2,1,4.4,1,3,0,345,4,57.2,84.9,74.9,42.3,62.5,70.5,72.2,Cloud Computing,0
STU102285,22,Male,8.08,87.5,1,83.5,43.1,57.5,82.9,2,1,2,10.5,1,1,0,722,1,47,54.2,84,42.3,42.7,40.6,69.5,Cyber Security,0
STU106321,20,Female,7.86,78.9,0,47.4,51.1,41.5,44.5,5,2,1,2.5,1,1,0,440,4,38,66.2,75.8,28,31.4,60.9,77.9,Cyber Security,1
STU100796,22,Female,8.04,92.5,0,72.4,,58.7,47.4,1,0,0,0.6,3,1,0,825,0,49.3,54.6,74.4,85,55.9,75.6,71.2,Cloud Computing,1
STU104185,22,Male,8.3,72.4,0,66.4,74.8,80.6,50.5,2,0,0,0.3,1,1,0,551,1,65.3,60.8,72.6,32.5,64,60.5,60.5,Software Development,0
STU100708,22,Female,7.49,85.3,2,43.1,46.6,39.9,27.9,1,0,1,5.3,2,1,0,636,0,50.1,47.1,72.8,62.9,45.9,40.9,53.2,Cloud Computing,1
STU102955,19,Male,6.66,69.2,0,57,51.6,73.7,41.4,1,0,1,5.5,5,1,0,832,3,73.2,54.3,68.9,59.9,28.6,46.2,85.4,Data Science,0
STU100223,22,Male,7.23,99.7,2,47.4,37.2,86,,4,1,3,8.6,1,1,1,530,5,62.8,65.5,68,37.8,24.2,38.3,72.1,Cyber Security,0
STU103881,21,Male,6.62,77.1,0,69.7,49.6,56.4,42.7,1,1,2,9.5,4,1,0,644,1,71.9,61.6,75.5,18,79.3,81.2,,AI/ML,0
STU108951,23,Female,6.5,90.7,3,45.8,69.1,56.5,72.8,1,0,0,1,2,2,1,887,2,47,45.2,83.1,59.3,50.3,41.7,71.8,Software Development,0
STU109321,23,Male,7.83,71.6,1,45.6,56.5,81.8,60.4,3,1,2,7.6,3,2,0,705,3,79.1,69,87.2,65.7,43.4,40.9,81.1,Software Development,0
STU105737,22,Male,9,75.3,0,58.7,82.4,64.5,53.1,1,1,1,2.4,2,1,0,806,0,72.1,67.8,64.3,50,63.1,83.6,70.8,Data Science,1
STU108205,23,Male,7.27,81,1,55.9,56.4,42.8,22.3,2,1,0,0,2,0,0,693,1,60.1,51.7,63.8,84.5,54.1,93.9,56,AI/ML,0
STU100293,23,Female,8.25,88.8,0,70.2,52.8,94.5,58.8,5,2,4,15.4,1,1,0,641,5,60.8,84.4,69.7,52,46.8,16.2,84.6,Data Science,1
STU105087,21,Female,8.1,83.7,1,50.5,63.7,34,56.1,1,0,1,5.6,2,1,0,539,1,49.7,43.4,77.5,38,74.4,51,50.1,Software Development,0
STU103126,22,Male,6.48,66.7,0,47.3,30.2,29.6,45.3,3,0,1,2.7,2,0,0,1087,2,59,58.8,68.8,63.5,83.9,44.9,57,AI/ML,0
STU102227,22,Female,5.88,81.6,1,35.2,35.2,87,42.2,5,2,2,10.3,4,2,0,612,4,61.1,57.5,70.4,68.4,89.3,51,83.1,Data Science,0
STU109204,24,Male,7.02,85.4,1,56.2,61.6,57.3,38.5,3,2,0,0.8,4,1,0,1063,4,81.6,68.1,75.8,32.1,56.7,61.5,78.9,Cloud Computing,0
STU108881,21,Male,5.93,79.5,0,54,41,52.8,55.7,5,3,2,6.5,2,1,1,424,5,67.5,72.5,59.4,46.7,50.7,95.4,,Business Analytics,0
STU105320,22,Female,6.39,68.4,0,51.1,54.4,32.8,52.1,6,3,0,0,1,1,1,445,6,,65.6,69.4,48,46.5,76.3,86.2,Cyber Security,1
STU107444,20,Male,8.3,70.2,0,40.6,61.6,33.8,31.7,2,1,2,5.5,1,1,0,343,2,56.1,39.3,,54.1,68.5,73.9,67.7,Software Development,1
STU101208,21,Male,8.3,63.8,0,69.2,70.2,70.3,64.1,2,1,0,0.5,4,2,0,1123,1,69.4,61.3,83.6,60,52.6,30.8,72.1,Cloud Computing,0
STU102076,20,Male,6.49,73.5,0,43.9,49.7,39.9,56.8,3,0,1,3.6,4,0,0,1005,3,76.2,60,88,58.9,57.1,34.5,58.9,Cyber Security,0
STU105584,21,Male,8.26,61.9,0,64.1,31.9,50.5,72.2,2,1,1,2.4,3,0,0,990,2,71.8,65.5,58.8,70.1,62.4,118.8,70.2,Software Development,0
STU105076,22,Male,7.62,72.9,0,48,67.1,45.6,58.1,2,0,0,0.5,1,1,1,912,3,50.7,66.5,74.5,88.3,90.2,26.1,70.5,Cloud Computing,0
STU102213,23,Female,7.1,83.6,0,46.9,39.3,56.2,53.6,1,1,0,0,4,2,0,713,2,64.6,74.1,75.7,64,56.3,70.9,66.4,Cloud Computing,1
STU105447,20,Female,7.15,72.4,1,45.1,36.9,70.4,41.1,3,1,0,,3,2,1,562,3,70.2,62.8,66.8,73,60.4,64.4,70.5,Software Development,0
STU109232,22,Female,7.23,100,2,49.5,47.4,53.5,54.6,1,0,0,0.7,2,0,0,804,3,52.8,49.7,,40.5,38.8,74,59.8,Software Development,0
STU106757,21,Male,8.08,99.3,0,45.4,62.5,42.7,59.6,0,0,1,4.7,3,2,0,1227,0,58.7,58.2,62,61.2,62.9,17.1,57.5,Business Analytics,0
STU108079,22,Male,8.39,77.4,0,67.1,51,61.6,32.6,1,0,2,10.4,3,1,0,827,0,83,64.4,66.5,62,31.8,40.1,67.3,Cloud Computing,1
STU104886,21,Male,8.66,91.5,0,82.9,52.2,68.3,79.7,4,0,1,5.5,2,1,0,925,4,83.4,71.5,85.4,55.9,99.2,29.1,87.4,Cloud Computing,0
STU100253,24,Male,7.04,75.6,0,26.7,80.6,66.2,79.1,2,0,2,8.2,0,1,0,639,2,59.5,64,74.3,40.7,27.9,40.2,71.8,Software Development,0
STU104702,21,Male,7.8,71.3,1,50.8,53.7,46.9,49.7,1,0,0,0,2,0,0,986,2,63.3,56.6,65.3,59,63,8.7,71.2,Software Development,0
STU109302,21,Female,6.76,84.3,1,15,57.6,43.8,60.6,1,0,2,9.3,4,1,0,431,7,64.3,49.2,67,43.6,57.5,101.1,84,Data Science,0
STU102942,23,Male,8.17,74.6,0,69.3,74.1,68.1,90.5,3,0,1,3.7,4,2,1,890,3,59.9,71.5,71.1,66.1,76.3,36.7,98.1,Data Science,0
STU103187,21,Male,8.68,76.4,1,51.7,78.4,52.8,55.1,3,1,0,1.5,4,1,0,510,5,56.8,62.6,72.9,63.6,46.6,50.5,78.3,Cyber Security,0
STU100574,21,Male,8.36,85.6,0,71,,47.8,74.8,3,2,4,19.4,0,0,0,908,2,80.4,74.6,80.8,53.3,36.5,20.7,83.3,Software Development,0
STU102550,22,Male,7.8,94.1,1,59.6,43.3,25.6,80.2,3,0,0,,1,5,0,931,6,79.8,51.6,62.3,76.5,56.8,111.6,61,Business Analytics,0
STU105281,20,Male,6.79,83.7,2,48.7,42.3,50.9,49.1,2,0,2,5.1,2,2,0,947,1,63.8,52.3,65.4,55.6,64.7,70.4,65.2,Business Analytics,0
STU103224,20,Female,7.19,81.1,1,49.8,50.9,74.8,50.6,4,3,0,0.8,2,2,0,248,4,55,71.7,83.7,55.9,60,42.7,69.7,Cloud Computing,0
STU102734,21,Male,5.89,89.5,2,26.3,37.5,58,17.7,3,0,0,0.5,0,2,1,667,2,53,55,69,56.6,60.2,71.2,52.1,Business Analytics,0
STU107927,22,Female,8.55,76,0,37.8,56.9,73.4,55.2,2,0,0,1,3,2,1,533,2,67,63.9,60.1,79.5,70.6,125.9,77.5,Cloud Computing,1
STU109379,24,Male,7.16,88.6,1,42.5,70.2,66.2,47.8,1,1,3,9.6,2,3,0,629,0,63.2,55.9,86.8,56.9,55,28.7,67.4,Cloud Computing,0
STU109764,23,Female,8.91,82.4,0,40.5,52.4,55,66.3,3,1,2,9.3,2,0,0,422,2,62.5,59.2,50.9,54.8,40.4,47.8,73,Software Development,1
STU104484,22,Female,8.6,70.1,1,54.5,61.7,62.5,78.6,5,1,2,6.7,1,0,0,571,8,71.8,53.1,65.6,46.3,50.6,50.3,90.2,AI/ML,0
STU101006,22,Male,7.23,83.2,0,36.8,89.6,44.2,69.3,3,2,1,3.1,3,1,0,895,4,66.7,62.1,58.5,17.3,42.5,69.4,77.2,Data Science,0
STU104655,22,Female,7.48,81.9,0,36.6,53.2,44.1,79.9,0,0,0,0,2,2,0,666,0,76.1,66.7,69.6,73.3,38.6,32.3,82,Software Development,0
STU109600,20,Male,8.56,82.8,0,88.3,51.6,76.4,78,3,0,0,0,1,0,0,984,3,65.2,45.4,75.9,71,62.4,51,49,AI/ML,0
STU106778,22,Male,7.63,77.8,0,29,69.7,48.1,44.2,1,0,0,,4,1,0,785,2,57,61.1,88,38.2,51.1,37.2,68.2,Data Science,0
STU100518,21,Male,9.4,83.4,0,76.1,64.3,53.3,66.1,2,1,0,0,5,1,0,1379,5,59.7,46.4,59,46.8,60.9,120.5,77.5,Software Development,0
STU105426,21,Female,6.69,61.1,1,36.1,83.5,,45,6,3,1,3.4,1,3,1,1141,5,69.6,80,79.2,63.8,72.8,44.2,75,Data Science,0
STU109249,23,Other,6.4,85.4,1,53.7,61.2,77.6,48.4,1,1,4,15.8,3,2,0,1010,0,66.5,,80.3,66,57.6,65,88.5,Software Development,1
STU104163,22,Female,8.06,72,1,67.4,75.6,36.3,58.2,4,0,1,3.5,5,0,0,669,3,75.8,66.7,84.3,76.3,80.7,21.3,75.9,Software Development,0
STU103227,21,Male,6.35,73.5,0,50.9,56.1,37.3,42.3,2,0,1,5,2,0,0,689,2,63.5,76.5,69.1,48.7,48.4,83.6,76.2,Cyber Security,1
STU103915,19,Female,6.99,92.4,0,61.8,50.8,,41.7,3,1,0,,6,0,0,1396,4,74,52,65,41.7,55.5,51.6,60.5,Data Science,0
STU105433,21,Female,7.34,83.4,1,42.8,52.5,24,49.4,0,0,2,6.1,1,0,0,544,0,65.9,58.2,63.5,77.8,51.1,50.3,73.6,Business Analytics,0
STU108548,24,Female,6.77,96.7,2,42.3,44.9,77.5,61.1,5,2,2,9.4,5,1,0,888,5,,61.6,,35.5,65.1,36.7,86.4,AI/ML,0
STU106186,20,Male,7.7,89.4,2,46.1,52.9,58.9,41.9,1,0,0,0,2,1,1,1229,2,,44.9,56.4,63.3,24.8,29.3,71.5,Cyber Security,1
STU107328,21,Female,6.25,68,1,43.7,20.9,47.9,47.1,3,1,0,0,1,1,1,548,3,80.2,63.4,66.4,61.4,59.9,78.5,68.5,Cyber Security,0
STU102643,21,Female,8.06,79.4,1,66.5,67.3,33.2,74,2,0,3,14.7,1,0,0,1176,2,71,57.5,67.6,37.5,73.3,32.4,78.1,AI/ML,0
STU103572,23,Male,5.87,,1,39.2,31.7,50.6,32.2,1,1,1,2.5,0,2,0,1123,2,65.1,46.7,68.5,79.1,60.5,47.2,51,Data Science,0
STU105845,23,Male,7.45,70.4,1,68.5,67.9,70.8,49.6,5,1,3,15.7,4,5,1,803,5,97.7,83.7,71,57.9,62.1,146.7,95.7,Business Analytics,0
STU108653,22,Male,7.91,77.9,0,36.8,57.4,62.4,55.9,2,1,1,5.9,1,2,0,862,1,56.9,58,90.7,63.4,42,10.9,72.6,Data Science,1
STU106527,23,Female,8.25,74.4,0,79,78.6,36.1,59.8,5,0,0,0.7,3,3,0,1061,5,53.8,64.6,69.9,52.6,43.8,67.6,63.9,Software Development,0
STU101715,21,Male,7.24,90.9,0,66.6,40.7,61.5,71.5,4,1,1,3.5,3,2,0,878,3,55.1,,71.5,62.5,50.1,90.4,74.8,Cyber Security,1
STU100417,23,Female,6.98,86.2,2,38.3,34.6,53.1,35.9,1,0,1,3.5,3,0,0,1332,0,78.7,40.8,77.3,41.3,80,78.6,68.3,Cyber Security,0
STU109934,22,Male,8.02,68.2,1,24.7,56.9,40,62.6,3,0,0,0.3,1,1,0,351,3,44.6,66.9,65.3,61,50.7,42.9,58.8,Software Development,1
STU105528,22,Other,7.41,70.9,0,40.1,53.6,60.6,24.3,2,0,0,0.2,0,0,0,488,3,52.3,56.5,68.2,49.5,76.9,29.9,63,Business Analytics,1
STU109482,21,Male,5.63,94.4,0,24.2,34.9,40.1,66.2,2,1,2,7,1,0,0,718,1,61.9,39.5,61.8,48.3,62.1,14.8,72.9,Cloud Computing,0
STU107424,22,Male,7.89,77.6,0,39.9,65.9,56.9,58.5,4,1,1,3.8,2,2,0,834,6,56.3,73.7,67.2,27.7,82.9,30.3,66.1,Software Development,0
STU102565,23,Male,6.64,83.4,0,21,58.4,71.3,44.9,2,1,2,4,2,0,0,586,3,93.5,52,75.1,65.9,75,20.3,,Data Science,0
STU103614,21,Male,7.97,67.9,0,56.1,69.6,43.5,46.8,1,1,2,6.5,2,3,0,556,1,70.2,60.3,66.1,62.1,59,106.9,63.5,Data Science,0
STU103591,22,Male,8.16,96.3,1,76.4,99.8,32.2,72.6,3,0,0,1.2,1,1,0,919,2,82.1,72,49.7,46.1,50.8,38.6,87.1,AI/ML,0
STU106796,24,Female,9.37,76.8,0,71.3,50.5,53.7,71.9,2,2,1,4.3,2,0,0,791,3,,65.6,65.7,85,41.9,15.6,72.4,AI/ML,0
STU105366,24,Female,8.78,75.9,2,59.2,79.1,60.3,68.3,1,0,0,0.6,2,1,0,935,0,71.5,65.4,74.7,41.9,54.9,18.6,75,Cloud Computing,0
STU109338,21,Female,7.52,66.8,0,67.2,58.5,66.4,54.6,0,0,1,6.9,2,0,0,534,0,69.5,65.1,77.2,62.2,27.6,86,79.4,Business Analytics,0
STU108295,22,Female,5.67,79.3,1,15,52.4,51.2,36.5,2,1,1,4.9,1,2,1,263,2,80.7,56,75,50,78.1,45,69.7,AI/ML,0
STU100863,22,Male,7.36,87.4,0,,54.6,,59.7,1,1,1,3.6,0,1,1,846,3,63.3,61.1,56.7,63,94.4,67.9,73.4,AI/ML,0
STU106113,22,Male,8.1,88.7,0,71.2,43.6,77.5,51.6,4,2,0,0,2,0,0,878,3,,77,65.3,52.4,52.4,37.9,56.8,Data Science,1
STU108786,22,Male,8.25,82.8,0,71.8,36,62.9,58.2,2,2,1,6.1,3,1,0,428,2,67.8,65.8,69.7,48.1,59.8,44.3,80.1,AI/ML,0
STU102999,23,Female,7.56,71.3,0,57.2,71.3,65.6,46,2,1,4,13.7,1,0,0,553,1,56.8,70.6,95.8,59.4,33.1,,75.7,Cloud Computing,0
STU104475,21,Male,7.04,69.6,1,52.7,55.7,69.6,55,2,1,0,0,1,1,1,903,1,44.2,44.8,75.1,56.6,46,104,72.9,Software Development,0
STU106502,23,Female,7.29,73.6,2,68.2,77.7,51.3,64.6,5,2,1,5.5,0,2,0,791,4,69.7,,60.6,52,52.8,26.1,76.8,Cyber Security,0
STU103087,20,Male,7.8,73.2,0,32.8,63,59,81.2,4,1,1,4.4,1,3,0,753,3,54.5,66.8,75.4,52.4,59.5,11.5,99.5,Data Science,0
STU102372,21,Female,6.68,73.1,0,52.3,40.8,51.1,32.3,5,3,2,8.9,2,1,0,788,5,55.1,69,68.6,44.4,77.5,36.9,75.9,Business Analytics,0
STU108985,22,Female,6.47,78.9,0,42.1,47.7,22.9,73.7,2,1,2,7.1,3,4,0,296,1,65.9,56.1,63.6,65.4,40,21,70.1,Software Development,1
STU103092,21,Male,7.98,81.6,0,,96.1,60.7,73.8,3,3,4,17.1,2,2,0,1133,4,87.9,55.1,82.3,52.1,47.1,30.1,78.8,AI/ML,0
STU105429,23,Female,8.06,71.7,0,44.2,64.6,87.4,42.4,5,1,2,5.3,1,0,0,552,6,67.2,64.5,76.6,76.9,100,56.1,67,Software Development,0
STU105201,22,Male,6.8,87,0,15,51.2,55.5,67.1,5,3,0,0,3,0,0,674,4,46.5,63.6,60,44.7,79.5,68.2,83.6,Data Science,1
STU103390,21,Other,6.8,77.6,1,31.8,43,61.9,37.2,2,1,1,3.3,1,2,0,399,1,44.3,58.4,70.4,64.2,53,48,79.6,Business Analytics,0
STU108403,21,Female,9.13,92.6,1,90.2,69,48.3,48.5,3,1,1,1.7,2,1,0,1400,2,61,55.1,68.3,60.4,68,48.7,51.5,Software Development,0
STU100316,21,Male,7.92,89.8,0,64.2,63.9,31.4,52.6,6,3,1,4.8,6,1,0,636,7,73.7,70,67.6,39.5,39,70.7,58.6,Data Science,1
STU100555,22,Male,6.01,93.3,0,39.2,49.1,66.7,44.6,3,3,1,3.6,3,0,0,576,5,86,60.4,67.7,52.1,22.9,19.7,,AI/ML,0
STU101580,22,Other,5.95,76,0,56.3,65.2,76.4,15,2,0,0,1.2,1,1,0,651,3,40.5,42.8,80.9,50.5,29.9,30.9,69.6,Software Development,0
STU107736,21,Male,6.52,,0,,75.4,61.1,27.8,0,0,1,2.7,1,1,0,600,3,57.8,55.4,72.4,53.1,84.7,118.4,77.7,AI/ML,0
STU107414,23,Male,8.2,76.7,0,59.7,70,68.8,72.5,2,0,0,0,2,1,0,589,4,58,58.7,67.3,69.2,41.7,,,Business Analytics,0
STU106821,22,Male,9.71,85.8,2,71.2,69,61,65.8,3,1,0,0,1,2,0,792,2,62.6,67.6,66.2,45,53.7,94.5,85.3,Software Development,1
STU106429,23,Male,8,86.6,2,55.3,68.9,65.6,48.6,5,3,0,0,2,0,0,831,6,46.6,49.7,81.6,53.4,65.1,73.2,86.6,Business Analytics,0
STU102200,21,Female,7.5,82.7,0,33.1,59.1,74.8,54.8,2,0,0,1.3,3,2,1,749,2,62.7,61.8,68.9,61.6,59.7,26.6,,Cloud Computing,1
STU103382,22,Male,5.59,83.7,1,36.1,58,34,55.4,0,0,0,0,1,1,1,893,0,73.3,53.4,57.8,71.8,71,38.6,50.1,Data Science,1
STU104420,23,Male,7.49,84.3,1,64.6,62,54.2,35.7,3,2,0,0,2,2,0,884,5,49.5,61.9,68.7,66.6,41.2,41.6,79,Data Science,1
STU104634,20,Male,7.09,71.3,0,50.2,54.6,74.4,41.6,1,0,1,4.8,4,0,0,571,1,68.5,57.2,73.1,50.2,29.2,76.7,47.6,Software Development,1
STU109307,22,Male,7.74,61.1,1,61.8,63.7,62.7,46.1,1,0,1,2.8,0,0,0,986,1,56.8,64.3,66.1,37.6,73.9,30,77.5,Software Development,1
STU109696,22,Female,8.61,,0,77,67.6,51.6,48.8,4,1,0,1.7,2,2,0,940,4,45.4,49.3,72.3,37.1,52,64.8,74,Data Science,0
STU106299,23,Female,6.89,96,0,59.8,48.2,45.3,60.7,3,2,2,6.7,1,1,0,659,2,62.4,42.2,74.9,44.1,53,76.5,63.3,Cyber Security,1
STU103779,22,Female,7.26,81.6,1,74.7,43.2,64.2,47.9,3,1,3,9.4,1,2,0,856,5,75.7,80.2,82.6,55.9,31.4,69.2,59.9,Software Development,0
STU109624,22,Female,8,73.3,0,64.4,51.3,41.9,70.7,2,1,1,6.2,0,1,0,1005,2,,,64,55.9,38.2,50.8,79,Cloud Computing,0
STU103447,21,Male,8.45,90.9,0,25.2,52.5,25.9,90.3,4,3,1,,2,1,0,846,3,61.2,83.6,46.1,40.8,36.4,26.1,59,Software Development,0
STU107700,22,Female,6.7,81.4,0,33.8,30.6,33.8,47.2,3,2,1,3.9,0,0,0,686,3,49.3,66.6,79.1,69.9,60.4,36.8,82.6,Data Science,0
STU104789,24,Female,6.29,71.8,0,47.6,52.5,81.8,60,3,2,0,0.3,2,2,0,586,3,77.2,47.5,88.7,55.2,25.2,14,89.3,Data Science,1
STU101845,20,Male,7.05,86.6,2,53.6,45.4,57.5,57.1,0,0,3,8.1,4,3,0,916,1,77.7,51.9,66.3,59.6,24.8,9.3,74.5,AI/ML,0
STU104672,21,Female,6.46,81.6,0,58.8,67.9,44.7,29.3,1,1,3,9.6,3,1,0,497,0,,49.6,76.6,45.7,58.4,41.7,71.8,Cyber Security,0
STU103085,21,Female,7.62,82.6,1,40.5,48.3,75.7,50.1,3,1,1,3.8,5,0,0,629,3,44.8,64.3,80.1,31.7,36.4,44.3,74.5,AI/ML,0
STU102713,22,Male,6.08,65.5,0,40.1,17.2,63.6,34.1,2,0,1,6.3,4,5,2,880,3,62.8,56.4,85.7,71.6,48.9,35.7,,AI/ML,0
STU108523,22,Male,7.85,88.9,1,61,82.1,83.2,58.4,5,1,1,6.3,2,4,0,799,6,62.6,64.8,78.4,62.2,63.6,16.7,74,Data Science,0
STU106180,21,Female,6.85,,0,39.8,40.3,58,34.5,5,0,1,5.2,2,1,0,584,5,58,64.4,86.7,57.8,51.4,32.5,45.5,Cloud Computing,0
STU108343,20,Female,5.92,90.5,0,63.1,15,74.2,44.5,2,1,1,4.3,2,1,0,453,2,61.3,73.2,66.6,40.1,71.2,105.5,80.6,AI/ML,0
STU102866,20,Male,8.03,83.8,0,54,63.3,57.2,51.9,4,1,0,1.5,1,2,0,922,3,62.6,50.1,61.8,73.4,45.3,28.5,64.9,Data Science,0
STU108814,22,Male,8.09,90.8,1,49.2,,90.3,80,3,1,0,0,4,0,0,607,3,60,61.7,70.8,41,66.6,99.8,100,Software Development,0
STU103866,20,Male,7.88,85.9,2,46.5,53.6,100,73,2,2,3,15.6,1,0,0,259,1,58.8,43.4,90.2,63.4,58.1,86.2,81.5,Data Science,0
STU106457,22,Male,5.68,83,0,36.7,50.8,69.2,43.4,5,2,1,4,3,0,0,732,6,76.5,80.8,71.3,54,34.7,36.9,64.1,Data Science,0
STU100851,21,Male,7.11,69.4,0,70.3,49.8,60.7,58.6,3,1,0,0.2,1,0,0,766,2,58.4,55.6,62.7,39.5,60.9,66.4,88.8,Software Development,0
STU102137,22,Female,7.8,,2,68.3,47.2,76.4,78.2,3,2,1,,1,1,1,1141,3,39.6,68.7,91.5,72.8,52.7,57.6,98.1,Software Development,0
STU104892,20,Male,7.08,79.8,0,51.2,53.9,46.6,52.5,3,0,1,,0,2,1,944,6,60.9,66.4,88,23.3,35.9,64.5,72.3,Software Development,0
STU103461,22,Male,7.27,72.3,0,58.2,50.8,52.6,79.7,4,0,1,6.1,4,0,0,798,5,68.3,69,66.3,44,53.6,55.7,96,Software Development,1
STU104514,21,Male,8.33,70.7,3,54.5,58.7,46.9,69.1,3,1,1,5,1,1,0,833,5,67.5,83.9,73.6,78.3,57.9,11.1,86.8,Business Analytics,0
STU103278,19,Male,7.66,79.2,0,46.8,66.2,58.8,70.1,4,3,0,0,6,2,0,787,4,46.9,72.6,62,49.3,33.5,,93.4,AI/ML,0
STU103741,20,Male,8.32,80.3,3,57.7,57.8,55.3,62.9,1,0,0,1,3,1,0,552,1,69.2,60.9,74.6,45.5,54.5,19.6,94.2,Data Science,0
STU103934,23,Female,7.15,75.3,0,39.3,60.5,56,60.5,4,0,0,0.8,4,1,0,711,3,60.2,,78,43.7,62.8,49.9,64.7,Software Development,0
STU101511,22,Male,6.91,84.5,1,44.4,43.3,60.5,45.8,5,3,0,0,2,0,0,1018,4,63.2,58.9,62.1,75,59.6,129.6,68.6,AI/ML,0
STU107677,21,Female,7.91,70.4,1,54.6,54.6,71,69.2,2,1,0,0.3,2,2,0,1168,2,66.2,61.6,73,50.9,68.6,38.7,79,AI/ML,1
STU103081,21,Male,6.31,70.3,0,46.9,35.6,53.5,35.8,1,0,0,0.2,3,2,1,746,1,,61.1,74.2,91,55.5,35.3,67.5,Software Development,0
STU101639,22,Female,5.85,92.1,1,37.2,29.2,66,52.4,0,0,1,4.7,2,0,0,486,0,74.7,59,64.8,71.6,75.7,28.8,72.5,Software Development,0
STU104301,21,Female,7.2,84.1,0,52.9,47.2,58.5,35.3,3,2,0,0,0,0,0,671,4,,65,71.2,43.7,84.7,68,67.3,AI/ML,0
STU108625,20,Male,8.29,76.8,0,70.2,51.1,74.3,70.2,6,2,2,7.9,4,1,0,1050,6,83.1,79.2,73.3,41.7,73.3,24.5,75.6,Cloud Computing,0
STU109474,23,Female,9.1,87.3,0,72.5,49.4,77.7,56.4,2,1,1,2.9,1,0,0,1105,4,61.1,57.6,69.5,57.3,74.7,24.2,74.9,Software Development,1
STU108033,22,Male,7.34,89.1,1,34.1,62.7,63.4,66.8,2,0,1,3.6,0,1,0,925,2,65.9,60.5,79.6,40.5,48.6,47.1,89.1,Cyber Security,1
STU100971,21,Male,8.95,82.2,0,63.7,,63.7,99.8,5,2,0,0,1,0,0,278,7,78,71.5,76,18.6,72.4,55.4,72.7,Cyber Security,0
STU102356,19,Female,7.62,65.9,2,29.3,66.1,71.5,53.2,2,2,0,0.3,3,1,0,761,2,69.7,55.4,75.9,57.7,51.3,24,100,Software Development,0
STU106233,22,Female,7.88,88.3,0,32.3,61.9,62.4,66.7,2,1,1,4.5,3,0,0,541,1,73,65.3,77,31.6,63.2,94.3,74.8,Software Development,0
STU103580,20,Female,7.27,71.1,1,62,20.1,77.8,47.4,4,2,1,6,2,1,0,721,3,65.7,74.9,85.8,46.6,60.6,49.3,72.4,Data Science,0
STU103459,21,Male,7.28,77.7,1,55.1,57.2,58.6,66.7,1,0,0,,0,2,0,623,0,43.2,50.8,68.5,58.1,27.2,157.4,68,Data Science,0
STU108700,20,Female,7.24,84.2,0,56,66.8,51.5,27,2,0,0,0,3,3,1,656,1,80.9,60.1,66.4,85.9,64.7,33.6,56,Data Science,1
STU107294,22,Female,8.18,74.5,1,71.4,57.2,,66.7,4,1,1,6.5,2,1,0,757,4,71.4,72.2,74.7,34.5,53.7,68.5,85.2,Business Analytics,1
STU104359,21,Female,7.19,84.3,1,66.3,69,51.9,40.8,6,4,0,0,2,1,0,526,5,70.2,85.1,71,65.7,70.7,76.1,,Software Development,0
STU107720,20,Male,7.92,77.7,0,64.2,67.7,57,24.2,3,1,1,4.2,1,3,1,1066,4,62.5,54,62.4,45.8,84.8,20.8,79.5,AI/ML,0
STU108161,21,Male,6.87,81.1,0,26.1,63.5,72.3,47.3,4,2,3,12.1,3,0,0,544,4,62.2,57.5,78.4,63.5,37.1,9.6,81,Cloud Computing,0
STU106115,22,Other,7.26,69.6,2,44.8,33.4,75.5,23.2,4,2,0,1.3,1,0,0,614,3,44.9,67.2,74.9,57.1,51.2,90.4,72.6,Business Analytics,0
STU105196,23,Female,8.76,78.7,0,40.7,75.2,33.1,73.9,5,2,2,6.6,4,1,0,598,4,70.8,78.7,69.4,88.1,68.3,10.9,73,AI/ML,1
STU101375,22,Male,7.34,65.3,0,51.6,56.5,53.6,55.6,2,1,2,7.7,5,1,0,692,6,59.8,74.2,70.6,45.7,28.4,83.9,80.7,Data Science,0
STU101635,22,Male,7.45,80,3,37.6,27.2,43.6,53.9,2,1,1,3.7,3,1,1,854,2,72.1,52,,36.7,36,77.5,66.8,Software Development,0
STU105768,24,Male,9.59,,1,85.3,79.9,70.7,61.9,6,2,0,0.8,0,1,0,813,6,62.2,77.3,75.5,61.1,46.1,40.4,76.5,Software Development,0
STU101141,24,Male,7.33,93.5,0,51.3,55.7,53.1,54.2,4,2,1,5,1,0,0,745,4,67.2,65.9,64.7,43,71.2,64.6,54.7,Software Development,0
STU100990,21,Male,7.38,,0,49.4,44.2,45.7,41.1,3,2,3,16,1,0,0,959,3,82,45.7,76.9,64.7,79.7,54.1,65.8,Data Science,1
STU100521,21,Female,6.76,77.8,1,58.3,49.6,47.9,43.8,4,2,0,0,4,0,0,888,3,61.8,85.3,59.4,61.2,55.5,64.6,61.2,AI/ML,0
STU108245,22,Female,6.72,80.5,0,27,39.1,87.3,56.6,6,1,1,4.1,2,2,0,276,7,64,84.3,77.4,69.6,50.5,34,87.3,Cyber Security,0
STU101318,22,Female,9.07,75.3,0,76.9,92.9,72.2,35.2,2,0,2,9.2,1,2,1,1045,3,55.7,58.6,58.6,64,25.2,56.6,81.8,Software Development,0
STU109692,23,Female,6.82,73.4,0,54.2,35.1,54.9,34.8,6,1,1,4.3,3,0,0,918,7,73.4,74.8,71.3,55.5,75.1,27.9,60.4,AI/ML,1
STU103568,20,Female,8.39,82,0,65.7,80.3,57,35.6,3,1,0,0.9,1,0,0,596,3,37.6,59.8,65.8,42.7,68.3,147.2,65.7,Software Development,1
STU102754,22,Male,8.45,75.5,1,90.6,59.7,32.6,44.9,1,0,0,1.6,4,3,1,870,0,56.9,61.9,59.8,68.6,60.3,38.6,49.1,Software Development,0
STU101032,22,Male,6.21,90.2,2,35.7,60.1,79.1,39.6,1,1,2,7.8,2,1,0,431,2,54.7,60.3,75.1,25,50.2,157,79.6,Data Science,0
STU104857,20,Male,8.22,80.5,1,83.7,60.8,57.8,71.9,2,1,2,8.8,1,2,0,1145,1,64,47.6,74.8,53.4,48,35.9,85.2,Cloud Computing,1
STU109893,21,Male,7.68,78.4,0,61.9,27.9,47.9,77.5,2,0,1,4.5,5,1,0,1034,3,82.9,59.4,55.1,60.7,83.6,99.7,62,Data Science,0
STU108981,22,Male,8.23,83,0,40.6,70.7,73.9,56.1,5,0,0,1.4,3,3,0,872,5,66.7,75.3,79,43.2,46.6,67.2,90.3,Data Science,0
STU100535,20,Female,7.8,81.2,0,62.7,41.6,57.7,46.8,4,1,0,1,2,4,0,1234,3,80.2,64.1,78,56.6,60.7,79.4,58,Software Development,0
STU104701,23,Female,8.18,93.3,0,58.7,78.7,58.5,77.9,3,1,0,0,3,1,0,564,3,60.8,78.9,67,51.6,94.3,29.8,80.9,AI/ML,0
STU101769,21,Male,7.68,72.6,0,66.2,56.6,69.8,38.9,4,1,0,0,2,1,0,358,4,62.1,49.9,73.4,46.1,58.7,74.6,84.6,Business Analytics,1
STU102820,23,Male,6.75,87.5,1,57.5,44.2,35.3,59,2,0,0,0.4,2,0,0,1112,2,46.9,48.6,80.3,56.5,61.1,115.6,62.7,Data Science,0
STU108065,22,Female,6.22,79,1,50.2,37.4,72.7,49.7,3,1,4,20.5,2,1,0,780,3,57.8,54.8,70.9,44.9,34.5,21.7,78.5,Cyber Security,0
STU105693,21,Female,7.32,63.4,0,45.2,44.5,60.9,58.5,3,1,2,5.5,2,2,0,810,2,45.4,64.9,80.1,62.9,76.4,47.8,62,Software Development,1
STU103842,22,Male,6.74,95.8,1,34.3,36.2,66.7,63.5,3,1,0,0.8,1,4,0,729,2,42.5,70,85.9,45.1,76.6,38.4,72.6,Business Analytics,0
STU108138,22,Male,7.84,75.8,0,49.1,80.2,46.7,53.4,1,0,0,2,3,0,0,699,2,54.8,59.6,67.3,75,67.9,44.2,79,Business Analytics,0
STU103144,22,Female,7.07,100,1,62.3,65.7,70,52.3,4,0,3,11.7,1,1,0,705,3,89.5,64.5,80,74,41.1,50.9,72.7,Data Science,0
STU105226,22,Male,7.45,90.2,1,48.4,72.3,75.5,49.5,3,0,4,16.5,2,0,0,895,3,67.9,62.3,93.4,67.6,71.2,36.3,65.6,Data Science,0
STU106851,23,Female,6.99,97.3,1,45.9,47.5,82.6,27.1,1,0,0,0,0,1,0,412,0,55.5,43.6,67,28.7,65.9,44.8,71.7,Software Development,0
STU107611,22,Female,8.14,87.4,0,63.7,56.4,41.2,41.7,2,2,0,0.3,2,2,1,571,3,66.7,58,70.4,69.1,63,82.2,70.3,Business Analytics,0
STU105026,19,Male,6.11,78.1,0,57.4,54.4,65.6,51.6,1,0,0,0.2,2,1,0,632,1,52.9,45.6,68.8,40.3,35.9,45.2,78.7,Data Science,0
STU101982,21,Male,8.91,82.9,2,65.6,80.1,56.9,80.5,2,2,2,7.2,2,1,0,985,1,73.1,70.3,75.5,47.3,37.6,39.4,91,Software Development,1
STU107805,20,Female,7.94,86,1,74.6,52.5,88.8,60.3,4,0,0,0,1,0,0,917,5,69.2,71.9,86.6,27.7,71,69.5,73.9,Cloud Computing,0
STU103683,22,Male,6.27,76.7,0,17.1,55.7,71.3,45.3,2,1,2,8.7,0,1,0,202,2,60.3,36.6,73,57.6,81.2,56,,Data Science,0
STU106971,22,Male,8.16,93.4,1,65,60,80.1,64.7,4,2,2,6.7,1,1,0,873,4,82.4,75.6,79.9,33.6,50.9,32.6,82.6,Software Development,0
STU108743,20,Male,6.97,94.6,0,20.4,42.6,58.8,41.7,4,1,2,8.2,4,2,0,565,4,60,78.4,65,75.4,69.1,24.8,88.8,Data Science,0
STU103308,22,Female,8.92,88.6,0,67.3,53.4,25.3,71.8,2,0,0,1,4,1,0,824,3,61.5,63.8,67.2,47.3,82,16.1,78.1,Business Analytics,0
STU105520,21,Male,7.44,90.4,0,49.5,48.4,40.8,47.7,1,1,2,6.4,3,1,0,494,1,86.9,53.5,77,48.1,45.9,26.7,59.9,AI/ML,0
STU105130,22,Female,7.56,86.2,3,56.4,100,55.9,54,1,0,2,7.1,1,3,0,1046,2,63.4,55.2,67.9,62.2,10,60.1,76.3,Cyber Security,0
STU100096,20,Female,6.12,81.9,3,34.8,30,42.1,51.4,2,0,0,0,2,3,0,761,6,43.8,66.2,77.7,66.2,59.7,64.3,67.4,AI/ML,0
STU108849,22,Female,9.24,89,0,80.2,70.3,68,76.2,1,0,1,4.6,1,0,0,785,1,61.3,32.9,80.3,42.1,63.6,38.1,74,Data Science,0
STU102645,23,Female,7,89.3,0,34,59.7,26.4,67,2,0,2,5.5,1,0,0,460,2,78.9,43.7,63.1,59.7,64.2,68.5,61.2,Cloud Computing,0
STU104642,21,Female,6.94,70.7,1,44.6,61.4,47.4,58.7,0,0,2,6,2,0,0,487,0,47.8,46.3,46.8,47.1,26.4,,66.2,Data Science,1
STU100191,24,Male,7.99,100,0,38.2,84.3,59.5,64.3,2,1,1,3.5,3,0,0,126,3,74.1,59.3,81.3,56.2,54.7,,72.1,Business Analytics,0
STU100516,22,Male,7.55,88.1,0,66.1,41.9,40.8,46.2,0,0,0,0,2,1,0,824,0,57.9,44.2,72.6,28.3,65.1,102.5,65.7,Software Development,0
STU109916,21,Female,8.1,,1,74.9,69.9,48.9,71.6,6,1,0,0.2,4,3,2,942,5,67.5,73.9,50.1,62,73.2,62.4,64.4,Software Development,0
STU104930,23,Male,7.77,74.7,0,,62.4,56.2,61.8,2,0,1,2.2,1,1,0,340,1,67.5,63.3,61.5,25.1,64,69.2,70.6,Business Analytics,0
STU100713,21,Female,9.08,87.8,0,61.7,73.4,49.6,64,4,3,0,2.2,1,1,0,619,5,58,59.5,73.3,74.5,52.2,114.7,67.4,AI/ML,0
STU100381,22,Male,6.52,76.5,0,40.4,56.4,64.4,31.9,2,2,2,11.7,3,2,0,496,2,72.3,55.4,82.3,38.7,28.9,113.6,62.6,Business Analytics,0
STU101780,23,Male,5.26,82.7,1,27.6,40.3,51.3,55.2,4,2,0,0,2,2,0,1164,4,70.3,42.6,71.9,73.7,47.7,45.1,59.6,Software Development,0
STU108328,22,Female,7.07,93.4,0,48.1,51.8,,58.3,5,1,1,4.4,1,1,0,633,4,51.6,71,71,37.1,93.6,45.7,93.1,Cloud Computing,0
STU100956,23,Male,7.53,87,0,54.6,35.7,58,50.6,4,1,2,6.7,0,2,0,1007,4,70.8,51.7,66.6,73,39.4,27.1,77.2,Cyber Security,0
STU104212,22,Male,7.72,86,0,28.3,63.2,83.9,31.4,3,0,0,0,5,3,0,780,3,59.4,51.7,77.4,32.6,38,89,74.1,Data Science,0
STU106280,19,Female,5.69,72.8,0,56.5,33.1,30.9,55.1,4,2,2,6.6,1,0,0,170,4,52.7,54.2,,45.3,70.3,23.5,74.7,AI/ML,0
STU109361,21,Male,8.82,73.3,0,51.4,74.9,56.2,58.3,1,0,1,4.5,3,0,0,1067,1,77.4,42.6,79.5,71.7,61.9,57.5,68.7,AI/ML,0
STU104773,21,Male,7.1,88.3,0,76.1,30.8,57.7,75.4,4,2,0,2.2,2,1,0,1022,3,66.5,82,63.8,72.1,71.5,35.8,67.5,Cloud Computing,0
STU105380,23,Male,7.36,93.2,0,44.1,59.3,59.2,49.9,2,1,0,0,2,2,0,1009,2,54.9,84.8,73.3,41.2,49.6,98.5,73.8,Software Development,0
STU101002,21,Male,7.59,81.7,0,62,,57.5,61.9,1,0,2,6.8,3,4,0,886,0,50.7,66.9,56.4,73.5,77.1,24,63.8,Data Science,0
STU106587,23,Male,6.75,86.2,0,55.5,55.8,74.8,33.2,1,1,2,13.5,1,0,0,497,0,46.3,60.4,80.6,36,54.2,42.1,56.2,AI/ML,1
STU104292,20,Female,7.26,86.3,1,41.7,59.1,66.1,44.4,2,2,1,5.4,3,1,0,484,2,74.7,77.7,63.6,57,64.6,37.7,65.3,Cloud Computing,0
STU105132,22,Female,8.27,,1,59.5,63.2,49.4,43.7,1,1,1,4,2,0,0,352,0,64.3,52.1,81.6,54,52.9,14.1,60.9,Business Analytics,0
STU102096,23,Male,7.24,85.8,1,18.1,26.4,67.5,41,1,1,3,14.7,2,1,0,320,2,73.4,50.4,75.5,56.5,48.6,37.2,63,Software Development,0
STU102921,21,Female,7.44,85.6,0,,73.7,63.3,19.8,3,1,3,15.9,3,1,0,993,3,84.4,57.7,76.2,38.9,72.6,22.6,62,Software Development,0
STU104452,21,Female,6.52,71.2,0,41,30.3,49.8,30.2,1,0,0,0,3,0,0,920,3,64.7,64.5,76.8,41.9,19.1,20.2,66.3,Cloud Computing,0
STU109444,20,Male,7.55,86.7,1,79.4,79.6,75.5,71.7,1,0,1,4.7,2,2,0,713,1,72.8,54,69.4,74.2,59.2,74.4,89.6,Software Development,0
STU101658,20,Male,7.05,71.1,0,39.3,43.6,64.1,18.8,3,0,1,2.8,3,1,1,765,4,65.7,65.2,70.7,65.5,72.4,46.1,55.3,Cloud Computing,0
STU102069,22,Female,8.44,78.7,0,65.3,61,65.4,75,2,1,0,2.3,3,0,0,504,3,77.3,59,83.7,62.2,52.9,51.4,73.5,Business Analytics,0
STU104367,22,Female,7.86,85.3,0,23.7,72.8,70.2,78,1,0,1,4.8,3,3,1,477,2,75.4,57.9,71.7,73.2,78.1,180,78.8,Software Development,1
STU104545,22,Female,8.56,84,0,62.2,74,60.1,64.7,1,0,0,0.2,2,3,0,913,3,43.4,50.2,76.2,36,77.4,60.1,95.4,Data Science,0
STU100345,23,Male,6.61,72.7,2,26.2,66.1,62.7,,0,0,3,14.2,5,0,0,798,0,60.6,84.5,80.4,44.8,77.8,38.7,46.7,AI/ML,0
STU103662,22,Female,6.08,94.7,2,52.3,56.3,57.9,34.5,2,1,1,3.7,2,1,0,416,1,74.6,55.6,73.5,19.8,43.5,58.6,63.8,AI/ML,0
STU102056,22,Male,7.71,71.5,0,55,72.3,72.2,71.5,4,1,2,10.1,1,1,0,443,4,74.4,62.1,80.4,57.2,62.2,,96.6,Business Analytics,0
STU105321,22,Female,7.11,65.7,0,52.7,62.3,50.4,54,4,1,0,0.5,1,0,0,924,8,52.8,,76.7,43.9,43.6,66.7,72.8,AI/ML,0
STU105516,21,Male,8.95,75.9,0,78.1,54.5,72.5,65.5,1,1,0,0.6,2,2,0,652,1,77,54.9,73.1,60.8,65,39,85.7,Business Analytics,1
STU101175,22,Male,6.11,78,0,41,23.8,26.4,15,5,2,1,4,2,1,0,634,6,61.3,69.6,70.3,69.3,78.4,65,51.3,AI/ML,0
STU108911,23,Female,7.68,75.4,3,40.7,67.6,53.1,32.3,1,1,3,9.6,3,1,1,447,1,67.3,57.1,81.8,63.1,41.2,28.3,77.7,Cyber Security,1
STU102978,22,Male,8.42,76.6,0,49.3,55.8,56.7,57.1,3,0,1,4.2,4,0,0,570,4,52.4,47.9,73.3,60.7,69.1,21.7,73.9,Software Development,0
STU102610,20,Male,6.09,92.3,0,42.2,63,49.7,45.4,3,1,2,2.6,2,1,1,498,2,88.1,69.6,77.9,51.2,51.4,59.7,55.8,AI/ML,0
STU104940,21,Female,8.07,85.5,0,59,72,,63.1,4,0,0,0,3,0,0,969,7,51.3,75.2,73.9,63.4,85,64.3,48.3,Data Science,0
STU101665,23,Male,8.71,82.5,0,71.5,64.4,44.4,53.6,1,1,1,4.4,4,1,0,791,0,66.1,48.1,65.3,51.1,59.1,9.9,86.6,Business Analytics,0
STU100329,20,Female,6.42,82.2,1,41.7,58.3,93.9,25.9,2,0,1,4,2,3,0,846,1,58.3,50.8,77.9,33.8,51.2,56,85,Software Development,0
STU101523,21,Female,7.12,75.8,0,44.3,65.7,41.3,38.4,1,0,0,2,2,1,0,618,3,54.3,42.9,59,50.5,48,38.7,51.9,Software Development,1
STU107519,22,Female,8.65,84,1,80.9,66.7,54.2,67.8,4,1,1,2.9,2,2,1,1223,5,59.5,58.3,74.3,58.1,86.5,52.4,81.3,Cyber Security,1
STU107111,21,Male,5.38,87.6,1,32.7,54.2,70.1,22.3,1,0,0,0.1,2,1,0,371,1,54.9,55.6,66,59.9,44.8,77.2,74.6,AI/ML,0
STU104688,20,Female,6.69,81,0,18.1,43.9,59.7,49.9,3,1,1,5.1,4,1,0,767,3,65.1,66.1,67.5,64,69.2,72.4,78.2,Cloud Computing,1
STU105719,23,Male,5.9,84.2,1,47.8,56.2,79.5,21.9,4,1,0,0,2,2,0,640,4,58.3,,86.4,59.4,87.1,71.7,61.4,Software Development,1
STU101943,20,Male,7.85,62.3,0,46,50.5,68.7,76.4,2,2,1,4.2,2,2,0,790,1,47.1,63.8,90.6,58.9,41.2,61,73.1,Cyber Security,0
STU107423,22,Male,8.05,100,2,55.3,45.8,57.2,55.4,1,0,0,0,2,2,0,800,3,68.9,56.8,85.7,55.6,90.5,153.9,74.7,AI/ML,0
STU107842,19,Female,7.78,85.4,0,63.4,62.7,100,62.4,3,2,2,8.9,2,1,0,401,3,55.1,58.1,100,65.7,36.6,46.5,92,Business Analytics,0
STU101762,21,Female,7.71,83.7,1,55.8,74.9,71.4,63.3,1,0,3,15.2,2,5,0,811,0,81.7,54.1,79.1,54.5,53.8,61.3,86.1,Software Development,0
STU101128,22,Male,8.05,77.9,1,60.6,70.3,,40.4,0,0,0,0.5,5,0,0,671,1,72.7,62,65.9,28.3,58,39.3,85.4,Software Development,0
STU108135,22,Male,8.75,64.7,0,71,36,67.3,62.6,4,2,1,3.8,4,1,0,1078,4,58.7,59.2,70.5,66.8,57.7,79.5,88.5,Software Development,1
STU103554,20,Male,6.53,91.5,0,43.3,33.4,65.5,49.3,2,0,0,1.4,2,1,0,726,3,63.7,47.4,78.5,55.5,70.6,19.3,74.1,Software Development,0
STU104015,22,Male,8.68,82.4,0,87.2,62.5,44.1,47.4,3,1,1,4.7,1,1,0,813,3,66.7,73.9,62.7,63.7,44.7,21.4,62.8,Data Science,0
STU104819,22,Male,7.26,,0,76.8,55.5,61.6,15,1,0,1,1,2,0,0,1063,1,76.3,65,70.2,70.3,27.8,19,59.7,Cyber Security,0
STU108209,21,Male,7.92,94.5,1,45.8,37.4,68.7,37.8,1,0,2,6.5,4,1,0,884,1,82.9,78,75.1,49.4,58.6,21.4,66.1,Software Development,0
STU104110,22,Male,7.38,73.4,0,69.4,68.1,50.6,53.1,1,0,1,5.7,1,1,0,706,2,72.6,43.4,71.3,65.5,72.5,50.3,77.7,Cyber Security,0
STU109306,22,Male,9.28,81.4,1,66.1,62.7,67.4,76.7,3,0,1,6.8,1,3,0,609,3,65.5,65.9,,44.5,58.3,42.4,63.1,AI/ML,0
STU106746,22,Female,6.22,79.4,0,37.7,43.8,59.9,29.6,3,0,0,0.4,1,2,0,629,3,59.1,56.6,79.8,76.5,24.6,72.6,60.7,Cloud Computing,0
STU109333,22,Other,7.46,80.9,0,15.6,54.7,50,53.9,2,0,0,2.6,1,3,0,797,1,59.1,82.1,77,37.6,64.2,81.1,57.1,Cyber Security,0
STU102750,23,Male,8.77,70.1,1,73,79.4,58.1,100,0,0,1,1.1,2,0,0,944,1,65.2,56.7,68.8,64.7,81.7,16.5,85.8,Cyber Security,0
STU108392,21,Male,9.6,85.5,0,79.4,86.8,49.6,88.1,1,0,1,6,2,1,0,540,2,46.7,72.1,76.4,61.1,24.1,19.6,81.6,Software Development,0
STU107226,22,Male,8.07,87.4,0,52.9,69.5,51.1,55.4,2,1,0,0,3,0,0,927,2,61.5,58.8,89.6,52.5,48.6,30.8,70.2,Software Development,0
STU105049,22,Female,9.16,86,0,60.2,62.3,60.1,53.3,3,2,1,7.3,1,0,0,591,2,74.1,65.9,76.3,57.6,59.8,43.9,70.7,Software Development,0
STU102941,24,Male,7.77,68.2,1,52.8,73.7,38.8,28.2,1,0,3,,3,0,0,1051,2,79,39.6,74.4,24.5,66.7,301,62.4,Cloud Computing,0
STU104506,23,Female,7,69,0,65.2,49,39.1,33.1,0,0,0,0,1,0,0,701,0,36.8,69.1,77.3,63.6,63.8,63.6,63.3,Software Development,0
STU101265,22,Male,7.43,68.6,1,42.9,34.6,49.3,52.5,4,1,3,16.8,1,1,1,866,5,57.1,58.2,70.5,65.7,40.7,97.2,77.8,Business Analytics,0
STU102153,21,Male,8.02,65.3,0,85.9,40.8,66.9,72.2,4,2,0,0.5,1,1,1,913,4,51.3,53.5,86,35.6,96.8,81.5,80.4,Data Science,0
STU108728,21,Male,7.83,81.9,1,81,53.7,55,59,1,0,0,0.9,2,0,0,855,0,56.4,51.5,76.5,55.5,73.7,92.6,88.4,Business Analytics,0
STU103654,22,Female,8.66,98.4,1,70.1,60,59.4,,6,1,1,3.9,3,0,0,1054,7,53.6,98.8,66.2,55.8,47.8,44.9,70.5,Data Science,0
STU104236,22,Female,8.17,89.8,0,60.3,72.5,54.5,72.9,4,2,0,0,4,3,0,1285,5,58.8,83,85.1,63.8,65.5,57.2,81.2,Cloud Computing,0
STU101249,22,Male,7.63,89.4,1,56.7,62.3,74.5,65.6,3,2,2,7.4,4,1,0,885,4,83.8,92.1,78,57,46.8,133.5,77.2,Data Science,1
STU104888,23,Male,7.17,72.7,1,,57.3,54.5,42.4,4,1,0,0,5,0,0,443,4,,68.2,56,41.4,51.2,67,80.6,Data Science,1
STU108668,22,Male,7.34,86.9,0,46.3,47.5,66.5,52.8,0,0,0,0,0,1,0,702,0,63.3,43.5,75.3,56.6,85,38.2,66.4,Business Analytics,0
STU109322,20,Male,7.42,93.6,1,61.6,36.1,51,57.3,2,0,0,0.2,0,2,0,672,7,59.8,46.1,73,52.7,37.5,40.5,82.1,Software Development,0
STU104052,22,Male,7.26,84.4,0,62.6,71.1,58.4,51.1,5,3,1,4,1,2,0,626,5,64.7,68.5,63.2,69.8,38.9,41.8,62.7,Software Development,0
STU102414,20,Male,8.23,77.7,0,73.1,51.4,64,50,7,4,0,0.9,2,1,0,797,7,73.1,73.1,49.8,66.5,51,14.4,72,Business Analytics,0
STU108467,21,Male,6.61,69.6,3,15,43.1,58.1,28.7,2,0,0,0.1,4,1,0,258,2,74.3,44.7,83.2,63.9,52.9,15.5,74.5,Software Development,0
STU106858,24,Female,7.02,77.5,2,29.7,49.4,61.5,40.8,1,0,1,3.2,3,4,0,155,0,61.6,58.9,63,59.7,65.7,34.6,71.4,Cyber Security,1
STU109195,20,Male,6.28,76.9,1,48.8,41,70.2,53.9,2,1,0,0.3,3,2,0,766,1,72,,72.8,62.8,38.9,75.4,75.6,Cloud Computing,0
STU101714,22,Male,6.37,82.3,1,58,63.4,64.8,62,1,0,1,5.2,2,0,0,751,2,70.6,50.1,62.6,47.5,26.1,33.9,100,Data Science,0
STU102598,22,Male,6.87,72,0,47.2,42.6,73.2,40.7,0,0,1,2,4,1,1,777,1,66.8,66.6,73.9,41.3,51.3,16.5,79.5,Data Science,0
STU102167,25,Female,8.38,80.3,0,57.2,78,,79.6,3,1,0,1.4,2,1,1,568,4,53.8,45.6,76,21,100,28.2,90.7,Data Science,0
STU108747,23,Male,7.49,86,0,46.8,45.5,75.8,67.8,4,2,1,6.5,2,0,0,871,5,57.5,79.2,82.1,50.1,74.7,94.4,76.7,Data Science,1
STU103403,21,Male,7.81,78.6,1,100,44,66.7,45.5,1,0,1,3.4,3,1,1,1238,3,56,53,81.7,57.4,61.8,82.5,66.4,Software Development,0
STU107886,20,Female,8.35,,1,45.3,69.5,56.9,63,2,1,0,0,1,2,0,830,3,57.9,60.9,85.8,43.3,45.3,19.6,89.6,Cloud Computing,0
STU107643,20,Male,8.85,71.6,0,57.1,62.4,46.8,71.9,0,0,1,3.9,2,1,0,622,1,70.5,51.4,60.8,51.1,89.8,37.8,69.1,Data Science,0
STU101522,19,Female,7.9,65.2,0,46.3,42.6,47.7,70.8,1,1,0,0.7,1,1,0,489,1,51.7,55.3,53.4,66.2,64.6,12.2,81.9,Software Development,0
STU109656,19,Male,7.84,85.9,0,59.6,59.2,29.4,27.4,0,0,2,4.4,0,0,0,661,1,68.9,42.3,52.1,58.7,43.9,99.6,39.1,AI/ML,0
STU108485,22,Male,7.55,96,2,49.4,29.5,69.4,48.4,4,1,3,16.8,1,5,1,906,6,69.5,53.8,82.7,34.4,42.9,38.9,82.2,AI/ML,0
STU109498,24,Male,7.94,76.6,1,57.9,57.4,59.7,55,2,2,1,4.7,3,0,0,931,4,62,47.8,69.6,57.9,26.8,17.7,79.1,AI/ML,0
STU100801,21,Female,6.12,91.1,0,56.1,38.3,74.8,68.8,4,0,0,2.2,2,1,0,643,8,56.6,67.8,75.7,65.2,76.7,30.3,81.1,Data Science,0
STU108244,23,Male,7.87,80.7,0,45.8,65.6,57.8,70.5,4,1,1,4.8,2,0,0,670,4,68.1,53.7,63.2,15,51.5,29.7,72.3,Cloud Computing,0
STU109288,21,Female,7.28,70.7,2,50.5,72.9,37.9,31.8,3,1,0,0,3,1,0,572,3,57,64.3,83.1,38.1,53.8,38.2,58.8,Cloud Computing,0
STU107722,22,Male,6.14,83.7,0,34.7,37.9,57.5,74.7,2,1,2,7.3,0,2,0,611,2,55.4,54.7,62.3,53.3,54.5,76.1,62.5,Cloud Computing,0
STU105365,22,Female,6.57,87.9,1,46.5,45.5,56.4,60.1,2,2,2,8.6,4,1,0,564,2,69,56.3,75.6,40.3,45.6,177.4,74.8,Software Development,1
STU106645,21,Male,6.72,66.9,0,38.5,79.1,56.4,41.2,4,0,1,1.7,4,2,0,903,8,59.6,66.7,71.7,76,48.5,32.6,71.2,Cloud Computing,0
STU105108,21,Female,7.88,90.4,1,71.3,52.6,49.6,42.7,2,0,0,0,2,1,0,900,1,64.7,52.4,61.6,73.6,54.7,,54.6,Software Development,0
STU103732,22,Female,7.94,80.4,0,71.8,58.3,52.5,61.2,2,0,0,0,2,0,0,788,1,48.6,45.5,71.3,73,35.1,55.3,69.7,Data Science,1
STU106703,20,Female,8.14,76.7,0,46.9,53.5,51.8,77.1,3,1,0,0.4,1,1,0,1130,3,67,51,68.8,65.9,25.2,46.1,69.4,Business Analytics,0
STU105698,21,Male,8.14,66.9,1,57.5,65.1,69.1,57.9,3,0,1,5.1,0,1,1,585,4,47.4,67.5,86.8,40.2,50.8,87.6,76.3,Business Analytics,1
STU105486,23,Female,5.92,74.9,0,43.1,15,65.9,39,0,0,1,5.3,2,2,1,575,1,58.5,57.2,76.3,72.4,92.5,38,74,Data Science,0
STU101353,20,Female,7.78,72.5,0,40.5,63.8,62.5,43.8,0,0,0,0,3,3,0,763,2,48,41.1,81.4,68.7,66.9,87,72.6,Software Development,1
STU102160,21,Male,7.07,77.2,2,48.2,50.3,47.7,74,3,1,1,2,0,3,1,591,3,55.9,58.4,52,68.3,58.1,47.7,81.6,Cloud Computing,1
STU106551,22,Male,7.65,81.3,0,58.9,34.3,67.3,71.9,7,4,0,0,3,2,1,754,7,67.8,78.8,67.9,74.4,59.1,51.2,72,Software Development,0
STU101599,23,Male,7.5,76.9,0,48.2,40,44.7,61.7,5,1,0,0.2,2,3,0,1004,4,60.1,63.4,64.3,56.5,61,8.9,80.8,AI/ML,0
STU104044,20,Male,7.76,,0,59.8,30.2,53.7,74,3,1,1,3.5,3,0,0,969,6,58.6,63.8,78.9,58.7,92.2,93.1,78.5,Software Development,1
STU105021,21,Male,8.08,71.2,2,,54.3,63.9,64.3,2,1,0,0,0,5,1,642,2,70.8,48.2,63.7,40.5,51.5,9.4,55.9,Software Development,0
STU109582,21,Male,8.36,94.2,0,89,52.6,58.4,60.9,1,0,1,5.4,4,5,1,474,4,80.4,78.3,74.7,51.8,71.6,20.8,87.7,Business Analytics,0
STU105552,22,Male,8.2,88.1,0,48.7,47.5,42.1,59.9,3,0,1,4.2,2,2,1,1059,3,75.4,,70.6,63.2,17.3,53,72,Business Analytics,0
STU109757,21,Male,7.72,89.9,0,37.3,55.6,57,57.7,4,0,0,0,2,2,0,361,4,63.4,79.1,63.6,47.9,43.2,57,69.8,Cyber Security,0
STU104339,22,Male,7.51,98.2,4,60.1,39.9,68.2,60.3,1,1,1,3.1,3,4,2,485,2,67.3,66.9,80.9,52.7,34.5,76.5,82.9,Cyber Security,0
STU105397,22,Female,7.22,97.1,0,38.2,67.1,58,31.6,6,2,2,,1,1,1,391,7,73.2,78,64.9,67,71.7,56.8,65.2,Software Development,1
STU102694,21,Male,8.91,82.7,0,65.5,70.6,24.6,61.9,3,1,0,1.8,1,1,0,1146,4,55.5,46,78.1,63.1,79.6,12.6,89.9,Business Analytics,0
STU102395,21,Male,7.04,68.4,1,39.1,49.5,37.1,39.8,5,2,0,0.6,2,3,0,180,4,59,71.2,57.7,48.5,57.2,43.2,61,Data Science,0
STU105165,21,Female,8.47,84.2,0,66.1,52.2,56.5,64.5,3,1,1,7.9,2,1,1,664,3,54.8,51.7,80.2,59,25.6,97.2,80.6,AI/ML,0
STU106967,23,Female,8.83,86.4,0,78.6,56.4,52.7,61.7,3,0,0,1.7,2,4,0,907,3,75.5,67,85.4,55.6,52,37.4,71.4,Business Analytics,0
STU107482,22,Female,7.18,73.3,0,70.7,35.6,57.1,66.4,2,1,1,4.3,4,1,0,322,2,68.3,55.9,73.7,55.7,59.6,104.2,80.2,AI/ML,1
STU101159,19,Female,8.43,86.2,0,55,51.5,49.2,57.6,2,0,0,0,4,0,0,1011,4,68.7,63.7,58.8,43.6,54.7,118.5,61.4,AI/ML,0
STU100009,22,Male,7.21,84.8,0,46.1,55.9,55.8,41.3,4,1,0,0,3,0,0,953,3,65,63.9,66.4,37,51.5,85.3,,AI/ML,0
STU108175,22,Male,6.78,87.7,1,37.5,43.2,43.9,,5,2,3,12.3,0,1,1,590,7,85.3,68.1,52.3,55.6,97.3,58.5,81.9,Business Analytics,0
STU106997,21,Male,7.83,89.6,1,53.5,63.2,88.6,45.4,2,1,0,0.2,1,0,0,1231,4,53.7,56.3,87.7,60.8,79,9.2,71.2,Cloud Computing,0
STU108641,23,Male,8.97,96.2,1,87.8,71.3,79.7,55.6,4,0,0,0.7,3,2,0,1224,3,57.3,,81.4,46.3,92.6,66.5,65.4,AI/ML,0
STU107159,22,Male,7.07,89.2,0,44.6,38.2,53.6,53.3,2,0,2,6.4,3,0,0,1005,2,78.8,52.8,71.2,62.8,54.4,48.6,78.7,Data Science,0
STU107914,20,Female,7.4,73.1,0,40.4,29.4,43.1,56.6,4,3,3,16.5,2,0,0,1065,7,54,64.9,79,36.2,56.5,60.1,56.2,Data Science,0
STU103854,21,Male,7.15,73.7,0,29.8,57.9,84.2,34,3,1,0,1.7,1,1,0,506,4,46.8,66.8,73.5,45.4,61.8,25.2,68,Business Analytics,1
STU101406,22,Female,7.66,74.8,1,64.8,63.7,45.8,43.2,5,3,3,9.9,4,2,0,908,4,77.2,86.5,68.3,68.8,74.5,60.7,70,AI/ML,0
STU102311,23,Male,7.3,87.5,1,48.8,39.9,70.8,59.9,3,1,0,0,1,0,0,733,2,63,47.5,80.4,42.9,64,44.9,73.3,Cloud Computing,0
STU106250,22,Male,7.46,82.2,0,62.7,46.8,49.6,63.3,3,1,1,3.3,1,1,1,1008,4,43.9,59,62.3,78.4,45.2,47.8,59.4,AI/ML,0
STU109092,22,Male,6.67,86.3,0,67,55.6,67.5,34.5,2,0,1,3.3,3,0,0,1114,2,62.7,69.2,81.8,39.4,51.2,61.7,69,Software Development,0
STU102663,21,Male,8.82,78.2,3,73.9,65.2,65,47.8,1,1,1,5.9,3,1,0,994,3,62.7,45.3,63.1,55.6,80.9,84,70.8,Data Science,0
STU104298,21,Male,8.98,76,1,76,77.7,63.7,53.2,2,0,0,0,0,2,0,906,1,50.5,71.6,72.6,56.5,44.9,63.9,81.4,Software Development,0
STU106224,23,Female,7.95,70.5,1,19.1,52.7,50.5,62.3,6,2,1,3.8,3,2,0,370,6,60.4,79.7,74.4,43.3,55.4,20.8,74.8,Business Analytics,0
STU109755,20,Male,5.74,74.5,1,27.2,40.3,52.4,35.6,2,2,2,,3,1,0,550,2,73.4,63,66.3,49.6,49,40,64.3,Software Development,0
STU103154,22,Female,8.04,77.3,1,49.6,66.8,88,33.9,3,0,0,0,0,2,0,939,5,64.4,47.6,73.5,73.7,60.1,53.8,75.4,Software Development,0
STU107348,21,Female,8.22,81.8,0,77.8,85.1,67.6,,3,0,0,0,2,1,0,1028,4,58.7,40.5,71.9,47.1,86.5,46.8,79.7,Software Development,1
STU108158,20,Male,6.73,75.9,0,37.7,58.6,71,61.1,2,2,2,8.6,1,1,1,751,2,62.6,65.7,74.6,46,45.4,108.1,77.5,Business Analytics,1
STU109539,24,Male,7.64,76.4,1,54.1,66,53.9,75.4,14,0,2,5.4,1,1,0,872,5,75.9,50.6,76.2,52.7,89.6,101.8,76.5,AI/ML,0
STU102575,22,Female,6.94,70.4,0,61.9,,64.8,64,5,2,0,1.3,2,1,0,1104,5,64.3,66.1,75.1,23.1,43.1,50.7,68.6,Cloud Computing,0
STU102466,21,Male,7.03,78.1,1,60.6,33.2,64.7,48.5,1,0,2,7.5,1,2,1,923,2,61,72.8,65.7,52.8,51.4,50.4,90.6,AI/ML,0
STU102211,23,Male,7.78,91.3,0,58.7,46.8,79.7,62.6,3,0,1,3.6,2,0,0,870,3,58.4,68.2,82.3,49.5,68,95.5,72.9,Data Science,0
STU100919,23,Male,6.77,84.7,0,25.6,58.3,62.3,41.1,3,3,0,0,2,1,0,690,3,72.4,48.5,72.8,71.3,51.3,62,55.9,Business Analytics,0
STU101555,20,Female,7.91,83.8,0,40.9,75,66.4,49.5,3,3,3,13.8,2,1,0,781,3,63.2,72,71.1,64.4,52.1,52.2,71.3,Software Development,1
STU109519,22,Male,7.51,70,1,66.1,33,62.7,58.1,2,0,0,0,2,1,1,1293,2,70.8,48.5,76.7,46.9,69.9,86.4,67.8,Business Analytics,0
STU105965,24,Male,6.18,88.3,0,45.9,50.3,41,49.5,4,1,1,6.4,1,1,0,935,4,57,59.4,64.6,59.4,52.4,55.9,74.3,Software Development,0
STU100108,21,Female,9.2,70.3,0,69.4,55.6,52.2,79.3,0,0,0,0,3,2,0,957,0,59.1,49.7,63.9,71.1,60.6,82.1,65,Cloud Computing,0
STU103124,22,Male,7.96,91.2,1,83.5,78,48.7,43,2,0,0,1,1,3,1,851,4,63.7,67.2,55,46.6,66.5,34,,Software Development,0
STU100663,21,Male,7.4,85.9,2,64.3,54.2,87.8,56.9,4,1,0,0,1,1,0,1311,4,47.4,87.6,99,47,80.9,22.4,,Software Development,0
STU109509,22,Male,6.54,69.9,1,36.6,78.2,,41.3,2,1,2,13.4,4,0,0,906,1,65.7,77.4,59.1,49.9,52.9,65.6,56.8,Data Science,1
STU100112,22,Female,6.85,81.6,0,,51.3,71,50.4,4,1,0,0,0,4,0,624,4,47.9,40.9,78.2,50.5,76.6,37,55,Software Development,0
STU103561,22,Male,8.14,83.1,3,73.6,51.1,64.7,59,3,0,0,,1,1,1,655,3,,60.6,77.8,29.5,37.4,64.8,71.2,Cloud Computing,0
STU104549,22,Male,7.32,81.5,0,65.9,59.8,72.3,58.1,2,0,3,13.1,1,1,0,839,1,57,46.6,72.9,44.7,65.4,62.9,66.6,AI/ML,0
STU100085,20,Female,7.37,76.1,0,43.4,57,59,63.5,3,3,0,0,6,2,0,571,2,51.2,82.5,75.8,50.2,51.6,78.9,70,Data Science,0
STU101768,23,Male,8.84,77.3,0,90.6,69.7,58,53.4,3,2,2,10.5,1,4,1,1079,3,64.1,57,66.8,33.9,12,6.6,70.7,Software Development,0
STU106209,23,Male,6.05,86.7,0,15,48.2,38.7,38.9,4,2,1,4.5,2,1,0,100,5,64,54,83.6,50.2,49.3,47.5,81.2,Business Analytics,0
STU105862,23,Male,7.42,82.8,0,49.2,61.2,48.8,37.7,3,2,0,1,2,0,0,752,2,68,72.1,67.7,71.7,54.5,69.5,58.3,Cloud Computing,0
STU106987,20,Female,6.98,75.4,1,63.1,62.2,62.7,37.7,4,2,1,3.9,5,0,0,970,4,60.5,98.1,74.6,63.4,71.3,28.6,46.7,Cloud Computing,0
STU105915,22,Male,8.83,78.3,0,78.6,51.4,82.7,72.4,1,0,0,0,2,0,0,1204,2,55,38.4,87,51,33.3,41.5,74.2,Software Development,1
STU105211,22,Female,7.41,71,1,34.5,33.1,82.7,58.6,5,2,2,5.9,2,1,0,879,5,82.3,82.3,69.2,56.9,59.8,25.8,84.4,Software Development,0
STU102971,23,Male,7.03,86.4,0,56.5,62.5,71.1,18.3,2,0,0,0.2,2,1,0,594,1,54.5,74.8,68.7,54.1,52.5,36,51.5,Data Science,0
STU104409,22,Female,6.96,90.3,1,30.2,63,36.2,45,5,1,1,4.9,1,1,0,648,4,55.9,82.8,43.8,43.3,86.4,24.9,56.3,Software Development,0
STU104124,22,Female,6.94,94.8,0,60.4,37,53.1,56.9,0,0,2,5.5,2,1,0,783,1,53.5,70.6,75.4,42.8,57.4,,80.2,Data Science,0
STU100444,23,Female,7.47,83.3,0,39.8,48.8,48.6,48.8,3,0,0,1.2,1,0,0,456,6,42.4,53.3,73.9,55.4,90.8,110.4,,Data Science,0
STU108896,23,Female,7.45,68.4,2,36.1,58.7,55.7,52.6,4,1,1,5.5,4,1,1,597,3,69.2,85.5,72.8,67.9,52.9,75.5,67.9,AI/ML,0
STU106387,23,Female,8,69.8,1,71.3,61.4,36.2,39.5,5,1,2,6.5,5,2,1,748,4,72.1,84.6,62.8,87.1,68.8,58.9,67.5,Business Analytics,0
STU106979,24,Male,6.49,66.6,1,51.5,39,56.6,50.9,0,0,0,0,1,0,0,873,0,67.3,34.6,69.2,23.1,66.6,86.9,71.2,Cloud Computing,0
STU105036,20,Male,8.22,89.3,0,54.3,49.2,38.5,55.9,1,0,0,0,4,1,0,987,2,80,72.4,60.8,52.6,35.7,40.4,64,Software Development,1
STU104985,20,Male,7.05,84.3,1,41.6,22.6,57,42.8,3,1,0,1.2,3,1,1,484,3,51.4,64.8,81.5,49.3,35.4,34.2,93.2,AI/ML,0
STU107560,22,Male,9.84,71.6,0,86,60.7,54.3,57.7,2,0,1,4.9,2,0,0,662,5,53.3,53.1,74,54.5,54.5,98.8,67,Software Development,0
STU109768,19,Other,7.25,69.8,2,50.6,51.6,61.9,53.3,5,1,2,10.7,1,1,0,920,6,63.2,83.7,75.2,70.3,57.7,29.6,72.7,AI/ML,0
STU109431,21,Male,7.76,90.7,0,45.4,,67.4,56.4,1,1,2,7.6,3,2,0,1004,1,48.3,61.8,80.6,56.4,67.6,63.6,87.6,Data Science,0
STU109601,22,Female,9.13,75.7,0,80.6,64.4,53.1,65.8,1,0,1,4,3,0,0,1134,1,61.2,56.2,62.6,67.2,58.2,9.8,84.3,Data Science,0
STU102148,23,Male,8.47,90.3,0,72.6,73.2,45.8,72.8,5,2,2,4.1,4,2,1,1048,4,72.9,59.1,51.6,33.1,36.1,42.4,58.2,Software Development,0
STU105047,23,Female,7.07,91.8,1,43.5,63.2,71.6,71.1,2,1,0,0.4,3,2,0,784,3,52.1,53.3,84.2,42.6,66.1,171.8,65.4,Data Science,0
STU101192,23,Female,6.09,,2,29.4,49.3,79.8,48.2,1,0,0,0,2,0,0,357,0,54.6,54.1,64.9,56.3,91.5,25.7,71.1,Software Development,0
STU106163,22,Male,8.14,80.6,0,85.5,42.4,54.4,70,1,0,2,10.5,0,1,1,915,1,50.2,39.2,56,37.6,54.7,78.4,75.1,Data Science,0
STU100127,23,Female,7.88,88.1,0,70.1,46.9,58,52.6,4,1,1,3.1,2,2,1,556,6,52.7,62.5,,41.4,44.7,48.1,78.9,AI/ML,0
STU109350,21,Male,8.17,70.9,1,,56.1,76.5,62.8,6,3,1,5.4,3,1,0,840,5,80.2,92.5,77.6,66.3,56.1,26.2,90.2,Software Development,0
STU101407,22,Female,8.34,83.2,1,23.2,62.2,44.7,62.3,1,0,2,8,3,0,0,470,1,55,62.8,61.8,61,58.9,28.8,70.3,Cyber Security,0
STU107500,20,Male,8.41,74.6,0,50.1,61.4,65.2,59,2,1,3,14.2,3,1,0,1061,1,53.6,67.6,62.2,52.1,35.9,26.7,70.8,Business Analytics,0
STU109763,21,Male,8.01,73.8,0,40.8,66.1,84.5,40.7,3,1,2,7.6,1,2,0,792,3,75.2,72.6,81.2,60,42.4,53.1,69.4,Cloud Computing,1
STU101201,20,Male,6.07,63.8,2,39.3,37.6,50.2,41.6,3,1,3,10,0,5,0,412,3,59.4,67.4,63.5,48.9,76.4,30.4,70.8,Cyber Security,0
STU109638,21,Male,7.45,76,1,52.1,27.9,75.8,34.1,4,0,1,3.4,3,1,0,806,5,,80.6,75.5,74,66.7,21.6,74.2,Cloud Computing,0
STU102836,22,Female,8.68,100,0,44.2,92.5,48.2,67.7,0,0,1,4.2,2,1,0,831,1,62,62.5,67.5,53.7,80.8,49.3,69.1,AI/ML,1
STU100692,21,Male,7.36,75.8,0,,55.9,58.4,65.7,5,1,2,11.9,3,3,0,619,6,69.5,74.1,72.3,59.7,65.4,55.6,90.1,Software Development,0
STU102961,20,Male,9.36,78.9,0,66.2,58.8,65.3,84.6,3,0,0,0.3,5,0,0,796,3,64.6,72.7,60.8,35.7,12.4,58,,Data Science,0
STU105517,22,Male,7.97,63.3,0,51.7,48.9,70.7,,1,1,1,2.7,0,0,0,716,0,56.4,45.5,80.1,56.6,73.1,32.7,100,Data Science,0
STU107592,23,Female,7.69,91,0,57.6,28.9,62.8,51.3,4,1,0,0,2,4,0,1015,4,65.6,47.1,75.2,84.4,66.5,45.7,75.3,AI/ML,0
STU101313,21,Male,8.86,82.9,0,67.1,63.8,51.2,77.9,3,1,1,2.4,1,0,0,833,3,60,78.5,89.3,52.2,55.8,99.2,76.4,Software Development,1
STU105018,21,Male,7.93,91.8,1,43,51.6,65.8,44.1,1,0,3,10.4,1,3,0,973,1,69.9,56.4,85.3,49.6,50.6,50.1,68,Data Science,0
STU103019,22,Male,8.26,98.1,0,47.2,47.5,69.2,,3,0,1,3.3,1,2,1,1015,4,58.5,62.4,90.1,21.4,62.6,60.8,96.9,Software Development,0
STU107037,22,Male,9.65,92,0,72.4,45,59.7,71,4,1,0,0.9,2,3,0,978,5,56.7,65.4,77.7,61.5,58.7,43.4,71.7,Cloud Computing,0
STU107948,22,Male,7.03,70.8,0,43.4,72,90.3,46.6,5,2,1,2,1,0,0,783,5,64.8,61.3,75,44.4,42.5,33.8,65.9,Software Development,0
STU101027,19,Male,7.15,75.1,2,40.2,56.2,79.8,28.4,3,0,1,4.4,2,3,1,218,5,38,67.5,86.8,77.8,60.2,50.3,69.2,Software Development,1
STU102124,22,Male,7.64,96.3,2,62,54.3,69.1,60.3,4,1,0,0,4,3,1,977,6,51.1,85.2,75.2,51.6,33.8,47.4,88.9,Business Analytics,0
STU106389,21,Female,8.39,80.1,0,43.4,52.9,74.5,47.9,1,1,0,0.6,3,1,0,1073,3,57.1,55.4,93.9,51,74.7,85.3,85.3,Cloud Computing,0
STU103347,22,Male,8.35,80.6,2,73.6,54.5,70.5,74.9,7,2,2,6.5,3,2,0,991,7,62.4,66.9,84.9,57.6,60.7,91.9,73.4,Business Analytics,0
STU105392,20,Male,7.5,81.5,2,58.6,27.9,59.4,79.4,2,0,0,1.9,4,0,0,987,4,74.6,66.2,64.4,26,49,44.4,90.2,Business Analytics,0
STU103512,20,Female,8.2,78,2,52.8,49.3,80.9,41.4,5,1,0,0,1,1,0,599,5,52.2,67.1,79.3,41.5,40.6,17.4,84.4,AI/ML,0
STU104567,19,Male,7.31,87.2,0,73.4,41.7,48.6,44.1,3,2,0,0,2,2,0,687,5,57.8,73.4,70,56.6,55.7,39.6,57.2,Software Development,0
STU107951,20,Female,7.55,78.6,1,49.9,35.2,59.5,60.3,3,2,4,22.5,5,2,0,391,3,76.1,59.9,76.3,59.9,47.5,66.2,75.5,AI/ML,0
STU107095,22,Male,7.92,86.4,0,61.8,71.5,53.4,61.2,1,1,0,0.3,1,0,0,1179,1,44.5,58.1,55.1,38.9,90.9,50,77,Software Development,0
STU107681,21,Male,7.22,100,0,64.7,78,51.3,49.9,3,3,1,4.8,1,1,1,758,2,60.8,59.1,64.6,73.4,68.8,42.4,45.7,Business Analytics,0
STU100563,22,Male,6.72,68.8,2,48.1,40.3,,60.7,2,0,3,15,5,0,0,666,2,69.2,54.2,69.1,64.9,65,23.7,76.4,AI/ML,1
STU104541,23,Female,9.61,87,0,73.6,80.4,53.4,90.6,7,4,1,7.9,1,0,0,922,9,69.7,,73.3,44.3,46,84.1,88,Cloud Computing,1
STU100412,19,Male,9.68,75.1,1,68.7,74.9,53.2,58.6,2,0,1,4.5,3,2,0,858,3,68.1,58.1,82.5,76.1,53.1,37,75.6,AI/ML,0
STU104436,23,Male,8.22,96,1,50,52.3,64.7,60.4,4,2,1,5.8,1,2,0,668,8,92.4,73.9,80.6,49.1,30.8,69,84.1,AI/ML,0
STU101452,22,Female,7.6,79.7,0,45.5,50.3,62.3,29.4,1,0,0,0.8,1,1,0,933,2,61.2,59.9,68.1,60.9,56.5,8.7,78.5,Business Analytics,0
STU108650,21,Male,6.56,,1,61.1,35,59.1,51.3,2,0,0,0,3,2,1,560,1,55.9,54.9,61.4,42.6,83,,67.9,Software Development,0
STU101122,22,Male,7.6,91.3,0,64.1,71.2,58.6,52.3,1,0,0,0.5,2,1,1,406,3,38.5,63.5,83,46.2,50.9,31.4,56.2,Business Analytics,0
STU105221,23,Male,7.15,75.1,0,38,82.1,72.2,27.6,4,3,0,0.9,1,3,1,748,3,47.4,64,82.1,69.1,53.3,41.2,72.8,Cloud Computing,1
STU102798,21,Male,7.26,83.9,0,47.9,73.7,52.6,61.1,4,1,1,4.3,2,3,0,589,5,47.1,73.9,78.7,68.5,56.5,117.1,76.8,AI/ML,0
STU104095,22,Female,7.44,89.3,0,56.3,48.5,42.1,81,2,1,0,0,2,2,0,885,1,60.8,75.8,55.8,64.2,57.9,90.4,79.6,Software Development,0
STU104375,23,Female,5.31,73.3,1,32,36.8,76.2,45.8,1,0,1,3.3,2,0,0,1145,2,61.3,54.5,81.8,47.7,56.7,48.3,81.9,AI/ML,0
STU106666,21,Male,8.21,79.5,2,45.8,64.4,43.9,51.7,3,1,0,0,1,2,0,943,2,43.7,60.3,,69.7,49.8,152.5,59.2,Data Science,0
STU106720,22,Female,8.28,73.9,1,65.7,57.8,43.8,52,3,1,1,5.4,2,0,0,701,3,53.8,75,58.5,34.3,50.4,37.7,76.4,Cloud Computing,0
STU107985,22,Male,10,76.4,2,93.5,67.2,47.6,86.8,1,0,2,12.3,4,5,0,1002,2,66,61.7,49.5,37.4,63.4,40.4,79.5,Cyber Security,0
STU108558,23,Female,7.25,79.5,0,51.7,74.1,55.5,53.3,3,1,2,4,2,1,0,820,3,72.4,60.5,63.4,38.4,77.2,43.7,54.6,Software Development,0
STU103511,22,Male,7.99,89.3,0,66,32.9,42.4,43.7,4,3,2,8.9,2,0,0,850,4,68.5,62.8,60.6,62.1,38.4,63.9,85.4,Software Development,0
STU104230,23,Male,7.91,80.7,0,76.8,41.1,71.6,42.8,1,0,1,4,0,1,0,739,3,58,61.6,75.3,79.1,32.6,39.6,76.9,Business Analytics,0
STU101153,22,Male,7.36,67.6,0,29.8,67.6,60,26.9,1,1,0,0,4,1,0,458,1,75.8,21.9,88.1,55.7,69.3,78.9,67.9,Cyber Security,0
STU101632,21,Male,7.57,83.3,0,49.9,55.3,56.3,48.6,5,2,4,15.9,1,2,1,628,5,73.2,84.9,61.1,47.1,71.9,47.3,66.2,Software Development,0
STU109021,22,Male,6.61,84.2,2,21.8,37.4,59.4,67.6,2,1,0,0,1,0,0,584,1,50.5,58.8,85.9,43.1,55.4,,79.6,Business Analytics,0
STU105269,23,Male,6.87,96.1,1,33.9,51.1,65.3,45.1,1,0,0,2.5,1,1,0,720,1,56.3,56.5,59.7,67.1,41.6,48.3,72.9,Business Analytics,0
STU106037,21,Female,6.82,83.3,0,33.3,66.7,73.9,42.1,2,0,0,1,2,0,0,590,6,61.2,72.4,67.7,38.4,62.2,28.9,67.2,Data Science,0
STU105229,22,Female,6.6,92.3,0,40.5,27.6,50.2,53.9,3,2,1,6.4,0,1,0,381,2,58.9,59.2,72.3,100,47.1,80.2,79.4,AI/ML,0
STU101090,21,Female,9,88.8,0,57.2,69.5,42.9,73.1,5,2,2,5,1,4,0,1061,5,60.7,63.7,83.7,58.7,56.6,25.7,75.2,Software Development,1
STU104430,20,Male,6.27,,0,28.2,42.1,54.7,,4,2,1,3.9,2,1,0,842,5,55.7,50,83.3,77.5,51.1,68.8,66,Cyber Security,0
STU107415,20,Male,8.82,73,0,92.2,56.5,33.6,50.4,3,0,3,17.9,4,1,1,743,5,92.3,71.2,57,52.8,37.1,26.2,70.4,Data Science,1
STU106609,22,Male,7.03,85.5,2,45,53.8,53.9,36.1,3,0,0,0,1,0,0,677,2,71,54.4,64.8,56.3,39.4,64.5,68.3,Software Development,0
STU108560,21,Other,5.99,67,2,52.6,46.9,59.2,53,1,0,0,0,3,2,1,480,3,72.3,46.9,79.5,82.4,28.5,49.5,86.7,Data Science,1
STU109410,20,Male,7.39,77.1,1,54.9,65.9,65,65.5,1,0,3,14.5,0,0,0,898,1,80.9,51,71.9,47.2,53.6,59.1,80.3,Business Analytics,0
STU102477,19,Female,7.82,90.1,0,47.4,61,75.4,57.7,5,0,2,12.2,4,1,0,733,4,66.2,63.3,73,60.2,51.2,180,77,AI/ML,0
STU108180,24,Male,8.02,90,0,63.2,74.2,67.8,65.8,1,1,0,0,6,1,0,995,1,77.2,89.8,69.6,43.5,32.6,88.7,72.4,Software Development,0
STU105937,20,Female,8.25,78.4,0,59.2,,72.6,52.9,7,3,1,3.6,2,2,0,790,10,53.6,78.2,77.1,61.3,47.8,29.1,71.6,Software Development,0
STU102406,20,Male,7.06,90.8,0,60.7,54.8,68,56.3,4,1,2,6.3,5,0,0,297,4,68.9,70.7,63.1,71.1,46.9,134.4,82.5,Cyber Security,0
STU109870,20,Female,7.17,77.5,1,56.4,55.5,54,45.7,3,1,1,6,2,1,0,650,5,60.1,71.4,64.8,47,58,49.3,79.8,Data Science,0
STU102970,22,Male,8.6,84.9,0,55.6,65.6,64.8,49.8,1,1,0,0,2,2,0,1076,5,67.4,68,66.3,74,58.6,81.7,84.6,Cloud Computing,0
STU105941,20,Female,7.37,79.1,0,47.1,54.8,55.7,36.1,5,1,1,3,0,1,0,1379,5,56.1,81.4,78.5,50.6,41.9,52.6,72.5,Software Development,0
STU107835,23,Female,8.45,89.2,0,84.6,65.8,68.7,73.1,3,1,2,11.7,3,2,0,1400,2,69.2,80.5,88.8,57.6,47,35.2,100,Business Analytics,0
STU109064,23,Male,7.7,61.5,0,67,65,64,100,2,1,0,0,4,1,0,751,2,57.7,59.2,82.1,61.9,51.9,14.1,96.1,Data Science,0
STU107777,25,Female,7.76,70.8,0,75,51.2,53.3,75.6,2,1,1,4.5,1,1,0,906,1,75.5,58.9,77.4,54.7,54.7,47.5,71.8,AI/ML,1
STU102780,21,Male,7.32,94.9,1,44.6,46.5,70.5,66.3,5,2,3,7.7,1,1,0,325,5,,76.9,73.2,63.4,62,34.1,81,Data Science,0
STU104871,20,Male,8,78.2,0,52,51.7,62,51.1,1,0,4,17.8,1,1,1,468,0,63.8,48.5,73.1,30.3,45.3,57.7,79.6,AI/ML,0
STU103992,21,Female,6.95,82.8,0,67.9,50.7,69.9,66.3,2,1,0,2.7,1,0,0,680,3,80.3,43.7,68.8,74.3,45.8,84,71.2,AI/ML,0
STU101343,22,Male,8.31,85.4,0,66.9,66.7,55.7,81.3,4,1,1,3.5,0,1,0,978,5,58.7,75.5,61.7,40.2,61.2,11.1,77.6,Cyber Security,0
STU107669,23,Female,8.26,83.6,1,73.6,43.8,73.1,53.9,0,0,1,4.1,3,0,0,403,0,70,39,82.7,58.7,67.8,37.4,68.7,Software Development,0
STU102440,22,Male,5.94,88.1,0,31,34.4,39.8,31.6,4,1,0,2.1,4,2,0,686,4,69.4,68.9,50.7,44.9,47.2,95.4,63.6,Cloud Computing,0
STU101820,21,Male,6.93,94.3,1,55.4,42.8,71.2,58.2,3,1,0,0,4,2,0,545,2,62.9,80.6,92.4,62.8,56.1,88.9,82.5,Data Science,0
STU104257,20,Female,7.17,79.4,0,50.6,36.7,62.5,30.7,3,2,0,0,1,1,0,1343,3,60.4,60.7,70.7,44.2,63.7,44.1,62.6,AI/ML,0
STU101489,22,Male,7.35,92,2,51.5,65.3,51.2,30.9,0,0,1,4.5,1,2,0,416,0,73.7,39.5,79.8,55.1,83.6,116.7,58.9,AI/ML,0
STU108529,21,Female,6.99,71.6,0,53.8,62,69.3,34.4,0,0,0,0,2,0,0,411,0,41.6,42.6,73.4,26.5,70.5,88.2,74,Software Development,0
STU104199,19,Female,8.15,68.6,0,70.1,54.8,66,69.2,1,0,1,3,2,0,0,977,1,95.6,67.6,64.6,55,57,49.5,74.3,Business Analytics,0
STU103498,23,Male,8.01,83.1,0,25.4,61.1,64.4,57.1,3,0,2,7.7,1,1,0,563,2,62,53.9,64.5,40.8,62.1,47.2,77.9,Software Development,1
STU100623,22,Female,6.48,68.9,1,62.4,59.1,69.3,45.1,5,1,1,4.7,3,2,0,357,5,53.6,61.2,72.9,59.3,68.8,83.4,70,Cyber Security,0
STU102937,20,Other,7.27,88.6,0,38.7,54.2,30.2,43.5,7,3,0,0.6,1,1,0,876,6,52.4,84,74,75.2,84.2,34.5,79.4,Software Development,0
STU106883,23,Male,6.79,74.2,1,43.8,46.6,70.3,77.2,1,0,0,0.4,2,1,0,548,1,65.3,43.7,75.2,74.5,52.1,22.4,71.5,Software Development,0
STU103918,21,Male,7.67,75.8,1,57,57.4,37.5,64.9,2,1,0,2.7,1,1,0,794,2,41.9,57.3,72,41.4,40.2,61,63.3,Cyber Security,0
STU104889,22,Male,7.04,77.3,0,52.1,69.8,48.7,44.2,3,1,0,3,2,0,0,687,2,79.9,76.1,59,56.6,45.2,51.3,49.7,Data Science,0
STU108131,21,Male,5.66,77.5,0,42.8,37.5,50.8,44.2,0,0,0,0.5,2,0,0,671,0,72.8,67.7,66,48.8,24.8,10.2,47.1,Software Development,0
STU101724,24,Male,6.91,86.2,2,63.6,47.6,44.7,67.4,2,1,0,3.4,0,1,0,819,2,70.9,56.7,71.7,25.6,69.5,108.1,87.9,Software Development,0
STU106615,24,Male,8.04,85.7,0,54.4,46.9,84,58.4,3,1,1,4.1,3,2,1,270,2,58.7,58.5,72.4,80.8,50.2,51.7,62.4,Cloud Computing,0
STU104491,24,Male,6.57,79.7,0,54.5,51.3,45.4,53.3,1,1,0,0,1,1,0,637,0,55.8,68.4,53.4,49.8,56.4,83.9,78.7,Business Analytics,0
STU102458,21,Male,7.81,87.6,1,53,71.4,62.2,59.6,1,0,0,0.3,3,2,0,795,1,47.1,68.7,75,60.5,71.4,45.7,66.5,Software Development,0
STU103441,24,Male,7.9,86.7,0,61.3,76.2,63.4,32,1,1,0,0,2,0,0,948,2,43.3,54.6,70.8,41.5,29.7,48.5,74.1,Software Development,0
STU104706,22,Male,10,93.4,1,69.9,81.6,47.7,86.6,2,1,1,4.6,4,2,0,1006,1,78.7,58.1,65.1,50.7,32,58.4,81.8,Cyber Security,0
STU101646,22,Female,7.46,75.6,0,53.5,48.3,61.9,44.5,2,1,4,14.2,2,1,0,769,3,72.6,64.3,88.9,60.2,47.8,16.1,59.2,Software Development,0
STU107586,21,Male,7.4,78.1,0,,71,33.8,72.8,1,1,0,0,3,2,0,917,0,65.6,55,66.9,70.7,98.2,30.6,82.2,Cloud Computing,1
STU101195,24,Male,7.11,82.2,0,68.3,65.2,79.9,67.4,6,1,3,14.8,2,1,1,743,5,74.8,78,59.3,66.5,45.3,25,84.5,Software Development,0
STU108166,23,Male,8.42,92.1,1,68.7,65.6,59.3,60.3,3,3,2,6.9,5,1,0,865,2,67.7,66.3,78.1,65.1,50.5,19.9,86.4,Software Development,0
STU103890,21,Male,8.16,73,0,37,48.7,54.4,77.7,5,1,0,1.2,2,1,0,876,5,66.3,58,69,29.6,64.4,41.4,100,Cyber Security,0
STU104447,22,Female,7.89,77.4,0,49.7,57.8,81.8,56,3,2,0,4.4,2,2,0,877,4,64.1,53.2,77.1,43.6,51.9,62.3,78.4,Data Science,0
STU105726,22,Male,5.86,84.2,0,38.4,34.1,31.2,50.9,3,2,0,0,0,0,0,1225,3,,57.5,48,68.6,71,,64.6,Software Development,0
STU103497,23,Male,8.38,88.7,1,44.2,71.6,67.1,68.9,2,2,1,6.2,2,0,0,414,1,63.6,72,76.8,61.8,61.2,25,87.5,Data Science,0
STU105591,22,Male,6.95,64.8,0,73.5,32.3,78.4,54.6,3,0,0,0,1,1,0,838,4,72.3,59.1,77.6,58.8,61.8,42.6,80.1,Software Development,0
STU108361,21,Male,6.43,72.6,1,,45.9,35.5,37.3,3,1,3,14.8,4,2,0,396,3,84.4,71.4,77.3,48.7,39.9,107.6,65.1,Business Analytics,1
STU102063,22,Other,6.15,88.6,0,49.9,47,71.7,21.4,2,0,1,4.2,6,1,0,1085,1,72.5,58.6,68.8,45.6,59.1,68.4,71.4,Data Science,1
STU104617,19,Male,8.12,78.9,2,51.9,56,38.3,63.7,3,1,2,10.1,2,2,0,636,3,52.1,60.5,81.3,75.2,50.1,25.4,70.4,Software Development,0
STU103900,22,Male,7.23,87.1,0,42.3,57.2,79.2,37.4,4,2,0,0,2,2,0,957,4,68.4,54.3,68.1,44.6,38.9,116.7,58,Cloud Computing,0
STU102057,21,Female,8.29,93.5,1,54.1,49.7,80.2,50.6,5,1,1,4.6,0,2,0,751,8,51.6,50,70.8,94.7,51.9,45.8,56.5,Data Science,0
STU107305,22,Male,7.32,91.4,0,21,28.6,61.4,66,1,0,1,4.9,2,0,0,524,1,62.8,55.9,70.3,32.2,47.4,61.7,70.5,Data Science,1
STU103267,19,Female,8.34,89.8,0,48.5,50.4,45.9,66.8,3,1,0,0.2,4,4,0,528,4,71.6,72.1,65.3,56.3,57.1,27.3,53,Data Science,0
STU105837,23,Male,8.36,81,2,74.9,66.9,69.8,83.7,1,1,1,3.1,2,0,0,919,1,,44.5,75.5,26.6,55,46.5,87.6,AI/ML,0
STU100557,21,Female,6.73,95.9,0,33.6,38.3,62.8,61.5,0,0,1,6.2,2,0,0,715,0,,58.5,66.7,63,68.9,41.6,76,Cloud Computing,0
STU102488,23,Male,7.89,79,0,56.4,,65.2,36.4,2,2,0,0.5,1,3,1,945,3,58.6,46.8,76.3,40.8,70.1,36.4,77.1,Software Development,1
STU104909,21,Male,6.68,74.7,1,30.9,50.3,53.6,67.5,1,0,1,5,4,0,0,942,3,83.4,59.5,58.4,41.7,53.7,36.9,89.7,Data Science,1
STU108528,24,Male,7.94,81.3,0,92.2,75.2,28.2,63.8,3,1,0,0.5,3,1,0,1048,3,62.5,73.1,70.1,47,74.9,25.3,80.5,Software Development,0
STU104087,21,Male,7.31,95.4,0,34.7,77,58.3,44.8,4,2,1,2,2,2,0,720,3,60.8,54.3,71.8,48.2,14.3,25.6,67.3,Software Development,1
STU105117,23,Male,8.25,93.5,0,39.1,50,48.2,68.4,2,0,1,1.9,0,1,0,377,2,53.3,,77,61.1,49.1,45.8,67.8,Cyber Security,0
STU103139,22,Male,7.33,75.8,0,30.3,68.4,73.2,46.2,4,2,1,1.1,2,1,0,676,7,61.6,51.8,56.2,37.7,68,,69.3,Data Science,0
STU104905,24,Female,7.29,91.4,1,54.9,50.8,47.8,36.6,0,0,1,2.2,3,1,1,702,0,56.8,40.7,63.6,75.1,49.8,101.4,60.5,AI/ML,0
STU104512,22,Female,6.91,83,1,49.9,51.5,64.4,76.2,0,0,0,0,3,1,0,578,0,63.3,56.8,82.9,71.9,54.1,25.2,78.4,Data Science,0
STU101303,22,Male,7.43,70.8,0,41.9,37,50.4,53.1,0,0,0,2.6,0,0,0,914,0,64.8,56.5,68.9,51,63.2,28.2,78.9,Cloud Computing,0
STU109489,22,Male,7.33,78.8,0,65.1,44,58.8,22.8,0,0,0,3.1,4,4,0,1047,0,66.8,45,87.7,35.7,45.7,23.8,50.7,Business Analytics,0
STU109724,23,Male,7.29,87.2,0,72.5,44.7,61.2,54.3,4,1,1,6.2,3,1,0,908,4,63.6,46.8,80.7,31.6,35.3,23.6,64.1,Cloud Computing,0
STU108329,21,Male,7.13,,1,51.8,56.2,69.9,58.9,3,2,2,9.9,2,1,0,850,3,71.7,71.3,63.2,57.7,26.1,25.8,70.4,AI/ML,1
STU106591,22,Male,8.45,100,0,62,25.8,62,,3,1,1,3.4,0,1,1,855,4,54.4,70.2,81.3,56.4,67.2,69.8,83.5,Data Science,0
STU107726,23,Male,7.38,61.5,0,66.5,76,56.2,,2,0,1,2,1,0,0,957,3,46.4,35.7,77,26.6,64.2,30.4,61.8,Software Development,0
STU108387,22,Male,8.38,99.2,0,41.4,61,46.1,64.3,4,3,1,7.7,0,1,0,786,3,,86.9,58.5,49.8,71.8,31.6,60.5,AI/ML,1
STU105412,23,Male,7.62,81.8,1,36.6,68.7,59.3,48.3,1,1,1,3.5,2,1,0,779,0,54.5,64.7,68,42.6,84.2,17.7,62,Business Analytics,0
STU106639,23,Male,8.02,76.3,1,57.7,96.8,67.2,69.7,1,1,0,0,4,1,0,915,0,69.9,58.7,69.7,71.1,66.1,20.6,,Cloud Computing,0
STU104664,21,Male,7.57,69.7,1,44.2,62.8,71.2,58.8,3,2,3,10,2,2,0,796,4,63,57.6,73.3,64,80.4,32.6,79.8,Software Development,0
STU104639,21,Female,7.89,88,0,63.1,54.6,51.8,44.6,4,1,2,7.9,0,1,0,785,4,62,67.2,53.4,34.4,59.8,18.7,65.8,Software Development,1
STU103879,20,Male,7.3,83.6,2,38.2,46.4,70.2,62.3,2,0,4,15.2,1,2,0,712,2,64.5,61.6,72.2,59,37.7,40.3,97.2,AI/ML,0
STU101204,22,Male,6.35,71,0,51.1,,66.6,38.1,3,1,0,1.9,1,3,0,502,3,34.2,37.8,76,33,90.8,72.8,84.3,Cyber Security,0
STU101354,22,Male,6.65,83.1,0,29,38.5,68.2,65.7,2,0,4,22.1,3,1,1,427,2,57.9,61.2,64.5,60.1,58.5,72.2,79.3,Data Science,0
STU109141,22,Male,7.87,62.9,0,46.3,57.6,60.9,27.4,3,1,1,7.3,2,0,0,651,3,85.3,74.9,76.6,20,42.2,45.8,57.8,Data Science,0
STU100480,25,Male,8.07,89.5,1,61.6,81.3,48.2,61.1,4,0,1,4.2,1,0,0,798,4,50.7,63.5,81.2,56.6,28.8,68.2,82.8,Business Analytics,0
STU109632,24,Male,6.29,96.5,0,30.4,63.8,59.2,34.5,3,2,2,9.8,1,1,0,979,6,80.4,66.6,81,54.5,78.2,13.2,58.6,AI/ML,0
STU102775,21,Female,8,95.9,0,51.6,48.3,44.4,74.6,5,2,0,0,3,0,0,946,4,49.9,85.1,60.4,53.6,63.3,,71.9,Software Development,1
STU103910,20,Female,8.29,97,1,48.2,59.4,34.9,77.8,3,0,1,3.7,3,1,0,412,3,61.2,52.5,67.9,68.1,65.7,140.9,78,Data Science,0
STU100954,20,Male,7.5,70,1,30.5,53.3,59.7,51.1,2,1,0,0.6,2,1,0,363,2,63.1,56.5,64.3,26.2,57.6,20.7,76.9,Cloud Computing,0
STU107982,22,Female,8.5,75.7,1,71.7,72.4,46.3,63.6,1,0,2,3.7,1,0,0,981,0,54,59.1,70.8,62.7,48.7,53.6,77.9,Software Development,0
STU103510,21,Female,7.32,,2,43.2,55.6,51.8,36.1,2,1,3,9.4,3,2,0,305,5,77.3,57.8,62.3,61.4,74.2,26.2,54.4,Cloud Computing,0
STU105689,22,Male,7.65,85,1,52.6,78.9,64.1,59.5,1,0,2,9,0,2,0,630,2,57.3,67.3,80.3,53.3,73.5,86.1,63.6,Cyber Security,0
STU101248,20,Female,7.29,79,1,59.9,59.1,62.5,48.7,2,1,0,0.6,2,1,0,748,4,63.6,61.1,,61.8,51.1,48.2,80.4,Business Analytics,0
STU101436,22,Female,7.48,94.5,0,62.8,72.9,37.2,52.8,2,0,1,4.8,2,1,0,701,2,59.6,49.3,64.6,49.1,50.7,40,62.5,Software Development,0
STU105242,21,Male,7.61,82.5,0,40.9,65.4,51.6,63.2,4,2,0,0,2,2,0,666,6,,84.5,64,60.5,54.6,68.6,57.8,Data Science,0
STU109547,23,Female,8.7,81.6,2,64.6,69.3,46.9,91.1,2,0,0,0.3,2,0,0,789,2,56.2,74.5,62.5,27.5,89.4,38.1,86.4,AI/ML,1
STU103157,25,Female,6.49,65.1,0,63.6,47.1,77.7,52,4,1,0,0,0,3,0,905,3,63.6,75.1,79.6,53.4,57,33,69.4,Software Development,1
STU104703,20,Male,8.62,81.7,1,89.1,44.8,48.5,66.7,1,1,1,4.7,2,1,0,919,1,84.9,45.2,73.2,39.5,38.3,137.3,80,AI/ML,0
STU105005,22,Female,7.2,67.2,0,83.2,51.7,55.5,37,1,0,2,4.4,1,0,0,506,2,61.5,31.1,75.4,68.8,41.6,59.7,67.4,Software Development,1
STU107104,23,Female,9.35,77.9,0,60.8,56.2,69.2,96.5,2,1,1,3.9,1,1,0,814,2,79.1,63.8,82.9,51.4,58.4,,82.4,Cloud Computing,0
STU101380,23,Female,8.83,77.2,0,55.6,,52.7,85.1,4,3,1,,0,2,0,728,3,49.5,73.8,66,47.4,67.4,49.9,75,Business Analytics,0
STU108332,24,Male,7.63,75.2,1,63.2,65.3,68.2,82.7,1,1,0,0.1,0,0,0,1289,2,71.1,53,61.9,80.4,80,55.3,79.5,Data Science,0
STU108374,23,Female,7.52,87.9,1,,40,63.7,85.6,1,1,0,1.3,7,0,0,818,2,52.8,65.2,73,20.7,57.4,77.8,95.7,Software Development,0
STU108130,21,Male,6.9,76.8,1,63.3,53.7,46,35.2,5,0,0,0.5,3,1,1,486,5,73.3,78.5,71,69.6,74,36.6,,Software Development,0
STU100891,21,Female,7.68,86.6,1,79.4,68.9,49,36.8,1,0,1,4.4,1,1,1,1014,2,65.5,44.4,63.7,55.6,49.1,106.5,57.2,Software Development,0
STU101311,20,Male,7.85,74.5,1,51.6,64,73,75.7,1,1,0,0.1,5,2,0,748,1,78.7,69.4,93.4,52.8,77.1,56.4,64.2,AI/ML,0
STU101499,22,Female,7.24,81.7,0,32,40.1,50.7,51.4,1,1,0,0.4,5,0,0,701,2,65.9,59,70.2,28,68.8,36.3,58.3,AI/ML,1
STU101772,22,Male,7.32,95,0,45.8,67,50.9,28,3,1,1,2.2,3,0,0,723,3,54.3,64,59.7,32.3,71.9,78,70.3,Data Science,0
STU102520,20,Male,7.23,100,2,71.8,28,78.5,42.4,0,0,1,4.8,3,0,0,703,1,64.8,56.5,67.5,28.3,23.3,84.3,75.5,Data Science,0
STU107235,22,Female,7.72,76.5,0,66.3,55.2,48.6,,3,1,0,0.2,5,1,0,930,5,35.8,63.1,71.4,32.1,65.2,62.4,64.3,Cyber Security,0
STU100456,22,Other,7.87,82.6,1,67.4,40,56.8,,0,0,1,0.5,2,1,0,594,1,83.6,51.5,69.2,53.2,35,25,71.1,Cloud Computing,0
STU108538,24,Male,6.83,55,0,58,64.8,73.2,66.4,1,1,3,11.8,1,2,0,744,1,76.8,51.1,70.1,29.2,66.7,43.8,79,Software Development,0
STU109413,21,Female,7.55,79.9,1,75.1,29.6,52.9,69.4,1,1,1,4.4,1,0,0,783,1,63,63.4,64,44.6,73.1,46.7,62.4,Software Development,0
STU101965,21,Male,6.77,,0,42.4,49.7,44.1,53.4,2,2,2,9,3,1,0,896,5,68.1,53.5,55.6,20.3,48.9,35.1,78.3,Software Development,1
STU104858,21,Female,6.04,84.9,0,44.7,54,45.8,27.8,2,0,1,3.3,1,2,0,308,6,50.3,55,65.7,41.7,44.4,67.6,62.9,AI/ML,1
STU108410,22,Male,7.55,90.8,0,43.1,,37.5,77.2,1,0,1,5.2,2,4,0,491,1,61.9,48.9,79.8,73.1,70.5,41.8,80.3,Data Science,0
STU101726,22,Male,8.38,83,0,60.2,50.8,68.8,65.8,1,0,2,8.5,2,2,0,563,0,75.9,55.8,62.1,52.1,68.1,12.4,67.7,Cyber Security,0
STU104299,24,Male,6.04,91.5,0,48.3,67.4,33.3,42.8,5,0,2,7,4,0,0,573,6,64.8,80.1,71.5,40,38.4,23.9,65.7,Software Development,1
STU105657,20,Male,7.78,94.8,1,45.6,61.8,39.6,55.1,2,0,2,8.4,5,1,0,835,1,72.9,49.1,59.2,34.4,56.9,30.6,62.8,Software Development,1
STU105247,25,Male,7.57,76.9,1,72.5,59.4,81.7,64.3,7,2,1,3.3,2,3,1,274,9,66.4,74.5,78.4,52.2,46.8,56.6,72.6,Software Development,0
STU104047,22,Male,7.82,87.3,1,45.3,44.7,54.3,57.2,3,2,1,4.4,3,1,0,508,3,68,73.8,58.6,43.5,60.2,69.1,43.3,Cyber Security,0
STU101181,20,Female,7.25,91.8,0,23.3,45.1,53.7,48.9,0,0,0,0.6,3,1,0,689,0,60.1,45.8,54.8,65.8,48.8,72.9,75.2,Data Science,0
STU100405,22,Male,7.17,85.9,0,29.2,58.9,42.1,65.7,3,1,1,3,0,0,0,662,2,49.6,58.5,76.8,44,68.4,33.1,,Data Science,0
STU104846,23,Male,7.7,86.8,0,,60.6,,77.8,2,2,1,3.5,2,2,1,966,1,65.6,44.1,81.5,50.4,68.4,80.1,57.1,Data Science,0
STU107897,20,Male,7.49,94,1,60.6,27,46.6,44,3,2,1,1.7,2,2,1,457,3,66.4,75.2,61.7,44.7,52.1,17.5,66.8,AI/ML,0
STU103495,23,Male,8.46,,2,57.3,71.1,52,74.8,2,2,0,1,1,0,0,662,4,74,65.3,76.4,67,71.1,40,87.1,AI/ML,0
STU109671,20,Male,7.45,94.5,0,38.2,56.6,60.7,30.6,3,2,1,8.3,2,3,0,543,3,57.3,68.2,82.1,61,63.4,92.5,54.7,AI/ML,0
STU105116,22,Male,7.35,84,2,54.4,43.1,66.6,53.6,0,0,1,2.8,4,1,0,606,0,69.7,46.8,57.1,65.9,66.9,38.9,77.9,Software Development,0
STU106030,19,Male,6.67,99.1,1,45.1,33.6,70.6,66.9,1,0,0,0,1,1,0,725,2,60.1,58,76.2,48.4,71.9,53.5,69.7,Software Development,0
STU100031,24,Male,7.93,85.1,0,33,75.4,58.3,98.8,2,1,0,0,0,0,0,657,1,44.8,62.8,64.1,50.5,40.2,82,81.1,Cyber Security,0
STU104489,22,Female,5.42,87.3,0,26.4,45.8,50.7,54.9,1,0,0,1.7,0,0,0,600,0,48.5,43.6,70.5,73.6,11.4,38.6,79.5,Software Development,0
STU109211,22,Male,6.87,91.6,1,25,58.2,44.9,46.3,2,0,1,3.5,0,0,0,192,1,,55.6,64.2,27.3,43,60.9,74.3,AI/ML,0
STU107638,22,Female,8.18,79.8,1,34.4,52.2,55.8,65.3,5,4,0,0,0,3,0,416,6,51.8,73.5,74.2,58.2,69.2,45.3,95.2,Software Development,0
STU105237,21,Male,6.31,71.3,2,54.3,44.5,49,29,2,1,0,0,3,1,0,536,3,70.3,75.1,66.9,50.8,43.4,48.5,70.4,Business Analytics,0
STU109409,23,Male,7.76,76.1,0,47.4,76.9,35.7,58.7,1,0,0,2.4,3,1,0,470,0,67.1,55.1,50.2,44.3,64.9,20.4,,Business Analytics,0
STU109860,22,Male,7.05,87,0,63,49.8,69.9,24.5,1,0,1,4.2,0,2,0,100,0,59.7,50.6,79.7,71.5,67.6,17.5,69.4,AI/ML,1
STU101736,23,Male,8.29,,0,70.3,54.7,59.2,55,3,2,0,1.4,1,1,0,495,3,47.3,65,83.5,53.1,35.4,75.7,71.6,Data Science,0
STU106643,21,Female,7.36,91.2,0,52.8,58,79,67.4,1,1,0,0,3,2,0,484,0,60.1,58.2,84.2,35.4,49.3,81.4,86.7,Business Analytics,1
STU103657,21,Female,6.59,72.9,0,31.8,53.1,56.6,44.6,4,1,0,0,2,1,0,483,5,69.2,75.5,77,45,34.5,173.2,50.3,Business Analytics,1
STU104594,21,Male,7.15,82,0,51.2,58.6,58.9,48.2,2,1,0,0,1,2,0,484,4,73.9,54,73.6,40,51.5,10.6,70.1,Software Development,0
STU100442,22,Male,8.03,98.1,1,59.3,57.1,80.3,36.1,3,1,0,0,2,0,0,398,2,71.6,73.8,81.5,45,76.4,101.4,67.6,Cloud Computing,1
STU105102,23,Male,7.69,79.6,0,40.1,48.6,81.7,78.1,3,0,2,6.2,2,2,0,408,3,,60.4,67.8,47.1,65,39,85.3,Software Development,0
STU106541,20,Male,7.17,88.1,0,33.7,37.7,54,33,2,1,0,0,2,0,0,849,3,78.3,59.3,64.4,51.6,31.9,150.6,70.1,AI/ML,0
STU107005,21,Male,8.87,99.2,0,84.8,59.4,83.3,52.9,3,1,2,6,2,1,0,782,3,62.4,60.9,85.8,31.6,68.2,23.2,79.6,Data Science,0
STU100693,23,Male,7.54,69.5,2,65.6,31.5,47,53,4,2,4,22.1,2,1,1,786,5,,66.4,55.7,47.4,51.9,16.6,67.4,Business Analytics,0
STU103119,21,Female,7.37,70.4,1,60.3,62.3,73.3,27.2,2,0,0,0,2,1,0,753,4,57.8,77.1,76.4,29.1,52.3,46.8,76.7,AI/ML,1
STU108889,24,Other,8.17,67.7,0,43.6,52.5,57,43.2,1,1,3,13.8,2,1,0,740,1,65.2,56.3,80.8,65.7,60.6,42.5,72.1,Cloud Computing,0
STU107101,23,Male,7.77,80.5,1,64.9,64,57.2,47.9,1,0,0,0.2,5,0,0,634,2,62.7,56.2,69.1,50.1,48.2,32.9,65.5,Data Science,0
STU109892,22,Female,7.41,81.1,0,57.3,57.7,,52.3,5,1,1,5.3,4,0,0,778,7,63.3,82.2,70,47.8,63.3,22.3,75.2,AI/ML,0
STU103623,21,Female,7.6,86.2,0,59.5,42.9,47.9,77.8,1,0,2,8.8,1,3,0,820,0,61.8,62,45,59.8,61.5,33.5,64.8,Data Science,0
STU109957,22,Male,8.28,66.6,0,58.8,62.2,39.5,41.3,4,3,1,2.5,4,2,0,523,5,67.8,83.8,56.7,58.8,64.4,75.3,51,Data Science,0
STU108671,23,Male,7.37,85.9,0,30,46.6,39.3,26.2,2,0,0,0,0,2,0,620,3,50.3,24.5,84.4,81.9,31.1,84.3,60.1,Software Development,1
STU105246,22,Male,7.19,90,0,55.3,68.8,38.2,,2,0,1,6.4,1,0,0,920,2,70.9,49.1,72.4,67.7,66.3,36.8,53.5,Cloud Computing,1
STU104379,21,Male,6.58,86.5,1,59.3,44.2,63.9,59.4,3,1,0,2.3,2,1,0,347,6,66.8,56.5,74.5,19.5,61.1,59.5,82,AI/ML,0
STU103393,21,Female,7.02,,1,75,51.7,72.8,63.5,1,0,1,4.9,3,2,0,1086,1,74.9,59.8,71.9,59.1,81.9,7.9,63,Cyber Security,0
STU109967,22,Male,9.27,58.4,0,67.3,87.4,92.4,40.3,3,0,1,4,1,1,0,583,2,,66,76.4,62,75.6,89.5,54.9,Software Development,0
STU101198,21,Male,8.6,69.2,2,60.4,63.8,95,81.9,1,0,0,0,3,1,0,1090,4,76.7,59.4,,49,21.1,13.1,66.2,Cyber Security,0
STU106301,23,Male,6.91,76.6,1,33.5,38.6,45.8,43.9,2,1,2,11.5,1,3,2,829,3,62.7,75.1,73.5,49.7,32.9,9.2,,AI/ML,1
STU102340,23,Male,7.77,67.5,0,43.5,55.4,57.7,41.5,4,0,1,1.6,2,0,0,652,5,62.6,68.5,70.4,34.7,63.3,73.5,66.3,Business Analytics,0
STU102640,21,Female,7.94,90,0,75.8,79.8,35.4,,4,1,0,0,1,2,0,515,4,40.1,53.5,74.3,48.4,63.1,105.1,59.7,Software Development,0
STU108129,23,Male,6.56,81.9,0,41.7,40.9,71.7,43.2,2,0,1,7.5,2,1,0,496,5,61.9,57.2,90.1,59.2,83.4,138,70.2,Cloud Computing,1
STU104707,22,Male,8.02,78,1,54,54,39.1,56.2,3,1,0,0.4,1,2,0,409,2,41.2,48.7,62.9,47.7,49.6,28.2,63.4,Data Science,1
STU108594,21,Male,6.7,79.3,0,47,49,64.7,22.7,3,1,0,0,2,2,0,500,4,37.3,57.5,62.3,56.4,72.3,95.3,60.6,Data Science,1
STU107251,21,Female,8.46,73.9,1,43.4,66.1,72.6,50.7,2,0,0,,3,3,0,952,3,62.4,63,76.5,51.5,47,50.9,73.4,Data Science,0
STU106980,20,Female,7.37,80.5,0,77.2,56.1,72.5,34.2,2,1,1,5.8,4,1,0,827,2,79.3,52.8,70.1,63.7,59.1,69.2,81,Data Science,0
STU106214,22,Male,9.04,64.7,0,78.7,71.1,61.7,79.9,5,2,0,0,1,0,0,746,4,73.3,71.6,65.6,69.8,90.7,80.1,79.3,Cloud Computing,0
STU100644,22,Male,8.8,90.7,0,,51.1,50.6,72,2,0,1,3.9,3,1,0,921,2,61.9,49.4,84,40.3,36.2,12.8,72.5,Cyber Security,0
STU104974,19,Female,8.75,100,0,37.2,64.3,34.1,64.3,3,1,1,4.5,0,1,0,826,3,78.2,59.2,65.4,45.4,49.4,56.6,70.5,AI/ML,0
STU103061,23,Male,7.55,87.6,0,29.9,66.4,60.5,75,2,1,0,1.9,2,2,0,451,2,59.8,72.8,65.8,77.6,52.7,171.7,77.8,Data Science,0
STU106763,21,Female,8.46,65.1,1,79.2,63.1,45.8,38.4,2,0,0,0,7,1,0,987,4,82.2,59.8,64.9,51.5,67.8,46.2,73,AI/ML,0
STU106775,20,Female,9.56,59.9,2,60.5,47.6,55,70,3,1,4,17.6,2,0,0,452,4,73.8,44,60.7,59.9,79.2,61.3,85.9,AI/ML,0
STU102561,22,Male,6.19,85.8,3,28.8,59.2,53.8,56.9,1,0,0,0,1,0,0,380,3,61.8,48.5,66.3,44.5,69.3,44.5,74.9,Software Development,0
STU107812,21,Male,7.91,82,0,29.5,54.2,61.3,54.4,2,1,1,5.5,2,1,0,635,1,60.7,60,74.2,52.8,70.2,53,77,AI/ML,0
STU102848,21,Male,8.23,94.5,0,43.3,43.1,94.9,46.8,4,2,0,,0,2,0,775,4,72.7,79.1,90.6,30.9,67.2,41,89.4,Software Development,0
STU100391,19,Male,6.89,89.5,2,47.7,61.7,64.7,33.4,1,1,1,4,3,2,0,863,6,76.7,72,88.7,44.9,57.5,20.5,67.5,Software Development,0
STU101286,22,Male,7.95,72.4,2,38.5,69.4,66.4,70.6,2,0,2,8.5,1,0,0,846,2,72.2,59.9,77.2,50.4,52.9,,89.3,Software Development,0
STU109477,20,Male,8.61,,1,76.1,58.2,62.9,46.3,0,0,1,4.3,5,1,0,800,1,90.9,49.9,65.6,52.1,30.1,51.9,82,Cloud Computing,0
STU103794,22,Female,7.24,74.6,0,64.8,54.5,48.1,51.4,1,1,0,0,1,2,0,1183,2,63.3,51.7,76,81.1,67.4,13.6,65.8,Data Science,0
STU102936,19,Male,7.8,93.8,1,89.5,72.3,75.2,50,6,2,1,3.8,3,0,0,668,9,60.5,98.8,71.5,44.3,81.4,33.2,84.9,Cloud Computing,1
STU100757,21,Male,6.57,75.8,1,66.1,22.2,94.9,46.4,0,0,2,7.5,3,2,0,801,0,63.8,43.2,69.7,49.2,53.6,97,81.6,Software Development,0
STU103159,20,Female,7.07,88.6,0,52.2,64.5,63.4,49.4,4,0,0,1,1,1,0,722,5,70.5,67.7,59.1,39.7,47,24.1,73.1,Software Development,0
STU100451,22,Female,7.77,73.3,1,60.4,46.3,67.4,82.8,4,1,0,0,0,0,0,787,6,41.2,50.3,67.4,32.6,47.1,42.1,90.5,Software Development,0
STU100244,20,Male,6.73,75.3,2,29.5,32.5,,39,4,2,2,5.9,2,0,0,973,4,70.6,50.5,78,45.7,54.1,,75.5,Data Science,0
STU106290,21,Male,6.46,87.2,1,39.9,32.4,70.6,58,3,1,0,0,5,1,0,701,4,74.2,47.4,79.9,81.9,51,17.6,93.3,Cyber Security,0
STU108692,21,Male,7.56,86.5,0,77.1,61,59.4,85.2,1,1,0,1,1,2,0,921,2,41.3,54.7,71.8,31.3,39.3,49.8,68.1,Cyber Security,0
STU106702,24,Male,7.01,81.5,0,71.8,37.5,44.1,43,1,0,0,1.5,3,2,0,739,1,57.2,66.6,59.9,55.7,70.2,30.6,55.4,AI/ML,0
STU104669,24,Male,8.24,88.3,0,48.4,56.3,67,67.7,0,0,0,0,1,2,0,541,0,46.9,53.4,68.2,44,98.4,26.8,83.3,Cloud Computing,1
STU105001,21,Male,7.96,88.8,0,37.5,61.4,66.8,72.5,5,3,0,0,4,0,0,889,5,77.4,68.2,77.3,38.5,60.6,107.1,88.7,AI/ML,0
STU102681,23,Male,7.19,74.8,2,44,50.1,100,54.3,1,0,0,1.2,2,2,0,379,1,53.4,52.6,63.4,48.5,73.8,49.9,81.5,Data Science,0
STU105660,22,Female,7.59,97.1,1,22.5,43,73.3,72.1,1,0,2,8.9,2,0,0,568,1,56.9,51.7,76.1,56.7,76.5,119.2,75,AI/ML,0
STU100273,22,Male,7.15,85,1,67.2,67.2,75.8,58.8,2,1,0,1.8,1,0,0,594,2,64.6,56.4,67.7,26.3,44.8,62.9,76.6,Software Development,0
STU108947,19,Male,7.03,70.9,1,37.3,69.2,34.3,71.7,3,0,1,5.9,1,4,0,673,3,51.7,43.7,44.1,72.6,87.5,97.3,69.4,Data Science,0
STU107125,22,Female,7.75,89.2,1,64.5,75.3,54,64.4,4,3,4,10.8,4,2,0,554,5,77.5,74.8,66.5,47,72.4,61.6,73.7,AI/ML,0
STU102382,23,Female,7.93,83.5,1,49,71.6,56.8,44.9,5,2,1,5.7,1,0,0,687,6,70.4,82.8,81.9,54,39.5,93.6,79.4,Software Development,0
STU108714,22,Male,6.52,76.6,0,69.8,54.5,71,47.1,3,0,0,1.7,0,1,0,733,3,46.4,65.6,74,48,50.6,18.8,76.6,Software Development,0
STU101078,25,Male,6.88,85,0,54.2,85.3,54.6,29.8,0,0,0,,6,2,0,742,2,63.9,63.8,65.7,61.1,50.3,38.6,69.4,Data Science,0
STU108754,21,Male,7.52,74.6,0,68,66.2,55.4,32.3,0,0,1,3.9,2,2,0,928,0,71.8,49.2,74.7,45.1,74,10.6,72.2,Software Development,0
STU108664,22,Female,7.88,83.4,1,,68.7,70.6,59.6,2,0,0,0,2,2,0,633,3,67.2,61.7,95.6,71.9,51.4,35.3,72.2,AI/ML,0
STU105050,23,Female,7,82,0,70.5,56.6,45.3,43.9,3,2,1,4.3,1,3,0,808,2,60.8,50.6,67.7,65.5,72.3,21.1,44.9,Cyber Security,0
STU104092,22,Female,8.43,81,1,45.9,83.6,33.4,62.6,5,0,0,0,1,3,0,1129,4,56.4,74.1,64.9,58.3,54.3,69.4,70.6,AI/ML,1
STU107637,24,Female,7.3,82.3,0,44.6,69.1,76.6,63.9,5,2,1,4,5,1,0,611,6,60,80.8,79.6,86.8,36.5,180,86.5,AI/ML,0
STU103567,22,Male,8.13,87,0,56.6,63.4,73.6,73.6,5,1,1,3.7,3,1,0,891,5,49.9,61,77.9,52.5,68.5,,55.7,AI/ML,1
STU103420,23,Male,7.26,85.8,1,43.5,46.7,33.7,41.9,2,2,1,5.4,3,3,1,931,3,77.1,55.8,82,65.6,77.1,90.6,70.7,AI/ML,0
STU100679,22,Female,7.94,84.3,1,61.3,32.5,20.5,77.2,1,0,0,0,0,1,0,855,0,,51.6,53.9,76.3,66,101.1,67.2,AI/ML,1
STU107848,22,Male,7.57,68.6,0,62.2,80,32.8,69.1,5,2,1,2.1,0,0,0,643,5,59.4,69.2,56.9,42.1,65.6,5.6,53.2,Software Development,0
STU109817,22,Male,8.65,78.9,0,83.7,44.4,62.5,48.7,3,0,0,0,3,2,0,769,6,51.7,68.9,66.4,60.6,59.7,18.3,63.4,Data Science,0
STU106501,23,Male,8.29,81.9,1,70.1,76.4,44.8,36.5,5,1,1,5.9,4,3,1,817,5,66.5,79.7,73.3,49.4,42.3,42.9,60.8,Cloud Computing,0
STU103638,23,Male,8.58,67,0,54.5,80,75.8,68.9,1,1,2,10.1,2,2,0,737,2,83.7,39.6,75.4,40.2,58.8,38.4,80.8,Cyber Security,0
STU107905,21,Male,6.6,86.3,0,71.2,48.1,95.2,45.8,2,1,2,4.5,3,1,1,925,6,56.7,66.3,86.2,48.5,48.8,47.9,80.6,Software Development,0
STU106177,21,Male,5.53,79.5,0,53,39.6,60.7,,3,1,1,3.7,3,1,0,530,3,81,47.6,63.4,45.7,52.8,43.8,53.1,Cloud Computing,0
STU109271,22,Female,7.73,89.3,1,66.2,86.2,56.6,70.3,2,1,2,10.1,0,2,0,735,2,60.7,51.2,74.2,51.2,52.9,27.9,71.8,Cyber Security,0
STU103471,20,Male,6.7,78.6,0,43.8,49.1,75.3,53.6,9,2,0,0,3,1,0,806,8,46.9,92.4,68.1,60.5,66.7,73.8,76.3,Cyber Security,0
STU101023,22,Male,8.52,73,1,59.3,82,52.1,56.2,2,0,0,0,2,0,0,910,2,51.6,57.2,69,60.6,61.9,109.9,68.8,Data Science,0
STU100544,22,Male,6.91,84.8,1,33.4,51.4,71.5,48.4,6,2,0,1,1,1,0,706,6,61.1,63.4,68,30.9,52.3,32,76.5,Software Development,0
STU102590,22,Female,6.65,74.1,0,34.4,53.7,50.7,40.4,4,0,2,8.1,0,0,0,654,6,62.1,58.8,66.4,64.8,52.1,70.7,68.9,Software Development,1
STU109512,21,Female,7.99,76.3,0,48.9,43.3,50.7,63.8,3,2,0,0,0,2,0,447,3,48.3,58.2,65.6,66.9,36.7,34.9,85.2,Cyber Security,1
STU106274,25,Male,6.92,82.7,0,82.5,57.6,50.1,70.1,0,0,1,5.9,1,0,0,895,1,41.9,55.8,74.9,67.5,46.6,27.7,87.6,Data Science,0
STU107659,22,Female,9.73,75.2,1,74.3,86.3,,71.5,5,2,1,3.7,2,1,0,897,4,55.4,69.4,68.7,33.2,67.5,50.1,95.1,Software Development,1
STU100606,22,Female,7.02,85.5,1,68.2,51.7,28.2,58.1,1,0,0,0.6,1,2,0,902,0,50.5,48.8,55.6,41.4,71.4,79,59.1,Business Analytics,0
STU108536,21,Female,6.42,94.8,3,44.1,46.2,47,33,1,0,2,14.4,1,1,0,572,2,71.3,58.9,86.4,72.6,57.9,38.6,57.3,AI/ML,0
STU102862,22,Male,7.67,91.3,0,36.8,57,55.5,59.8,2,0,4,,4,1,0,493,3,71.9,50.6,74.1,52.4,60.6,109,67.1,Cloud Computing,0
STU105982,23,Female,5.98,89,2,52.5,29.6,83.8,38.3,1,0,0,1.1,2,4,1,920,2,58.4,56.9,88.7,77.9,45.1,59.8,72.2,Business Analytics,1
STU100263,22,Male,9.83,99.6,0,93.9,59.3,67.8,100,1,1,1,3.7,3,0,0,713,0,56,51.6,68.6,40.3,38.8,72.7,69.6,Data Science,0
STU108147,22,Male,7.88,90.2,0,52.2,58.4,54.3,66.2,5,1,3,8.8,4,0,0,662,4,84.2,84.3,68.6,55.7,53.6,153.9,86.6,Software Development,0
STU101393,21,Male,5.25,95.2,0,26.5,17.7,64.4,41.9,4,2,0,2.1,0,1,0,379,5,47.8,64.8,80.1,78.4,72.5,23.5,59.8,Data Science,0
STU100902,22,Female,6.97,88.9,1,58.2,52.2,48,45,6,3,2,10.5,1,2,0,236,6,69.5,81.7,65.3,57.3,53.1,59.3,82.8,Business Analytics,1
STU108771,21,Male,6.78,82.3,0,58.9,42.3,57,35.8,0,0,1,4,4,0,0,859,2,65.5,49.4,72.9,38.6,58.8,31.7,54.8,Cyber Security,0
STU101244,21,Female,7.6,90.6,0,40.4,52.5,63.8,52.5,3,1,0,1.9,2,2,0,858,4,42.4,58.5,63.7,60.3,31.5,52,80,AI/ML,1
STU107552,22,Male,8.13,95.1,0,52.4,,57.2,59.2,2,1,2,8.1,2,0,0,858,1,55.6,53.7,,58.6,41.2,55.1,74.9,AI/ML,0
STU105189,22,Male,8.03,85,2,61.8,73.8,83.4,49.6,1,0,0,0,2,0,0,895,1,45.8,47,70.3,56,44,29.7,84.7,Cloud Computing,0
STU105814,23,Male,6.8,94.6,1,52.9,37.2,44.8,39.5,1,0,0,0,3,2,0,985,0,63,77,72.3,15,49.7,47.5,67.3,Cloud Computing,0
STU102222,21,Female,6.16,81.5,0,26.2,52.4,44.6,15.8,3,1,1,4.9,3,0,0,471,3,73.7,55,75.7,37.2,69.2,98.1,58.6,Data Science,0
STU105567,23,Female,8.02,90.5,0,53.8,58.7,42.3,55.7,2,1,2,7,4,2,0,506,1,83.8,61.6,79.2,51,44.4,34.6,75,AI/ML,1
STU107390,22,Female,7.75,82.6,1,47.1,,63.8,41,2,0,1,6.9,1,1,0,763,2,,72.4,81.1,36.2,41.8,25.7,67.7,Cloud Computing,0
STU104025,21,Male,6.05,73.6,0,40.4,24,70.8,32.7,1,1,0,0.7,5,1,0,592,1,66.2,63,80.9,42.5,77,5.8,54,AI/ML,0
STU102714,20,Male,6.65,92,0,43,53.8,67.4,58.3,2,0,3,12.9,3,1,0,1000,2,79.6,62.6,87.1,64.6,24.4,44.5,72.9,Business Analytics,0
STU101803,21,Male,9.19,89.2,2,55.7,73.2,54.4,55.2,2,1,0,0.9,2,4,0,1158,2,57.6,72.6,65.7,42.9,74.5,87,88.1,Software Development,0
STU104046,22,Male,7.78,88.3,0,35.7,,84.5,57.9,1,1,1,2.3,1,1,0,388,2,76,55.4,84.6,60.5,55.5,27.8,82.3,Cloud Computing,0
STU102939,21,Female,7.8,81.3,2,50.4,50.5,57.5,68.8,4,0,0,1.3,2,2,0,562,4,66.5,61.4,69.1,74.2,38.4,38.9,92.1,Software Development,0
STU108813,22,Male,7.81,95,0,53.9,60.3,61.5,20.5,2,1,0,0,0,2,0,1017,1,72.9,49.6,74.2,51.1,67.7,20.1,63.7,Software Development,0
STU102164,22,Male,7.12,86.4,0,54.2,78.6,66.2,56.3,2,1,1,5.3,0,0,0,1139,3,52.9,43.1,84.9,41.7,48.7,113.7,92.3,Data Science,1
STU108836,20,Male,6.4,85.5,0,35.3,55.3,84.9,15.5,0,0,1,5.5,3,1,0,897,2,49.2,59.1,84.9,53.1,59,50.1,65.6,Software Development,0
STU100924,21,Female,7.5,68.2,0,52.7,57.7,50.3,43.6,2,1,1,3.8,1,1,1,537,3,66.5,70.1,89,61.6,79,54.5,70.2,Business Analytics,0
STU100299,20,Male,9.08,90.5,0,72.6,70.7,36.2,71.4,2,0,1,3.6,0,0,0,520,3,61.5,63.4,76.7,43.8,75.1,73.1,82.5,Software Development,1
STU109856,21,Male,7.06,86.5,0,54.5,52,53.6,35.4,3,1,0,0,1,0,0,1222,3,59.3,68.9,,55.1,46.9,47.9,67.9,Software Development,0
STU102875,22,Female,6.67,97.1,0,60.2,32.8,56.2,35.1,5,2,0,0,0,1,0,635,5,70.2,56.4,53.4,54.2,40.4,14.5,66.7,Cyber Security,0
STU103824,21,Male,7.81,62.6,3,29.5,56.4,62.4,57.7,2,1,0,1.5,3,1,1,532,2,57.9,67,83.2,65,49.1,55.1,87.9,AI/ML,0
STU105824,21,Female,7.87,90,1,32.7,51.9,52.8,70.7,3,1,3,12.6,1,0,0,618,3,69.6,70.3,54.3,42.9,61,72.5,76.6,Data Science,0
STU103272,21,Female,7.17,69.1,0,16.5,58.6,37.1,55.1,1,0,1,2.9,1,3,0,546,1,70.3,57.1,80.5,66.7,62.2,52.5,86.4,Software Development,0
STU103129,21,Male,6.89,89.2,1,15,35.9,59.3,65.9,4,1,0,1.7,0,0,0,592,6,40.1,82.5,,32,64.7,28.3,90.3,Cyber Security,0
STU104470,21,Male,7.2,93.4,0,40.6,41,67.4,59.8,5,3,1,2.9,1,0,0,432,4,79.8,65.2,84.7,60,49.6,35.5,75.9,Data Science,0
STU108961,21,Female,7.39,92.7,1,54.3,61.7,75,49.6,5,0,1,1.1,3,0,0,972,6,71.5,60.9,80.4,40.5,38.2,,66.4,Software Development,1
STU103926,23,Female,8.24,71.1,0,68.8,43.7,35.3,62.9,2,0,4,18.2,0,0,0,812,2,62.4,50.8,70.5,37.9,47.7,36.9,78.3,Business Analytics,0
STU102134,22,Male,8.97,74.1,1,56.3,76,48.6,73,3,1,1,3.1,4,1,1,518,4,50.4,75.4,66,51.5,34.2,33,,Business Analytics,0
STU105068,23,Male,7.63,77.7,0,39.9,60.4,43.9,83.1,1,0,0,1.5,2,1,1,352,1,59.5,57.8,39.7,64.9,50.8,21.2,75.7,Cloud Computing,1
STU106557,22,Female,7.97,82.5,1,74.4,59.3,59.7,56.1,3,2,0,0.3,1,2,0,1012,3,45.7,61.3,60,22,20.8,15,67.2,Data Science,0
STU103296,22,Male,6.31,70,0,53.7,40.5,67.1,24.9,1,1,1,0.6,2,1,0,725,2,,78.4,82,53.1,43,85.9,80.6,Data Science,0
STU108312,22,Female,7.27,72,0,65.1,41.2,40.8,51.5,2,1,2,12.5,4,1,0,779,2,80,60.2,52.2,62.7,33.7,23.8,59.4,Cloud Computing,0
STU101852,22,Female,7.7,73.6,2,63.3,52.1,35.4,69.4,0,0,1,3.7,3,4,0,767,0,64.4,51.2,51.1,30,62,43.5,76,Software Development,0
STU100994,23,Female,6.59,68.9,1,74,42.2,69.9,56,2,1,0,1,3,2,0,1225,3,59.2,60.3,72.1,63.2,39.2,39.8,74.2,AI/ML,0
STU105413,21,Male,6.02,82.2,0,24.4,47.5,74.3,43.5,3,2,1,5.6,1,1,1,694,3,83.5,51.3,79.9,50.4,19.1,65.4,59.8,Software Development,0
STU100081,22,Female,7.34,90.5,0,48.6,31,49.1,51.4,2,1,0,0.3,10,0,0,819,4,89.1,47.2,69.2,37.9,71.3,54.2,65.8,Data Science,0
STU108751,20,Female,6.7,100,1,42.5,57.6,56.3,28,1,1,0,1,1,0,0,1045,2,49.6,48.7,81.9,42.6,80.2,50.9,57.1,Software Development,0
STU101645,20,Male,7.67,70.6,0,35.4,61,68.9,74.3,2,0,0,0,0,2,0,826,4,68.7,51.4,79.5,58.3,33,43.9,80.3,Cyber Security,0
STU108984,22,Female,6.25,79.2,1,64.4,45.6,43.7,22,6,2,0,0.1,2,0,0,781,5,60.7,84.6,58.3,57.1,32.5,7.4,59.5,Data Science,0
STU109148,21,Female,8.51,99.3,0,18.9,75.9,61.9,47.4,4,2,0,,2,1,0,211,4,85.7,88.3,81.9,44,38.3,38.3,76.3,Data Science,0
STU105730,20,Female,8.34,86.1,0,74.1,62.2,77,52.8,2,1,0,2.2,1,1,0,1132,3,64.3,51.6,80.5,53.3,42.9,34.3,80.7,AI/ML,1
STU107362,21,Male,9.16,69.1,0,63.5,73,78.4,74.4,4,2,1,5.5,3,0,0,996,7,87.2,77.4,84.1,59.1,81.1,48,74.9,Business Analytics,0
STU107179,22,Male,7.53,76.6,0,43.4,50.8,34.4,48,4,2,2,7.1,2,0,0,608,3,58,53.7,50.8,39.7,54.5,133.2,44.2,Cyber Security,0
STU100852,21,Other,8.36,86.7,1,46.6,59.3,53.6,73.8,1,1,0,1.2,2,4,1,421,2,63.3,57.3,56,62.5,81.6,90.7,83.5,Data Science,1
STU106257,20,Male,7.99,84.4,1,100,66.7,46.3,62.4,0,0,0,0,4,2,1,887,2,69.3,53.3,85.3,38.8,50.9,9.2,82.9,Data Science,1
STU104847,23,Male,6.11,90.2,0,49.2,63,67,33.6,2,1,0,0,2,2,0,690,2,64.7,59.2,76.1,37.7,47.2,26.9,85.7,Business Analytics,0
STU109706,22,Male,7.39,81.2,1,62.2,66,55.7,42,1,0,0,0.5,1,1,0,966,0,61,49.1,54.8,59.3,80.2,93.7,51.2,AI/ML,1
STU105100,21,Male,7.37,69.7,0,47,63.2,67.2,68.9,0,0,2,7.7,1,3,1,773,3,62.4,43,67.6,81.5,48.1,66.9,78.9,Software Development,0
STU107247,20,Male,7.62,82.6,1,49.6,43.9,73.5,72.7,5,3,1,5.7,1,2,0,905,5,36.6,48.5,76.2,64.2,43.9,98.4,96.3,Software Development,0
STU104815,22,Female,6.64,89.5,0,46.8,51.8,71.9,52.3,4,3,2,9.1,2,0,0,848,3,46.1,66.6,80.7,48.9,52.7,67.9,59.9,Software Development,1
STU101582,22,Female,8.1,80.6,1,61.4,55.1,45.1,74.5,2,0,0,0,2,1,0,855,1,46.9,73.2,70.9,60.6,64.4,38.9,72.3,AI/ML,1
STU109822,20,Male,7.42,78.7,1,66.1,65.1,69.2,67.2,3,1,2,8.5,2,1,0,659,4,61,66.3,88.3,15,62.8,41.3,73.1,Data Science,0
STU105347,20,Male,6.62,84.5,2,42.5,20.9,40,31.6,4,1,1,8.8,4,2,1,826,3,69.2,64.8,57.5,52.9,80.2,7.6,65.1,AI/ML,1
STU104487,24,Female,7.96,71.6,1,50.2,66.3,54.4,31.3,3,1,0,0,5,3,0,562,4,62.1,78.3,55.2,61.1,38.8,134.2,58.1,Business Analytics,0
STU101368,23,Male,6.17,76.2,1,50.4,62,61.6,23,4,2,0,0.8,0,0,0,622,6,46.1,71.9,68,35.4,53.2,35.4,62,Data Science,0
STU106436,22,Male,7.89,84.2,1,43.5,72.6,49.4,63.5,1,0,1,2.9,2,2,0,690,0,69.2,55.4,,29.7,52.4,32.6,86.9,Software Development,0
STU100266,23,Female,6.65,84.1,0,32.7,47,24.2,57.3,3,2,0,0,6,1,0,781,4,89.5,62.2,64.2,75,59.5,41.4,54.9,Cloud Computing,1
STU104077,19,Male,7.29,79.1,1,44.8,42.7,52.9,,3,2,1,2.4,5,2,0,552,6,69.1,76.5,66.5,68.2,52.6,32.7,75.6,Business Analytics,0
STU101194,23,Male,8.86,81.2,1,67.7,44.6,58.8,85.5,1,0,0,0,2,1,0,678,1,55.3,66.6,76.9,63.6,41.8,85,70.7,Cloud Computing,0
STU108083,23,Male,6.21,69.5,2,36.2,47.6,50.3,32.1,1,0,2,7.3,1,1,0,466,0,66.3,51.2,75.1,44.2,36.8,35.7,69.5,Software Development,0
STU106325,22,Male,6.66,91.1,0,36.2,51.2,65.7,39.2,5,2,0,0,2,2,0,894,4,69.1,79.4,58.5,62.9,62.6,82.7,71.9,Cyber Security,1
STU105616,21,Female,8.68,76.1,1,74.5,66.2,85.4,61,3,1,1,2.2,1,2,1,682,2,66.6,53.1,88.7,51.9,33.3,64.9,77.4,Cloud Computing,0
STU104255,21,Male,7.59,76.8,1,73.4,44,60.9,43.8,3,0,2,6.7,1,1,1,1029,4,,59.2,65.7,57.3,55.7,50.6,69.8,Software Development,0
STU106827,20,Other,7.76,82.7,0,50,52.7,63.6,35.8,1,1,1,5.2,1,2,0,863,0,65.4,68,75.1,63.9,50.5,83.3,64,Software Development,1
STU104266,21,Female,7.51,76.4,1,91.3,59.7,48.5,39.7,4,1,1,5.2,3,0,0,963,4,62.1,63.6,74,65.4,90.2,62.9,85.2,Data Science,0
STU107664,21,Male,9.07,66.5,0,86.1,65.1,74.1,61.8,0,0,3,10.1,2,1,0,875,0,78.4,45.6,75.9,53,46.9,47.4,77.4,AI/ML,0
STU107177,22,Female,8.25,90.3,0,75.3,53.7,55.4,66.4,1,1,1,6.4,5,0,0,900,3,70.2,66,82,77.1,48.1,70.2,86.2,Data Science,0
STU107394,22,Female,6.5,81.8,0,50.7,59.9,61.1,58.9,1,1,0,2.3,2,1,0,1176,0,62.5,55.8,68.7,48.9,73.5,67.9,66.7,AI/ML,0
STU109873,22,Male,7.01,78.9,0,64.2,61.3,69.6,51.1,6,3,1,5.7,0,1,0,804,6,54.7,82.8,71.5,64.6,45.8,15.3,86.9,AI/ML,0
STU109337,22,Other,8.41,89.1,2,64.4,62,68.9,73.8,4,1,2,9.3,2,0,0,874,3,79.7,59.5,85.2,31.1,31.1,32.9,100,Software Development,1
STU100785,22,Male,6.76,,0,44.6,33.5,73.2,25.9,3,1,2,6.1,2,3,1,779,3,69.3,62.3,88.9,44.2,38.4,23.2,74.9,Software Development,1
STU101269,22,Male,7.48,95.8,0,59.2,62.1,59.6,52.5,2,1,0,1.3,3,1,0,593,3,79,54.3,74.6,50.2,34.4,40.3,75.7,Software Development,1
STU104880,20,Female,8.94,75.9,0,57.3,79,57.2,50.5,2,2,0,0,2,2,0,773,1,74.1,62.3,70.6,46.2,58.4,34.4,71.3,Cloud Computing,0
STU105686,20,Female,7.03,86.9,0,35.8,50.6,64.2,50.5,5,0,0,0,1,3,0,768,5,49.8,65.3,,62.7,74.3,59.3,69.6,AI/ML,0
STU102254,19,Male,7.19,67.4,1,32.8,32.9,45.5,68.3,2,1,0,0.4,2,1,0,500,3,59,,66.6,39.4,70.5,59,80.4,AI/ML,0
STU105202,21,Male,7.25,89.4,1,64.9,46.7,55.9,57.3,2,0,2,8.8,1,1,0,1023,2,41.9,50.8,72.3,49.3,68.6,84.2,73.4,Business Analytics,1
STU107389,20,Female,7.09,93.3,1,74.6,51.7,61.2,30.4,4,2,3,12.3,2,2,0,1204,3,62.8,69.9,82.1,60,89,23.1,62.1,Cyber Security,0
STU103867,22,Male,5.75,,0,40.6,74.6,62.9,35.5,3,0,2,9.8,1,1,1,820,3,68.8,47.1,66.4,32.6,64,74.5,69.1,Business Analytics,0
STU105885,23,Female,6.92,86.4,0,47.8,43.4,56.1,25.9,4,1,0,0,2,2,1,845,3,59.1,51.2,67.9,40.3,19.8,27.2,53.4,Cyber Security,1
STU100610,22,Female,7.82,86.1,0,62.3,34.2,57,42.5,3,1,2,6.1,2,0,0,912,3,87.5,75.3,75.7,34.5,87.1,58.1,85,Business Analytics,0
STU100681,23,Female,7.8,79.4,1,52.3,46.7,43.7,15,2,2,2,9.4,2,3,0,1025,1,77.1,65.9,66.2,47.8,44.2,21.8,56.6,AI/ML,0
STU103473,23,Male,8.31,90.1,1,66.8,66.5,77.8,50.3,4,1,2,7.6,2,0,0,1000,5,65.8,48.5,84.7,41.4,56.2,39.5,71.9,AI/ML,0
STU109812,20,Male,8.38,83,1,63.6,57.3,67.4,83.2,2,1,1,,1,1,0,646,2,73.8,48.6,81.6,47.1,49.4,92.4,68.4,Data Science,0
STU103541,22,Female,8.02,79.3,0,76.7,47.4,52.3,43,3,1,0,0,3,0,0,789,4,69.1,,82.6,64.2,59.7,38.3,63.6,Data Science,0
STU105763,21,Female,8.85,83.2,0,85.2,43.6,65.2,72.8,3,2,0,0.5,2,1,0,799,2,54.7,76.1,78.6,81.4,15.5,48.2,77.6,Cloud Computing,0
STU105852,23,Male,8.76,81.9,0,69.9,68.7,52.6,48,1,0,1,2.3,3,0,0,991,2,61.2,62.2,41.2,61,91.5,35.1,70.7,Data Science,0
STU102444,23,Female,9.33,84.6,0,77.6,89.5,47.7,95.7,3,1,2,9.4,2,0,0,1055,4,80.3,58.3,61.3,42.7,36.1,,69.7,Cloud Computing,0
STU107099,22,Male,7.23,98.5,0,57.4,41,46,15,2,2,0,0.3,2,0,0,655,2,53.3,59.4,71.2,42.4,39.3,96.2,58,AI/ML,0
STU109425,20,Male,6.97,96.3,0,51.5,,74.3,70.6,4,3,1,2.3,3,1,0,807,3,59.4,69.7,77,46.8,67.3,61.7,65.5,AI/ML,0
STU108434,22,Female,6.97,74.3,1,65.1,56.1,33.3,41.4,3,1,1,4.7,2,1,0,498,4,67.6,69.5,51.1,71.3,47.3,64.1,64.1,Software Development,0
STU103176,20,Male,8.38,,0,54.3,62.7,55.7,45.3,3,0,0,0.5,5,2,1,1041,3,64.8,60.3,76.1,20.1,82.9,46.9,89.8,AI/ML,0
STU106739,21,Female,8.3,76.9,0,38.2,41.9,64.6,87.6,2,1,1,6.5,1,2,0,533,2,59.1,48.1,72.3,74.6,46.4,45,87.3,Business Analytics,0
STU103209,23,Male,7.5,79.6,0,47.9,65.1,56.2,63.1,4,0,1,5.5,3,1,0,553,3,66.7,67.3,59.7,66.8,60.5,40.1,67,AI/ML,0
STU104219,24,Male,6.63,85.2,2,47.1,15,62.8,41.3,2,0,0,0.5,3,2,0,620,2,48.3,53.1,86.2,60.7,41.5,27.7,64.2,Cloud Computing,0
STU106330,22,Male,7.32,80.3,0,49.5,64.3,48.9,44.5,1,1,1,3,1,2,1,795,1,70.7,62.9,73.7,55.9,58.7,88.4,50.5,Data Science,0
STU101419,23,Male,7.29,82.4,1,43.7,49.6,51,48,3,0,1,3.9,0,1,0,763,2,56.3,72.5,67.9,50.5,67.7,26.6,63.3,Data Science,0
STU108146,22,Female,6.93,84.7,0,50.8,56,49.7,41.7,1,0,0,0,1,1,1,376,2,59.8,60.5,58.2,50.2,52.8,23.3,60.1,Cloud Computing,1
STU104244,21,Female,7.5,84.8,1,38.6,61.6,59.9,64,2,1,0,1.5,0,2,0,675,3,63.8,48.9,77.4,75.6,52.5,39.5,61.9,Software Development,0
STU104260,21,Female,8.9,77.4,0,60.8,64.9,61.8,58.9,0,0,3,14.2,5,4,2,604,1,82.7,58.5,87.7,55,87,70.7,74.3,Cyber Security,0
STU105432,22,Female,6.96,65.5,0,52.9,45.4,35.8,47.7,0,0,0,0.7,1,0,0,1113,1,49.3,63.8,64.1,63.4,61.7,48.9,73.1,Software Development,0
STU102743,21,Female,7.85,83.4,1,56.6,63.9,51.1,15,2,0,2,4,1,0,0,779,5,63.2,48.9,72.4,61.3,56.7,50.8,54.8,Data Science,1
STU109622,22,Male,9.28,,1,,49.1,50.2,82.5,3,1,2,6.8,3,0,0,853,2,82.5,74.2,85.4,55.1,86.4,41.6,70.2,Software Development,0
STU107995,21,Male,7,55,1,40.3,61.6,46.6,67.7,5,3,0,1.4,0,3,0,847,7,56.5,51.3,66.1,88.9,91.8,71.5,71.7,Software Development,0
STU105647,20,Male,7.9,86.1,0,45,55.3,51.7,59.3,5,2,1,3.1,2,2,0,521,5,59,73.6,41.9,72.5,66.1,52.3,71.4,Software Development,0
STU101709,23,Male,8.1,,0,68.4,62.1,35.2,28.1,4,0,2,11.5,4,2,0,1331,3,62.1,72.1,62.8,84.6,56.5,180,55.5,Cyber Security,0
STU105109,21,Male,8.61,85.8,1,67.1,77.7,41.1,53.9,3,0,0,0,4,3,0,605,4,62.7,68.9,70.5,71.1,28.5,51.1,64.5,Software Development,1
STU102777,22,Male,8.09,86.4,0,62.5,42.8,64,46.8,2,1,2,6.4,2,2,0,782,3,61,61.2,78.1,22.9,44.2,37.8,51.3,Data Science,0
STU102362,21,Female,7.52,84.4,0,52.5,55.4,49.9,66.9,3,1,0,,0,1,0,1070,3,62.6,54.6,61,61.1,60,,54.6,Data Science,0
STU100296,22,Male,7.51,85.1,1,71.7,73.7,51.8,44.1,3,1,0,0.6,0,1,0,1032,3,58.6,,70.6,77.6,70.4,7.1,,Software Development,0
STU101752,21,Male,7.34,73,0,41,,73.1,58.1,2,0,0,0.6,2,0,0,242,2,60.6,,74.7,55.1,84.5,27.2,80,Software Development,0
STU108302,21,Male,8.08,82.2,0,50.4,70.7,54.3,64,1,1,1,4.1,1,0,0,656,1,73.3,30.8,70.8,59.3,49.7,16.5,72,Software Development,0
STU105359,21,Male,8.85,77.9,0,61,62.3,90.8,77.4,1,0,1,6,3,2,0,963,2,61,68.9,68.3,35.5,57.1,98,,AI/ML,1
STU103249,23,Male,7.48,88.1,1,53.4,44.2,60.7,54.8,2,1,1,5.1,3,0,0,1191,1,50.4,65.8,74.2,62.5,83.8,102.3,63,Software Development,0
STU105728,21,Male,6.41,92.2,0,34.1,55.1,81.8,54.1,4,1,1,1.3,0,0,0,659,5,64.6,66.9,80.8,21.2,52.7,32,82.4,AI/ML,0
STU105267,20,Male,8.36,72.6,1,64,69.7,43.6,63.6,3,1,2,7.8,3,2,0,939,3,77,73.7,61.3,48.7,50.7,42.4,85.5,Cloud Computing,0
STU102173,21,Male,9.12,98.6,0,49.9,59.8,48.6,73.8,1,1,1,6.4,4,1,0,675,0,82.8,54.6,63.6,47.5,60.3,28.8,90.3,Business Analytics,0
STU109006,25,Female,6.81,68.9,0,55.8,,71.9,52.1,5,0,0,1.6,2,1,0,761,6,45.1,80.2,68.8,38.9,81.2,50.3,78,Cloud Computing,1
STU108553,21,Female,6.96,94.8,0,34.6,46.8,46,54.5,3,2,1,3.1,0,1,0,435,4,51.8,59.3,73.1,53.1,39.7,68.4,73.5,Data Science,1
STU109630,24,Female,8.58,78.7,1,95.3,38.3,87.3,77.5,2,0,0,0.8,1,1,0,892,1,62.3,60.2,79.9,77.3,49.7,35.1,100,Software Development,0
STU109670,23,Male,8.05,59.5,1,66.4,69.7,58.1,70,2,1,0,1.3,4,0,0,927,2,74.7,51.6,60.7,72.5,61.4,89.1,72.8,Cloud Computing,0
STU101821,19,Female,7.74,89.1,2,35.7,49.2,37.5,26.2,3,2,1,1.8,2,2,0,433,4,69.6,60.4,70.7,27,92.7,58.5,53.2,Cyber Security,1
STU106537,20,Other,7.74,90.8,0,66,47.5,54.6,64.1,1,0,0,0.5,2,3,1,603,1,60,59.7,71.1,70.1,54.2,89.2,68.2,Software Development,0
STU104156,21,Male,8.51,83,0,60.2,54.9,57.4,66.6,3,1,1,5.2,2,1,0,878,4,75,81.4,76.4,58.2,85.7,41.6,71.5,Software Development,0
STU106199,21,Female,6.45,83.9,0,16,49.6,42.8,29.4,2,0,1,3.9,4,1,0,686,4,68.1,66.1,65.3,45.8,86.3,61.4,69.4,Cyber Security,0
STU105325,22,Male,7.45,84.4,0,46.3,37.5,41.8,54.9,3,1,0,0.3,3,2,0,373,4,67.2,60.7,58,46,64.6,95.5,75.1,Software Development,0
STU109266,20,Female,6.9,80.9,0,45.2,45.9,81.2,57.4,3,2,0,0,3,3,1,458,4,75.4,62.2,71.2,49.5,78.6,57.5,66.8,Cyber Security,0
STU100522,21,Male,9.18,71.8,0,63.9,78.6,84.8,71.5,2,1,2,5.9,4,1,0,691,2,68.5,54.3,74.6,68,56.5,12,,Data Science,0
STU108738,23,Male,5.8,87.7,1,38.7,38.6,66.7,57.1,1,0,0,0,1,1,0,615,1,39.3,46,64.4,21.8,62.9,16.8,70.8,Data Science,0
STU108100,24,Female,7.61,89.7,1,64,41.9,65,65.7,3,1,0,0,3,0,0,1098,3,54.7,67.7,62.1,15.8,71.7,135.7,,Cyber Security,0
STU109595,21,Male,6.88,78.8,1,30.5,65.8,61.1,15,4,1,1,6.1,1,3,1,681,4,69.9,49,66.6,45.4,25.7,35.4,59.2,Cloud Computing,0
STU107613,23,Female,7.14,55,1,57.9,63.8,44.5,42.5,2,2,1,,5,3,1,1021,1,79.4,83.2,67.6,52.7,38.1,90.9,74.1,Data Science,0
STU108299,21,Male,7.19,77.7,1,33.2,37.3,66.4,59.1,4,0,1,,3,0,0,623,7,79.2,56.4,74.7,61.8,48.7,33.3,54.2,Cloud Computing,1
STU102411,21,Male,7.26,85.3,0,59.7,65.5,44.7,62.1,2,0,1,2.9,1,1,0,1119,2,59.6,31.8,54.7,48.3,74.5,,74,Business Analytics,0
STU105441,22,Male,6.58,80,0,51.9,45.1,27.6,45.8,2,1,0,,3,2,0,601,4,64.6,72.7,75.7,59.7,90.3,26.6,49.9,Data Science,0
STU101261,23,Female,8.02,71.3,0,50.6,65,64.2,50,2,2,0,1.7,2,0,0,619,2,56.3,50,73.4,38.4,62,71.3,94.9,Cloud Computing,1
STU101270,22,Male,5.94,91.3,1,66,56.2,53.8,73.2,1,1,2,8.3,3,0,0,724,0,68.9,54.8,83.3,48.6,39.5,3.6,83.8,Software Development,0
STU108472,21,Male,8.19,77.3,0,50,46.5,81,79.2,2,2,0,0,3,1,0,785,2,68.2,59.1,57.9,45.3,48.8,73.5,87.6,Cyber Security,1
STU104186,22,Male,7.87,84.4,0,59.8,62.1,45.9,48,1,1,1,4.3,1,3,0,455,0,60.5,31.8,68.4,51.6,22.6,52.9,47.4,Software Development,1
STU104834,21,Female,6.49,81.3,1,62.1,38.2,45.8,30.2,0,0,1,3.6,0,0,0,923,0,57.6,29.7,79.8,33.5,62.7,40.6,69.8,Cloud Computing,0
STU107485,21,Male,5.92,79.2,2,38.4,38.5,63.4,37.3,4,2,1,4.7,4,2,0,751,4,69.2,78.4,68.4,33.1,27.2,34.4,62.6,Business Analytics,1
STU105623,22,Female,7.84,62.8,0,41.4,54.6,67.7,55.8,2,1,0,0,1,0,0,334,3,63.9,43.1,71.4,62.8,19.4,38.4,76.7,Software Development,1
STU109849,21,Female,8.99,79.2,0,72.4,67.1,,78.2,2,1,0,0,4,3,0,849,4,71.8,63.5,50.6,49.9,40,74.9,73,Cloud Computing,1
STU106164,21,Male,7.71,79.8,1,75.2,56.7,77.2,30,2,0,0,0,3,2,0,831,2,65.3,54.9,60.4,37.1,47.6,54.8,68.6,Software Development,0
STU101692,20,Male,7.08,73.6,1,51.4,69.8,60.7,56.6,1,0,2,10.3,2,0,0,820,2,67,54,73.7,28.6,35.1,168,52.8,Data Science,0
STU103868,24,Male,7.44,85.4,2,72.2,50.7,79.7,63.2,3,1,1,3.8,4,3,0,903,3,59.5,61.4,73.2,79.1,29.5,64.6,76.6,Software Development,1
STU108367,21,Female,7.37,93.1,0,69,41,,29,0,0,1,5.5,3,0,0,774,0,57.7,56.8,55.5,76.4,68.2,33.7,,Cyber Security,0
STU109673,22,Male,8.22,66.8,0,59.7,68.4,65.4,49.6,3,1,2,8.8,2,1,0,753,6,86.1,83.3,84.2,30.4,73.4,68.9,72,AI/ML,0
STU104683,21,Female,7.04,90.8,1,42.3,57.1,43.6,48.1,1,1,1,3.5,1,1,0,131,1,68.7,45,76.2,49.3,65.6,42.7,74.6,AI/ML,0
STU104792,19,Female,7.7,75.7,1,42.8,48.3,40.6,37.7,2,2,2,9.2,1,1,0,573,2,,43.1,77.9,64.4,45.2,20.5,67.9,Cyber Security,1
STU100088,22,Male,8.19,80.3,1,60.7,77.4,73,79,4,0,0,1.5,0,4,1,937,6,69.7,63.3,76.7,69.5,46.9,35.2,88.2,Software Development,1
STU108360,22,Male,9.02,78,1,59.9,70.7,74.4,71.5,1,1,1,3.1,1,1,0,454,1,66.1,55.9,72.9,72,27.5,31.9,74.6,Software Development,0
STU108307,20,Female,6.82,,3,40.1,32.9,56.4,64.1,2,0,0,0,3,1,0,711,3,75.1,50.7,69.2,65.5,41.4,55.8,94.3,AI/ML,0
STU100818,22,Male,6.13,83.3,2,33.9,32.9,45.4,73.5,3,1,1,4.2,0,0,0,447,3,59.9,,56.2,37.3,64.5,63.6,88.8,Cloud Computing,0
STU107350,22,Male,8.33,83.4,0,43.5,79.1,61.4,69.3,3,1,1,3.2,1,0,0,901,4,52.5,57.6,71.9,52.4,15.4,38.9,75.8,Data Science,0
STU104043,22,Female,6.65,76.8,1,45.7,40.7,65.4,71.3,1,0,2,10.2,3,1,1,479,1,66.9,60,82.3,44.6,50.6,109.8,93.3,Cyber Security,0
STU109631,23,Female,7.52,64.3,2,45.2,74.1,62.5,34.6,3,1,2,3.7,2,0,0,728,2,,63,73.2,50.2,16.9,10.8,58.7,AI/ML,0
STU103001,23,Female,6.38,87.4,0,33,32.3,65,48.1,1,0,1,4.5,2,1,0,503,1,54.8,63.5,88.3,57.4,92.4,22.3,84.8,Cloud Computing,1
STU106126,20,Female,7.98,80.5,1,60.9,48.9,42.3,51.1,4,1,4,20.4,1,2,0,1177,6,60.8,61.8,65.6,71.3,76.2,76.5,57.7,Cyber Security,0
STU107437,23,Male,7.56,84.8,2,35,77.3,69.8,53.3,3,2,2,7.8,3,0,0,895,3,70.7,74.6,69.6,70.1,38.8,30.3,73.6,Cyber Security,0
STU105991,19,Male,6.43,83.6,2,42.3,39.3,47.3,44.4,1,0,2,7.4,1,1,0,675,1,73,66.4,66.5,47.1,71.3,58.3,66,Data Science,0
STU104254,20,Female,7.44,81.4,1,63.7,83.2,57,72.7,2,0,1,4.8,0,2,0,734,1,66.4,38.3,77,68.7,64.3,15.2,89.1,Software Development,0
STU105257,22,Female,7.97,80.2,0,56.3,55.1,73,90.5,3,2,1,5.6,2,0,0,633,4,,70.7,74.7,66.9,42.1,76.8,85.6,Software Development,0
STU102655,22,Female,8.19,82.4,0,64.9,64.8,66,65.1,4,1,1,2.7,2,3,0,562,5,63.8,53.7,78,38.4,39.4,55.7,94.2,AI/ML,0
STU104314,22,Male,6.88,71.3,0,42,47.3,49.4,34.3,3,1,4,17.3,2,2,0,587,5,88.1,43.9,60.4,62.4,56.3,54.2,74.6,Software Development,1
STU109087,21,Male,5.94,89.1,3,34.1,43.6,,45,1,1,0,0.2,2,1,1,797,2,59.1,43.2,66.3,45.2,60.7,95.1,50.3,Software Development,0
STU107533,20,Male,8.06,71.3,0,53.8,64.4,70.7,67.6,0,0,0,0.5,1,1,0,948,2,43.4,56.1,77,52.9,59,179.4,88.9,Business Analytics,0
STU104715,21,Female,6.83,74.9,0,47.9,80.7,93.3,15,2,0,2,6.6,1,2,0,591,2,59,56.2,79.1,67.8,81.3,48,73.9,Cloud Computing,1
STU102052,20,Male,6.93,83.5,1,58.1,62.1,51.2,70.4,5,3,0,0,1,2,0,973,4,62,66.7,65.3,62.9,49.8,21.9,87.6,Software Development,1
STU106949,23,Female,8.21,75.6,1,47.6,69.1,70.7,60.4,0,0,2,6,5,0,0,1050,0,64.7,47.4,94.4,58.5,50.3,8.5,77.1,AI/ML,1
STU100887,23,Female,7.01,100,1,53.8,51.9,47.8,63.6,4,0,0,1.6,1,1,0,564,5,60.3,59.7,69.6,52.4,90.2,23.9,72.2,Business Analytics,0
STU102177,22,Female,7.54,80.6,2,57.6,50.7,50.1,73.9,4,1,0,0.7,3,2,0,341,4,62.6,58.3,57.7,75.8,58.9,,81.7,Software Development,0
STU103179,22,Female,6.9,95.2,0,42.6,38.4,43.1,56.1,0,0,1,4,1,1,0,384,0,42.2,34.5,64.2,50.2,69,105.3,86.4,AI/ML,0
STU102421,20,Male,7.06,93.7,0,36.6,49.9,69.8,39.5,3,1,1,,2,1,0,581,2,61,72.4,83,48.4,88.9,28,57.3,Software Development,0
STU100245,24,Male,9.05,84,0,55.6,44.6,76.2,64.6,4,0,2,3.7,1,0,0,995,3,73.4,72,83,62.8,82.4,12.4,63.9,Business Analytics,0
STU106034,22,Male,7.46,80.9,0,41.7,43,66.6,63.5,3,1,0,0.3,2,2,0,496,5,48.3,58.2,80.2,66.3,33.5,52.6,80.1,AI/ML,1
STU100034,21,Male,7.27,73.5,1,72.4,44.3,38.7,49.4,1,0,0,0,4,3,0,701,3,56.4,57.9,76.7,46.8,52.7,49.3,71.3,Software Development,0
STU106828,19,Male,7.18,69.3,2,53.8,63.1,55,55.9,2,1,0,0,2,4,1,479,3,62.1,58.6,70.9,66,69.2,114,78.5,Data Science,0
STU101225,21,Female,8.22,80.6,1,47,51.2,64.7,39.5,1,0,1,4.8,2,0,0,917,0,35.7,57.6,66.2,44.7,100,45.8,77.7,AI/ML,0
STU101663,22,Male,7.35,75.5,0,47.1,38.1,74.6,59.8,4,1,0,0.2,1,0,0,790,5,56.6,76.2,93,45.6,53.7,128.7,70.6,Data Science,1
STU105872,24,Male,7.17,83.1,0,52.9,26.6,55.7,56.5,5,1,4,18.3,1,4,2,1208,6,60.3,65.7,75.7,63.5,57.8,37.3,70.4,Data Science,1
STU109795,22,Female,7.1,86.6,1,53.5,52.2,57.2,56.9,5,2,0,0.1,2,0,0,533,5,,91.8,58.8,52.9,73.1,38.7,85.2,Business Analytics,0
STU100288,22,Female,6.5,91.6,0,44.3,47.2,56.4,38,2,1,1,2.8,4,0,0,819,4,67.8,46.2,80.9,36.6,35.1,22.2,63.1,Business Analytics,1
STU105042,21,Female,6.95,73.2,0,32.4,49.2,53,73,0,0,1,3.1,3,0,0,480,1,64.2,47.1,84,53.6,75.7,11.2,46.8,Software Development,0
STU106504,23,Female,6.73,74.9,2,80.6,50.1,40.8,51.1,1,0,1,4.2,1,1,1,979,3,60.1,60.1,72.7,34,38.4,24.8,86.1,AI/ML,0
STU103650,22,Male,7.38,77.4,1,46.2,88.2,58.1,38.7,1,0,2,9.6,2,0,0,390,2,76.5,48.5,56.7,51,58.9,25.1,69.6,Business Analytics,0
STU108541,23,Male,8.23,82.4,0,46.5,46.1,70.3,79.8,2,1,0,0.4,1,2,0,881,2,57.9,73.7,68.6,60.2,62.1,86.1,88.2,Data Science,1
STU104754,20,Male,8.72,78.3,0,40.3,43.4,82.8,58.5,4,2,0,0.1,0,1,0,828,5,60.1,69.2,79.3,53.7,85,,78.5,Data Science,1
STU107419,21,Male,8.27,86,0,63.6,72.1,100,80.9,3,0,0,0,2,1,0,912,2,67.5,56.4,87.4,55,65.6,38.9,88.8,Software Development,0
STU108583,21,Female,7.29,70.5,1,57.3,68.3,62.6,34,2,1,1,2.4,2,2,1,416,2,68.1,69.6,74.6,63.8,56.4,63,68.1,Data Science,0
STU102526,22,Male,6.98,86.6,0,50.3,34.8,40.5,48.3,2,0,0,0,4,1,0,574,2,73.1,50.8,69.5,51.3,72.4,70.9,59,Data Science,0
STU105356,23,Female,7.46,66.8,0,66.7,62.4,34.3,30,1,1,1,6.4,1,0,0,736,1,65.7,65.3,57.5,40.6,64,87.8,67.1,AI/ML,0
STU105141,21,Female,7.81,74.9,0,53.3,51.5,47.7,59.7,2,1,1,5,3,1,0,728,3,58.4,50.6,92.4,28.2,63.5,10,66.5,Data Science,0
STU107230,23,Male,9.2,77.8,0,92.3,93.3,31.7,35.7,5,4,0,0,3,1,0,567,4,52,79.7,78.8,76.6,55.9,70.9,58,Data Science,1
STU107436,19,Female,7.57,70.5,3,54.5,66.7,56.7,54.5,1,1,1,5.5,7,2,0,1212,2,75.7,63.2,64.4,61.9,62.9,19.1,72.1,Business Analytics,0
STU103037,22,Male,8.61,87.8,1,69.2,58.1,59.3,68.9,3,2,0,0,3,0,0,1016,2,42.3,60.5,73.1,62.1,48.5,34.6,69.6,Data Science,1
STU103339,21,Female,8.45,86.6,1,64.7,70.7,51.9,65.4,1,0,2,4.6,1,2,0,481,3,66.5,68.6,80.5,80.8,59.9,92.8,68.5,Software Development,0
STU101978,22,Male,6.08,74.1,0,39.8,43.1,56.9,41.9,0,0,1,2.8,3,1,0,634,0,66.2,47.5,69,34.4,49.9,27.2,70.6,AI/ML,0
STU109635,22,Female,8.06,82.3,1,77.4,49.9,47.8,51.3,4,2,2,10.5,1,6,1,752,4,80.5,65.5,75.7,100,57.1,86.5,86.9,Software Development,0
STU108134,21,Male,6.41,81.1,0,27,23,56.2,26.5,3,0,0,0.9,4,1,0,946,3,64.1,64.6,82.7,61.8,47.1,35.8,70.6,Business Analytics,0
STU107947,22,Male,8.05,81.3,1,63,42.9,49.6,36.4,5,3,1,3.3,1,0,0,499,6,55.9,58.8,76.3,49.9,53.9,75.3,48.9,Cyber Security,0
STU100916,23,Female,7.2,82.9,0,37,42.5,39.9,57.6,6,0,0,,1,0,0,1039,7,58.8,79.2,79.6,66.2,64.6,119.3,64,Software Development,1
STU107386,22,Male,6.62,76.5,0,27.5,63,51.1,36.7,1,0,0,0,3,2,0,448,1,64.9,49.3,75.4,70.9,71.7,17.4,79.2,Data Science,0
STU105622,22,Female,8.19,76,1,69.4,80.5,67.7,45.7,0,0,0,0.9,2,0,0,769,2,50.5,60.4,64.1,55.1,82.1,20.3,74.1,Software Development,0
STU107860,23,Male,7.32,85.9,0,48.3,74.4,64.6,51.4,1,1,1,3.5,0,2,0,769,3,55.9,50,78.6,39.7,50.7,53.3,72.3,Data Science,0
STU103838,22,Female,6.9,82.8,0,45.5,31.2,48.7,35.9,1,1,1,3.5,0,2,1,760,2,54.5,43.9,68.2,42.6,61.1,33.3,52.5,AI/ML,0
STU101312,23,Female,8.47,75.9,0,63.4,65.2,29.8,69.7,2,1,0,0,2,1,0,639,1,62.3,61,60.4,69.6,43,40.3,72.1,Data Science,0
STU105455,21,Male,7.57,75.5,1,21.8,83.1,74.8,50.5,1,0,3,10.2,4,0,0,482,1,78.1,63.3,67.9,55.3,57.8,21.5,87,AI/ML,0
STU100148,22,Male,7.18,74.6,0,47.6,51.1,92.5,68.8,2,0,1,1.6,2,2,0,484,1,61.9,70.7,73.9,87.4,66.1,12.8,80.6,AI/ML,0
STU103407,22,Male,7.85,76,0,42.5,54.3,64.2,59.6,6,2,0,,2,1,0,1021,7,53.2,81.8,73.7,55.9,27.2,18,75.3,Data Science,0
STU105332,22,Female,6.53,85.3,0,67.3,38.7,47.8,54.7,3,0,0,0.8,4,1,0,833,3,67.2,52,87.4,40.7,87.6,57.6,,AI/ML,0
STU103947,23,Male,7.77,77.7,1,54.9,62.9,48,60.2,3,0,0,2,4,3,1,993,3,77.1,65.7,77.7,41,48.5,66.2,73.7,AI/ML,0
STU104901,19,Male,8.53,93.1,2,44.6,22.1,51.1,44.9,3,1,3,14.9,1,3,0,664,2,61.5,75.2,65.2,59.2,64.7,16.9,60.7,Software Development,0
STU106388,20,Male,8.25,63.1,0,52,71.2,72.5,57.4,0,0,2,6.5,0,1,1,1023,1,61.3,56.9,72.7,59.2,64.8,52.2,68.6,AI/ML,0
STU101910,22,Male,9.67,87.1,1,63.9,57.3,69.3,50.7,2,0,1,4.2,1,2,0,578,1,51.8,59.2,65.9,55.7,41.8,98.9,68.1,Software Development,0
STU109994,22,Female,7.38,,0,69.2,72.8,51.5,45.2,0,0,3,9.6,3,0,0,839,0,63.7,53.1,66.2,52.7,48.8,38.9,56.4,Cloud Computing,0
STU104922,23,Female,7.93,87.2,1,64.5,38.7,48,40.7,1,0,1,5.4,1,0,0,1026,3,57.3,46.8,67.3,65.3,51.5,,60.6,Business Analytics,0
STU108251,21,Female,7.07,80.3,1,47.5,57.7,20,47.9,0,0,1,5.8,3,1,0,388,2,75.6,73.5,59.1,90.2,68.1,46.1,29.4,Business Analytics,0
STU101811,20,Male,6.75,73.3,0,37.8,66.8,54,45.1,6,0,1,4.7,3,1,1,638,7,,86.1,75.5,71.5,27.8,32.2,73.7,Data Science,0
STU109318,21,Male,6.98,75.4,0,56.8,43.9,66.7,47.3,0,0,2,7.7,1,0,0,488,1,68.1,53.2,65.7,68.6,58.4,93.9,84.2,AI/ML,0
STU106052,21,Female,7.58,91.9,0,59.4,61,82.8,59.9,3,1,1,,1,0,0,678,3,54.1,,62.2,60.2,54.4,29.5,,AI/ML,1
STU100950,19,Female,6.07,76.3,1,49.9,51.6,33.9,35.7,3,2,1,1.8,3,1,0,743,3,67.4,60.9,80.9,53,44.5,99.2,59.9,AI/ML,0
STU104600,24,Male,6.56,95.3,0,59.8,42.1,73.5,68.8,1,0,0,0,3,2,1,763,0,50.3,64.3,65.2,48,67.6,69.7,73.2,Software Development,0
STU101945,21,Male,7.44,77.6,0,52.8,57.4,46.6,51.4,2,0,2,11.6,3,1,0,927,1,67.6,58.8,62.1,59.4,53.5,35.5,81.7,Business Analytics,0
STU100738,23,Female,8.56,81.7,0,,69.4,64.4,37.9,3,2,1,2.4,2,1,0,643,4,79.5,60.4,92.3,56.7,82.5,56.7,76.2,Software Development,0
STU100028,22,Female,6.5,61.4,1,21.9,36.7,73,31,3,1,1,1.2,7,3,0,426,3,72.9,83,68.2,75.3,43.7,72.9,94.4,Software Development,0
STU102749,22,Female,6.79,87.4,0,35.2,71.6,73.1,46.2,1,1,1,,5,0,0,947,2,69.8,66.2,83.8,58.1,59.9,26.1,68.3,Cloud Computing,0
STU109446,22,Male,7.4,79.6,0,48.7,58.1,56.6,54.7,1,0,0,0,1,1,0,495,2,52.7,56,50.6,53.7,57.9,54.7,70.3,Cyber Security,1
STU102075,22,Female,7.69,74.6,0,57.2,70.8,52.2,43.2,2,0,1,4.2,3,1,0,1257,2,61.3,50.6,71.6,43.1,36.3,98.6,52.2,Cloud Computing,1
STU103088,21,Male,7.98,84.3,1,58.8,,90.4,58.3,1,0,0,0.2,2,2,0,998,2,63.1,,85.9,66.7,67.9,30.9,54.2,Business Analytics,0
STU107804,20,Female,6.56,76.2,0,39.7,38.4,39.9,38,3,0,2,10.9,0,0,0,591,2,74.1,70.2,65.5,40.4,62.3,51.2,63.3,AI/ML,0
STU104557,22,Female,7.65,90.4,1,71.3,57.4,61.9,56.4,3,2,0,1.1,3,1,0,873,4,72.9,80.2,72.5,39.7,67.4,35,76,Data Science,0
STU104014,24,Male,9.44,76.7,0,74.7,63.4,50,77.3,3,0,1,2.2,2,2,0,863,2,58.7,59.5,76.6,70.1,37.7,36.1,79.1,Software Development,0
STU100376,24,Female,7.57,77.4,1,63.7,57.5,53.7,71.3,4,0,2,,4,1,0,753,4,78.6,78.9,74,58,52.4,113.5,75.2,Business Analytics,0
STU103983,21,Female,8.04,81.1,0,45.3,72.1,68.3,37.7,3,1,1,3,1,3,0,640,4,71.7,55.6,57.4,22.2,62.6,90.6,57.7,Data Science,0
STU105323,21,Female,7.59,83.2,2,64.8,47.7,74.8,50.7,1,0,1,6,2,3,0,857,1,60.5,71.7,76.4,36.9,59,42.8,73,Cyber Security,0
STU102583,22,Female,7.1,81.9,0,34.3,67.3,68.7,47.6,2,0,0,0,1,2,0,738,2,58.2,60.3,56,58.5,68.8,53,62,Software Development,0
STU107635,23,Female,8.74,72.2,2,54.6,61.8,59.9,51.3,3,1,1,3.1,3,1,0,607,3,63.6,60.7,65.9,54.8,81.7,47.3,66.8,Software Development,0
STU103354,21,Female,8.34,83.8,0,72.5,66.3,46.2,54.8,3,2,3,12,0,1,0,1295,2,57.5,53.7,66.3,44.1,73.4,18.2,78.7,Software Development,1
STU108829,20,Male,6.12,61.5,0,46.5,44.6,75.1,19.9,2,0,1,4.5,0,3,1,1014,2,53,61.9,82.7,27.2,41.6,53.2,58.9,AI/ML,0
STU107489,21,Female,7.34,69.4,0,26.9,66.2,52.8,41,4,4,0,,1,2,0,685,5,47.8,67,81.1,42.1,54.1,152.1,60,AI/ML,0
STU104029,22,Male,7.95,81.3,0,58.5,41.1,51.2,48.7,1,0,1,0.7,2,4,1,729,1,,56.4,81.6,65.7,35.5,33.4,70.7,Software Development,0
STU104396,22,Male,6.25,80.2,0,36.7,63.5,40.1,52.1,5,3,1,5.1,0,1,0,830,5,56.4,58.2,78.1,64,49.1,91.1,61,Cloud Computing,0
STU104172,22,Female,6.91,84.1,2,47.4,46.5,74.3,61,3,1,4,22.7,5,1,0,341,4,73.8,61.1,63.8,40.5,86.9,44.6,74.7,AI/ML,1
STU108036,20,Female,7.79,83.2,0,31.8,27.6,53.8,52.7,4,2,2,5.5,1,2,1,268,3,64.1,49.9,73.8,73.8,44,147.8,79.7,Data Science,0
STU107120,20,Male,7.95,78.4,0,23,75.6,89.3,45.4,1,1,2,7.9,0,1,0,640,2,58.6,67.6,83.1,41,73.1,144,73.1,Software Development,0
STU103845,22,Male,5.81,71.1,0,31.5,47.9,32.2,50.9,1,0,0,0,1,1,0,682,1,42,58.5,51.5,71.4,51.3,32.7,62.6,Business Analytics,0
STU108514,21,Male,8.83,94.3,1,70.8,88.2,46.6,73.7,2,0,2,7.3,3,2,0,656,2,77.7,68.7,61.8,39.5,50.5,57.1,67.9,Software Development,1
STU106140,23,Female,7.74,82.9,0,64.4,60.1,39.5,49.6,1,1,0,0,2,2,1,962,2,57.5,51.6,71.9,57.9,61.4,76.2,74.8,Business Analytics,0
STU108866,22,Male,9.07,86.3,0,63.7,67.5,31.6,63.5,2,2,1,1,4,1,0,600,2,80.5,77.7,58.1,56.5,44,8.2,62.2,Cloud Computing,0
STU101828,23,Female,7.05,100,0,45.9,44.3,41.4,46,2,0,0,2.2,2,0,0,502,1,39.8,60.3,60.5,75.7,78.6,56,61.6,Software Development,0
STU102078,22,Male,7.87,79.8,2,41.7,87.5,35.7,38.2,2,1,0,3.3,1,0,0,551,1,73.5,72.8,83.3,55.9,46,34.9,60.9,Data Science,0
STU105149,22,Female,7.44,96,1,57.4,22.5,61.3,40.3,2,1,1,3.6,0,1,0,511,1,64.3,51.4,69.4,72.7,68.6,23.5,73.7,Cloud Computing,0
STU107865,20,Female,9.18,83.3,1,,56.3,49,,3,1,0,0,3,2,0,777,2,53.8,57.4,52.9,61.8,71,22.1,80.2,Cyber Security,0
STU100017,22,Female,8.12,65.5,2,51.2,46.1,45.3,48.2,5,4,0,0.2,3,1,0,850,6,53.4,65.9,55.7,57.4,53.4,40,74.3,Software Development,0
STU106315,24,Male,7.59,84.2,0,58,67.4,56.9,70.4,1,0,1,5.7,1,1,0,940,2,56.3,50.3,69.9,47.2,50.3,25.9,80.5,AI/ML,0
STU105341,22,Male,6.58,93,0,37.3,51.7,81.1,68.1,4,1,2,9.8,2,0,0,469,4,53.7,56.2,100,15.8,81.3,51.4,100,Cyber Security,0
STU100141,22,Female,7.45,83.6,1,41.4,62.6,58.6,59.7,1,1,1,5.9,1,0,0,718,1,74.5,57.4,68.6,62.8,44.2,35.2,81,Business Analytics,0
STU105757,21,Male,9,86.8,0,96.2,80.9,49,86.7,1,1,1,4,4,3,1,688,1,67.6,64.3,58.8,60.6,90,13,84.3,Cloud Computing,0
STU103730,22,Male,8.44,82,0,80.5,73.2,52.9,52.7,2,1,3,13.6,2,1,0,562,3,56.2,76.9,59.2,44.3,52.6,24.9,,Data Science,0
STU107692,21,Male,7.19,83.3,0,32.9,42.8,52.3,29.5,2,0,2,6,1,2,0,736,2,48.7,63.3,78.9,38.2,58.5,48.5,72.6,Data Science,1
STU102331,21,Male,9.61,68.3,1,83.9,71.6,53.5,63,3,1,1,4.1,2,2,0,861,3,,80.5,65.7,43.9,30.8,12.7,79.3,AI/ML,0
STU106923,21,Male,6.99,78.8,1,56.5,43.9,73.2,41.8,5,1,2,10.5,3,2,0,661,6,90.7,64.4,,29.5,66.9,66.5,81,Software Development,0
STU108179,21,Other,7.85,77.6,0,65.4,52.5,64.3,54.2,2,1,1,3.4,2,1,1,719,3,60.9,44.6,78.3,74.2,56.5,102.6,72.2,Data Science,0
STU107925,21,Female,7.71,83.2,3,73.4,82.1,29.1,49.5,2,1,2,,3,2,0,846,4,80.2,60.6,62.5,48.9,70,43.8,54.5,Business Analytics,0
STU100239,21,Female,8.23,90.8,1,74.7,40.7,67.7,59.4,1,1,0,0,4,0,0,743,1,70.7,60.8,57.5,46.4,50,30.2,64,Data Science,1
STU103096,20,Male,7.82,85.8,0,40,65.7,20,58.6,2,1,0,0,5,0,0,397,4,67.6,51.9,54.4,56.7,62,5.5,70,Data Science,0
STU105574,22,Male,7.49,81.9,1,64.1,52.7,66.5,59.7,0,0,0,0,1,2,0,933,0,63.7,47.7,61,50.9,39.4,30.9,61.8,Software Development,0
STU108604,22,Male,9.38,93.7,0,64.4,69.8,68.1,78.2,3,1,1,3.8,1,0,0,751,3,67.7,51.3,89.9,57.6,39,35.6,87.3,Software Development,1
STU104704,22,Male,8.16,92.6,1,61.7,64.8,61.7,61,1,0,3,11.5,1,1,0,820,1,78.5,65.4,57.2,48.5,25.4,,78.6,Software Development,0
STU101013,21,Male,6.67,100,0,70,49.2,53.9,58.7,5,2,1,5.7,5,1,0,1002,6,74.3,,56.9,59.6,74.1,29.9,69.7,Business Analytics,0
STU107178,22,Female,7.93,78,0,46.7,71.2,52.7,51.9,5,2,1,4.6,1,0,0,1047,5,42.7,69.5,68,47.6,90.5,58,62,Business Analytics,0
STU103583,22,Male,5.87,79.2,2,31.8,25.7,65,,1,0,0,1,0,0,0,432,1,53.5,54.6,97.1,45.7,37.5,47.2,86.1,Data Science,0
STU107808,22,Female,7.94,71.3,0,44.2,70.2,88.4,56.6,4,2,0,0,0,0,0,1075,5,58.1,54.7,81.7,78.1,71.3,28.3,74.9,Cloud Computing,0
STU105606,20,Female,9.2,84.5,0,54.6,70.1,46.9,60.9,6,2,1,6.3,5,1,0,546,6,77.1,86.8,78,47.6,72,35.3,,Data Science,0
STU102570,22,Male,6.87,75.1,0,54.7,49.7,82.3,63.2,2,2,0,1.5,1,1,0,859,2,81,64.8,74.2,33,40.1,49,75.8,Cloud Computing,0
STU105490,21,Female,6.64,70.1,2,34.4,43.6,37.8,35.8,5,1,0,0,2,0,0,666,6,47.2,67.6,53.3,62.8,40.3,65.4,57,AI/ML,0
STU102632,21,Female,8.3,92.6,0,56.7,66.2,70.9,58.9,2,1,0,0.8,3,1,1,947,2,70.3,78.8,66.8,58.5,52,45.1,69.9,AI/ML,1
STU103793,21,Male,7.7,69.5,1,58.5,16.5,42.6,42.1,2,0,0,0.9,2,2,0,517,2,73.2,,63.1,52.9,42.5,14.8,56.9,Business Analytics,0
STU105314,22,Male,7.24,80.6,1,36.3,48.8,51.1,31.4,1,1,2,10,3,1,0,695,0,81,23.8,67,35.3,74.8,95,61.6,Data Science,0
STU108527,22,Male,8.09,75.3,2,78.5,59.3,35.2,63.3,5,1,1,2.5,1,1,0,816,6,61.2,77.3,60.1,26.9,82.5,36.3,63.4,Software Development,0
STU100541,20,Male,7.86,80.9,0,79.3,67.5,59.8,,2,1,0,0.8,4,2,0,1062,2,46.8,56.6,82.9,38.5,31.8,29.2,65.8,AI/ML,0
STU102698,22,Male,8.23,94.1,0,59.4,66.3,59.5,59.1,1,0,0,0,0,2,0,679,0,55.5,48.3,84.6,74.3,55.5,66.4,75.1,Software Development,0
STU101946,20,Male,7.99,79.5,0,61,67.1,38,65.5,3,2,0,0,5,2,1,444,3,70.9,86.2,55.1,84.6,78.6,23.7,73.5,Cyber Security,0
STU106598,22,Female,7.49,91.5,0,56.2,60.1,51,31.5,2,1,1,5.4,1,1,0,840,2,63.8,41.7,43.2,45.5,55.5,33.1,63,Software Development,1
STU105377,22,Male,8.33,100,1,54.9,75.3,69.8,71.5,3,0,1,3.8,1,2,0,1066,5,51.9,58,63.9,70.5,56.5,66.1,97.1,Cyber Security,0
STU105134,20,Male,6.63,78.9,1,42.5,56.6,84.2,26.4,7,5,0,0.8,2,1,0,1315,7,65.8,83.2,70.1,34.8,65.7,16.9,66,Software Development,0
STU101049,21,Male,6.74,72.7,0,28.5,36.5,47.6,46.5,6,2,0,0.8,2,0,0,592,5,38.9,,46.8,31.2,75.3,20.1,60.2,Cyber Security,1
STU106638,22,Female,7.43,74.7,2,75.7,53.6,62.9,73.4,6,1,0,0,1,2,0,941,7,,80.3,47.3,39.8,40.4,58.9,,Software Development,1
STU104471,22,Male,7.5,68.8,0,72.9,75.6,60.1,71.3,3,0,2,5.9,1,0,0,944,3,60.7,74.8,61.4,63.6,71.2,99.4,69.6,AI/ML,0
STU109804,20,Male,8.11,,0,56.8,58.9,62.8,48.3,6,2,1,3.7,0,1,0,839,6,64.1,67,79.2,42.3,50.8,49.8,88.6,Cloud Computing,0
STU101017,22,Male,8.44,66.5,0,60.7,45.8,56.4,67.2,4,0,2,11.8,2,0,0,1046,3,60,62.9,68.4,38.7,85.7,30.2,72.8,Software Development,0
STU109903,23,Male,7.76,87.2,1,39.1,63.2,53.1,55.8,4,0,0,0.6,4,2,0,745,4,91.7,78.8,65.9,62.5,55,34.5,69.7,AI/ML,0
STU106887,22,Male,6.17,68.8,0,50.9,35.1,55.2,25.8,3,1,0,0.4,2,2,0,758,4,76.8,58.8,83.9,65.4,80.2,40,53.1,Software Development,0
STU105301,21,Female,7.74,79.1,0,52.4,49.9,49.8,60.8,2,0,0,1.3,3,0,0,790,2,56.6,59,59.1,40.1,76.8,14.4,89.9,AI/ML,0
STU104304,21,Other,7.94,82.9,1,64.2,42.8,36.7,57.2,3,0,0,0.1,2,3,0,892,3,66.3,61.3,68.3,73.1,52.1,55.4,81.2,Data Science,1
STU105535,22,Male,7.43,86.1,0,52,60,59.1,44.9,1,0,0,1.6,2,1,0,741,3,37.9,44.8,55.4,41.4,47.5,31.7,46.1,Software Development,0
STU103721,22,Female,7.52,,0,45.9,56.2,53.3,44.6,2,0,1,4.3,2,2,0,655,2,61.7,58.3,54.5,69.7,35.2,8.2,,AI/ML,0
STU109780,20,Male,9.08,97.6,0,69.1,73.2,55.3,83.1,3,1,1,5.6,5,3,0,1400,2,67.6,64.9,76.3,51.6,33.7,96.7,83.4,AI/ML,1
STU102972,22,Male,7.63,80.2,0,58.9,48.2,58.7,41.5,2,1,1,6.3,1,0,0,847,2,67,,71.3,37.5,76.5,37,75.1,Cyber Security,0
STU106825,22,Male,7.73,80.4,1,50.5,52.9,48.7,76.6,1,0,0,0,1,1,0,802,1,52.2,51.4,76.4,51.5,50,96.7,72.4,Software Development,1
STU102932,23,Female,8.39,77.8,0,48.8,53.5,36.2,19.1,3,0,0,0,4,2,1,557,2,64.8,69.4,63.7,68.6,32.5,13,49,Business Analytics,0
STU100695,21,Female,7.36,66.2,2,64,41.5,31.3,54.1,1,0,1,3.9,0,2,1,733,1,68.3,60.6,66,41.7,55.8,47.8,69.4,Business Analytics,1
STU103351,22,Male,6.92,87,0,28.4,51.8,65.5,40.3,0,0,2,8.7,2,1,0,727,0,72.1,,85.4,51.7,42,,79.8,Data Science,0
STU101107,20,Male,6.68,79.9,0,27.4,60.7,85.4,43.8,2,1,1,,1,0,0,308,3,60.4,58.4,66.3,62,86.1,47,81.9,Cyber Security,1
STU107323,23,Female,8.05,86.6,2,40.7,63.2,62.3,67.6,3,2,0,1.9,1,1,0,809,5,74.4,76.4,60.3,55.1,67.5,58.7,79.5,Cyber Security,0
STU100841,24,Female,6.41,77.7,1,61,43.7,36.9,40.6,4,2,0,0,4,2,0,972,3,63.3,70.9,51.9,65,74.4,86.5,52.9,AI/ML,1
STU100225,22,Male,9.24,66.4,1,92.5,63.4,39.3,59.8,5,2,0,0.9,2,2,0,690,4,63.5,60.1,63.5,30.1,35.8,12.6,68.5,AI/ML,1
STU108256,22,Male,8.49,80.8,0,55.8,52.9,56.5,88.8,2,1,1,2.1,1,1,0,652,1,63.1,67.8,64.2,52.3,59.8,51.4,97.7,Data Science,0
STU101865,22,Female,8.7,91,1,50,75.8,67.7,93.5,0,0,1,4,1,4,0,915,1,64,43.7,76.6,58.9,27.6,79.1,77.9,Cyber Security,0
STU103686,22,Female,7.84,71.6,2,72.2,55.9,37.9,49.2,2,1,1,3.8,3,3,1,890,1,75.3,76.8,65.4,54.3,14.3,11.4,63.3,Data Science,0
STU109761,23,Female,8.51,81.9,1,56.1,50,57.9,79.6,0,0,0,1.6,1,0,0,857,0,46.6,60.4,82.3,47.2,50.8,26.9,85.1,Business Analytics,0
STU107900,24,Male,8.42,78.3,1,69,50,56.8,86.2,1,0,1,2,0,1,0,659,2,65.6,43.4,68.5,71.2,33.7,17.6,73.9,Cloud Computing,0
STU108531,22,Male,7.54,93.1,0,42.7,68.4,57.7,61.6,1,0,2,3.6,3,2,0,758,1,76.2,43.6,75.4,46.3,77.5,56.9,75,Software Development,0
STU102807,24,Female,7.8,92.2,1,64.2,53.3,80.5,44.9,2,1,2,3.3,3,0,0,1137,1,72.2,56.8,68.5,34.4,85.8,24.6,79.5,Software Development,0
STU104588,23,Male,7.28,74.2,2,56,58.4,52.8,69.5,5,1,0,0,2,1,0,763,4,67.6,72.7,69.7,63.4,28,31.5,63.9,Cloud Computing,0
STU109459,21,Female,7.16,78.1,0,54.6,34.9,66.7,55.3,5,2,0,0,1,0,0,773,4,55.7,63.7,65.4,35.3,62.3,74.1,73.5,Data Science,1
STU101217,20,Female,8.04,81.3,0,42,66.3,52.3,66.7,3,1,2,8.3,3,1,0,634,3,74.3,70.3,64.7,66,67.1,42.2,76.9,Cloud Computing,0
STU102509,23,Male,6.79,86.3,0,46.5,37.8,68.8,21.2,1,0,0,0,2,3,1,519,0,58.6,80.7,70.2,66.8,75.2,40,42.6,Software Development,0
STU107172,22,Male,6.57,100,0,43,42.1,56.3,40.4,1,0,1,6.2,2,1,0,674,2,60.2,45.8,55.7,65.2,70.9,22.5,72,Cloud Computing,0
STU104103,21,Male,9.47,87.1,0,97.8,64.8,53.1,85.1,1,0,0,0,0,2,0,1400,3,42.9,58.1,67.5,57.1,79.9,104.5,89.2,Cyber Security,1
STU105459,22,Male,7.04,77.9,0,30,56,44.1,73.5,6,1,0,0,3,1,0,902,5,56.9,,79.4,43.8,74.8,58.2,82.8,Cloud Computing,0
STU104772,19,Male,7.21,89.7,0,50.9,45.5,74.9,62.8,5,1,1,4.8,0,1,0,785,4,34.5,75.7,72.8,41.7,46,42.9,78.5,Software Development,0
STU105825,20,Female,7.62,89.4,1,48.8,70.2,75.4,43.7,0,0,0,0,3,3,0,765,0,58.8,41.7,87.5,43.8,65.6,75.8,72.3,Software Development,0
STU109667,21,Male,7.94,84.3,0,56.8,76.6,67.2,77.2,3,1,0,0,3,2,0,716,5,62.7,73.1,76.5,33.7,53.9,84.9,73.8,Business Analytics,0
STU103536,20,Male,7.4,88.8,0,57.6,52.4,56.8,70.3,3,0,0,0,3,0,0,687,4,52,62.3,72.2,36.4,79.7,14.3,80.4,Business Analytics,1
STU103723,23,Male,7.65,75.5,1,29.5,59.3,49.6,56,2,1,1,3.6,1,1,0,780,2,71.3,57.6,66.7,63.2,54.5,82.9,85,AI/ML,0
STU109295,20,Female,7.8,80.9,1,69.8,56.8,50,72.9,1,0,2,4.1,2,1,0,848,2,58.8,54.5,71.6,39.5,55.8,46.7,70.6,Business Analytics,0
STU104543,20,Female,7.51,58,0,66.7,48.2,44.2,38.6,3,2,1,2.4,2,1,0,1001,3,74.8,76.4,79.7,46.9,52.3,65.3,56.1,Data Science,0
STU105863,21,Male,8.47,79.7,0,70,79.2,65.3,49.6,4,1,1,,3,3,0,698,3,60,55.7,73.4,60.9,63.3,49.5,60.7,Cloud Computing,1
STU102672,23,Female,7.15,73.2,1,41.8,20.1,51.1,56.7,2,0,0,0,3,4,2,565,3,50.4,55.6,69.7,63.7,56.1,56,56.8,Software Development,1
STU105553,22,Other,5.54,95.1,0,33.1,48.3,54.4,38.4,1,0,0,,2,4,1,543,1,68.4,48.5,64.6,89.8,53.9,37.1,67.2,AI/ML,0
STU100354,23,Female,6.87,83.7,1,35.7,68.6,45.9,53.5,2,0,0,0,0,0,0,961,1,45.8,41.2,95.7,30.8,47.4,94.9,65.6,Business Analytics,1
STU100626,21,Male,7.68,90.3,0,69.1,69.3,68.4,42.8,0,0,1,2.1,1,3,1,835,0,32.2,43.5,67.2,82.4,83.1,7.8,79.9,Software Development,0
STU107968,22,Male,7.54,79.9,0,63.5,34.4,27.1,48.3,2,1,1,4.7,4,1,1,516,3,62.9,65.9,64.8,16.7,59.5,68.3,69.8,Cyber Security,0
STU106270,21,Female,7.78,82.8,0,87.6,55.8,92.5,,1,1,1,3,2,1,0,993,1,68.5,39.6,79.9,82.8,68.8,38.1,71.1,Cyber Security,1
STU105296,23,Male,8.23,90.7,1,74.2,81.9,80,73.7,2,1,1,4,0,1,0,736,3,61,59.4,80.9,84,54.2,36.9,68.9,Software Development,0
STU107952,24,Male,7.55,82.3,0,48.3,54.9,46,46.4,3,0,0,0.3,1,1,0,743,3,62.5,64.1,71,55.2,35,37.1,54.6,Software Development,1
STU107542,21,Male,6.98,85.6,0,35.9,55.5,54.6,33.5,3,2,0,0,1,0,0,711,3,52.3,61.6,65.9,45.1,71.1,67.2,82.8,Software Development,0
STU101972,21,Female,9.09,93,0,91.1,74.1,72.4,100,3,0,0,,3,1,0,811,4,51.8,46.9,79.4,40.6,49,76.4,99.5,Data Science,0
STU102234,23,Male,8.67,84.1,1,68,53.3,65.1,52,2,1,0,0,2,0,0,1041,2,65.3,52.5,68.3,63.1,68.6,27.6,81.2,Data Science,0
STU102054,25,Female,6.68,87.7,0,42.6,67.5,76.6,39.2,4,2,0,0,1,1,0,634,6,74.7,67.6,66.7,77,59.6,41.1,60.4,Cloud Computing,0
STU103134,21,Male,7.38,64.9,0,49.2,60.8,58.6,,2,0,2,6.7,3,2,0,741,2,79.6,58.9,75.1,47.8,51.8,44.6,63,Software Development,0
STU109661,22,Female,6.83,86.8,0,23.8,69.8,48.7,55.6,3,2,0,0,2,2,0,973,3,74.8,65.6,70.4,51.4,50.1,44.8,90.3,Business Analytics,0
STU103076,21,Male,7.78,89.5,0,73.2,46.5,,,2,1,0,1.5,2,2,1,1031,1,46,46.2,67,47,56.6,71.2,91.8,Business Analytics,0
STU102542,22,Male,7.87,85.2,1,69.1,44.9,75.8,46.7,4,2,0,0,4,0,0,854,3,,84.6,83.5,33.3,68.8,46.5,79.3,Software Development,0
STU105437,21,Female,6.76,77.1,0,39.5,56.9,51.1,29.5,1,0,0,1,2,1,0,505,1,67.9,48.8,63.3,73.4,45.8,,53,AI/ML,1
STU105290,24,Male,9.22,78,1,55.8,89,84.7,69.6,6,1,1,3.7,0,4,0,857,5,53.4,66,98.4,71,38,15.4,62.6,Cyber Security,0
STU100082,21,Female,9.22,71.8,0,74.4,70.8,27.4,56,4,0,2,10.4,0,0,0,887,3,57.1,71.7,61.6,59.3,86.8,48,67.9,Data Science,0
STU102923,20,Male,8.31,82.4,1,57.9,71.6,34.3,,2,0,1,4.5,0,2,0,659,2,70.9,55.7,68.9,41.3,41.2,75,75.7,AI/ML,1
STU102711,22,Male,8.04,78.6,0,56.1,41.6,72,76.2,2,0,1,3.1,2,0,0,796,3,63.4,59.1,82.9,44.9,56.1,51.6,93.2,Software Development,0
STU106313,22,Male,8.12,90.1,0,52.1,,45.8,64.4,4,3,0,0,4,0,0,1016,5,74.1,68.1,82.8,32.6,55.9,66.1,70.6,AI/ML,1
STU103625,22,Male,7.92,89.8,0,50.3,71.9,74.9,56,1,0,0,0,1,1,0,794,3,60.3,41.5,82,52.1,44.5,78.6,77,AI/ML,1
STU104191,23,Male,7.32,81.5,0,53,46.6,59.9,51.1,4,0,0,0.7,1,1,0,894,6,43.9,58,86,69.9,43.7,85.7,67.4,Software Development,1
STU108051,22,Female,8.36,74.9,0,63.5,76.9,68.6,43.9,1,0,0,1.2,1,1,0,1203,1,55.6,64.2,72.5,25.3,63.6,27.6,71.8,AI/ML,1
STU108359,24,Male,7.55,82.8,1,57.9,59.7,63.7,30.6,3,0,3,7.7,1,3,0,1058,3,,39.9,87.5,66.3,56.3,77.4,72.4,Business Analytics,0
STU105028,22,Female,7.15,79.9,0,44.4,27.8,47.4,29.5,4,2,1,4.1,1,2,0,820,4,63.1,65.8,82.2,53.7,53.7,42.8,75,Business Analytics,1
STU105843,22,Male,9.21,82,0,84.3,63.4,64.5,52.5,2,1,2,5.7,1,0,0,885,4,55.9,44.7,79.3,51.2,36.4,79.2,69.3,Cyber Security,0
STU102719,23,Male,7.69,87.7,0,82,69,62.1,54.8,2,1,0,1.9,2,2,0,1400,2,51.6,63.1,64,74.5,65.8,29.8,84.3,Software Development,1
STU106013,23,Male,6.55,87.1,0,33.8,36,59,17.9,0,0,1,2.9,2,0,0,844,0,74.9,65.6,68.7,65.7,39.1,61.5,73.5,AI/ML,1
STU103385,22,Male,6.59,96.6,0,28.2,39.5,51.7,52.3,1,0,0,0,1,1,0,546,2,61.6,60.8,67.8,35.6,50.9,49.8,68.8,Business Analytics,0
STU104783,21,Male,6.02,84,0,22.6,42,61.4,30.1,4,1,2,6.7,2,3,1,958,3,67.1,66.3,71.2,38.2,22,69.5,43,AI/ML,0
STU106681,22,Female,8.52,76.8,0,57.8,55.4,64.4,56.3,1,0,1,2.6,1,4,2,667,2,69,43.4,65.9,46.1,42,33.2,76.1,Data Science,1
STU105272,23,Female,7.64,85.1,0,45.3,66.8,79.7,60.3,0,0,1,3.6,2,3,0,740,1,66.5,56.4,73,69.7,50.2,61.9,88.2,Data Science,1
STU100876,20,Male,7.6,72.1,0,60.4,55.9,42.9,75.3,2,1,0,1.2,1,2,0,840,2,53.6,68.1,65.4,64.4,35.6,93.7,79.7,Business Analytics,0
STU105286,22,Female,7.82,95.7,0,60.1,50.9,66.7,39,5,2,1,4.8,2,0,0,811,4,,81.7,62.4,49.4,28.6,26.7,83,Business Analytics,1
STU103438,22,Female,7.73,97.1,2,47.2,74.7,44,59.1,2,0,0,0.4,2,2,0,472,3,78.9,53.9,87.2,50.3,53.7,82.6,62.7,AI/ML,0
STU103152,21,Male,7.24,72.8,3,43.1,43,36,56.3,1,1,3,7.8,2,1,0,742,0,54.4,60.6,50,45,60.4,31.9,71.2,Software Development,0
STU101211,23,Male,6.86,87.5,0,38.1,53.6,81.2,50.6,1,1,1,3.2,3,1,0,785,1,65.5,56.1,84.1,70.2,75,20.1,77.1,Cloud Computing,0
STU103559,22,Male,7,88.8,1,68.8,47.8,61.1,36.3,3,0,1,3.3,2,1,0,810,3,61.1,66.8,76.9,46.1,77.3,32,71.4,Data Science,0
STU105385,23,Male,7.21,70.5,0,67.3,73.5,69.8,47.1,0,0,2,11.4,0,2,0,1179,0,73.7,48.7,70.6,40.8,38.8,16,73.9,Data Science,1
STU104267,21,Male,6.7,79.5,0,36.7,43.4,49,50.1,2,0,0,1.3,2,3,1,821,3,62.5,53.7,76.6,58.3,100,42.3,68.5,Business Analytics,1
STU105879,23,Female,6.8,94.1,0,56,28.9,64,79.3,2,0,0,1.1,1,2,0,1256,2,66.7,62.2,83.8,73.6,52.5,47.9,87.1,Cyber Security,0
STU103986,21,Male,7.83,67.7,1,49,69.6,62.8,55.3,0,0,1,3.6,2,0,0,732,0,70.7,64.1,79.6,43.3,37.6,33.7,77.4,Cyber Security,1
STU106028,21,Female,8.22,76.5,1,50.9,70.3,32.3,88.8,2,2,0,1.8,2,1,0,444,3,62.5,57.1,60.9,47.3,71.9,58.3,69.2,Data Science,0
STU101431,21,Female,7.01,80.1,1,57.5,65.1,51.1,59.8,3,1,0,0.9,2,0,0,789,3,56.1,60,68.7,58.3,53.4,48.4,76.7,AI/ML,1
STU101308,23,Male,7.89,69.6,0,49.1,57.2,73.7,58.6,5,1,0,1.7,3,3,0,917,5,58.6,77,56.6,50.9,46.4,27.6,100,Cyber Security,0
STU105808,22,Male,7.54,72.1,0,41.7,59.7,44.4,49.3,0,0,3,14.9,2,0,0,493,0,63.7,46.6,58.5,26.4,65.8,26.5,61.8,Software Development,0
STU109985,23,Female,6.97,,0,72.4,39.8,49,46.5,5,3,2,6.4,3,1,0,994,6,75.4,61.3,61.1,61.4,53.7,24.4,64.2,Data Science,0
STU107263,23,Female,8.02,76.5,0,70.7,55.5,58.1,67.7,5,2,2,6.8,0,0,0,419,5,56.5,55.3,80.9,41.9,77.7,34.2,67.8,Software Development,1
STU105930,22,Male,8.81,85.6,0,60.4,60.1,,52.9,2,1,0,0,1,0,0,910,2,43,51.9,64.8,49.2,48.6,92.7,,Data Science,1
STU104559,23,Female,6.03,94.8,0,26.5,67.2,60.4,30.7,2,0,0,1.7,1,2,0,781,4,61.8,64.6,71.3,57.7,59.7,61.7,45.8,AI/ML,0
STU106438,23,Female,6.79,80.8,0,35,44.8,46.5,41.1,0,0,2,6.2,1,1,0,975,0,51.6,48.3,77.4,24.4,65.2,21.5,67.2,AI/ML,0
STU101833,20,Male,6.94,77.1,0,44.5,28.2,75.1,58.2,4,3,2,8.8,2,1,0,763,4,59.3,68.5,77.5,59.7,61.2,32.8,75.2,Data Science,0
STU101152,23,Male,7.58,89.9,1,48.7,55.8,47.2,88.5,2,2,1,3.9,4,0,0,468,3,83.2,59,58.9,44.8,71.6,100,80.3,Cyber Security,0
STU104038,22,Female,9.29,81.6,0,71.8,58.8,,70.6,2,0,0,2.7,2,2,1,790,1,72.9,59.2,65.6,65.2,90.2,45.8,73.9,Software Development,0
STU103213,22,Female,6.8,87.1,1,48.9,45.5,60.9,58.7,4,0,2,7.2,3,2,1,920,5,59.8,51.5,75.4,59.6,99.2,43.8,78.7,Software Development,0
STU103884,23,Male,7.84,70.4,0,60.2,46.9,80,53.4,5,2,2,9.6,2,2,0,780,5,68.6,70.7,67.8,50.1,93.3,,72.8,Software Development,1
STU103709,22,Female,6.83,94.2,0,41.1,58.2,65.4,17.5,5,1,2,11.8,6,0,0,844,4,70.9,83,73.3,39.3,48.7,55.2,,Cyber Security,0
STU103399,20,Female,6.37,73.3,1,61.5,25.4,32,33.5,1,0,1,1.5,2,1,0,750,2,59.6,63,73.7,46.9,35.3,18.4,62,Business Analytics,0
STU107160,20,Male,7.31,62.3,0,69.1,49.1,47.1,28.7,3,2,2,5.7,3,3,0,747,3,74.4,62.4,72.2,40.2,45.4,21.3,55.6,Cyber Security,0
STU109679,20,Male,6.45,89.2,1,43.2,52,,51.7,2,1,0,0,1,1,0,1101,1,55.4,62.2,76.6,78.6,60.6,61.6,75.7,Data Science,0
STU100430,22,Female,7.49,78.9,0,46,,51.3,48.5,2,1,1,2.5,2,0,0,582,4,64.8,52.7,75.5,51,28.3,73.2,68.4,AI/ML,1
STU109887,21,Female,7.46,99.9,2,70.6,45.7,63.7,57.8,1,0,0,2.3,0,3,1,722,1,53.5,58.2,68.3,49.2,52.2,46.6,82.5,Software Development,0
STU101699,20,Male,6.98,89.8,0,49.7,32.3,71.5,64.2,2,1,1,3.7,1,2,0,797,1,69.4,54,79.5,56.1,42.5,93,49.3,Cloud Computing,0
STU101636,23,Male,8.07,81.8,1,52.6,73.3,72.2,65.3,2,0,2,6.1,1,0,0,884,2,68.7,46.2,62.5,80.5,45.3,66.2,54.7,Business Analytics,0
STU108397,21,Male,7.69,87,0,75.1,59.1,40.5,50.6,3,1,0,0,3,2,0,1063,3,50.2,78.1,74,38.8,25.6,42.9,64.7,Data Science,0
STU101939,21,Male,7.08,75,1,50.3,25.6,42.5,38.5,3,2,1,5.3,4,1,0,676,6,49.4,68,70.1,46,61.4,59,62.7,Software Development,0
STU107413,21,Male,8.17,97.2,1,64,69.6,52,68.8,3,1,2,8,1,1,0,711,3,78.6,,64.1,61.5,64.7,11.4,65.6,Data Science,0
STU108694,21,Male,7.75,97.5,0,51.7,58.4,54.9,48.1,2,2,1,3.7,0,0,0,425,1,63.5,54.9,68.7,78.6,63.6,26.5,78.8,Cloud Computing,0
STU101958,20,Male,8.3,76.2,0,69.4,52.6,51.8,76.3,4,0,0,0.8,1,0,0,940,3,52.8,58.7,72.2,38.5,53.4,46.9,78.5,Cyber Security,0
STU104671,19,Male,8.01,90.6,0,49.3,47.9,58.5,56.3,3,2,2,7.6,3,1,0,572,3,64.1,67.3,76.8,68.6,56.6,,80.7,Cyber Security,1
STU108334,23,Male,9.18,76,0,63.9,71.7,46,64.5,2,1,0,1.2,3,3,0,1163,4,61.9,77.6,75.3,51.2,80,89.5,71.7,AI/ML,1
STU105308,21,Male,6.87,90.3,1,45,57.4,65.7,56.2,4,3,1,2.8,3,2,1,682,4,68.8,87.3,62.4,40.3,44.3,46.3,86.2,Business Analytics,1
STU105936,20,Female,6.07,72.5,1,23,35.5,61.9,27,1,0,3,14.6,1,0,0,933,2,72.3,53.6,59.2,56.6,77.9,33.8,56.6,AI/ML,0
STU109655,24,Male,7.56,95.9,0,60.3,36.8,78.5,70.2,3,1,0,0,0,3,0,666,2,61.6,64.8,83.7,80,68.1,62.6,81.8,Software Development,0
STU108571,21,Male,7.72,84.7,1,68.9,68,64.1,63.8,3,1,1,0.6,4,1,0,1092,4,70.2,67.3,73.5,34.8,49.3,28.4,98.6,Cloud Computing,0
STU109229,20,Male,8.24,80,1,69.7,68.7,35.3,66.1,3,1,1,3.9,0,0,0,773,2,54.4,47.7,58.9,46.8,60.8,63.5,53.4,Cyber Security,0
STU106642,21,Male,8.48,78.8,0,48.8,61.5,78.9,72.7,4,2,1,7.4,2,1,0,682,3,79.4,78.7,,68.5,74.3,37.6,72.9,Cloud Computing,0
STU108018,23,Male,7.11,69.6,0,42.2,47.7,54.3,58.2,6,1,0,0.3,0,1,1,489,8,44.4,91.9,73.8,67.2,31.9,8.6,84,AI/ML,0
STU107445,22,Female,7.83,79.3,0,69.1,33.4,52.3,60,0,0,0,0,4,1,0,929,0,67.4,70.2,58.6,57.6,60.5,46.5,87.4,Business Analytics,0
STU108959,22,Male,8.52,93.2,4,50.9,66,44.4,34,3,0,0,1.4,0,0,0,956,2,73.2,56.3,74.3,49.5,25,55.4,59.4,Data Science,0
STU103604,23,Male,8.78,57.8,1,47.9,77.3,48.8,76.6,4,1,2,5.2,1,3,0,396,4,52.8,63.4,68.8,53.3,40.3,17,87.2,Business Analytics,0
STU100986,22,Female,8.05,,1,56.8,45.6,59,59.3,1,0,1,6.2,1,3,1,482,0,58.8,42.2,78.7,51.8,45.9,87.6,62.4,Software Development,0
STU109180,23,Male,6.98,80.2,1,70.7,36.6,48.8,44.3,5,1,0,0.8,1,3,0,901,5,72.9,77.6,70.5,90.4,60.9,54.4,56.7,Software Development,0
STU107011,20,Female,8.6,70.7,0,50.8,75.2,77.7,68.7,1,1,1,3.3,2,0,0,439,2,75.9,65,79.3,34.7,70.4,54.1,63.9,Data Science,0
STU107930,24,Female,8,85.2,0,46.9,46,41.6,77.4,5,2,0,0,2,0,0,268,5,61.7,72.9,59.8,42,75.9,59.6,100,Software Development,0
STU101084,22,Male,8.09,91.1,1,43.3,22.2,71.5,26,1,1,0,1,1,3,0,624,0,76.1,48.2,87.2,69.3,56.5,10.6,75.5,AI/ML,0
STU105840,20,Male,8.96,66.6,0,45.3,69.4,49.4,88.5,1,0,1,4.3,3,3,0,1003,1,61,60.3,79.6,45,50.1,23.9,87.2,Cloud Computing,0
STU101016,21,Male,6.85,81.2,1,36.6,91.4,46.5,66.7,2,1,2,9.3,1,1,0,283,3,61.7,42.7,52.6,62.2,40.3,50.3,83.7,Data Science,1
STU109347,21,Male,6.96,84.8,0,29.5,42.2,61.5,41.2,4,0,0,0,3,1,0,790,5,86.6,66.5,61.1,49.8,64.6,29.9,68,AI/ML,0
STU108963,22,Male,8.47,76.6,0,68.4,55.7,65.6,54.8,2,0,2,7.5,7,0,0,826,3,65.2,68.2,68.6,49.1,43,23.7,66.1,Cyber Security,0
STU109651,23,Male,8.84,88.1,1,54.5,66.4,53.6,52.4,2,1,0,0,2,2,0,1174,2,45.3,61.7,65.7,71.9,57,27,53.3,Software Development,0
STU103663,21,Male,6.36,69.6,0,71,52.3,51.1,20.7,3,1,0,,0,1,0,632,3,58.3,54.6,88.8,36.2,57.3,16.1,45.5,Business Analytics,0
STU100848,23,Female,8.13,72.4,1,54.9,80.8,38.9,53.8,5,0,0,0,0,3,0,769,4,62.4,72.4,55.8,45.1,61,25.9,69.1,Business Analytics,0
STU107038,21,Male,6.92,76.1,1,56.5,60.6,35.9,49.3,2,2,2,9.6,0,5,1,888,2,55.2,52.8,55.7,58.5,45.7,28.5,66.8,Data Science,0
STU104944,21,Male,5.89,74.6,0,50.1,50.3,53.9,32.7,0,0,0,0,5,1,0,472,0,75.5,66.6,85.8,48,62.2,5.4,52.1,Cloud Computing,0
STU101263,23,Male,6.63,93.9,1,30.2,51.2,46.1,56.2,2,2,3,12.2,4,3,1,745,4,56.6,,64.5,57.5,55.7,39.1,72.1,Business Analytics,1
STU104259,23,Female,8.2,83.8,1,74.1,57.8,60.9,47.6,5,4,0,0.5,2,1,0,1250,6,62.1,69.4,64.6,47.2,60.4,51.9,69.2,Software Development,0
STU103079,20,Male,6.24,,1,37,56.3,47.7,18.7,3,0,1,5,1,0,0,978,2,,59.2,73.9,45,42.6,98.1,70.6,Software Development,1
STU105438,22,Male,8.22,90.7,0,43.2,51,32.2,67.3,3,2,0,1.4,1,0,0,687,4,47.8,67.2,68.3,38.3,67.8,56.7,93.1,Cloud Computing,0
STU101731,22,Male,7.05,79.7,0,44.3,61.4,61.4,66,1,0,0,0,4,2,1,636,0,68.2,52.3,58.6,21.2,64.1,140.5,54.2,AI/ML,0
STU104592,23,Female,8.44,82.2,1,45.2,68.4,51.5,66.9,1,0,1,5.1,2,4,1,292,2,63.4,63.7,84.3,64.1,49.6,24.4,79.5,Data Science,0
STU100166,21,Female,8.02,68.8,0,63.5,59.5,48.3,54.8,2,1,1,2.4,3,2,0,1115,3,,56.7,72.9,44.8,37.8,40.2,50.9,Software Development,0
STU100657,21,Male,6.1,83.2,0,26.1,65.2,70.8,44.9,2,1,1,3.2,0,3,1,777,1,78,65.6,66.2,76.7,30.8,56.4,81,Business Analytics,1
STU102650,24,Female,6.84,74.3,1,24.1,60.8,58.8,54.4,2,0,1,6.1,2,2,0,546,1,59.7,,88.3,46.4,70.6,26.3,60.3,Cloud Computing,0
STU107833,22,Male,7.18,90.5,1,21.8,69.1,47,42.5,1,0,1,2.4,5,0,0,518,3,89.6,55.3,57.8,73.1,62.6,34.2,77,Data Science,0
STU105463,21,Female,6.85,71.4,1,32.2,47.3,44.1,41.3,1,1,1,4.4,1,0,0,808,2,68.4,59.7,74.9,43.7,43.9,42.9,64.8,Cyber Security,1
STU106303,21,Male,5.93,82.4,0,41,37.5,44,26.9,2,1,2,7.8,3,1,0,804,1,79.1,61,68.5,64.1,68.7,85,61.1,Business Analytics,0
STU101920,20,Male,6.98,90.8,0,24.1,33,65.7,51.5,1,0,1,5.1,0,0,0,678,1,67.4,37.3,98.6,40.5,74.7,58.6,72.7,Software Development,1
STU102659,22,Male,6.92,69,0,58.4,15,21.4,42,3,2,0,0,2,5,1,840,2,69,58.3,48.9,66.7,57.9,25.3,74.6,Cyber Security,0
STU104735,21,Female,6.39,77.2,0,41.2,23.9,45.5,35.4,5,0,0,0,4,1,0,275,4,53.1,80.4,68.3,69.4,74.9,89.9,69.4,Cloud Computing,0
STU106583,22,Female,5.31,88.6,0,21.7,30.1,88.1,33.3,4,1,2,4.7,3,3,0,527,4,78,38.6,78.4,65.6,38.3,77.2,73.2,Business Analytics,1
STU109647,20,Male,7.94,81.7,1,52,40.1,45,27.1,2,1,1,4.9,1,1,0,1024,2,69.8,54.7,55.7,41.3,52.2,97.8,42.7,Software Development,0
STU108375,22,Female,7.59,82.7,1,36.9,59.3,51.1,66.5,1,0,0,0.9,1,0,0,909,0,59,66.2,57.2,63.7,54.5,76,72.6,AI/ML,0
STU107440,23,Male,8.5,82.2,0,49.2,56.6,35.5,42.9,2,0,0,0,2,1,0,781,2,66.2,59.9,57.8,70.1,37.7,61.7,97,Business Analytics,1
STU105228,21,Male,8.99,67.6,0,70.6,59.4,66,69.9,1,1,1,2.9,1,1,1,570,0,55.6,53.4,84.8,38.9,26.9,73.3,92.3,Software Development,1
STU106308,21,Male,7.75,89,1,41,74.1,47.9,41.2,2,0,0,1.5,2,0,0,517,1,45.7,68.6,73.4,35.6,44.8,29.9,62,Cyber Security,1
STU109445,23,Female,7.97,81,0,79.6,46.8,64.3,71.7,2,0,1,3.3,5,3,1,676,2,70.2,66,82.1,65.5,60.5,32.1,83.2,Business Analytics,0
STU106505,22,Female,8.71,73.4,0,64.2,51.5,47,61.4,1,0,2,6.9,2,0,0,446,1,,59.2,71.1,45.3,42.5,57.1,,AI/ML,0
STU109825,22,Female,7.79,90.5,2,46.6,46.1,62,50.4,2,1,0,1,1,2,1,752,1,64.4,58.9,75,50.9,59.8,85.6,64.3,Software Development,0
STU108916,22,Male,6.98,86.1,1,52.6,50.6,74.8,39.6,2,1,0,0.5,3,2,1,796,2,56.2,62.9,67.7,39.2,64.5,133.9,85.4,Software Development,0
STU106236,21,Male,6.86,85.3,2,35.6,38.9,49.6,47.3,2,1,2,4.6,1,1,0,797,1,53.8,63.4,72.8,37.2,64.5,22.5,62.9,Software Development,0
STU104068,22,Female,6.58,84.8,0,38.6,42,59.6,27.5,1,0,0,0,0,1,0,665,1,42.6,52.2,70.2,69.9,70.6,53.6,69.3,AI/ML,0
STU103283,21,Male,6.79,91.3,0,41.3,53.3,38.5,43.9,3,1,1,4.2,4,1,0,445,3,58.5,,52,73.9,50.8,95.1,77.5,Software Development,0
STU101588,23,Male,7.23,73.8,1,55.5,56.6,63,39.2,2,0,1,5.3,1,2,0,397,2,61.1,56.4,60.2,36.6,63.7,34.7,74.9,Software Development,1
STU105513,20,Male,8.27,72.2,0,50.6,40.3,62.9,64.2,3,1,0,0,3,3,0,468,3,76.2,62.2,70.9,67.4,46.6,27.6,82.8,Cyber Security,0
STU101720,20,Other,7.39,79.9,2,62.5,72.2,71.4,95.2,2,1,1,2.9,2,3,0,652,4,76.6,71.5,72.8,80,66.2,65,88.3,Software Development,0
STU104924,20,Male,6.12,72.7,0,43.1,35.3,43.8,31.5,2,2,0,0,0,0,0,380,3,51.4,71.7,52,75.2,27.6,30.4,69,Business Analytics,0
STU106442,22,Female,9.82,74.8,0,55.2,32.7,68.2,80.9,3,2,2,6.1,1,0,0,789,2,55,68.9,63.3,72.4,74.8,11.2,64.7,Software Development,0
STU105542,22,Female,8.05,84.1,2,53.1,66.7,69.7,76.7,2,2,0,0,4,2,0,773,3,73.6,54.5,72.9,65.1,49.1,115.7,71.1,Data Science,0
STU106664,22,Other,8.81,83.7,0,60.6,40.2,55,70.4,3,0,0,0,4,1,0,790,2,58.2,53.6,68.1,65.1,86.2,20.2,76,AI/ML,0
STU106238,20,Female,6.39,86.9,0,15,26.7,60.9,51.2,4,0,0,0,3,4,0,943,5,45.7,62.4,64.6,42.2,48.9,68.5,90.5,Software Development,0
STU100732,22,Male,7.51,92.5,0,52.1,64.5,38.2,83.6,2,1,0,0,5,4,0,599,2,64.1,49.3,65.2,64.7,82.9,63.3,84.5,Business Analytics,0
STU107078,21,Male,6.85,97.1,1,33.5,45.1,71,35.1,0,0,2,7.2,2,1,0,663,0,61.9,42.9,68.1,49.9,30.6,57.1,84.6,Cyber Security,0
STU102765,21,Female,6.94,74,0,28.5,48.2,47.2,42.3,6,1,1,2.5,3,2,0,549,8,72.3,,50.4,44.3,70.2,31,71.3,Software Development,1
STU109007,22,Female,6.88,84.8,2,53.9,48.5,,48.6,4,1,1,4.4,1,0,0,771,4,73.3,79.4,66.4,54.7,68.9,49.9,54.8,Software Development,0
STU108264,22,Female,8.28,79.3,2,79.8,58.4,79.4,75.2,3,2,0,1.5,5,1,0,1321,3,52.1,67.8,71.8,41.1,38.3,54.1,76,Data Science,0
STU109847,23,Female,6.32,75.4,1,46.4,34.4,38.7,37.1,4,1,4,18.4,3,0,0,712,3,61.6,68.9,62.9,52.4,46.2,21.9,68.9,Data Science,0
STU108858,23,Male,8.1,79.7,0,91.9,49.3,42.9,39,6,3,2,7.4,3,0,0,1269,6,63.2,89.6,72.7,52.6,69.9,56.2,68.8,AI/ML,0
STU106800,23,Male,7.04,93.8,1,49.7,68.3,60,41.4,1,1,4,13,2,0,0,1016,0,59.2,55.7,74,67,75.6,93.4,71.3,Business Analytics,0
STU100215,21,Male,7.86,89.1,2,84.4,65.1,43.2,44.4,0,0,0,1,0,3,0,818,0,61.9,33.1,60.3,54.7,59.3,72.4,79.5,Software Development,0
STU101356,22,Male,7.33,81.6,0,45.4,81,65.5,41.9,1,1,1,6,1,1,0,484,0,61.5,57,63.6,70.6,54.3,66.7,69,Software Development,1
STU107999,22,Female,7.91,73.4,1,42,46.3,55.7,51.5,4,0,0,0,1,2,0,656,3,46.6,67.5,82.4,49.8,56.3,47.9,47,AI/ML,0
STU109707,22,Other,6.28,91.9,0,48.3,40.2,75.2,38.5,1,0,2,5.8,0,3,0,665,1,70,43,80.7,40.1,51,64.7,,Cloud Computing,0
STU104468,21,Female,8.43,92,2,78.1,79.9,49,60.4,3,2,1,3.3,4,0,0,772,4,59.5,64.1,54.6,48.4,38.9,82.6,59,Cyber Security,0
STU105940,22,Male,7.12,85.3,1,54.3,42.1,73.6,60.5,2,2,0,0,2,1,0,709,3,40.4,52.4,78.7,41.6,44.2,79,85.1,Software Development,1
STU109412,22,Female,7.54,97.3,1,75.7,54.8,62.1,39.5,2,0,1,3,2,0,0,685,5,74,46,76.9,48.2,93.3,87.2,74.1,Data Science,0
STU101717,21,Female,8.13,87.1,1,61.6,67.1,70.8,51.8,2,0,2,7.3,3,2,0,1125,3,76.8,53.2,78.6,63.8,25.4,42.5,74.7,AI/ML,0
STU104946,24,Male,9.34,72.8,1,81.9,55.2,55.2,57.9,3,0,1,2.5,0,0,0,1080,4,54.2,73.5,84.5,50,39.3,29.7,59.1,Data Science,0
STU102053,23,Male,8.27,80.7,0,52.8,44.2,45.6,83.6,1,1,1,2.5,2,1,0,682,0,81.8,53.8,60.4,46.1,52.6,43.7,88.4,Data Science,0
STU104288,21,Male,7.41,80.8,1,45.9,25.4,72.2,42.2,4,2,1,1.3,4,1,0,574,5,,47.8,55.5,49.8,55.8,100.7,75.3,Data Science,0
STU103165,21,Male,7.57,75.4,1,55.4,40.1,85.1,20.2,5,2,2,6.2,3,2,0,796,5,80,63.5,82.7,34.9,55.4,42.5,65.3,Data Science,0
STU100747,24,Male,7.84,,0,51.9,37.7,57.2,56.1,2,0,0,0,1,2,2,1083,2,44.3,62,76.4,60.2,67.8,49.2,78.9,Business Analytics,0
STU101491,21,Male,8.01,67.4,0,63.1,50,65.1,58.9,2,0,1,6.3,1,2,0,803,1,47.7,61.1,72.8,32.3,60.8,36.5,73.4,Cloud Computing,0
STU103018,23,Male,6.91,85.6,0,21,51,58.6,35,3,0,0,0.5,3,0,0,676,6,47.1,60.6,83.2,43.4,49.6,73.9,57.6,Data Science,1
STU104441,22,Female,7.18,74.3,0,51,51.7,55.9,54.9,1,0,2,5.3,1,0,0,822,1,41.5,60.7,61.3,45.6,70.5,64.9,92.7,AI/ML,0
STU103182,20,Male,7.81,72.5,1,38.2,59.1,58.3,54.2,1,1,0,1.4,0,2,1,760,1,57,62.2,59.8,67.3,51.9,98.6,73.7,Software Development,0
STU103711,22,Male,7.42,86.4,0,76.8,46.6,48.7,18.8,4,2,1,3.1,1,0,0,789,6,66.5,68.1,98.2,50.5,63,26.3,61.4,Data Science,0
STU109788,22,Female,8.08,67.8,0,52.7,71.1,58,75.7,2,2,1,4.1,1,1,0,974,1,60.2,65.7,61.4,57,59,70.9,87.7,Data Science,0
STU105118,21,Male,6.55,82.1,0,,54.2,71.5,56.7,3,0,2,4.3,2,4,0,630,4,73.5,67.5,83.5,48.6,57.2,26.4,68,AI/ML,0
STU101687,21,Female,8,81.4,0,63,67,48.4,51,2,1,0,0.1,2,3,1,882,2,68.7,66.4,66,44.3,94.7,71.3,78.7,AI/ML,0
STU105543,22,Male,7.17,88.4,0,57.7,52,45.2,32.6,5,1,0,0,1,1,0,846,6,82.3,73.7,74.7,63.7,54.4,30,63.6,Software Development,0
STU105974,22,Male,7.31,91.1,2,54.5,65.7,44.6,44.5,4,2,1,4.7,3,4,2,916,4,53.6,57.8,59.6,69.2,48.2,28.1,79,Software Development,1
STU100590,23,Male,7.63,82,1,54.5,51.2,61.7,43.6,4,2,1,4.2,4,2,0,728,4,65.4,61.8,79.8,50.5,75.4,24,59.4,AI/ML,0
STU108452,21,Male,7.64,71.5,0,53.8,66.1,52.7,63.3,0,0,2,9.8,2,1,0,1047,0,65.8,44.2,78.2,79,48.6,20.1,72.6,Software Development,1
STU107439,21,Male,6.78,86.4,1,32.2,46.7,48.3,28.7,6,2,2,6.2,3,1,0,769,6,,93.3,64.1,74.7,62,124.9,73,Software Development,0
STU101988,21,Male,7.77,82.8,0,32,56,65,52.3,1,0,1,6.7,1,0,0,789,4,67.9,56.3,78,71.2,49.9,20.8,66.4,AI/ML,0
STU100471,22,Male,6.69,76,0,48.2,57.1,68.1,41.2,3,3,0,0.7,2,2,1,1039,2,55.9,53.6,85.5,61.2,47.8,40.2,79,Software Development,0
STU109200,21,Male,7.22,80.4,0,55.1,58,68.2,48.3,4,3,1,3,4,0,0,179,4,63,71.6,70.1,58.9,32.4,61.9,70.7,Software Development,1
STU107907,22,Female,8.37,74.5,2,77.2,68.2,99.3,54.4,3,1,1,4.9,3,0,0,1050,2,73.9,80,70.7,29.6,49.3,42.5,67.6,AI/ML,0
STU100320,20,Male,7.94,96.9,2,50.4,65.5,51.4,55.1,3,1,0,0.8,2,1,0,369,3,81.6,45,58.6,53.3,55.6,15.8,78.2,Software Development,1
STU100436,21,Male,7.17,76.1,1,47,62.2,42.8,44.3,2,1,1,2.2,3,2,0,522,2,66.7,54.8,69.3,57.5,41.2,44.3,74,AI/ML,1
STU109930,22,Female,6.33,84.1,0,58.8,62,62.3,67.7,1,0,0,0,3,3,0,983,0,52.7,58.9,59.4,67.3,70.9,52,75.9,Data Science,1
STU108661,21,Female,7.89,95.2,0,57.6,65.8,68.3,58.4,2,0,0,0,0,2,0,856,4,43.9,53.3,83.1,56.8,64.4,28.5,84.8,AI/ML,0
STU106958,22,Male,8.12,84.3,0,76.1,60.4,71.9,59.4,3,0,1,1.4,0,0,0,1028,2,54.4,64.3,76.1,41.7,62.8,19.4,86.4,Software Development,0
STU105312,21,Male,9.05,83.2,0,83.1,71.4,55.1,70.3,1,0,0,0,3,0,0,1004,1,47.6,42.8,80.6,47,66.9,50,74,Data Science,0
STU104170,22,Female,8.89,86.4,2,84.1,58.7,74.8,91.2,2,1,1,2.4,1,0,0,939,2,49.3,61.4,83.1,58.9,42.7,24.3,82.1,Software Development,0
STU106860,22,Male,6.13,75.3,3,35.3,53.9,66.4,46.3,3,3,1,5.9,1,4,0,543,4,63.1,49.9,73.9,60.4,90.6,46.1,68,AI/ML,0
STU109028,21,Male,7.53,74.9,2,51.8,57.5,65,46.5,4,1,2,11.3,3,3,0,709,4,,59.5,73.2,42.4,76.9,32.1,56.7,Software Development,1
STU102342,21,Male,7.59,91.8,0,22.4,44.9,49.2,53.2,3,2,1,3.3,0,1,0,724,5,46.7,57,68.2,53.6,70.6,87.9,72.8,Software Development,0
STU107266,22,Male,7.99,82.4,1,51.5,48.9,39,43.2,5,2,1,3.4,3,0,0,841,6,83.1,70.5,61.8,52.3,75.1,47.1,72.6,Cloud Computing,1
STU107976,22,Male,6.18,85.7,0,41.9,54.6,52.5,25.7,1,1,0,0,4,1,0,733,1,79.9,46.9,59.1,74,36.2,40.5,71.1,Data Science,0
STU106534,23,Female,6.73,93.1,2,59,49.7,56.3,59.4,2,2,2,7.3,1,0,0,414,2,76.6,55.8,80.8,88.1,58.4,31.4,94,Software Development,1
STU103048,22,Male,7.59,93.4,1,70.4,59,55.7,30.5,1,0,1,5.1,3,2,1,802,0,63.5,65.6,71.8,56.8,11,49.2,82.6,AI/ML,0
STU104245,22,Male,7.21,100,1,84.5,80.3,,58.7,3,2,1,4.1,3,1,0,989,3,64.8,58.2,56.9,63.4,68.5,13,64.9,Cloud Computing,1
STU107332,24,Male,8.55,77.5,1,70.5,74.1,62.2,60.6,4,1,1,2,0,0,0,1047,4,47,57.8,64.6,51.4,93.6,38.5,79.7,AI/ML,0
STU106819,22,Female,8.05,82.7,0,65.5,51.7,65.2,59.8,3,0,1,3.8,0,2,1,647,3,52.1,49,92.3,89.4,53.6,81.1,75,Software Development,0
STU101602,23,Female,7.87,93,0,28.9,65.6,35.8,76.1,2,0,1,2.7,1,2,0,512,1,45.3,62.1,59.3,84.5,85,94.9,81.6,Business Analytics,1
STU103673,22,Male,8.7,89.1,1,76.5,80.7,55.1,65,1,1,0,0.6,1,2,1,559,1,51.2,70.8,59.3,47.6,65.3,55.6,89.8,Software Development,0
STU109420,22,Female,7.67,76.3,1,44.7,36.2,42.1,68.9,1,0,0,0,4,2,0,533,0,93.3,62,52.9,72.3,73.2,26.4,63,Cyber Security,0
STU109150,22,Female,7.54,81.5,0,38.5,33.4,41.9,34.4,1,0,2,6.2,1,0,0,301,0,51.4,52.7,63.7,15,61.2,37.8,56.4,Software Development,1
STU105884,22,Other,7,82.8,1,42.6,40.5,64.1,49.3,1,0,2,8.2,3,2,0,512,4,67.6,63.2,74.2,44.9,41.7,180,58.2,AI/ML,0
STU109051,20,Male,7.63,79.4,0,66.2,64.4,35.2,59,4,2,1,4.4,0,1,0,1196,7,48.7,73.1,53.5,65.6,50,57.7,56.6,Software Development,1
STU104183,20,Female,7.45,78.4,2,62.7,30.5,88.6,23.7,3,0,0,0.8,2,1,0,847,2,70.6,70.2,68.2,48.4,75.6,63.9,77.8,Software Development,1
STU106568,21,Male,8.33,92.5,0,90,72.8,69.4,72.4,0,0,0,0,0,1,0,1400,0,53,43.6,67.9,41.5,42.1,32.5,77.7,Software Development,1
STU109272,21,Male,7.39,72.3,1,49.8,52.2,45,48.6,1,1,0,0,2,0,0,1031,1,57.8,76.3,53,72.6,40.6,99.3,78.1,Software Development,0
STU101324,20,Female,7.81,75.7,2,53,35,63.7,55.7,2,1,1,7.6,2,3,1,753,3,41.2,50.1,88.7,49.8,55.5,51.1,74.8,Cloud Computing,0
STU106225,22,Female,8.32,92.3,1,62.3,47.4,68.9,48.3,3,1,0,0,2,2,1,854,2,53.6,58.4,75.3,46.7,94.3,67.7,58.3,Software Development,0
STU106866,22,Female,7.42,84,0,67.9,49.2,64.4,71.4,2,1,1,6.1,2,2,1,532,2,70.4,48.8,84,35.7,33.9,35.6,85.8,Data Science,0
STU108428,22,Male,8.22,76.1,0,59.7,55.5,65.8,83.1,2,0,1,6.5,2,2,1,929,1,63.3,45.9,88.6,63.2,67,60.8,84.1,Data Science,0
STU100020,22,Male,7.85,77.6,0,66.1,54.8,61.3,67.6,3,1,0,0,2,2,0,1302,3,50.5,58.2,68,29,53.2,46.3,75.9,Software Development,0
STU100271,21,Female,7.67,64.2,0,65,40.8,49.8,61.3,3,2,0,1.4,0,1,0,658,2,46.9,80.6,78,28.2,52.5,60.2,81.4,Business Analytics,0
STU102512,24,Male,6.32,93.9,0,43.5,67.8,73,40.1,2,1,0,0,2,1,0,618,2,64.2,55.8,71.4,60.4,39.7,15,62,Business Analytics,0
STU106010,22,Male,7.77,75.4,0,59.2,69.8,74,61.4,1,0,1,1.8,2,3,0,711,1,72.6,38.3,76.3,60.5,39.7,25,59.3,AI/ML,1
STU104699,23,Female,7.82,79.9,0,40.8,56.4,61.9,73.8,4,3,2,11.5,3,0,0,689,4,81.3,82,66.5,45.5,44.2,10.2,81.4,Software Development,0
STU101029,22,Male,7.38,93.9,1,52.6,38.6,57.6,41.7,3,0,0,0,4,2,0,995,2,65.2,73.5,65.7,49.6,70.1,28.1,80.6,Software Development,1
STU103716,21,Male,8.98,76.9,0,59.4,73.4,25.4,76.6,4,2,0,2,2,0,0,701,3,35.9,60.1,53.8,55.3,71.6,69.6,61.7,Cyber Security,0
STU108423,22,Female,6.54,89.1,1,25.7,,86,49,2,1,1,5.8,1,1,0,354,2,52.1,69.6,75.6,60.5,41.4,56.1,80.2,Data Science,0
STU105129,22,Female,7.11,87,1,38,56.6,50.5,37.5,2,0,2,9.8,0,3,0,654,1,48.6,47.4,53,36.1,41.8,65.6,65,Cloud Computing,0
STU100748,22,Male,7.51,88.1,1,26.9,34.6,61.4,60.2,1,0,3,9.9,1,0,0,663,3,69.2,37.4,49.6,77.3,48.3,8.7,66.3,Cloud Computing,0
STU101097,23,Male,8.37,86,1,67.6,68.1,34.8,60.4,3,1,1,3.2,1,2,0,734,6,66.4,56.7,89.9,79.3,57.4,82.1,63.8,Business Analytics,0
STU103816,21,Male,7.74,89.9,1,44.9,49.7,100,53.8,3,0,3,15.6,0,1,1,615,3,57.6,59.4,77.7,44.8,66,108.1,95,Cyber Security,0
STU102968,21,Male,7.31,78.9,1,54.5,72.6,58.1,35,3,1,1,2.8,3,2,0,768,5,74.5,62.6,71.2,67.1,78.6,70.5,87.6,Data Science,0
STU107937,21,Female,8,78,1,63.9,71.6,72.6,54,2,1,0,2.1,1,1,0,683,1,64.5,51.5,85.7,45.2,69.2,39.9,89.9,AI/ML,0
STU109711,20,Male,7.64,94.8,0,60.9,85.4,50.5,,4,0,0,0.2,2,2,1,609,3,41.9,77.5,79.9,56.7,42.6,84.6,71.7,Data Science,0
STU109003,22,Female,7.25,70.2,1,68.1,51.2,70.6,77.7,2,0,0,0,2,2,0,1182,2,64,46.6,60.7,53.8,59.4,18,79.8,Business Analytics,0
STU103895,22,Female,7.78,91.2,0,29.5,46.9,71.6,47.7,1,1,2,10.4,1,0,0,891,2,65,46.5,67.6,35.3,96.6,100.3,71.9,Software Development,0
STU104032,21,Female,7.47,88.5,0,51.9,62.1,55.7,68.7,3,1,0,0.6,2,3,0,995,2,60.5,72.1,87.4,85.9,82.7,20.8,77.7,AI/ML,0
STU103899,21,Female,7.54,73.3,0,46,33.8,70.9,40.6,2,0,1,6,2,2,0,700,3,76.6,63.7,74.2,56.3,39.5,80.8,88.2,Software Development,0
STU105055,22,Female,8.6,75.5,1,91.5,65.2,46.2,64.1,4,1,0,2,2,1,0,1266,3,56.1,62.9,71.7,65.9,72.4,15.6,67.1,Cloud Computing,0
STU104463,23,Male,6.66,,0,35.6,48.8,71,57,3,0,1,7.6,2,1,0,418,5,84.9,70.2,78.8,42.7,97.9,45.9,88.6,Software Development,0
STU106123,23,Female,7.51,,1,56.5,65.6,49.4,54.6,3,1,3,10.1,1,1,0,929,3,61.3,62.7,77,23.7,32,12.5,69.2,AI/ML,0
STU105316,23,Female,6.55,76.7,0,39.2,33.2,70.7,63.8,0,0,2,10,5,0,0,688,0,81.4,44.8,91.6,57.2,54.2,92.5,66.2,Data Science,0
STU103564,22,Male,9.46,76.6,0,78.9,62.3,57.4,77.8,6,3,2,9.3,1,0,0,1201,5,68.7,63.2,70.1,36.4,48.7,32,88,Data Science,0
STU104006,21,Male,7.52,65.8,0,34.5,39.4,67.9,45,2,2,0,0.3,2,3,0,450,3,64.4,59.4,72.2,75.3,40.7,22.3,79.2,Cloud Computing,0
STU100926,24,Male,7.3,89.1,1,50.5,65.6,51.3,65.7,2,2,1,4.5,3,0,0,400,1,82.7,63,51.9,15,36.9,34.8,86.9,Software Development,1
STU108039,22,Male,6.22,90.3,0,36.5,70.2,58.7,50.9,2,0,2,5.9,5,0,0,422,2,64.3,58.3,66.7,37.7,29.4,26.1,70.2,Software Development,0
STU100552,22,Female,7.64,82.6,1,30.5,60.5,47.7,50,6,2,0,1.9,1,1,0,830,6,51,74.4,65.7,36.6,77.5,27,75.3,Cyber Security,0
STU102864,25,Male,7.43,68.2,0,44.4,80.2,61.2,39.1,0,0,1,1.7,3,1,1,459,2,62.3,45.1,57.3,49.5,90,32.9,65.1,Data Science,0
STU104306,22,Female,6.26,73.9,1,25.7,42.1,70.9,44.3,4,1,2,8.7,1,0,0,1110,7,78.4,62.6,89.3,52,32.2,44.3,61.7,Business Analytics,0
STU108475,22,Female,6.47,68.4,0,44.1,19.9,76.8,47,4,3,1,4.1,4,0,0,566,6,74.4,73.6,73.2,20.6,40.3,56,84.6,Cloud Computing,0
STU101379,22,Male,8.77,100,1,46.8,80.6,62.4,54.6,1,1,2,10.9,1,0,0,373,0,58.6,59.3,59.1,80.1,46.4,30.6,76.2,Software Development,0
STU108341,23,Male,7.92,76,0,72.8,78.2,56.8,58.2,0,0,1,4.8,0,1,0,1072,0,55.1,52,,40.8,61,29.4,60.6,Software Development,0
STU102748,21,Male,8.84,98.9,0,57.1,35.6,56.7,58.5,2,0,2,10.2,0,4,0,831,1,47.3,48.9,79.1,70.4,47.1,48.9,79.5,Data Science,0
STU103095,24,Male,7.44,81.3,0,47.8,59.1,69.2,64.1,1,0,2,8.8,2,2,1,742,1,66.7,47,67,76.1,22.1,9.1,85.7,Cloud Computing,1
STU100487,21,Male,8.88,73.6,0,52.2,73.5,78.4,85.8,2,0,2,10.6,4,3,2,1094,1,65.8,74,66.6,32.1,34.9,66.1,84.7,AI/ML,0
STU107785,20,Female,8.52,93.9,0,65.7,62.7,49.1,70.2,5,3,0,0,1,0,0,783,4,46,70,64.7,52.9,67,28,68.7,Cloud Computing,0
STU100308,23,Male,6.2,88.6,0,43.6,44.6,63.7,35.6,4,2,1,6.9,1,3,0,417,5,31.9,54.7,68,49,72,15.3,77.7,Software Development,0
STU107340,21,Female,7.91,80.5,1,52.7,,69.4,55,3,0,2,6.8,1,4,1,888,3,53.6,75.1,77.9,88.3,59,22.8,76.6,Cloud Computing,1
STU107797,21,Male,7.81,90.9,0,54.2,52,49.3,32.1,2,0,0,0.4,1,1,0,1016,2,58.9,47.7,73.8,64,68.6,55.1,57.1,Cyber Security,0
STU106068,22,Female,9.12,71.6,0,56,85.8,54.8,67.8,4,0,0,1.2,0,1,0,896,3,58,74.5,80.1,57.9,66.6,35,86.2,Software Development,1
STU109030,22,Male,7.42,99,0,53.3,54.8,59.4,73,0,0,2,6.2,3,1,0,663,0,69.1,56.1,56.5,72,45.2,56.4,85.7,Data Science,0
STU104389,20,Other,7.79,83.1,2,83.2,50.3,65.4,64.3,6,3,0,0,5,2,0,1090,7,61.8,59.3,65.7,50.9,40.2,31.7,67.7,Software Development,1
STU103191,20,Male,7.85,71.8,0,58.6,67.3,77.4,68.1,2,0,2,5.2,4,1,0,693,2,71.5,71.7,73.7,57.8,49.1,34.5,84.8,AI/ML,0
STU109018,22,Male,8.3,76,1,87.1,52.7,36.1,26.9,3,0,0,0,2,0,0,1034,3,58.6,63.8,62.8,28.5,41.4,72.8,58.1,Business Analytics,0
STU108349,21,Male,6.8,81.7,0,42.2,55.7,65.5,42.7,3,1,0,0,1,3,1,991,3,62.4,82.5,89.4,61,57.8,71.5,70.1,Software Development,0
STU105214,21,Male,8.18,85.1,1,70.4,63.8,58.4,57,3,0,1,4.6,3,0,0,680,4,60.3,64.4,85.4,47.4,27.9,56,80.1,AI/ML,0
STU103804,22,Male,7.82,95.9,1,36.6,41.8,79,59.8,2,2,1,3.9,2,2,0,710,5,49.8,52.7,77.1,62.9,71.6,8.8,76.3,AI/ML,1
STU103219,24,Male,9.05,71.2,2,49.8,78.2,36.2,72.4,4,2,0,0,2,1,0,406,3,60.3,47.9,73.3,23.9,56.7,31.9,65.7,Software Development,0
STU101030,23,Male,7.2,85.4,0,36.4,44.7,54.8,49.8,2,0,1,4.7,3,2,1,528,2,62.1,63.4,61.7,61.7,56.5,32.2,87.9,Cyber Security,0
STU109276,23,Female,7.8,78.9,1,63.4,69.9,33.9,41.9,0,0,1,4.4,1,4,0,926,0,58.4,56.6,84.1,57.7,44.9,29.8,,AI/ML,0
STU104356,21,Male,7.01,86.2,1,,32.4,73.5,19.2,2,0,2,8.9,0,2,1,620,2,55.2,59.3,87.4,75,64.5,64.8,56,Software Development,0
STU107595,22,Male,6.49,73.6,0,40.8,60.6,56.6,53.2,3,2,0,0.2,2,0,0,517,2,44.1,63.3,73.5,59.2,50.3,10.7,54,Business Analytics,0
STU104972,20,Female,8.12,76.8,1,71.1,69,67.6,51.3,1,0,0,0,2,1,0,656,0,64.8,43.5,70.4,77.1,73.9,30,75.9,Software Development,0
STU101875,21,Male,6.94,82.5,0,45,54.5,73.6,52.7,2,2,1,5.1,4,0,0,815,3,71.3,77.4,97.4,25.3,30.5,106.2,65.9,Data Science,0
STU105645,23,Female,6.92,79.1,1,71.3,55.2,66.1,70.3,3,1,0,0,2,1,0,936,3,60.9,66.7,64.8,43.4,33.4,37.2,92.5,AI/ML,0
STU102887,22,Male,6.66,80.1,1,70,50.3,66.6,27.7,3,1,0,0,1,2,0,669,2,65.7,70.3,67.3,58,58.2,22,69.2,Data Science,0
STU106295,20,Male,7.01,72.3,0,29.8,55.3,49.5,49.5,6,4,0,0.9,4,1,0,625,5,71.5,91.9,66.8,43.2,35.7,67.6,67.8,Software Development,0
STU106347,22,Female,8.48,80.7,2,68.3,37.4,59.2,70.1,1,0,1,5,2,2,0,829,0,60.2,58.2,82.6,90,64.9,37,67.1,Business Analytics,1
STU109733,20,Female,7.78,77.1,1,25.9,66.8,50.7,53,3,1,3,10.6,1,2,0,430,3,66.8,62.1,57.6,91.8,55.2,47.7,78.1,Cloud Computing,0
STU102187,22,Male,8.01,97.8,1,75.1,57.2,74.6,64.8,0,0,1,1.4,2,1,0,853,1,78.1,40.1,68.3,45,79.5,22.6,74.6,Cyber Security,0
STU109770,20,Male,8.09,75.3,0,59.1,50.2,72.8,78.8,1,0,2,5.4,4,3,1,836,0,70.9,62.5,67.4,61.1,40.1,20.9,77,Cyber Security,0
STU101969,21,Female,7.79,85.6,0,71.4,55.6,37.4,42.6,4,1,0,0,1,0,0,791,5,,72.5,64.8,53.5,58.6,65.3,47.6,Cloud Computing,0
STU109408,20,Male,8.79,84.3,0,62.3,72.4,55.6,61.4,1,0,0,0,1,0,0,709,0,77.3,50.9,61.1,44.4,32.4,19.8,75.3,Cloud Computing,0
STU105599,22,Female,6.82,100,0,34.8,42,38.4,35.3,2,0,1,3.7,1,2,0,536,4,70.2,67.5,64.3,49.4,56.4,,41.8,Business Analytics,1
STU100499,20,Female,7.15,88.6,2,55.9,35.9,46.4,44.3,4,0,0,0,0,1,0,1024,3,71.2,61.5,66.9,52.3,71.4,148.5,64,Software Development,0
STU100192,22,Male,7.55,87.5,1,40.3,56.3,60.9,65.1,3,2,0,0,1,1,0,865,2,72.6,59.3,75.4,54.3,64.4,61,62.8,Software Development,0
STU100493,21,Female,7.21,79.8,2,72.6,37.6,46.2,61.8,3,1,0,,2,0,0,560,4,39.8,39.9,61.4,78.7,52.7,63.9,72.6,AI/ML,0
STU105876,23,Female,7.49,79,0,46.6,36,58.6,43,4,2,1,4.5,2,1,0,894,4,50.7,63.6,66.9,46,46.8,25.5,66,Data Science,0
STU104438,23,Male,7.48,72.3,1,41.8,43.7,43.5,68.7,1,0,1,6.6,3,0,0,826,3,69.8,67,73.7,60.9,75.6,44.9,89.9,Software Development,1
STU105631,20,Female,6.55,,0,46.1,52.2,60.2,48.4,5,2,0,0,1,0,0,774,6,39.4,66,64.3,41.7,70.6,44.7,76.9,Data Science,1
STU108662,22,Male,5.66,65.9,0,40,41.5,28.8,31.6,1,0,3,11.2,2,1,0,1053,3,72.6,45.2,,37.2,94.2,37.5,56,Data Science,0
STU104440,21,Male,7.71,,0,37.4,81.9,45.6,63.9,4,1,1,5.3,2,1,0,590,4,70.3,86.2,70.9,51.2,84.6,16.3,66.9,Data Science,0
STU107116,22,Male,7.34,89.4,0,54.2,57.9,81.8,32,3,2,0,0,0,1,0,762,4,58.4,52,70.5,51,32.9,42.5,60.6,Software Development,1
STU104723,22,Male,5.69,90.6,1,33.8,61,39.8,,1,1,1,2.9,1,1,0,837,2,63.7,64.7,67.4,49.4,50.5,47.1,52.8,Business Analytics,0
STU100915,23,Male,7.5,81.5,2,67,51.4,46.2,59.8,1,0,0,0.5,2,0,0,778,1,54.6,59.5,57.6,45.9,49.8,28.8,72.7,Data Science,0
STU101834,22,Female,9.21,82.7,0,72.9,63.1,56.7,33,7,2,1,1.7,0,1,0,666,7,76.8,82.4,61.4,55,44.3,42.9,64.4,Cyber Security,0
STU109610,22,Male,6.27,90.3,0,33.1,45.6,68.5,40.1,0,0,0,1.8,1,4,1,758,0,57.5,57.5,73.1,49.9,70,57.4,57.4,Cloud Computing,0
STU102464,20,Female,6.75,80.8,1,37.9,54.4,68.6,48.1,1,1,1,7.4,3,1,0,501,2,74.3,56.1,77.1,61.3,73.7,24.3,82.5,Software Development,1
STU109492,22,Male,7.52,65,1,60.7,76.2,46.7,66.2,2,1,0,0.1,1,2,0,879,1,63.4,67.7,71,62.2,17.6,89.6,59.1,Cloud Computing,0
STU103460,23,Male,7.43,73.8,2,50.2,72.4,66.8,64,4,3,0,0,2,2,0,355,3,71.6,80.7,83.1,89.4,71.5,63.8,82.3,Cloud Computing,1
STU109774,22,Male,7.81,67.8,0,29,49.9,48.7,56.4,2,1,2,10.9,3,2,0,616,2,84.9,41.2,59.4,69,69,110.4,79.1,AI/ML,0
STU105836,20,Male,7.96,100,0,64.1,60.4,60.5,68.8,1,1,0,0,3,1,0,857,0,70.6,50,69.8,48.1,82.7,35.4,74,AI/ML,0
STU108096,21,Male,6.79,86.2,1,41.7,50.8,50,49.4,6,2,1,1.7,1,3,0,373,6,70.8,76.9,68.1,72.2,73.2,53.1,63.8,Software Development,1
STU103945,23,Male,5.85,69.7,1,28,42.2,69.8,51,3,0,0,0,1,1,0,568,3,,67.1,65.5,53.6,58.2,42.4,65.6,AI/ML,0
STU104657,21,Other,6.86,65.7,0,56.9,43.8,58.1,38.9,1,1,1,3.1,1,5,3,211,1,49.2,59.4,67.9,66,65.9,31.1,61.6,Business Analytics,0
STU106683,20,Male,9.05,90.7,0,67.4,71.4,44.8,62.5,1,1,0,0,2,2,0,385,1,61.5,55.4,71.3,78.9,37.1,96.5,69.5,AI/ML,0
STU106416,21,Female,7.37,76.9,1,64.9,55.4,44.6,50.7,2,1,0,3.7,2,2,0,901,3,50.3,62.7,63.9,51.2,57.2,50.7,84.2,Business Analytics,0
STU102952,23,Male,7.99,66.2,0,68.6,62.3,75.5,34,4,0,2,,4,0,0,939,3,61.2,44.3,88.4,64,61.3,113.6,60.3,Cyber Security,0
STU104973,23,Female,8.15,85.4,1,55.6,77.3,44.3,49.1,2,2,0,1.1,3,1,1,943,4,60.3,63.5,69.6,76.8,53.8,27.3,70.6,Business Analytics,0
STU102089,21,Male,8.18,76.7,0,40.3,62.3,67.4,76.6,7,2,1,4,1,1,1,927,7,51.6,88.1,72.4,54.4,56.3,31.2,71.3,AI/ML,0
STU107092,20,Male,8.18,82.9,0,45.9,,53.6,56.9,0,0,0,0,2,4,1,405,1,65.9,45.9,67.8,53.7,17.6,84.3,73.8,AI/ML,0
STU106237,22,Male,7.99,66.9,0,68.7,55.2,53.3,44.9,0,0,1,2.9,0,2,0,1137,0,51,75.6,85.4,72.8,51.9,,78.6,Business Analytics,0
STU101289,24,Female,7.89,85.4,1,47.8,67,68.8,53.1,2,2,3,15.1,2,2,0,947,2,82.4,73.4,78.9,67,72.6,86.2,76.1,Business Analytics,0
STU102934,23,Male,7.02,84.4,1,85.6,,65.2,49,1,0,2,6.9,3,1,0,880,1,68.7,45.5,70.7,41.9,70.2,33.2,75.5,AI/ML,0
STU102787,22,Female,8.4,72.9,0,87.3,73.9,37,68.7,0,0,3,15.1,1,0,0,775,0,59.9,51.1,62.5,32.6,43,22.7,74.1,Business Analytics,0
STU101068,22,Other,7.67,72.5,0,43.2,20.1,75.3,79.7,1,0,0,0,3,2,0,585,0,66.8,53,80.8,53.5,27.2,61.2,89.1,Software Development,1
STU109740,23,Female,7.81,96,1,60.3,47.3,70.2,22,2,2,0,0,3,2,0,612,2,64.4,51.6,69.5,37.3,86.9,14.5,79.4,Software Development,0
STU107539,20,Female,7.03,77.1,0,72.4,74.2,64.5,29.8,5,1,1,2.7,5,1,1,768,4,74.5,58.2,67.7,49.7,55.2,114.6,78.8,Cloud Computing,0
STU102697,22,Male,6.96,91.5,2,53.5,57.8,54.5,40.6,6,1,1,2.2,1,1,1,1011,5,72,67,72.4,52.7,84.7,35.7,63.1,AI/ML,0
STU102956,21,Female,6.88,85.5,0,62.1,49.8,68.8,54.7,2,0,1,3.5,5,1,1,814,2,51.6,,66.8,71.7,43.3,37.4,83.5,Cyber Security,0
STU105328,21,Female,7.51,78.6,0,44.8,66.2,72.3,41.8,5,2,2,8,2,1,0,792,6,79.6,82.3,79.9,50.5,34.3,43.4,78.4,Cloud Computing,1
STU105218,23,Female,7.73,100,4,68.2,59.5,62,60.2,0,0,1,3.4,2,1,0,779,0,76.5,59.4,73.9,56.4,41.4,30,73.2,Data Science,0
STU109279,20,Male,8.79,84.1,2,65.3,84.3,60.6,73.7,4,1,2,9.4,6,0,0,905,4,77.6,78.1,63.1,68,45.4,47.2,84.1,Business Analytics,0
STU109230,21,Male,8.28,73.9,0,49.8,57.8,42.4,64.4,1,1,1,6.5,1,2,1,708,0,58.3,48.5,82.7,70.3,38.8,62.8,71.4,Data Science,0
STU109083,21,Male,6.82,80.2,1,55.8,24.7,59.6,31.8,5,2,2,6.4,4,3,1,969,4,70.3,62.3,65.2,27.9,64.9,51.8,65.1,Software Development,0
STU106518,21,Male,8.12,100,0,35.1,75.2,39.2,59.2,3,1,3,12,1,1,0,881,6,75.1,67.9,91.7,59.9,50.9,33.8,70.3,Business Analytics,0
STU102984,22,Male,7.62,78.5,1,69,52.8,75.5,39.1,1,0,2,9,1,1,0,799,0,61.2,63.6,71.5,67.7,22.8,73.6,76.6,Software Development,0
STU105751,22,Male,8.72,72.3,0,58.9,61.2,43,61.2,2,0,1,3.8,3,0,0,971,2,67.7,63.7,53.4,18.8,71.8,65.8,61.6,Business Analytics,0
STU106486,21,Male,5.81,83.8,0,20.7,70.2,42.2,23.1,3,0,0,0,2,0,0,684,2,57,40.1,78.6,62.2,64.7,21.9,40.2,Software Development,0
STU104090,23,Male,8.45,67.9,1,76,73.7,57,76.9,4,1,1,3,3,2,0,1247,6,68.8,60.7,68.1,63.4,64.7,53.6,90.4,Cloud Computing,0
STU103206,21,Male,7.86,71.8,0,59.8,56.4,45.1,49.7,1,1,0,0,1,1,1,1325,2,65.3,55.3,64.2,63.6,67.6,76,75.1,AI/ML,0
STU100454,24,Female,8.32,85.6,0,43,72.5,56.8,49.9,3,0,2,6.9,1,1,0,555,4,57.1,51.4,61.2,59.7,78,73.9,93.7,Software Development,0
STU102523,21,Male,7.1,85.8,1,61.1,32.7,46.1,32.9,3,0,0,0,2,2,0,692,4,45.7,42.8,57.7,71.4,62.7,28.8,62.2,Software Development,1
STU108731,22,Male,7.74,84.9,0,80.3,43.6,38.6,73.3,5,1,0,0.2,3,0,0,1015,5,56.9,60,67.8,28.4,38.8,,85,Data Science,0
STU108277,21,Male,7.92,81.2,0,58,53.6,,57,1,1,1,5.1,2,0,0,720,0,92,74.8,69.3,37.8,39.5,61.6,69.5,Cloud Computing,1
STU105762,22,Male,8.53,95.1,1,54.2,67.6,51.2,62.2,4,2,1,4.1,1,0,0,514,5,65.7,72.1,72.7,66.8,52.7,95,50.1,Software Development,0
STU105703,22,Female,6.99,77.8,2,68.1,73.5,48.4,54.9,3,1,1,4.4,2,0,0,898,4,63.4,67.3,70.1,53.2,48.3,32.3,88.3,Data Science,0
STU106968,20,Male,6.88,70.9,0,65.2,47.3,41.5,53.6,1,1,3,11.4,2,0,0,760,1,59.2,49.5,55.3,74.6,37.7,19,62.2,Software Development,0
STU109517,22,Male,6.59,79.9,0,26.5,41.6,81.1,30.5,7,1,0,0,3,1,0,263,6,80.6,68.2,83.1,15,61.5,14.7,87.2,Business Analytics,0
STU103074,23,Male,6.63,81.4,0,39.9,78.8,56.3,42.6,4,1,1,5,4,3,0,619,5,60.1,60,70.2,39.9,48.1,124.8,57.6,Data Science,0
STU106350,22,Female,7.58,87.1,0,49.6,61.9,54.6,20.1,2,1,0,0,1,0,0,461,1,61.3,59.4,77.6,46.2,77.4,74.3,61,Cloud Computing,0
STU103344,23,Other,6.89,88.3,0,51.8,22.9,61.6,55.8,1,0,2,4.9,5,2,0,577,3,80,51.3,66.9,25.5,79.8,30.7,79.6,Software Development,0
STU107707,24,Male,9.06,81.4,2,88.7,67.5,48,53.9,4,1,0,0,1,3,1,830,3,53.4,47.7,86.2,58.5,48.8,77,73.3,Software Development,0
STU107175,23,Female,9.76,72.5,1,71.8,72.8,45.2,72.2,3,0,1,0.2,4,1,0,736,2,54.2,68,72.6,69.5,69.7,16.6,70.4,Cyber Security,0
STU105701,21,Male,8.97,94.5,2,68.8,73.3,72.8,71.2,0,0,2,9.7,2,1,0,439,0,73.5,58,74.2,54.5,59.6,97.8,91,AI/ML,0
STU104877,23,Male,7.98,91.8,0,55.7,50.7,57.3,60.1,2,1,0,0,1,0,0,963,3,37.9,62,80.4,24.1,62.4,46.4,58.4,Software Development,1
STU103579,22,Female,8.35,70.6,0,70.7,59.3,71.7,67,4,3,3,10.5,3,0,0,749,4,63.2,69.3,70.8,46.9,94.8,75.2,70.4,Software Development,1
STU105674,21,Male,6.24,68.7,0,55.6,59,45.9,39.3,4,0,0,0,2,2,0,598,4,61,72.4,65,44.1,66.9,44.6,54.7,AI/ML,0
STU103546,21,Male,7.48,84.1,1,56,44.1,35.5,50.3,1,1,1,3.8,5,2,1,1308,2,79.5,51.2,75.4,68.8,64.1,86.4,,Software Development,0
STU100624,21,Female,8.91,86.8,0,86.3,60.9,59.5,78.1,1,0,0,1.5,2,2,0,987,1,69.6,76.1,85.8,55.6,61.7,42.4,86.7,AI/ML,0
STU108288,23,Male,7.07,70.5,1,31.2,52.6,54.6,46.6,2,1,1,4.6,2,1,0,208,3,63.3,66.3,61.6,66.4,68,15.7,70.3,Data Science,0
STU107802,23,Male,7.68,70.6,0,53,54.8,32.4,38.8,3,1,0,0,2,1,0,643,2,64.8,61.4,67,54.4,51.2,88,74.1,Cyber Security,0
STU103758,20,Male,9.17,76.1,1,94.2,69.8,68.4,27.8,3,1,1,4.9,3,2,1,931,4,65.4,69,74.7,62.9,50.2,16.4,83.3,Cyber Security,0
STU104790,22,Female,7.79,,0,53.6,44.7,50.8,66.8,1,1,1,3.7,2,2,1,580,1,70.8,47.1,68,73.1,72.4,133.3,81.1,Cyber Security,0
STU107459,21,Female,6.44,94.5,0,66.2,,50.2,27.5,1,0,1,2.3,1,2,0,1165,1,49,72.2,50.2,28.8,53,29.8,54.3,Cloud Computing,0
STU101997,22,Male,6.52,69.3,1,36.1,35.7,85.6,59.6,3,2,1,4,0,2,0,772,3,66.8,77.1,65.2,15,67.2,33.4,85,Cloud Computing,0
STU106737,24,Female,7.29,70.4,0,49.7,59.4,52.3,35.9,2,1,0,1.8,2,1,1,708,3,60.5,63.8,65.1,58.6,86.5,67.7,51.9,Cloud Computing,0
STU102985,20,Male,7.5,98.6,0,64.1,45.6,65,21.9,1,0,2,5.9,7,2,0,1187,0,88.6,74.3,72.4,64.2,54,26,58.6,Cyber Security,0
STU108148,21,Male,6.75,81.3,1,29.5,60.1,69.4,30.2,4,2,0,0,2,1,0,1187,5,45.8,78.4,69.3,39.2,100,29.8,74.1,AI/ML,0
STU105514,21,Female,6.61,81.8,0,26.2,41.3,80.8,55.4,2,0,0,0.8,3,0,0,695,2,81,78.9,78.8,73.2,17.3,44.7,67.5,AI/ML,0
STU100551,22,Other,7.21,73.5,0,76.3,54.1,58.5,74.6,2,0,1,3.9,3,2,0,517,1,71.1,74.4,63.7,59.8,80.1,67.7,90,AI/ML,0
STU103993,21,Male,7.84,94.1,0,42.8,64.6,91.1,64,3,2,1,5,0,1,0,857,4,43.9,57.4,74.9,70.8,79.4,83.4,97.8,Software Development,1
STU107245,20,Male,7.72,82.7,1,51.6,59.7,63.8,71,3,2,2,6.7,1,0,0,650,4,47.7,70.1,66.4,44.7,60.8,52.9,79.1,Cloud Computing,0
STU102548,24,Female,7.89,78.4,1,48,51.1,65.5,61.7,2,2,1,3.2,2,0,0,624,2,73.7,,69.3,46,95.3,79.5,80.7,AI/ML,1
STU105854,20,Male,7.43,86.5,1,52.6,49.3,49.6,64.1,5,3,0,0.3,2,1,0,870,5,59.6,66.5,55.9,39,55.1,82.8,,AI/ML,0
STU108424,23,Male,7.59,71.1,0,67.7,65.6,47.2,41,0,0,1,0,0,1,1,923,0,58.8,51.2,64.3,45.7,35.5,55.6,53.1,AI/ML,0
STU106884,21,Male,8.28,73.7,1,63.1,56.4,76.5,66.8,5,1,0,0,1,1,0,542,4,68.9,64,93.7,57.2,32.3,49.1,83,Business Analytics,0
STU104621,20,Female,8.78,94.4,0,73,80.2,40.4,66.8,4,3,0,0,2,2,1,810,3,62.3,56.5,66,40.3,63.2,42,84,Business Analytics,0
STU102522,24,Female,7.66,95.4,2,51.5,58.3,40.8,62.4,3,2,2,10.8,2,4,1,817,4,60.3,50.2,73.7,45.7,60.4,101.9,72.5,Cloud Computing,0
STU109597,23,Female,9,92.3,0,67.2,97.4,71.1,65.9,2,0,3,12,1,1,1,966,5,67.5,76.1,76.5,48.7,41,69.3,97.2,Software Development,1
STU109735,22,Female,6.26,93,0,63.2,36.2,68.5,45.7,3,2,0,0,3,0,0,1128,2,63.9,67.6,,50,89.6,30.4,82.1,AI/ML,0
STU108701,20,Female,8.65,82.1,1,43.5,39.9,52.2,61.8,7,0,2,7.9,3,0,0,288,7,80.6,96.6,73.2,32.7,50.8,9.4,64.5,Software Development,0
STU104821,21,Female,6.79,63.2,0,64.8,53.3,63.2,81.7,2,1,0,1.7,3,2,0,1031,2,83.2,51.9,81,69.2,24.6,96.8,74.6,AI/ML,0
STU109888,23,Male,7.61,68.1,0,45.6,53.1,48.5,48.1,6,2,2,11,4,1,0,610,5,58.2,83.3,77.8,40.1,58.9,43.6,55.1,Software Development,0
STU102335,21,Other,8.39,90.5,0,54.1,67,88.8,62,2,0,1,5.3,1,1,0,640,2,56,48.2,79.8,60.9,51.8,67.9,87.9,Cyber Security,0
STU102837,22,Female,7.52,83.3,1,70.9,68,61.6,48.8,2,0,1,5.1,3,1,0,631,2,53.4,61.7,65.3,60.9,43.4,39.4,83.3,Cyber Security,0
STU106604,22,Male,6.8,79.6,0,26.3,54.3,32.6,59.7,3,2,2,7.2,0,2,0,463,4,52.1,72.6,55.9,63.6,63.5,67.9,61.8,AI/ML,0
STU101426,21,Other,8.16,83.2,0,87.6,47.6,35.3,48.2,1,0,1,3.3,4,3,0,621,2,64.4,53.6,62.3,44.4,40.5,91.8,66.5,Cloud Computing,0
STU106952,24,Male,7.48,87.5,2,61.8,38.2,50.1,63.4,2,1,2,7.2,2,1,0,461,3,77.1,59,76.9,54.9,55.7,62.3,70.3,Cyber Security,0
STU105649,20,Male,7.62,100,0,53.1,72.2,40.1,50.2,0,0,1,4.2,1,4,0,754,3,64.5,33.5,54.6,17.9,29.6,46.9,72.5,Software Development,0
STU109823,21,Female,7.95,73.6,1,74,45.1,60.6,70.9,0,0,2,8.8,3,1,0,760,1,80.9,62.8,75.1,52.5,59,63.7,75.3,AI/ML,0
STU101132,21,Female,7.99,75.2,1,33.7,47.9,67,,4,2,0,0.1,0,2,0,671,6,67.9,69.3,94.4,49.1,66,88.7,79.2,AI/ML,1
STU102954,19,Male,7.81,86.5,0,61,47.9,57.9,68.8,3,1,0,0,2,0,0,512,3,60.2,74.5,72.9,57.6,41.7,21.3,76.6,Software Development,1
STU104281,23,Male,8.73,76.1,2,65.9,62.6,48.1,51.3,2,1,1,0.4,3,1,0,891,1,62.9,64.6,,70.1,67.6,34.5,62.7,Software Development,0
STU107753,19,Male,7.83,83.1,1,78.3,59.3,51.4,,2,0,3,13.3,1,1,0,847,3,63,59.6,74.8,34.5,42.8,124.4,63.5,Software Development,0
STU101230,22,Male,7.16,91.9,0,42.5,39.1,69.1,65.8,1,1,0,0,0,1,1,956,0,51,36.2,78.2,64,31.7,48.7,77.9,Software Development,0
STU104274,24,Male,8.44,73.2,1,98.3,78,65.1,82.8,6,2,2,5.4,4,3,2,1036,8,81.4,74.4,76.2,54.3,47.6,22.7,82.8,Data Science,0
STU100800,22,Male,6.9,82.5,2,47.4,57.4,56.7,37.1,1,0,2,9.1,0,1,1,701,0,76.1,52.9,,40.6,41.7,6.9,78.1,Software Development,1
STU102295,23,Female,7.77,70.1,1,59.5,65,83.2,91.2,1,0,0,0.6,2,0,0,941,1,63.9,42.8,67.3,67.4,63.4,28.3,80.8,Software Development,0
STU107015,22,Male,8.57,74.8,0,59.4,58.9,61.1,81.6,5,2,2,,3,0,0,890,4,64.8,75.2,73.6,68.3,50.9,36,93.1,Software Development,0
STU109465,20,Male,7.65,92.2,0,78.4,59.5,58.8,56.7,2,0,1,4.7,2,0,0,963,1,55.5,45.2,85.4,43.1,79.8,18.5,57.9,Data Science,0
STU102786,22,Male,6.55,81.5,0,56.3,46.3,62.9,44.8,4,0,1,2.7,1,1,0,1128,3,72.2,60.9,65.1,42.1,59.3,62.8,65.5,Business Analytics,0
STU105471,21,Female,7.4,74.8,0,51,57.1,41.9,41.9,5,1,1,4.3,1,1,1,1018,5,61.3,71.5,82,60.6,62.9,39.9,80.1,AI/ML,0
STU106187,22,Other,6.49,90.7,0,53.4,41.2,48.7,55.4,1,0,1,5.1,7,2,0,596,0,,78.1,65.9,65.3,26.6,21,56.7,Cyber Security,0
STU106470,23,Female,7.66,86.1,0,58.2,39.6,64.5,28,0,0,4,15.5,0,3,0,721,3,65.9,49.5,76,83.5,54.9,120.1,79.9,Cloud Computing,0
STU108171,21,Male,6.7,100,0,,34,53.4,42.2,4,2,1,3.8,2,0,0,859,5,70.7,74.2,73.2,42.8,68.9,93.1,77.1,Business Analytics,0
STU108783,22,Male,6.91,79.2,0,28.2,57.9,69.4,15,0,0,0,0,1,1,0,701,0,46.3,39.5,56.8,45.4,94.8,40.8,73.3,Software Development,0
STU103263,22,Male,7.38,87.9,0,47.2,57.1,59.7,67.4,3,2,1,4.8,2,1,0,625,2,,70.2,67.6,62,50.9,180,86,Cloud Computing,1
STU106717,21,Female,6.53,82.8,0,52.2,37.1,41.6,60,1,0,0,0,2,0,0,951,1,62.6,44.4,42.1,36.4,59.3,55.1,79.4,Cyber Security,0
STU108219,23,Female,7.14,77.7,0,55.1,31.9,53.7,47.7,2,1,1,2.6,2,0,0,1109,1,53.5,46.6,82.9,54.3,37.8,22,71.6,Data Science,0
STU102064,22,Male,7.84,74.5,0,64.4,88.8,57.8,81.9,2,1,2,5.2,4,0,0,895,2,78,61.8,73.6,49,64,84.4,86.5,Cloud Computing,1
STU107622,21,Male,7.38,83.8,0,48.3,74,45.1,59.5,2,0,0,1,3,2,2,520,3,65.1,74.5,55.8,65.3,83.6,31.4,65.9,Cyber Security,0
STU103439,21,Male,7.05,88.7,1,67.4,43.2,51,59.9,1,1,1,6.3,1,1,0,892,1,63.2,64.6,78.3,59.6,49.8,109.9,67.5,Data Science,1
STU105724,25,Female,8.05,81.8,0,56.7,84.7,57.2,31.2,3,1,0,1.3,1,3,0,545,2,60.1,68,65.2,64,45.2,31.4,68.3,AI/ML,1
STU105406,23,Male,8.68,83.7,1,45.5,54.6,59.5,72.1,1,1,1,2.9,1,1,0,602,0,60.9,54.6,77.5,33.5,36.6,11.4,96.9,Software Development,0
STU107474,21,Male,6.74,69.8,1,44.1,42.1,52,50.3,1,0,0,0.1,0,0,0,991,2,48,41,66,42.2,66,68,67.4,Software Development,1
STU101154,21,Female,8.52,95.8,0,86,69.7,59,74.4,3,1,1,4.1,1,1,1,712,4,66.9,71.6,73.7,48.5,50.7,28.3,79.8,Business Analytics,0
STU109311,22,Male,7.48,82.7,0,67.5,64.8,57.1,33.3,3,1,3,15.5,1,1,0,711,3,64.4,53.4,68.8,62.3,46.6,110.1,72.6,AI/ML,0
STU109257,22,Male,7.75,87.9,0,58,66.6,73.7,59.7,1,0,0,0.2,0,2,0,731,1,64.5,50.8,78.3,50.3,52.6,34.3,90.4,Cloud Computing,0
STU108704,23,Female,7.9,,0,55.9,64.6,31.1,63.5,3,0,0,0.2,2,1,0,694,4,,65.3,58.4,36.3,49.2,30.4,84.5,Data Science,1
STU109269,20,Male,6,95.7,0,23.4,30.2,60,34.3,2,0,1,2.5,4,1,0,781,4,77.6,50.1,84.8,53.1,45.5,60.1,,AI/ML,0
STU106708,21,Male,7.1,100,0,51.3,47.3,56.9,53.5,3,1,0,0.5,2,2,0,582,3,67.8,64.4,85.2,74.3,37.8,55.2,76.4,Cloud Computing,0
STU102536,23,Male,8.45,85.1,0,70.5,45.7,53.1,39.8,1,0,1,3.2,4,2,0,878,2,64.6,57.3,71.8,61.2,62.4,101.7,78.1,Cyber Security,0
STU100760,22,Male,6.97,96,2,50.9,43.3,41.1,,2,2,2,8.7,5,3,1,813,3,75,68.9,55.8,66.7,52.3,44.2,88.1,Cyber Security,0
STU100622,22,Male,6.91,79.9,0,40.9,56.6,69.8,42,2,1,0,0,1,0,0,990,1,61.1,,52.4,68.5,30.7,34.1,,Cloud Computing,0
STU106841,24,Male,7.09,92.3,0,46.1,42.8,66,46.2,2,1,2,9.8,2,0,0,820,2,74.7,64,68,41.4,79.8,71.1,71.4,Software Development,0
STU109978,21,Female,6.4,83.5,1,40.8,63.2,86.3,51.1,1,1,2,7.4,2,1,0,719,3,64.6,63.9,73.1,50.9,76.9,52,71.4,Business Analytics,0
STU108190,22,Male,7.14,78.7,0,44.3,63.7,65.3,39.5,3,1,0,0,1,0,0,703,5,51,66.9,71,26.6,35.8,55.8,65.8,Cyber Security,0
STU104144,21,Male,8.64,76.2,1,66.3,59.2,34.9,61.2,4,1,0,0,0,1,0,804,4,48.4,55.4,77.5,45.7,55.5,74.9,,Software Development,0
STU107234,21,Male,6.89,90.1,0,44.3,35.9,57.5,50,2,0,1,2.9,1,2,0,666,1,,33.1,76.5,38.8,46.4,58.7,75.7,Cyber Security,1
STU109686,20,Female,6.99,82.7,0,53.1,69.4,62.2,53.8,4,0,0,0,1,0,0,845,4,50,58,71.4,45,50.3,25.7,74,Data Science,1
STU109284,20,Male,8.21,68.8,0,61.2,45.7,55.9,38.6,1,1,0,0.5,2,1,0,877,3,63.6,57.6,68.8,37,42.9,47,58.3,Cloud Computing,0
STU105973,21,Female,7.61,81,2,61,50.5,51.7,72.4,4,2,0,2,0,2,0,644,4,54.7,74.7,77.4,72.7,73.3,159.3,67.8,Data Science,0
STU105767,21,Female,7.42,79.9,1,44,50.1,100,,2,0,1,2.3,1,1,1,1084,1,73.3,44.4,99,49,79.9,73.9,87.8,Software Development,0
STU108763,23,Male,7.98,95,0,90.5,,70.7,50.6,2,2,1,4.7,2,1,0,1336,2,54,33.7,66.7,59.6,58.7,61.2,84.5,Cloud Computing,0
STU105773,22,Female,7.9,75.3,2,57.7,54.6,48.5,50.9,2,1,2,7,2,1,0,942,3,71.5,60.9,66.1,61,48.9,,91.4,Software Development,0
STU106009,21,Female,7.5,85.5,0,37.9,81.3,54.1,61.1,0,0,1,6.9,2,2,0,780,1,67.9,54.3,83,42.5,37.2,44.5,81.6,Software Development,0
STU104566,22,Male,7.61,80.8,1,29.1,20.7,64.6,48.3,3,1,3,7.9,3,0,0,773,4,64.5,62,73.1,65.6,37.6,23.1,87.2,Cyber Security,0
STU102132,24,Female,8.55,72.2,1,48,52.4,75.2,62,4,2,1,4.1,0,3,1,1058,3,64.2,,68.8,46.7,72.9,77,100,Software Development,0
STU102897,23,Female,8.26,84.4,0,58.6,56.6,55.5,47.6,0,0,0,0,1,1,0,1136,0,56.8,31.9,74.5,61.5,70.7,46.7,69.9,AI/ML,0
STU104775,21,Male,7.49,77.6,1,,73.9,70.8,73,2,0,1,1,2,5,1,806,3,,63.1,83.3,54.7,74.7,9.5,88.7,AI/ML,1
STU101527,23,Male,7.97,100,0,81.4,68,69,49.9,4,2,0,2,1,0,0,549,6,37.4,67.1,73.3,45.8,58.4,45.8,81,Data Science,0
STU100853,23,Female,7.33,95.9,0,64,47.9,66.7,40.2,3,0,0,1.9,3,1,0,733,5,58.8,68.4,62.9,39.2,68.7,63.4,65.2,Data Science,0
STU102154,21,Male,7.94,98.6,0,45.8,60.4,53.5,36.5,1,0,0,1,3,4,1,568,0,62,68.5,82.2,53.2,59.2,63.2,54,AI/ML,0
STU105032,23,Male,6.74,88.3,1,32,47.1,44.5,52.5,2,1,0,0,2,2,1,330,5,66.6,51.7,67.3,54.6,70.5,49.3,64.2,Data Science,0
STU106792,21,Male,8.84,93.8,0,64,69,43.7,62.1,6,2,1,3.3,0,1,0,421,6,41.8,71.3,66.8,48.7,44.7,39.4,59.6,AI/ML,0
STU108109,19,Male,8.31,87.6,0,65.4,72.4,49.3,85.6,5,0,0,,2,1,0,1074,5,,78.6,65.4,64.6,40,64.7,66.4,AI/ML,1
STU100530,23,Female,6.61,81.9,1,55.4,43.7,53.3,71.1,3,1,0,0,2,4,0,728,4,59.4,78.9,80.2,80.8,35.7,20.5,74,Data Science,0
STU100688,23,Female,7.69,94.2,0,60.3,47.5,73.9,44.7,3,0,0,1.5,2,1,0,1089,3,68.4,70.9,67.2,34.4,51.6,38.6,79.8,Data Science,1
STU107767,22,Male,6.46,82.2,1,40.3,15.2,62.2,55.5,1,0,1,6.1,2,1,1,376,1,55.3,62.2,78.6,31.4,63.1,63.8,76.4,Cloud Computing,0
STU102615,20,Male,6.66,77.7,2,20.4,41.7,72.8,42.5,3,2,2,10.4,3,2,0,876,3,71.2,48,66.6,53.9,87.3,15.6,70.8,Data Science,0
STU100226,22,Female,8.38,90.9,0,70.8,61.9,52.6,77.5,1,1,2,5,4,4,0,817,0,87.9,52.8,71,58,92.7,97.4,69,Software Development,1
STU104523,22,Male,7.35,80.7,1,51.8,47.9,63.5,49,4,1,2,7.8,2,1,1,776,4,60.8,64.5,57.9,39.9,78.5,25.5,60.7,Business Analytics,1
STU106773,22,Female,7.65,74.2,1,58.7,44.6,60.3,81.5,3,1,1,3.1,2,0,0,1159,4,65,60.6,78.8,45.3,67.8,17.7,84.9,AI/ML,0
STU100991,23,Male,7.79,99.1,0,66.4,62.9,54,70.5,2,1,1,7.3,3,1,0,908,1,64.7,65.2,74.5,49.1,46.6,108.6,84.9,Business Analytics,1
STU109493,20,Female,6.64,91.3,2,60.2,44.1,76.1,17.1,2,1,0,0.3,2,1,1,1081,2,54.7,61.9,81.8,43.8,74.7,88.6,67.6,Data Science,0
STU109841,21,Male,8.72,91.5,1,74.1,51.2,57.8,48,5,0,0,0,1,2,0,838,5,68,77.7,79.5,72.3,52.3,18.8,81.3,Data Science,1
STU107030,22,Male,8.23,82.2,0,45.9,79.1,35.9,75,1,1,0,0,2,2,1,398,0,60.5,48.9,62.4,58.7,83.2,43.7,76.1,Software Development,0
STU103217,20,Male,6.63,87.9,0,43.4,69.5,31.6,36.2,1,1,0,1.4,2,3,0,966,1,46,47,55.8,52.9,69,72.6,56.2,Business Analytics,0
STU105383,21,Female,8.42,,0,47.6,64.1,58.3,53.1,4,0,2,7.4,4,1,0,490,6,80.1,66,86.8,65.4,71.2,116.2,69.3,Cloud Computing,0
STU101944,19,Female,7.46,86.8,0,48.8,47.6,43,50.3,1,1,0,0,0,1,0,520,1,53.7,54.8,69.1,56.7,63.7,83.2,68.7,Data Science,0
STU109243,20,Female,8.63,92.2,1,46,54.9,,53.7,1,0,1,5.7,4,0,0,734,0,61.8,49,61.7,43.7,34.6,39.3,44.9,Software Development,0
STU107027,23,Female,7.45,95.7,1,46.3,70.9,37.6,41.6,3,2,0,1,1,2,0,757,4,64.1,48.2,58.9,39.9,60.8,35.6,52.9,Business Analytics,0
STU104535,22,Male,8.53,93.4,0,81.6,80.5,66.1,56.9,2,1,0,2.4,4,1,0,597,1,71.3,57.8,82.6,39.8,29.1,73.5,89.2,Cyber Security,0
STU101790,23,Male,9.28,68.6,1,55.3,88.9,65.2,64.4,4,2,0,0,4,1,0,661,6,78.6,69.1,84.9,50.5,54.9,25.4,73.9,Software Development,0
STU102501,22,Female,6.77,66.5,1,37.2,51.8,75,81,1,0,1,1.6,2,1,0,791,3,82,64.6,84.6,41.2,38.6,86.2,83.7,Data Science,0
STU109515,21,Male,6.64,83.9,1,39.1,28.9,94.3,55,1,0,1,4.5,2,2,0,727,1,65.3,58.9,83.4,50.8,97.4,21.4,80.4,AI/ML,0
STU109543,22,Male,6.88,73.5,1,44.2,50.2,53.5,37.6,2,0,0,0,3,4,1,940,1,63.1,60.3,75,85.5,83,76.3,74.7,Cloud Computing,0
STU106777,21,Male,8.86,70.6,1,73.1,61.5,74.5,71.2,4,2,3,6.4,2,1,0,773,9,67,65.6,68.2,67.8,35.9,89.5,86.3,Cyber Security,0
STU100850,23,Female,7.17,75.5,0,64.9,56.3,63.1,32.3,1,1,2,6,1,1,0,1085,2,57.2,41.3,76.4,66.3,73.3,20.3,84.6,AI/ML,0
STU107557,21,Female,8.31,73,2,51.9,49.6,64,62.9,5,0,2,9,5,1,0,973,6,78.6,83.7,72.5,61,74.3,97.1,69.7,Cyber Security,1
STU108213,22,Male,8.29,90.5,1,74.1,40.5,20.4,50.4,3,1,0,0,1,2,0,700,4,48,65.3,54.4,44.7,46.8,45.1,56.1,Cyber Security,0
STU107243,22,Female,8.27,90.6,0,33.7,43.3,68.6,28,1,0,0,0,1,0,0,230,0,59.5,44.8,71.8,49.3,56.6,80.7,84.1,Software Development,0
STU107764,22,Male,7.78,86.8,1,59.7,81.7,66.2,37.8,1,1,1,3.8,3,1,0,800,1,60,74.7,75.6,25.5,49.9,26.9,62.2,AI/ML,0
STU102431,20,Male,6.51,83.2,0,47.9,41.5,51.6,68.5,4,2,1,6.9,0,1,1,633,6,,53.9,77,73.4,82.5,77.1,78.2,Data Science,0
STU104262,23,Female,7.08,95.8,1,49.6,59.8,68.3,41.1,2,1,0,0,2,0,0,764,1,65.9,58.9,76.1,65.7,40.2,73.6,72,Data Science,0
STU105148,21,Male,7.7,82,2,15,29.8,67.4,76.2,1,0,0,0,3,3,0,846,0,73.3,50,71.5,68.6,60.4,123.3,90.2,Business Analytics,0
STU105355,22,Male,8.03,72.8,1,58,64.9,71.5,43.2,5,0,1,2.1,3,1,0,913,8,50.2,69,87.9,54.1,31,22.1,84.7,Software Development,0
STU108785,21,Male,7.5,84.2,0,48.9,77.8,66.9,49.1,2,1,0,0,2,1,0,1053,1,52.4,40,79.9,27.2,41.4,38.5,80,Cloud Computing,0
STU100788,21,Female,7.56,86.5,1,72.7,47.9,,,1,1,2,8.4,3,3,0,886,2,60.4,79.1,84.4,41.5,24.3,107.2,66.4,Business Analytics,0
STU107868,21,Female,5.92,79.8,0,49.7,,59.8,34.6,1,0,0,0,1,2,0,1063,2,41.6,72.1,67.4,50.6,65.9,7.9,59.4,Software Development,0
STU103863,20,Female,7.34,91.4,1,53.4,42.1,25.8,54.6,5,1,1,5.7,1,2,0,453,4,65.4,72.8,49.9,54.6,27.6,60.9,58.7,Data Science,1
STU103486,23,Male,7.56,91.7,0,66.5,66.9,61,42.1,4,1,2,9,3,2,1,1156,4,63.3,66.1,87.4,57.9,66.3,79.5,74.8,Cloud Computing,0
STU102770,23,Male,8.79,89.2,1,40.4,66.4,56.2,54.5,5,2,0,0,2,1,0,649,5,66.9,56.6,72.4,53.1,76.9,118.5,72,Cyber Security,0
STU105510,22,Male,8.15,83.4,0,65.1,69.9,48.9,77.8,2,0,1,3.1,1,0,0,661,2,77.6,62.3,68.7,41.9,52.8,89.1,67.4,Software Development,0
STU107121,22,Male,6.5,77.4,2,71.2,69.1,70.6,45.1,2,2,1,,3,1,0,615,5,55.2,66.5,64.6,40.8,63.3,74.2,67,Data Science,1
STU100650,21,Female,7.52,85.6,1,62.7,45,41.6,70.6,4,1,2,6.6,2,3,1,759,4,79.9,64.7,60.7,48.7,53.8,32,70.4,Cloud Computing,0
STU107889,20,Male,7.25,85.3,1,74.3,32.5,64.2,69.8,4,2,0,0.4,4,0,0,695,4,71.2,61.3,75.2,53.8,42.2,66.5,79.4,AI/ML,0
STU101157,22,Male,6.95,67.4,1,51.9,66.6,59.5,,3,0,1,4.2,1,2,0,679,6,48,57.9,79.3,58.8,33.8,56.3,66,AI/ML,0
STU101836,22,Female,8.36,73.6,0,67.3,58.3,84.7,60,0,0,3,11.1,2,2,2,765,3,,55.6,92.2,59.9,27.4,76.5,89.7,Software Development,0
STU102856,23,Female,7.72,78,1,62.6,61.4,57.9,50,2,0,0,0,3,0,0,1092,2,61.7,45.9,82.9,32.8,30,38,79.4,Software Development,1
STU102341,23,Male,7.43,77.4,2,67.2,51.8,62.7,47.5,1,1,1,2.1,5,2,0,794,0,70.9,53.1,88.3,57.4,38.7,86.3,73.1,Cyber Security,0
STU104845,22,Female,6.97,94.5,0,37.3,61.2,67.2,48.2,3,1,1,5.3,2,2,0,550,3,51.1,61.2,68.9,69.6,61,57.1,77.4,AI/ML,0
STU107114,22,Male,8.27,91.3,1,55,49.1,57.3,55.6,2,1,0,0,2,0,0,379,3,,41.1,51.2,39.3,56.2,6.9,85.8,Software Development,0
STU109140,20,Female,6.49,80.5,1,61.9,51.8,53.8,42.9,1,1,2,11.3,0,0,0,1055,2,69.8,38.4,81.6,66,60.2,42.8,100,Software Development,1
STU101472,23,Male,7.14,70.2,1,22.2,55.8,,27.7,0,0,2,5.6,6,2,1,831,0,88.2,78,55.1,64.6,82,18.2,66.1,Cloud Computing,0
STU100584,21,Female,7.74,70.4,0,60.6,39.8,70.5,78.7,4,2,0,1.6,1,4,0,667,4,56,62.6,75.5,65.5,46.2,25.4,84,Data Science,1
STU104394,21,Male,8.24,79.2,0,64.2,63.3,56.1,,3,1,0,,2,0,0,736,2,72.9,65.6,75.1,44.2,46.3,46.1,69.4,Cyber Security,0
STU103971,20,Female,8.31,84.8,1,100,65.6,81.9,91.7,1,0,3,12.6,2,3,0,1307,3,90.4,59.1,74.6,86.2,86.7,30.3,81.2,Cloud Computing,0
STU108917,22,Male,8.44,72.2,2,68.3,68.9,64.8,71.6,3,2,0,1.7,0,0,0,1077,2,55.5,48.4,81,49.8,58.3,54.8,92.2,Cyber Security,0
STU104879,22,Other,7.76,73.3,0,56.1,50.3,51.1,55.1,3,1,1,1.6,1,1,0,198,4,68.7,75.2,73.1,39.8,65.9,29,84.2,Data Science,1
STU108050,23,Male,7.78,63.9,1,81.5,61.7,64.9,86.9,14,2,3,6.8,3,0,0,732,5,62.5,75.1,79.5,37.8,21,25.5,80.6,Software Development,0
STU106412,22,Male,8.17,93.1,0,69,46.7,74.5,47.1,2,1,4,15.4,3,1,0,998,1,92,53.2,68.7,52.7,59.2,100.5,84.2,Business Analytics,0
STU108132,21,Male,8.93,,0,85.6,71.3,52.4,53.6,2,0,1,4.8,1,2,0,837,3,53.5,60.4,,60,64.6,42,65.3,Cyber Security,0
STU101515,20,Male,7.4,85.8,0,32,47.4,24.2,66.9,2,1,2,6.3,1,1,0,266,2,57.6,56.6,48.5,88,22.6,79.3,66.7,AI/ML,0
STU103111,22,Male,7.86,80.4,0,53.1,51.3,69.2,35.7,5,4,0,1,2,1,0,747,6,58.3,76,72.3,49.3,38.8,17.3,52.7,Data Science,1
STU103397,21,Male,9.05,75,1,65.8,42,32.9,79.4,1,1,2,7.2,2,0,0,726,1,52.5,56.3,63.3,79.5,55,115,67.5,Software Development,1
STU107198,21,Male,8.89,97.7,0,85.1,42.1,59.2,43.5,1,0,0,1.5,4,1,0,545,0,59.1,62.4,74.1,40.6,85.9,32.3,61.9,Cyber Security,0
STU103321,20,Female,8.07,85.8,0,65.1,54.9,66.1,44.6,3,1,4,13.4,2,1,0,662,2,81.2,82.4,72.2,48.1,48.8,29.7,55.7,Software Development,0
STU109609,23,Female,8.49,78.7,0,40.4,45.7,60.6,,2,1,1,6.5,2,1,0,210,1,74.1,62.7,91.9,51.8,60.1,37.2,77.8,AI/ML,1
STU101547,20,Male,7.63,90.9,2,62.9,42.1,54.7,80,2,0,1,,2,0,0,1185,4,64.3,45.5,,48.2,50.3,79.4,90.4,Software Development,0
STU104590,21,Female,7.38,88.6,0,,35.2,72.1,42.2,3,2,1,1.7,4,2,0,427,3,72.4,64.1,71.6,64.4,71.4,52.8,59.7,Software Development,0
STU107351,23,Male,8.85,83.9,1,76.6,50.7,48.2,40.3,2,0,1,,2,2,1,632,2,74.3,56.8,74.8,54.4,46.6,123.2,76.1,AI/ML,0
STU102135,21,Male,6.16,73.6,0,58.3,23.6,74.2,33.7,4,2,0,,2,0,0,1018,4,51.6,65.1,70.4,57.9,68.6,57.6,84,AI/ML,0
STU106495,22,Female,9.3,79.6,1,55,78.6,100,75.4,1,0,2,10.6,4,1,1,650,1,95.2,39.1,81.8,65.1,78.6,38.7,92.1,Data Science,0
STU104406,23,Female,10,68.6,1,88.3,76.7,42.3,69.6,4,2,0,1.1,1,0,0,1160,6,66.4,75.5,66.3,45.6,50,72.5,66.2,Software Development,0
STU103828,22,Male,7.59,,1,40.9,61.5,91.4,54.1,1,0,1,5,0,4,0,367,0,63.8,44.4,90.3,84,74.8,78.1,64.2,Software Development,0
STU104717,23,Female,9.22,80.1,1,56.1,62.6,57.4,67.1,2,1,0,0,0,2,0,525,1,54.6,65.7,72.5,60.6,59.9,24.9,73.7,Data Science,0
STU103291,21,Male,7.2,71.7,2,57.7,61.2,48.7,39.5,0,0,1,3.9,0,1,0,611,0,54.8,40.2,71.6,44.6,47.4,39.4,49.2,AI/ML,0
STU105311,21,Female,7.36,75.5,0,53.7,59.9,53.7,49.7,2,0,0,1.7,2,1,0,545,2,76.5,55.7,66.8,33.3,39.6,67.6,66.9,Business Analytics,0
STU108776,20,Female,6.38,78.5,0,31.3,35.7,47.1,32,5,3,1,5.9,1,0,0,297,5,64.9,54.8,73.5,50.8,75.9,34.8,56.1,Cloud Computing,0
STU107936,21,Female,7.95,72.1,1,70.5,63,45.6,53.7,5,3,0,1.1,2,2,0,1059,5,52.6,76.3,63.3,61.1,41.7,13,73.8,AI/ML,0
STU101258,22,Male,8.81,74.8,0,57.2,62.6,56,55.7,2,1,1,3.2,5,0,0,816,2,89.2,70.2,69.1,23.9,48.1,23.2,70.6,Cyber Security,0
STU108719,23,Female,7.88,91.5,0,70,61.9,47.3,53.6,4,1,1,6.2,4,0,0,786,4,83.3,67.2,65.7,51.4,46.2,61,80.7,AI/ML,0
STU102260,22,Female,7.1,84.7,0,46.1,45.5,64,28.2,2,0,1,4.4,2,0,0,881,2,91.2,63.7,75,50.7,49.3,113.4,84,Software Development,1
STU104275,22,Female,8.46,85.9,0,68.4,52.2,92.4,36.3,5,2,4,17.2,2,0,0,513,7,71.2,68.5,74.8,34.3,81.5,18.9,96.3,Software Development,0
STU103328,22,Male,6.61,72.1,0,60,43.1,76.7,63.6,2,0,0,0.4,4,3,0,1129,5,75.2,55.5,88.2,91.2,80.1,29,97.9,Software Development,0
STU108335,23,Female,7.69,81.2,1,54.3,42.3,64.1,20,2,0,2,9.8,4,2,0,759,1,57.9,61.7,84.9,77.8,100,27.6,75.1,Software Development,0
STU107442,21,Male,8.52,84.8,0,64.6,50.3,49.9,58.4,3,1,0,0.5,2,0,0,260,4,53.7,64.7,78.2,37.7,40.5,51.8,77.7,Cyber Security,0
STU106362,24,Male,8.63,75.2,1,57.1,57.2,64.9,46,1,0,0,0.7,5,2,1,839,2,67.1,65.8,58.2,49.5,57.9,48.6,58.9,Business Analytics,0
STU106718,22,Female,7.29,77.9,0,,32.9,47.4,30.8,3,1,1,3.2,1,0,0,848,5,52.7,70.4,62,58.9,25.6,47.7,58.6,Software Development,0
STU109173,22,Female,5.82,91.1,0,44.2,66.4,45,31.6,2,0,0,1.2,1,1,0,605,3,70,64.5,54.7,66.5,66.1,81,51.6,Cyber Security,0
STU100275,23,Male,6.87,100,0,33.4,53.6,77.1,43.4,4,1,2,9.8,2,1,0,684,3,72.9,65.6,70.3,52.4,51.3,58.4,77.7,AI/ML,0
STU107543,21,Male,7.81,81.4,0,58.6,52.4,75.1,45.8,2,1,3,11.9,2,2,0,1254,3,62.4,58.1,85.6,67,33,30.8,59.1,Data Science,0
STU108122,23,Male,6.86,68.2,0,54.7,55.5,59,40.2,6,5,2,8.5,5,1,0,1048,5,69.5,81.3,68.4,33.8,41,55.7,65.8,Cyber Security,0
STU101656,20,Male,7.89,78.7,1,43.1,62.7,57.8,66.4,2,0,1,1.6,3,1,0,758,2,70.7,79.6,71.9,80.4,51.5,30.7,84.2,Cloud Computing,1
STU106850,23,Female,7.84,70.7,1,45.6,60.2,50.5,59.4,1,1,1,6,2,2,0,426,1,75.6,51.9,53.3,51.7,77.1,162,78.1,Software Development,0
STU102229,24,Male,8,100,1,46.8,43,71,57,1,0,1,3.6,1,1,0,625,2,66.9,40.1,78.2,73.3,82.1,37.4,78,Software Development,0
STU104736,22,Female,7.93,86.2,2,59.1,57.8,65.1,54.9,2,0,1,5.3,1,1,0,1118,1,51.6,57.7,67.3,63.5,42.3,23.7,81.7,Business Analytics,0
STU105877,21,Female,7.17,78.4,1,60.9,58.3,29.7,55.3,2,1,1,3.6,4,1,0,729,1,81.7,63.7,66.4,87.8,40.4,32.6,82.5,Cloud Computing,0
STU103981,22,Male,6.79,78.2,0,56.4,54.4,52.8,75.4,4,1,1,4,2,3,1,673,4,83.6,59,76.2,64.3,61,54.8,80.7,Software Development,0
STU108086,22,Male,6.29,87.2,1,57.9,44.1,60.3,38.7,0,0,2,6.3,1,1,0,1112,0,53.2,55.3,72.9,23.2,56,65.1,75.5,Data Science,0
STU100997,23,Male,8.65,93.2,0,72.7,45.1,60.3,52.7,3,1,2,6.9,2,3,0,475,4,74.6,72.5,71.1,49.6,84.9,50.4,68.2,Cyber Security,0
STU104154,21,Male,8.37,60.6,0,52.2,46.8,62.7,50.3,4,2,1,4,3,1,0,1136,3,55.9,82,76.2,33.6,42.9,55,56.9,Software Development,0
STU102924,21,Male,7.16,86.1,1,46.4,53.3,76.3,64.8,2,1,0,,1,1,0,725,3,55.1,58.1,78.8,42.2,40.7,19.1,63.5,Cyber Security,0
STU101611,22,Male,8.39,78.5,0,49.2,67.8,65,46,3,2,2,6.3,6,0,0,393,3,94.4,65.5,85.7,70.5,65,62.6,66.3,Software Development,1
STU103876,22,Female,7.34,90.9,0,59.1,66.5,41.5,56.9,2,2,0,0,2,1,0,839,3,71.2,43.9,71.5,76.2,75.2,49.6,65.2,AI/ML,1
STU109727,22,Female,6.77,75.5,1,54.4,38.6,58.1,38.6,4,1,0,0,2,1,0,448,4,57.3,,72.8,49.1,47.7,20.6,71.3,Business Analytics,0
STU104171,23,Female,6.61,75.6,1,48.6,44.3,,59.7,1,0,0,0,1,1,0,645,0,55.3,55.9,80.8,68.5,22.9,26.8,69.2,Software Development,0
STU100805,23,Male,6.59,88.1,0,39.7,61.6,50.6,55.3,4,2,1,4,0,2,0,966,3,69.1,57.3,82.3,59.2,47.1,61.2,76.2,Data Science,0
STU107615,20,Male,6.37,90.8,0,42.6,39.7,44.4,51.5,2,1,0,0,5,1,0,964,1,77.6,70.8,69.6,61.8,68.2,30.7,64.4,AI/ML,0
STU108670,22,Female,8.17,80.7,1,37.3,69.7,,61.9,4,2,1,4,4,2,0,730,7,73.2,58.9,70.3,45.1,74.4,59.9,64.4,Cloud Computing,1
STU109455,23,Male,7.61,78.4,0,,47.5,82.4,59.3,3,3,0,0,1,1,0,668,5,58.2,61.9,66.2,71,51.7,40.6,74.6,AI/ML,0
STU100090,22,Male,7.3,83.2,1,39.3,52.4,58.9,31.3,5,3,2,6.4,1,1,0,533,5,60.6,77.2,72.8,37.2,42.5,111.3,56.9,Data Science,1
STU108545,23,Male,8.08,78.8,1,29.3,81.3,48.8,50.9,6,1,0,1.5,1,0,0,402,6,60.3,70.7,75.4,67.8,68.6,145.8,69.8,Business Analytics,0
STU104884,21,Female,7.97,90,1,58.6,76.8,77.6,46.6,3,1,0,0,1,4,1,697,3,63.7,68.9,,32.9,43.6,,74.5,Cloud Computing,0
STU107358,21,Male,7.22,88.2,0,44.5,26.6,71.1,63.1,3,1,0,0,3,3,0,708,4,72.9,67.2,94.8,61.4,30.6,36.1,86.8,Software Development,0
STU106797,21,Female,7.5,95.4,2,71.1,54.8,77.4,48.8,5,1,1,5.3,6,1,0,855,6,88.3,65,83,41.5,66.6,10.1,61.7,Software Development,1
STU102484,22,Female,7.58,77.2,0,58.2,,76.1,53.8,4,2,1,4.1,2,0,0,1042,3,71.7,60.9,81.3,50.4,72.5,21.1,84.6,Business Analytics,0
STU109253,22,Female,9.8,86,0,60.3,69.1,70.5,89.1,5,3,1,3.5,2,1,0,933,4,54.9,64.8,73.2,62.3,42.9,68.5,73.4,Software Development,0
STU100207,21,Male,8.07,74.7,0,46.5,45.4,61.3,45.6,0,0,0,0.2,3,3,1,787,1,84.4,46.5,78.7,61,76.6,34.1,66.5,AI/ML,0
STU100942,23,Male,7.11,94.1,1,41.8,51.6,28.6,56.8,3,0,3,10.6,1,2,0,865,4,60.1,59.8,67.9,55.5,73.7,93.4,69.9,Data Science,0
STU107085,23,Male,7.22,78.7,2,36.8,49.3,31.6,49.1,1,0,0,0,0,1,0,840,0,,45.4,72,39.7,73.6,62.7,66.2,Data Science,0
STU106794,21,Male,9.44,64.8,0,69.6,63.5,72.4,100,3,1,0,0,2,0,0,980,3,59.6,58.4,69.8,57.5,42.1,32.9,88.3,Data Science,0
STU101136,23,Female,7.08,82,0,46.7,57.7,46.1,46.3,1,0,1,5,3,1,0,426,4,61.7,62.7,74.5,51,51.1,86.7,65.7,Cyber Security,0
STU106239,21,Male,6.38,84.1,0,19.9,59.1,80.5,49,0,0,1,4.1,1,1,0,785,1,57.1,37.3,76,57.7,57.4,93.1,88.2,Cloud Computing,0
STU109913,22,Female,5.94,85.1,0,34.5,15,29,69.6,1,0,0,0.7,1,3,0,712,2,58.8,55.2,68.9,17.5,61.2,42.9,65.2,Data Science,0
STU100189,20,Male,9.51,82.9,1,64.5,91,30.2,55.1,3,2,1,5.5,1,2,0,770,3,56.5,58.3,48.8,46.4,26.2,41.3,58.2,Cloud Computing,0
STU103581,22,Male,7.48,87.4,0,15,41.2,41.2,55.4,3,0,2,12,5,1,0,399,3,62.6,68.9,64.1,43.1,66.5,26.8,69,Business Analytics,0
STU102761,21,Female,7.61,,0,48.9,55.4,58.1,46.4,2,2,0,0.2,2,2,0,600,1,45,66.1,89.8,62,40.3,33.4,,Data Science,0
STU109953,23,Male,7.89,73.6,0,38.4,50.6,48.3,58.8,3,2,1,4.4,1,0,0,569,5,48.9,38.5,65.5,63.4,63.5,73.9,71.8,Data Science,0
STU103826,21,Male,7.09,85.3,2,51.6,45.1,58.5,40.2,4,0,0,0,1,0,0,765,5,81.1,71.1,80.5,38.3,70.8,36.7,62.9,Data Science,1
STU107346,20,Male,7.45,79.2,0,27.2,61.1,58.9,64.7,2,1,0,0.4,2,0,0,709,4,69.2,48.4,68.1,37.8,56.9,129,67.5,Data Science,0
STU104502,23,Male,9.05,70.8,1,70.4,74.8,35.7,38.4,4,1,2,7,2,2,0,366,7,76.6,61.9,62.5,40.1,82,30.3,58.5,Data Science,1
STU100616,20,Male,8.51,84.2,0,81.7,79,59.4,51.5,3,1,0,0,0,0,0,675,2,59.7,50.6,51.4,50.9,79.2,31.3,68.6,AI/ML,1
STU101679,21,Female,6.96,92.4,2,31.9,51.5,70.1,36.8,2,0,0,0,3,1,0,845,3,50.5,62.7,81.9,61.2,64.2,25.8,74.3,Software Development,0
STU106758,20,Male,7.46,81.4,0,51.1,24.9,62.8,36.2,2,1,1,4.3,4,4,1,521,1,71.3,49.1,70.3,81.3,47.5,44.6,77.2,Business Analytics,0
STU101430,23,Male,8.43,74,2,55.7,53.5,53.3,31.1,2,2,1,5.2,3,1,0,848,4,73.8,64.3,70,81.9,27.9,42.4,69.6,Software Development,0
STU100918,22,Male,7.38,83.8,1,50.3,42.8,80.4,30.9,4,0,0,0.3,1,1,0,676,5,60.7,73.1,89.6,55.2,56.2,7.5,74.9,Data Science,0
STU102506,23,Female,8.34,,0,62.8,71.9,78.3,62.7,1,1,0,2.2,1,1,0,480,3,68.8,33.1,77.3,57.1,34.5,65,77.9,Cloud Computing,0
STU104107,19,Male,7.3,87.5,0,48.1,40.1,,46.9,3,1,3,13.9,2,2,0,960,4,66.5,58.3,64,72.6,47.8,46,64.3,Cyber Security,1
STU107325,23,Male,8.02,88.3,2,54.9,74.9,56,58.8,1,0,1,1.8,2,1,1,819,1,83,71.9,74.1,61.4,62.3,59.8,70.3,Data Science,0
STU104964,21,Male,7.68,81,0,54.2,23.1,52,62.1,4,2,0,0,3,0,0,607,3,66.5,60.2,72.5,39,45.5,124.5,68.3,Cloud Computing,1
STU107153,23,Female,7.78,95,0,69.4,62.3,52.8,79.5,0,0,0,0.7,6,1,0,1058,0,,52.3,62.2,67.2,67.4,55.3,66.8,Data Science,1
STU107670,24,Male,7.3,86.3,1,51.8,68.8,56.9,77.6,3,1,2,7.3,2,1,0,479,2,65.7,56.2,76.3,57,53.6,19.3,82,Data Science,0
STU107965,23,Female,7.73,74,0,46.5,73.6,55.6,37.1,2,0,0,0.9,3,2,0,415,2,51.3,35.5,63.1,56.5,33.9,16,81.4,Software Development,1
STU100940,23,Female,6.86,75.6,1,29.7,58.2,87.6,37,3,1,0,1.9,1,2,0,602,3,59.9,53.7,82.6,74.5,52.3,72.4,69.6,Data Science,1
STU108053,22,Male,9.82,77.4,0,74.9,77.1,59.8,72.3,3,1,1,5.8,1,2,0,681,4,64.3,53.4,66.1,58.8,38.4,49.8,79.5,Software Development,0
STU106529,23,Male,7.82,83.2,0,36.9,54.6,66.7,,2,0,0,0,1,0,0,491,1,63.8,52.9,80,69.8,40.3,31.5,73.4,Business Analytics,0
STU102155,22,Female,7.94,86.4,2,50,67.5,35.9,25.4,4,2,1,2.7,4,1,0,663,3,72,56,57.2,34.2,62,35.5,63.5,Business Analytics,0
STU102962,22,Male,7.87,79.1,1,72.8,54.4,80,46.1,1,0,1,6.7,1,2,0,777,1,69,51.5,72.6,46.6,44.3,23.2,87.6,Cyber Security,0
STU105668,21,Male,5.93,88.9,0,38.6,36.6,50.2,58,2,0,0,3.4,3,1,0,766,2,67.5,61.1,70.3,42.9,56.6,129.6,80.6,Cyber Security,0
STU101271,23,Female,7.78,81.9,1,72.5,39.4,44,62.6,2,1,1,4.1,2,2,1,744,2,54.6,60.7,60,59.6,29.1,,85.5,AI/ML,1
STU107651,19,Male,7.56,87.4,0,39.6,74,43.4,82.4,3,0,0,,0,1,0,871,7,65.4,59.9,61.9,42.6,100,42.2,100,AI/ML,0
STU109599,21,Female,6.15,81.3,1,62.6,34.8,60.1,40.3,2,1,0,0,0,0,0,436,3,43.6,40.2,93.4,45.7,53.2,50.7,62.2,AI/ML,1
STU106114,21,Female,7.11,83.1,1,33.1,70.4,77.5,73.8,5,1,1,3.4,3,4,0,999,5,62.5,64.6,82.8,42.9,60.2,42,81.3,AI/ML,1
STU104285,21,Male,6.76,90.8,0,61.9,62.3,35.6,44.3,3,0,2,6.4,3,2,1,832,4,68.5,68.9,44.5,75.2,63.8,80.1,64.9,Software Development,0
STU106742,23,Male,6.43,75.3,2,47.9,58.9,67.2,65.5,5,2,1,6.1,0,2,0,450,4,75.4,67.3,75,40.8,94.7,65.4,70.8,Software Development,1
STU106227,22,Male,6.65,68.3,0,31.6,55.1,,48.7,2,0,0,0,2,3,0,681,2,44.1,46.3,81.1,83.5,41.1,43.7,65.7,Data Science,0
STU108923,23,Female,6.81,78.8,0,64.4,46.8,55.5,46.2,2,0,1,1.8,3,1,0,1283,4,62,64.1,72.7,53.4,47.5,51.6,52.9,Data Science,0
STU105682,24,Male,7.31,78.9,1,30.6,68.9,60.3,56.3,4,0,0,1.8,1,0,0,452,4,71.6,65,63.6,47.5,38,45.9,82.8,AI/ML,1
STU102588,23,Male,7.34,83.4,0,69.1,68.2,59.3,54.3,3,1,3,9.6,1,0,0,963,3,62.1,48.7,65.2,57,96.6,47.4,87.2,Software Development,0
STU106008,20,Female,7.68,80.3,0,53.9,63.1,35.8,39.3,6,1,1,4.4,0,3,0,874,5,62,68.9,58.9,59.6,87.4,89.9,68.6,Business Analytics,0
STU100317,22,Female,8.51,93.4,1,52.9,70.6,75.8,79.9,3,2,0,1.2,2,3,1,752,3,55,59.3,86.7,60.6,44.2,104.7,92.9,Software Development,1
STU106437,23,Female,8.38,76.4,0,49.6,79.1,71.5,99.9,8,2,1,4,3,1,0,905,8,61.4,87.8,72.2,53.7,41.3,15.1,98.7,Software Development,0
STU100665,22,Male,6.73,87.5,0,25.3,56.2,63.3,34.6,2,2,1,5.4,1,0,0,596,2,67.6,64.7,63.6,56.1,67.5,,72.1,Cloud Computing,0
STU100573,22,Male,5.65,82,1,38.1,29.2,75.9,40.8,3,1,1,5.6,2,1,0,580,4,48.7,58.9,84.3,60.4,63.2,30.7,82.7,Data Science,0
STU100802,21,Female,9.25,85.2,0,77.5,70,48.2,,1,0,0,1.5,1,0,0,893,0,63.6,72.5,69.8,42.2,56.3,77.3,71,AI/ML,0
STU103906,24,Female,7.59,91.2,1,60.3,65.7,70.4,63,3,2,0,0,0,1,0,843,2,37.9,54,66.2,52.9,40.6,34.6,81.1,Cloud Computing,1
STU105804,23,Male,8.05,96.8,1,60.5,75.2,54.5,59.1,0,0,0,0,3,0,0,841,0,62.3,59,66.8,62.2,86,37.7,74.9,Software Development,0
STU106444,22,Male,6.99,87.3,0,48.5,41.5,34.6,50.4,3,1,0,0.1,3,2,0,799,2,57,54.2,50.2,61.3,56.6,17.9,51,Software Development,1
STU100767,22,Female,8.33,69.4,0,34.8,65.7,48,53.4,1,0,0,0,2,2,0,450,1,59.8,60.9,61.6,50.7,53.8,40.1,71.9,Data Science,0
STU100068,21,Male,9.19,96.5,1,80.5,82.8,51.7,79.6,2,2,1,1.4,3,1,0,429,4,58.5,61.8,75.7,56.6,37.1,66.3,80.7,AI/ML,0
STU102827,24,Male,8.22,64.9,0,53.1,35.1,59.2,81.2,7,2,2,10.4,3,2,0,721,8,80.1,,65.3,46.3,20.2,57.1,84.5,Business Analytics,0
STU104435,24,Male,6.34,95.6,0,39.3,44.9,57.1,65.4,4,0,2,6.9,1,1,0,576,4,59,83.7,66.7,47.2,52.3,9.4,60.2,AI/ML,0
STU108852,22,Male,6.96,80.4,0,42.5,34.8,53.2,47.2,1,0,0,0.7,3,5,2,694,2,75.9,37.1,68.1,63.5,54.7,81.1,79.6,AI/ML,0
STU106048,21,Female,7.6,72.8,0,48.4,58.1,34.6,67.2,4,0,3,9.8,0,2,0,634,5,57.7,59.4,62.4,49.1,44.9,71.7,61.4,AI/ML,1
STU107704,21,Female,7.29,78.8,0,53.9,70.5,51.2,37.9,5,1,2,7.9,1,1,0,569,4,63.5,83.1,66.6,54,92.6,68.7,68,Data Science,0
STU108373,22,Female,9.12,88.3,1,71.1,,59.9,52.3,6,0,3,13.1,0,3,1,817,7,45.8,84.7,65.4,58.9,58.4,47.1,77,Software Development,1
STU105191,22,Male,8.08,92.2,1,42.9,52.2,54.6,52.6,1,0,1,4,3,0,0,463,0,73.2,52.8,59,46.6,56,19.2,57.2,Business Analytics,0
STU107820,23,Male,7.73,88.5,0,63.5,42.5,56.4,47.2,4,1,0,0,2,2,0,824,3,57.9,70.2,60.4,71,49.9,85.9,73.9,Data Science,0
STU109966,21,Female,7.71,76.7,0,66.3,58.5,42.4,67.6,1,0,0,0.5,4,0,0,960,2,75,42,60.4,27.6,66.6,287,78.3,Data Science,1
STU100426,21,Male,7.59,80.4,1,33.7,68.1,74.8,40.2,1,1,0,0,2,1,0,893,2,57.7,45.9,80.4,34.5,64.7,63.9,66.8,AI/ML,0
STU101124,21,Female,6.76,84.4,1,66.6,28.6,61.7,58.1,3,2,1,4.9,3,0,0,856,2,52.4,,66.8,24.7,65,69.8,58.1,Cyber Security,0
STU107018,22,Female,5.67,75.6,2,18,52.8,52.1,49.1,0,0,1,2.9,1,1,0,718,0,58.7,41.1,72.9,48.1,51.4,35,77.8,Cyber Security,0
STU100119,23,Male,7.31,75,1,28.5,42.9,47.6,47.3,0,0,3,10.5,1,0,0,319,0,70.2,64.5,59.3,54.1,68.7,31.6,71.7,Business Analytics,0
STU109442,20,Male,8.42,86.6,1,73.1,78.4,61.1,85.9,3,1,2,7.4,1,1,0,1168,7,63.2,60.1,73.8,64,43.6,50.2,66.8,Software Development,0
STU100107,21,Female,7.36,,0,44.3,50.7,,30.3,2,1,0,0.2,1,0,0,838,1,52.4,35.8,69.6,41.1,54,35.9,68.9,Cloud Computing,0
STU102851,22,Male,7.46,81.7,0,27,64.3,75.4,51.4,6,1,2,9,2,0,0,633,7,69.4,59.7,,52.2,39.4,40.6,72.9,Software Development,1
STU105378,21,Male,8.76,79.9,2,62.2,75.1,84.1,85,4,3,1,3.3,2,5,0,673,5,72.1,70.7,83.5,42.8,40.4,89.7,88.3,AI/ML,0
STU104503,20,Female,7.44,86,0,68.9,48.9,62.2,32.4,3,1,0,0.5,0,2,0,865,4,44.5,54.1,62.3,64,86.7,34.1,80.9,Business Analytics,0
STU108458,21,Male,6.88,78.4,0,56.9,58.2,53.5,43.9,2,1,0,0.7,1,4,0,698,1,60.2,66.6,73.4,53.8,69.3,103,69.2,AI/ML,1
STU105925,20,Female,7.29,72,0,22,67.1,64.9,47.4,5,1,1,7,1,4,0,707,6,65.8,86.5,72.6,46.6,46.5,66.7,71.3,Software Development,0
STU104293,21,Female,7.38,84.4,0,62.5,73.3,83.7,67.1,1,0,1,4.3,0,0,0,825,2,63.3,63.5,73.5,62.6,46.9,21.8,77.1,Business Analytics,0
STU107656,21,Male,8.62,76.9,0,66.7,51,58,55.2,2,0,2,8.2,0,0,0,346,2,51,41.2,68.5,67.2,46.1,8.6,66.2,Software Development,0
STU108488,21,Female,6.93,89.1,1,36,34.8,51.8,32.1,4,3,0,0.8,4,1,0,538,3,,74.7,66.9,43.2,65.7,110.9,72.1,Data Science,0
STU105954,22,Female,6.15,66.9,0,39.2,47.4,55.4,50.9,5,4,0,0,1,1,0,767,6,54.3,72,63.8,48.1,85.9,14.2,93.6,Software Development,1
STU102829,20,Male,9.36,87.4,0,47.4,71.5,53.9,80.3,4,0,1,2.4,1,2,1,858,4,70.3,67.9,63.7,34.2,55.3,9,79.7,Cyber Security,0
STU107471,22,Female,7.92,79.3,1,69.2,83.5,57.1,55.6,3,1,2,6.1,3,0,0,1244,2,68.1,53.7,61.1,42.3,68.3,19.2,59.7,Data Science,0
STU109991,22,Female,6.71,70,2,47.2,41.1,70.3,59,3,1,0,0,3,1,0,633,2,57.6,58.3,88.5,52.8,36.4,87.4,73,Cloud Computing,0
STU103480,22,Male,9.19,83.1,1,76.2,46.1,36.4,76.3,0,0,0,1,0,1,0,832,0,53.3,39.4,53.6,54.7,40.9,59.3,75.3,Business Analytics,0
STU104801,22,Female,8.05,100,0,58.6,73.8,47.3,59.8,4,1,2,10.9,6,2,0,731,4,63.9,77,68.9,49.6,43.4,63.8,62,AI/ML,0
STU106807,23,Male,6.89,75,0,49.5,37.3,62.5,47.2,2,1,3,10,1,1,1,564,3,55,54.2,56.3,70,59,23.2,60.3,Data Science,0
STU109538,22,Male,7.64,82.3,0,49.7,41.9,70.1,39.3,2,1,1,2.3,2,3,0,689,2,63.9,79.5,81.9,35.7,84.6,,72.7,AI/ML,1
STU101278,23,Other,7.75,65.9,0,40.1,55.6,50.3,71.3,3,0,1,3,4,1,0,624,5,72.6,54.3,85.6,27.7,31.9,46.9,88.7,AI/ML,0
STU108465,22,Male,6.66,85.1,0,48.1,45.8,47.8,47.2,1,0,0,0.3,3,1,0,840,1,83.5,55.6,63.5,65.4,64.3,33.6,70.2,AI/ML,0
STU101495,21,Female,7.56,76.9,0,42.4,51.6,62.9,78.2,2,0,1,5.9,1,5,1,491,2,57.3,56.7,79.4,34.3,58.1,42.7,70.5,Data Science,0
STU107343,21,Female,7.84,96.1,1,31.3,46.8,85.5,44.8,2,1,3,16,1,0,0,496,3,53.1,66.1,75.5,46.4,74.6,11.1,75.5,AI/ML,1
STU105740,23,Male,7.21,95.2,0,39.6,51.2,45.2,15,3,0,3,8.9,2,1,0,510,3,76.3,51.8,59.7,65,52.4,21,64.6,Data Science,0
STU109558,22,Female,7.12,85.9,0,62.5,53.5,64.8,60.7,2,0,0,0.6,3,2,0,818,2,58,75.3,65.8,60.6,51.5,63.3,85.7,Data Science,0
STU103840,22,Male,6.95,68.3,2,47.1,49.9,46.1,58.1,2,1,0,0,1,4,0,737,2,57.6,62.3,64,57.7,57.5,29.3,85.8,AI/ML,0
STU100328,22,Male,6.44,97.7,1,26.5,44.1,52.9,43.1,2,1,1,3.7,0,1,0,352,4,39.9,51.3,69.6,64.3,37.2,31.1,60,AI/ML,0
STU108997,20,Female,6.53,100,1,43.8,57.3,59.5,62.9,5,3,1,3.2,1,0,0,668,6,69.5,85.6,71,63.1,40.9,85.5,78.7,Business Analytics,0
STU102379,22,Male,7.94,,3,49.7,38.9,53.3,51.2,3,1,0,0.5,1,2,0,646,3,65.5,55.5,66.6,91.9,30.1,46.5,75.2,AI/ML,0
STU103958,23,Female,8.14,87.3,0,92.2,53,64.7,58.7,4,0,3,8.2,1,2,0,1109,4,58.5,79,65,33.6,58.8,69.4,67.8,Data Science,0
STU104173,22,Male,10,81.6,1,83.4,74.3,62.9,49.6,2,0,0,1.1,3,2,0,811,1,62.7,68.1,66,53.8,43.9,81.8,59.8,Business Analytics,0
STU105914,22,Male,7.61,79.8,1,47.3,46.9,,47.6,0,0,1,5,4,0,0,1179,0,72.3,55.2,60.6,61.1,47.5,107.5,79.3,Data Science,0
STU103970,21,Female,7.88,71.3,2,54.9,46.9,47.9,54.3,2,1,0,0.2,2,1,0,775,2,56.7,54.4,63.6,61.5,53.5,75.6,66.9,Data Science,0
STU109998,22,Female,5.75,70.7,2,16.2,19.5,55.2,65.7,3,1,1,2.3,3,0,0,423,3,69.4,79.6,38.4,58,56.3,32.9,76.6,AI/ML,0
STU100366,23,Female,7.13,81.9,1,47.2,52.9,76.4,35.8,2,0,3,9.1,2,2,0,773,2,77.7,55,85,53.5,68.7,44.5,70.1,Business Analytics,0
STU104962,22,Female,7.81,100,1,45.2,48.2,73,53.4,3,1,1,2.2,3,1,0,898,3,66.5,90.3,87.4,69.5,50.7,38.9,86.8,Software Development,0
STU102950,23,Male,5.61,74.8,1,23.6,57.9,55.8,18.7,3,2,1,5.5,3,1,1,300,2,75.5,60.5,66.3,41.4,80.9,53.3,69.6,AI/ML,0
STU106944,22,Female,7.61,73.9,0,75.9,63.2,59.6,62,4,1,1,1.7,1,1,0,884,3,61.1,55.8,81.9,56.4,47.1,37.5,61.6,Data Science,0
STU108019,23,Male,7.93,100,0,32.8,48.7,59.1,65.3,3,1,0,1.6,1,3,1,715,2,56.3,76.7,72.3,38.9,60.8,34.5,76.1,Data Science,0
STU101347,22,Male,6.94,92.2,1,73.3,41.7,68.3,61.1,2,0,1,1.8,2,0,0,770,2,68.3,58.3,80.1,41.3,24.1,97.7,89.8,AI/ML,0
STU103192,21,Male,6.46,95,0,51.2,34.5,76.2,49.5,1,1,1,3.7,1,4,0,804,1,63.4,60.8,77.8,78,59.2,47.3,69.2,AI/ML,0
STU102876,19,Male,7.72,76.4,0,46.6,41,54.2,66.6,1,0,0,1.7,2,0,0,331,1,62.1,62.2,70.4,57.6,75.6,27.9,83.8,Software Development,0
STU108901,24,Male,7.21,77.5,3,36.3,50.9,55.1,41.5,1,0,1,6.2,3,0,0,499,1,58.8,46.2,63.2,43.4,63.5,104.1,76,Software Development,1
STU107262,23,Male,7.7,93.7,1,62.4,63.6,56.6,45.2,2,0,0,0.2,3,0,0,471,1,58.9,57.6,82.7,45.7,58.8,13.3,67.3,Cyber Security,0
STU107596,20,Male,6.49,58.8,0,44.4,36.6,73.9,59.2,1,0,0,0,0,1,0,655,1,54.1,56.9,74.8,59.3,70.2,40.4,76.6,Cyber Security,0
STU109730,24,Female,7.75,74.6,0,35.8,84.1,72.8,61,2,1,1,6,6,2,1,571,2,86.4,78.3,79.7,82.5,68.1,25.6,73.6,Business Analytics,1
STU107043,19,Female,7.17,68.2,0,44.1,37,62.7,60.7,3,1,1,3.9,2,3,0,1264,3,56.3,,90.8,45.7,64.2,87.1,88.8,AI/ML,1
STU109289,23,Male,7.7,70,0,73.8,57.9,52.7,43.5,1,0,0,0,5,3,0,1132,1,75.3,78.7,,61.9,77.8,48.5,67.1,Software Development,0
STU100769,20,Female,7.03,92.3,1,42.5,51.2,50.8,56.2,3,1,0,0.3,4,0,0,936,3,59.7,43.8,61.5,48.8,41.2,31.6,75.1,Business Analytics,0
STU109126,22,Male,8.02,79.8,2,69.2,53.4,52.9,82,3,1,0,0,2,1,0,1028,3,70.3,61.4,73.3,54.3,57.4,49.2,74.2,Business Analytics,0
STU100030,22,Male,8.15,70,0,62.8,80,56.5,58.3,4,1,0,1.3,3,0,0,889,4,57.7,67.8,78.3,49.2,24.5,37.8,73.9,Business Analytics,0
STU103791,21,Male,7.14,90,0,74.4,35.5,35.5,64.1,1,0,0,0,0,0,0,826,3,65.9,41,54.8,32.5,42.8,24.4,59.1,Data Science,0
STU103941,22,Male,7.08,72.7,1,61.1,56.7,53.1,55,6,4,1,9.4,2,0,0,920,5,77,75.9,55.8,41.3,44.5,81.3,68.2,AI/ML,0
STU101364,23,Male,6.38,89.2,1,77.9,24.4,65.2,48.6,4,2,2,7.3,2,1,0,861,3,67.9,64.3,75.7,36.4,50.6,18.7,73.2,Data Science,0
STU102554,19,Female,8.43,93.5,0,46,62.7,56.8,69.6,2,0,0,0,0,1,0,398,2,52.6,50,78.9,35,100,28.1,77.7,Software Development,0
STU105427,21,Female,6.63,78.5,0,46.9,75.3,51.2,59.6,6,4,1,1.7,3,0,0,857,6,70.3,78.9,78.2,55.5,80.6,95.2,83.9,Cyber Security,0
STU101815,22,Male,8,86.1,1,45.4,72.3,72.6,33,1,1,0,0,1,0,0,820,1,40.4,55.1,71.6,55,56.4,8.7,61.2,Business Analytics,0
STU101571,22,Female,8.86,79.1,0,86.9,62.2,27.1,64.8,2,0,1,5.7,3,0,0,750,4,62.8,64.4,62.4,65.6,43.3,63.1,78.2,Data Science,1
STU103285,21,Male,6.72,82.9,1,,23.8,51.4,59.3,1,0,1,6.3,1,2,0,736,0,62.4,49.6,69.4,45.9,62.7,39.1,64.5,Software Development,0
STU100975,21,Female,7.01,76,0,28.8,49.4,37,40.5,3,1,0,0,4,1,1,552,3,58.9,68.9,61.6,56.1,52.1,72.5,69.2,Software Development,0
STU103383,24,Male,7.98,77.2,3,38.2,80.5,65.1,58.9,4,0,0,0,0,1,0,699,5,69.8,51.8,67.2,70.4,81.9,64.2,97.6,Software Development,0
STU102951,20,Male,6.75,85.3,1,52,50.5,42.9,80.5,1,0,1,2.4,0,1,0,1114,1,60,47.2,79,50.9,50.4,9.9,56.2,Business Analytics,0
STU105725,22,Male,7.14,84.6,0,66.2,65.5,38,28.9,1,0,0,0,4,1,1,630,3,51.6,69.7,54,65.7,50.9,89.4,70,Data Science,0
STU109080,21,Female,7.29,80.4,1,62.1,60.4,42.7,47.6,2,1,2,10.3,6,1,0,812,4,85.2,,68.9,32.5,52.4,85.6,67.5,Software Development,1
STU107756,21,Female,7.66,76.6,2,53.4,74.5,61.2,56.9,1,1,1,3.7,2,0,0,509,2,67.2,55.7,80,50.2,26.4,36.9,,AI/ML,0
STU100559,20,Male,9.47,68.5,0,98.6,98.7,44.7,74.8,1,1,4,10.8,0,1,0,1275,2,63,64.5,76.6,27.3,60.3,27.7,88.9,Cyber Security,0
STU107258,21,Female,8,60.1,0,62,40.2,52.8,68.8,2,1,1,3.6,1,1,0,1023,2,60.2,61.9,73.1,33.8,37.3,86.9,57,Software Development,0
STU107676,20,Female,7.09,81.3,0,27.5,57.7,60.7,50.3,4,1,0,0,1,2,0,491,3,40.3,64.7,61.4,53.5,67.9,25.8,66.7,Cyber Security,0
STU101463,21,Female,6.93,87.5,0,50.3,58,60.7,70.1,4,0,1,2.8,5,1,1,888,3,76.5,52.4,58.6,39.3,64.1,49.5,71.9,Software Development,1
STU102726,21,Female,7.26,81.7,0,39.7,60.5,38,61.5,0,0,1,,1,0,0,774,0,57,61.2,75.6,43.5,62.8,129.8,56.1,Software Development,0
STU104907,23,Male,9.11,80.1,1,72.7,78.9,82.6,79,1,1,1,6.2,2,1,0,828,2,60.6,40.4,84.6,60.7,44.9,31.5,76.1,Cloud Computing,0
STU102854,22,Male,8.32,92.5,0,54.4,86,47.2,42.3,4,1,3,8.1,3,1,0,973,4,91.1,63.9,65.3,46.2,58.3,25.6,64.7,Data Science,0
STU102553,21,Female,6.87,88.9,1,65.8,59.6,75,48.2,1,0,0,0,1,1,0,878,1,64.6,52.3,84.9,21,81.6,78,77.4,Business Analytics,0
STU105582,22,Female,7.69,84.6,0,33,75.7,39.7,70.1,2,2,0,0.2,3,1,0,663,3,75.2,60.1,70.3,36.6,59.1,34.1,72.5,Software Development,0
STU107795,23,Male,8.52,95.7,0,69.7,62.6,58.3,80.3,2,0,0,0.8,2,1,0,1294,2,39.1,66.2,79.1,38.6,68.6,45.8,70.9,Data Science,0
STU106602,21,Male,7.98,82.2,1,53.9,60.7,68,62.5,2,0,1,4.1,2,1,0,898,3,,57.8,74.6,58.2,78.2,26.7,79,Cyber Security,0
STU101962,21,Male,7.78,72.6,0,36.9,62.3,52.9,81.1,2,2,1,5.2,2,5,1,255,4,72.2,51.3,60.8,58.4,37,45.2,,Data Science,1
STU106203,22,Male,7.58,83.9,1,29.4,50.2,71.6,35.6,0,0,1,4,1,0,0,911,0,,53.6,82.6,59.1,51,68,85.3,AI/ML,0
STU109576,22,Male,8.42,75.5,0,52,75.7,43.9,68.6,2,0,0,1,2,2,0,925,1,59.3,63.6,67.1,60.2,33.7,8.9,82.8,Business Analytics,0
STU103250,22,Male,7.95,86.1,0,38.6,42.8,80.1,54.3,4,1,1,3.6,0,3,0,899,5,50.4,51.3,73.9,36.5,81.6,66.4,89.3,Software Development,1
STU104536,22,Male,7.28,100,1,55.9,52.9,52.5,51.4,3,1,1,4.2,1,3,0,943,2,63.6,42.8,73.2,65.1,66.4,64,59.4,Software Development,0
STU102919,21,Male,7.39,95.7,1,60.5,64,50.4,47.6,4,1,0,0,0,1,1,600,4,55.6,71.7,73.9,60.3,92.2,32,74.3,Cloud Computing,0
STU102249,22,Male,7.36,88.8,1,63,58.7,76.1,61.8,3,1,0,0,4,0,0,565,3,73.8,61.7,79.1,29.3,34.8,50.7,72.5,Cyber Security,1
STU105597,21,Female,9.31,77.3,0,87.5,58.1,45.1,70.5,2,1,0,0.5,1,3,1,750,2,65.7,58,68.3,74.2,44.2,83.8,92,Software Development,0
STU109427,21,Male,6.75,77.7,0,37.1,59.2,63,73.5,4,0,0,0.8,3,2,0,1179,4,78.5,65.1,62.9,45.8,66.9,64.3,80,Cyber Security,0
STU108382,22,Male,6.15,72.3,1,61.1,36.8,59,40.6,4,2,1,,1,0,0,585,3,55.4,63.8,78.4,51.9,66.2,74,82.1,AI/ML,0
STU104363,21,Male,9.22,78.6,1,72.7,61.2,34,64.1,1,1,0,0,2,4,2,705,1,55.7,66.9,69.3,70.3,53.3,29.3,75.7,Cyber Security,0
STU103072,22,Male,8.81,82.5,1,71.9,62.9,50,69.8,1,1,1,4.1,0,1,0,847,2,53,42.5,81.3,47.9,71.3,114.4,79.8,Software Development,1
STU108508,20,Male,7.53,81.2,0,83.2,87.8,83,89.5,1,0,1,5.7,0,1,0,776,0,65.2,42.8,78.5,66,65.8,51,98.5,AI/ML,0
STU109987,23,Male,8.62,67,0,32.5,62,43.3,39.6,3,1,2,10.3,3,1,0,458,2,71.4,65.4,70.9,55.4,70.6,16.1,60,Software Development,0
STU100955,21,Male,7.65,84.6,0,36.6,54.9,64.9,32.7,1,0,0,0,1,0,0,407,0,45.1,46.2,85.7,52.3,55.2,66.5,54.5,Software Development,0
STU107460,22,Male,8.31,86.8,0,43,57.2,57.3,,0,0,1,4.4,1,1,0,721,1,46.7,61.3,92.2,47.6,48.3,43.8,71.4,Cloud Computing,1
STU106201,23,Male,7.16,94.5,1,35.7,57.7,,57.1,3,1,1,6.3,2,0,0,783,4,69.1,70.6,60.1,42.9,51.8,118.1,69.3,Software Development,0
STU103592,23,Female,7.01,77.1,0,33.1,52.6,66.1,48.9,2,2,0,1.4,1,2,1,635,1,47,56.8,61,72.9,27.3,63.5,66.7,Software Development,0
STU100958,24,Male,5.85,75.8,0,,37.4,59.8,29.9,3,0,0,0.7,3,2,0,809,2,63.1,65.3,80.1,31.3,28.6,43.2,67,Software Development,0
STU108128,23,Male,7.61,80,1,61.2,52.1,32.7,34.9,5,0,0,0.5,4,0,0,406,5,81.2,73.5,58.5,50.8,62.4,66.5,53.1,Software Development,1
STU107239,24,Female,9.42,70.3,0,,70,46.6,86.9,0,0,2,7.6,1,3,1,935,0,57,56.8,60.4,60.5,65.9,56.7,89.7,Software Development,0
STU103517,22,Female,7.07,82.6,1,45.4,47.3,64.5,46,2,0,2,8.9,3,0,0,494,1,54.2,62.3,61.5,36.1,69.2,96.2,67.1,Software Development,0
STU103149,24,Male,9.59,96.1,0,74.7,70.5,46.2,75.5,4,3,0,0,3,3,1,902,5,59.6,68.4,72.8,61.8,23.4,4.7,79.9,Data Science,0
STU102892,22,Male,7.31,74.7,0,57.1,70.1,61,62.3,5,2,0,0,1,1,0,884,4,49.7,52.3,70.4,51.3,26.2,7.3,60.2,Cloud Computing,0
STU109457,21,Female,5,83.6,0,49.1,35.9,39.6,30.2,0,0,3,16.2,1,2,0,540,1,71.1,49.3,79.5,43.4,55.1,31,54.3,Cyber Security,0
STU103207,22,Female,9.37,70.8,1,75.4,64.6,57.8,73.6,2,0,1,4.4,0,1,0,833,5,59.5,54.6,64.2,36.7,46.2,55.4,85.7,Business Analytics,0
STU103557,21,Male,6.5,80.7,0,60.2,62.1,43.7,50.2,6,2,0,0,1,2,0,1046,6,65.8,75.3,66.4,56.2,77.2,38.4,,AI/ML,0
STU100490,22,Male,7.68,67.7,0,74,48.2,56,52.3,0,0,0,0.8,2,2,0,857,2,63.7,54,70.8,35.3,52.5,64.1,58.9,Software Development,1
STU102869,22,Male,7.36,,1,61.7,63.5,75.1,76,2,1,1,,1,1,0,1078,1,65.3,64.2,90.9,59.7,40,41.3,81.1,Software Development,0
STU105910,23,Other,7.81,73.6,0,39.1,56.5,45.8,48.1,0,0,0,0.5,1,1,0,973,0,,38.8,64.1,46.4,59.1,75,73.4,Software Development,0
STU101813,22,Male,9.89,94.3,1,83.5,87.6,66.7,51.9,0,0,1,3.2,3,3,1,1188,2,81.4,63,73.7,32.6,65.9,97.2,72.1,Data Science,1
STU108068,21,Male,8.26,74.5,0,71.7,82.2,70.3,,4,0,0,0,2,0,0,1400,3,51.1,70.9,78,69.6,100,63,88.6,Cloud Computing,1
STU109990,23,Female,8.02,87.6,1,53.5,57.4,38.8,90.1,1,1,2,6.5,1,1,0,921,1,76.3,41.6,64.4,46.9,50.7,63.4,76.9,Software Development,1
STU106818,22,Male,7.62,83.3,1,53.5,50.3,54.2,59.7,0,0,1,3.7,3,3,0,535,0,81.8,64.5,76.7,51.6,36.4,88.6,79.8,Business Analytics,1
STU107541,21,Female,7.95,78,1,73.7,59.2,46.9,60.8,4,2,0,0,5,2,1,636,4,64,51.1,67.7,34.9,48.3,47.6,65,Data Science,1
STU109945,22,Male,7.18,77.5,2,73.5,42.8,69.5,43.5,2,1,0,2,2,1,0,439,2,53.8,58.2,75.4,53.9,50.2,55.4,73.5,Business Analytics,0
STU104076,21,Male,10,85.2,0,90.2,100,33,69.7,1,0,0,0,2,1,0,1217,2,57.4,49.1,85.9,49,67.6,89.1,79.5,Business Analytics,1
STU105861,23,Female,6.6,70.3,1,42.3,56.4,73,63,2,1,1,3.3,0,5,1,813,1,49.6,64.5,81.1,48,67.2,83.5,67.7,AI/ML,0
STU108506,22,Male,7.53,71.2,1,40.6,50,58.3,38.7,5,1,1,4.4,0,1,0,524,5,67.8,59.2,67.4,57.9,68.6,56.9,74.3,AI/ML,0
STU102738,21,Male,7.71,92,2,64.7,55,74.2,15,2,0,0,0,2,3,0,852,1,67.7,76.1,,72.4,52.7,38.3,62.6,Cyber Security,0
STU108893,20,Male,8.15,83.6,0,52.9,26.9,53.1,32.6,6,3,2,8.1,3,2,0,982,6,69.1,58.4,66.8,61.4,47.8,44.3,75,Business Analytics,0
STU102115,22,Female,7.98,95.9,0,38.7,77.9,78.3,51.1,2,0,1,3.6,0,1,0,725,3,51.4,42.2,74.7,60.2,56.1,21.7,70.5,Cloud Computing,0
STU100301,24,Male,7.33,83,0,50.6,47.2,50.7,50,1,1,2,6.6,2,2,0,1221,1,65.1,53.4,64.8,28.9,55,57.6,60,Cyber Security,0
STU100423,21,Female,9.75,79.1,2,78.4,,81.6,69.2,4,1,1,3.4,3,2,1,761,4,69.2,75.3,70.6,66.6,52.9,92.3,87,Software Development,0
STU105313,22,Male,7.88,91.7,0,49.7,54.4,54.2,70.7,3,0,3,8.5,1,3,1,1111,4,45.1,61,59.1,53,54.6,54.3,55.6,Data Science,0
STU107055,23,Male,8.5,75.9,0,55.5,49.2,59.6,57.2,3,1,0,0,1,3,1,920,2,48.7,67.6,68.6,41.2,42.5,105.8,80.1,AI/ML,0
STU101514,20,Male,7.96,97.5,1,62.9,56.2,48.5,67.8,3,1,0,0,2,1,1,1097,3,57.5,46.6,52.5,57.3,89.4,48.4,71.5,Business Analytics,0
STU107843,21,Male,9.35,88.5,1,,82.7,58.4,72.2,5,3,1,5.3,4,0,0,655,5,73.7,75.6,71.8,56.6,26.8,65.3,79.4,Software Development,0
STU106528,22,Female,7.34,75.2,0,47.2,46.1,39,44.6,3,3,0,0,1,1,1,909,2,36.5,59.8,63.2,39.1,39,79.8,63.3,AI/ML,1
STU103659,21,Female,7.42,79.5,0,70,57.4,55.6,63.6,2,1,1,,2,2,0,1045,4,59.9,65.5,62.4,45.2,44.6,35.6,72.9,AI/ML,0
STU103462,20,Male,7.86,83.2,1,58.6,51.4,61.1,93.9,3,2,3,7.9,5,3,1,760,6,86.5,67.5,74,59.8,54.4,70.1,95.1,Data Science,0
STU103386,22,Female,7.49,68.9,1,70.5,61.5,69.8,29,1,0,1,5.7,3,2,0,560,1,50.9,58.3,65.7,63.7,65.1,56.4,72.3,Cyber Security,0
STU106963,21,Male,6.73,82.1,1,81.1,41.2,47.5,41.2,4,0,3,11.1,2,2,0,797,3,71.3,72.2,74.8,49.5,59.5,50.2,,Data Science,0
STU102855,21,Female,7.12,78.5,0,39.8,68,43.7,49.3,5,1,4,18.7,2,1,0,949,4,65.8,72,62.3,30.3,22.2,22.5,67.9,Cloud Computing,1
STU101854,22,Male,6.43,65.4,0,15,60.1,40.4,63.3,0,0,1,3.6,0,0,0,340,1,75.8,,55.5,57.1,44.9,,68.7,Cyber Security,0
STU100122,22,Female,6.69,80.2,1,37,53.1,41.3,35.1,4,1,1,,2,1,0,847,4,57.3,79.3,60.5,52,62.8,64.8,53.3,Business Analytics,1
STU106954,22,Female,7.99,84.5,1,56.3,53.7,32.9,69,2,1,2,8.1,2,2,0,651,2,63.1,75.6,66.1,50.4,45.7,21.2,73.2,AI/ML,0
STU100250,20,Female,6.14,72.9,0,54.9,65.8,70.4,51.1,1,0,0,0,0,2,0,801,1,58.2,77.4,70.7,77.5,72.9,23.9,80.8,Business Analytics,0
STU105264,22,Male,7.87,74.2,0,63.8,65,55.8,67.8,1,1,1,7.6,4,0,0,1043,0,77.2,65.4,59.9,63.5,31.5,41.5,66,Cloud Computing,0
STU108137,21,Female,7.65,90.4,1,45.3,45.8,46.6,75.7,1,0,2,9.6,4,3,0,621,1,68.9,63.9,54.4,60.1,17.6,16.1,74.7,Software Development,0
STU104392,23,Male,6.88,65.4,0,29.8,37.2,51.6,55.2,3,3,2,5.5,3,2,0,770,3,73.8,,63.9,66.8,51.8,53,77.7,AI/ML,0
STU107040,20,Female,6.95,,0,29.5,74.7,43.5,74.8,0,0,1,3.9,2,1,0,668,2,72.5,48.5,65.2,80.5,76,113.2,54.9,AI/ML,0
STU103576,20,Female,8.37,72.2,1,62.8,57.6,54.5,67.6,1,0,0,1.2,3,0,0,754,0,75.9,68.7,63.9,55.5,84.3,13.7,63.4,Data Science,0
STU108500,23,Female,6.85,79.4,0,47.8,37.4,60.3,41.6,2,1,0,0.1,3,0,0,679,3,47.9,62.9,66.8,45.4,23.1,53.9,60.8,Software Development,0
STU108675,22,Male,8.52,66.2,0,75.5,55,39.3,49.6,2,1,1,3.4,3,2,1,1030,2,73.1,71.4,71.1,64.9,81.3,48,78.2,Cloud Computing,1
STU101280,21,Male,6,79.3,0,52.4,45.2,40.1,21.2,0,0,3,8.5,1,1,0,656,0,55.4,49.3,71.2,42.7,68.9,88.1,71.6,Cloud Computing,0
STU101086,21,Male,7.15,98.8,1,73.7,55.6,62.4,74.2,8,3,1,3.8,0,2,0,803,11,55.5,100,70.1,65,81,68.5,83,Data Science,1
STU100246,20,Female,6.86,83.7,1,51.9,51.1,31.1,53.7,3,2,1,5.7,4,4,0,698,4,87.9,62.2,53,64.4,56.3,70.5,56.1,Software Development,0
STU103307,22,Male,8.64,94.9,1,71.6,63.3,60.2,,1,1,2,9.7,2,1,0,874,0,67.2,61.4,79.3,42.3,76.4,31.4,85.5,Software Development,0
STU107548,21,Female,7.09,69.5,0,22.9,60.9,60.1,79.5,3,2,0,0.9,2,4,2,368,4,63.7,79.1,80.9,42,62.9,52.7,70.7,Software Development,0
STU109904,22,Male,7.44,68.5,0,54.3,34.2,60.2,48.4,1,0,2,6.9,0,1,0,1023,1,63,41.6,80.5,54.3,45.7,36.3,78.7,Business Analytics,0
STU105995,21,Male,8.08,74.8,0,60.7,71.1,44.9,53.5,1,1,1,3.4,1,0,0,667,0,64.3,48.5,73.5,60.7,43.4,49.4,,Software Development,0
STU105785,22,Female,9.22,85.6,2,59,53.4,33.3,56.7,4,0,0,0,1,1,0,1400,4,60.1,52.3,50.2,64.7,25,31.8,75.8,Cyber Security,0
STU104003,22,Female,7.95,75.8,1,68.5,71,70.7,68.8,2,0,0,0,1,2,0,568,2,60.3,65.6,67.5,57.9,55.8,23.9,94.4,Software Development,0
STU107284,22,Male,6.57,88.5,1,48.6,52.5,60.6,54.6,3,0,2,10.7,4,2,0,771,4,74.4,59.6,69.4,47.8,50.8,17.9,84,Data Science,0
STU100206,22,Male,7.38,72.3,1,67.5,57.4,47.5,72,3,0,0,0,3,1,0,1010,4,73.1,60.6,71.8,56.8,68.5,50.9,72,Software Development,0
STU101732,22,Male,6.71,85.1,0,77.9,41.5,83.2,32.2,4,0,2,8,4,0,0,750,4,64.2,59.1,64.9,44.4,68.9,15.1,86.4,Cloud Computing,0
STU101018,21,Female,7.06,89,0,36.5,73.4,50.6,61.4,3,1,2,7.9,1,0,0,956,2,64.6,60.4,78.2,74.1,53,108.5,87.2,Cyber Security,1
STU103805,23,Female,8.78,81.1,1,57.8,50.4,63.3,60.8,3,1,1,5.1,3,2,1,266,2,68.4,80.9,75.9,66.5,71.3,35.9,72.9,Data Science,0
STU100941,22,Male,7.61,72.6,1,45.9,49.9,60.9,70.3,1,0,1,5.7,1,3,0,748,0,44.3,63.7,77.1,25.8,42,24.2,63.5,Business Analytics,0
STU100635,21,Female,9.33,100,2,53.8,45.3,72.5,60.7,3,2,4,,1,2,1,532,4,83.4,56.2,76.9,83.1,70.5,56.4,78.8,Cyber Security,1
STU104317,22,Male,7.94,75.7,0,69.9,53.7,68.5,57.9,1,1,0,0.4,2,3,0,1112,0,70.5,64.9,77.2,56.8,57.2,95.9,86.3,Cyber Security,0
STU107685,21,Male,6.16,87.6,0,36.2,50.1,54.7,53.8,2,0,0,1,3,1,0,961,5,52.2,63.1,74.8,39.3,56,113.9,85.7,Software Development,0
STU108624,23,Female,8.05,86.4,0,43.8,58.6,55.1,88.3,3,1,2,10,4,0,0,956,6,74.5,62.7,66.1,39,90.8,50.8,86.9,Software Development,0
STU102605,23,Male,8.49,84.2,0,67.9,67.2,72.8,69.1,5,1,1,,2,2,0,913,6,69.3,63.2,83.5,39.7,58.7,33.2,73.1,Business Analytics,0
STU108030,22,Male,7.29,68.8,1,80.1,64.9,72.3,45.7,5,1,0,0,3,1,1,658,5,50.1,90,84.1,60,65.5,105.1,72.5,AI/ML,0
STU107369,23,Male,6.65,80.5,0,27.6,48,47.3,36.5,2,1,0,0,2,1,0,660,4,61.1,56.2,70.5,59.1,46.2,31.9,57.9,Cloud Computing,0
STU108993,21,Male,6.42,76.4,2,20.6,57,59.6,52.6,1,1,2,11,0,1,1,714,0,74.1,64.6,85.5,54.3,54.4,46.7,61.6,Cloud Computing,1
STU102873,21,Female,9.09,82.6,3,66.3,64.2,55,75.8,4,2,0,0,0,1,0,956,4,78.2,74.8,64.7,59.7,45,10.1,75.4,Data Science,0
STU107472,22,Male,7.07,90.9,1,46.4,50.7,52.1,53,1,0,0,0,2,2,0,896,2,59.7,46.7,50,59.5,53.4,35.6,89.9,Cloud Computing,0
STU109915,22,Male,7.2,79.8,0,70.4,47.5,53.4,21.8,0,0,0,1.3,0,2,0,529,0,,35.9,74.3,30.8,51.4,48.4,68.5,Business Analytics,0
STU102058,20,Female,7.21,78.8,2,46.7,65.1,53,58.6,3,1,0,1.2,4,0,0,462,3,83.4,66.1,59.9,38.9,48,44.5,72.8,AI/ML,0
STU102799,22,Male,6.63,83.5,0,61.6,33,48,33.3,5,3,1,3.5,2,2,0,755,6,53,79.9,60.3,51.2,32.8,93.8,59.6,Software Development,0
STU105846,23,Male,7.17,80.9,2,53.5,49.5,87.7,42.8,2,0,1,2.8,1,2,1,465,1,53.5,56.7,73.1,62.8,60,31.4,62.3,Cloud Computing,0
STU108569,21,Male,9.25,91,1,77.1,56.3,38.2,68.8,4,0,1,5.9,4,1,0,997,4,80.9,92.4,64.1,16.7,64.3,16.1,86.2,Software Development,0
STU102582,23,Male,6.95,89.2,0,59.5,41.9,,48.2,5,2,0,0,3,1,0,1107,7,81.6,88.5,70.7,64.6,54.7,78.1,65,Data Science,0
STU108185,22,Female,8.93,70.7,1,48.3,71,86.9,69.5,3,2,2,10.3,5,0,0,1171,4,83.7,64.6,78,34.8,55.7,6.9,86.1,Cloud Computing,0
STU103808,22,Female,6.72,61.2,1,42,61.4,74.1,53.6,5,2,0,1.7,1,0,0,665,5,64.4,81.9,70.9,32.5,68,25.6,90.2,AI/ML,0
STU100194,23,Female,7.65,83.7,1,62.4,45.1,60.2,53.5,5,1,3,6.4,6,0,0,596,6,73.6,66.5,61.3,63.4,35.2,59,87.8,Business Analytics,0
STU105483,22,Male,7.12,85,1,38.4,60.8,66,52.3,1,1,1,4.1,2,0,0,634,1,52.5,65.6,76.6,25.4,43.8,29.4,72.5,Software Development,1
STU105979,21,Male,9.88,75.6,0,78.1,79.3,63.8,77.7,6,5,1,6.5,1,1,0,900,6,48.8,82.3,78.1,51.6,68.8,27.1,74.9,Data Science,1
STU102483,22,Male,9.03,76.5,1,73.6,62.7,56.3,76.6,2,0,2,5.4,4,0,0,785,4,56.8,61.5,79.7,55.5,24.6,,79.6,Data Science,0
STU101104,22,Male,7.46,64.9,1,42.7,40.3,80.4,55.4,3,2,1,1.7,3,0,0,1030,4,79.1,37.5,83.5,63.7,50.3,49.8,,AI/ML,1
STU105364,21,Male,6.46,61.5,1,35.4,43,,32.7,1,0,1,5.4,2,0,0,658,0,46.3,47.2,79.6,50.4,29.8,34.3,62.9,AI/ML,0
STU109297,22,Male,8.22,85.8,1,,50.5,60.1,62.6,0,0,0,0,4,1,0,659,1,47.6,33.7,73.8,40.3,29.3,67.1,,Cyber Security,1
STU106695,21,Male,9.03,74,0,54.1,63.6,56.3,74.4,3,2,0,1,2,1,0,685,2,61,54.9,46.2,47,65.8,66,82,Software Development,0
STU109199,24,Male,7.24,75.1,0,44.8,65.5,52.5,52.5,2,1,2,9.8,0,3,0,701,2,67.4,52.7,65.9,65.6,82,95.8,72.1,Data Science,1
STU104235,23,Male,7.8,75.6,1,52.2,59.3,44.8,64.3,2,1,1,3.1,1,0,0,901,4,53.6,54.2,50,45.6,69.4,25.7,73.2,AI/ML,0
STU103969,21,Female,7.77,86.2,1,69.3,49.6,47,62.7,4,1,0,0,3,1,0,734,3,83.8,58,59.5,48.3,54.8,33.1,61.4,Software Development,0
STU104525,23,Male,8.71,88.1,0,41.2,55.5,90.6,58.5,3,0,2,10.9,0,1,0,866,4,78,54.8,91.9,52.4,40.3,94.2,75,Software Development,0
STU107062,21,Female,7.3,81.6,0,35.8,85.7,44.1,56.2,1,1,1,4.2,2,1,0,840,1,52.9,52.4,56.8,44.2,51,35.5,69.5,Business Analytics,0
STU101235,22,Female,8.54,69.8,0,59.4,63.8,63.6,66.8,2,0,0,0.6,1,2,0,1099,1,50.3,54.2,83.2,39.4,77.5,49.6,58.9,Software Development,0
STU100659,23,Female,7.5,,0,45.9,60.6,20,55.8,5,0,0,1.1,3,1,0,315,6,57.9,86.7,56.5,28.7,60.9,66.7,,AI/ML,0
STU103982,21,Male,7.86,86.9,2,48.5,57.8,55.5,76.8,0,0,3,11.9,3,1,0,1090,0,83.7,37.4,80.1,69.6,52.2,66,,Software Development,0
STU105717,22,Male,6.81,83.8,0,59.1,72,48.4,41,7,3,0,0,2,0,0,1179,8,64.8,89.2,68,58.5,55.8,15.7,56,Data Science,0
STU100718,22,Female,7.26,84,0,36.9,54.1,75,54.6,3,1,1,6.6,0,2,0,768,3,54.7,50.2,79.2,70.4,53,14.6,62.3,AI/ML,0
STU105578,21,Female,7.83,95,0,68.2,46.5,41.3,45.8,4,1,1,3.3,3,2,1,641,3,66.6,82.3,72.3,26.2,76.9,14,47.1,Cloud Computing,0
STU100179,22,Male,8.2,,0,84.8,52.9,46.2,52.1,0,0,1,,7,0,0,709,0,74.9,64.1,65,50.7,61,72,84.2,Business Analytics,1
STU102995,21,Male,6.95,79.9,1,46.1,79.3,96.3,43.2,2,1,0,0.4,1,1,1,436,4,62.7,56.5,89.3,53.1,67.6,122.7,72.6,Cyber Security,0
STU101388,21,Male,8.18,85.9,0,77.9,58.5,73.4,52.3,2,0,2,9.6,2,1,0,769,1,69.6,73.8,87.5,61.7,58.8,52.4,88.1,Cyber Security,0
STU102547,21,Male,8.12,83.5,0,89.6,40.2,61.4,47.5,5,3,1,3.8,3,1,0,1006,6,72.6,80.6,67,63.6,40.5,38.7,86.3,Data Science,0
STU108111,22,Female,7.95,88.8,0,60.1,81.8,64,44,6,0,3,12.1,3,0,0,721,6,70.7,76.6,65.3,57.3,63.6,49.2,55.8,AI/ML,1
STU109567,19,Male,7.2,83.5,2,45.6,50.4,66,37.2,0,0,4,20.6,2,1,0,370,0,93.2,47.7,81,57.6,81.4,97.9,57.7,AI/ML,0
STU100505,19,Female,6.31,80.5,0,39.8,26.9,72.2,16.8,2,1,0,0,2,1,0,999,3,49.6,52.1,64.8,55.8,73.3,70.7,60.8,Cloud Computing,0
STU103905,20,Male,6.89,98.3,0,48.6,64.3,42.7,63.6,1,0,2,7.8,2,4,0,540,2,63.5,49.1,73.6,48.1,57,106.2,47,AI/ML,0
STU106242,22,Female,8.98,87.5,0,37.9,67.5,67.9,33.1,3,1,2,5.9,2,2,1,740,3,65.9,65,80.5,42.6,39.3,,74.9,Data Science,0
STU102680,22,Female,6.89,78.3,0,56.6,33.8,62.1,56.8,5,1,1,5.5,2,0,0,693,5,,62.9,,45.4,71.1,58.6,55.7,Cloud Computing,0
STU108931,23,Female,6.91,73.8,2,63.3,64.4,62.8,43.7,5,1,1,0.3,1,1,0,409,4,67.5,64.3,85,47.6,69,38.1,73.2,Cyber Security,0
STU107138,21,Male,9.43,78.8,1,72.7,52.7,70.1,74.4,1,1,1,2,4,0,0,1052,7,64,56.3,76.1,69.6,77.3,39.7,69.9,AI/ML,1
STU101168,24,Male,8.45,90.7,0,41.8,47.8,75.1,75,4,1,1,5,0,1,0,637,5,44.4,65.7,85.6,73.5,51.9,23.8,100,AI/ML,0
STU100355,23,Male,9.56,85.6,0,58.6,80.6,39.5,69.2,3,3,2,8.3,2,1,0,1006,3,66.8,55.8,66.5,56.3,80.5,63.6,84.8,AI/ML,0
STU107152,22,Male,7.22,79.8,2,53.5,43,97.1,34.7,0,0,1,3,2,0,0,886,0,60.6,63.5,90.2,54.4,45.5,,66,Data Science,0
STU102693,22,Female,7.74,69.3,1,64.8,68.3,40.4,39,4,3,1,3.5,3,3,1,641,4,71.8,69.6,70.2,54.6,22,45.7,75,Cloud Computing,0
STU107822,23,Male,7.52,91.7,1,51.3,28.6,50,73.2,4,2,1,,0,1,0,1090,4,35.2,62.1,61,73.7,60.3,60.7,82.8,Software Development,0
STU107917,21,Female,6.96,67.3,1,51.9,53.3,60,25.1,2,0,3,14.5,0,2,0,411,3,57.2,68,80.6,53.5,94.2,26.4,59.8,Business Analytics,0
STU103646,20,Male,7.97,80.7,0,,57.2,48.2,50.6,2,1,0,0,6,0,0,709,1,72.9,72.5,72.5,41.1,69.9,94.5,65.3,Cloud Computing,0
STU106656,23,Female,7.75,92.8,1,51.9,57.3,61.6,43.6,4,1,1,6,5,1,1,651,7,51.1,68.6,86.6,47.3,20.1,71.9,77.2,Business Analytics,0
STU104270,21,Female,5,66.5,0,40.9,41.9,59.4,44.1,3,1,0,0,3,2,1,539,4,63.1,65.8,81.7,47.9,48,54.4,59.4,Data Science,0
STU100790,22,Female,7.63,86.5,2,39.1,41.3,72.9,36.6,0,0,0,0,2,2,1,798,0,62.6,59.8,83.7,63.6,58.7,15.9,96.6,Business Analytics,1
STU105223,23,Female,7.69,73,0,59.1,64.4,73.3,46.4,3,1,0,0,2,1,0,903,4,50.4,54.9,87.7,41.7,50.2,32,77.5,Data Science,1
STU100817,21,Male,6.36,88.2,0,44.1,25.7,51.8,49.1,3,1,2,9.2,3,2,1,956,3,52.5,76.8,57.9,47.4,62.7,62.6,85.2,Cloud Computing,0
STU107582,23,Male,7.59,82.6,0,61.6,79.1,77.1,44.6,0,0,2,6.2,0,1,0,898,3,65.3,51.4,65.3,51.3,63.2,16.8,71.6,Business Analytics,0
STU108602,23,Female,7.89,87.7,1,57,35.8,59.1,,0,0,2,6.5,4,3,1,392,0,71.5,65.8,59.7,77.1,39.4,33.3,83,Data Science,1
STU105509,22,Female,8.46,70,2,46.3,77.8,54.8,42.4,0,0,2,5.8,2,3,0,414,0,64.3,40.5,66.3,69.9,50.4,43,56.1,Data Science,0
STU107044,24,Male,9.31,81.8,0,55.4,65.9,49,82.8,4,1,0,0,1,1,0,869,3,62.9,64,62.1,42.7,61.8,78.1,68.2,Cloud Computing,0
STU105168,20,Male,9.35,76.3,0,61.2,74.1,79.4,48.7,2,0,2,11.3,3,1,0,278,1,63.4,75.5,76.5,28,77.4,51,74.9,AI/ML,0
STU108103,20,Male,7.05,91.3,1,57.3,48.4,66.3,43.6,0,0,1,3,3,1,0,1327,0,63.3,44.5,72.4,40.6,66.7,40.8,84.2,Data Science,0
STU109521,21,Male,6.03,97.2,0,41.2,22.9,40.9,66.9,3,2,0,0,1,4,0,649,2,80.3,82.4,65.2,76.8,55,44.3,82,Software Development,0
STU106311,22,Female,8.48,,0,61.2,59.3,38.3,72.8,2,0,0,0,3,4,0,855,1,54.8,72.7,58,49.7,73.5,49.6,86.7,Cloud Computing,0
STU102339,23,Female,7.59,94.4,1,37.6,51,74.7,36.2,4,1,1,1.2,0,0,0,371,5,,85.1,,74.5,47.7,69.6,59.1,Software Development,0
STU102973,22,Male,8.39,78.5,0,79.8,42,54.6,53.7,3,1,2,11.3,3,3,2,665,2,58,66.9,85.5,30.8,41.5,76.5,68.2,AI/ML,1
STU103389,20,Female,8.5,82.7,1,56.6,62.3,28.3,,3,1,1,4.1,3,1,0,806,3,54.7,56.2,61.9,38,79.9,33.8,74.7,Cyber Security,1
STU106785,21,Female,7.25,76.8,1,60.6,52,94.3,79.9,3,1,1,6.9,2,1,0,349,2,58.2,74.4,88.5,68.7,60.5,40.1,74.3,AI/ML,0
STU104341,19,Male,7.97,91.6,1,67,53.5,62.6,40.2,1,1,1,1.8,4,1,0,934,2,72.6,36.9,69.8,47,42.9,57.8,81.7,Software Development,0
STU107404,21,Male,5.72,,0,39.1,51.1,56.4,48.8,3,2,1,5.4,1,4,2,666,2,50.2,57.5,75.3,84.1,55.9,,64.4,Data Science,0
STU100205,19,Female,7.97,65.7,0,65.1,45,82.6,49,3,0,2,,2,0,0,802,2,71.7,64,71.9,55.3,60.3,16.3,58.2,Software Development,0
STU106473,22,Male,7.87,92.6,3,69.5,57.1,35.6,58.4,4,3,1,,1,3,0,954,5,63.8,58.3,58.6,33.9,65.5,40.2,76.7,Software Development,0
STU101613,22,Female,6.36,92.5,0,52.9,51.6,59.7,37.7,3,1,1,2.6,0,1,0,715,3,77.2,57.4,62,46.5,50.3,58.8,62,Data Science,0
STU104189,21,Male,7.58,94.9,2,70.7,49.6,58.3,57.9,2,0,0,0,4,1,0,868,5,72.5,,78.1,76.7,69.1,59.8,70.8,Data Science,0
STU101840,21,Male,7.29,70.5,0,50.4,45.5,50.6,68,2,0,0,1.1,2,1,0,733,4,62.7,51.5,61.9,68.8,59.3,50.7,66.9,Software Development,0
STU101921,20,Female,7.93,82.1,0,51.3,,80.6,33.8,3,1,1,2.7,1,3,1,752,2,83.6,57,90.3,46,37.1,74.1,77.6,AI/ML,0
STU109790,22,Male,6.76,77.1,0,57,44.3,57.1,49,4,0,1,4.9,2,1,0,805,4,46.5,44.8,77.9,74.4,60.5,19.1,62,Cyber Security,1
STU105389,21,Male,6.43,81.1,0,24.3,28.5,29.1,22.2,0,0,2,5.5,2,2,0,941,0,73.9,43.1,67.8,67.1,31.3,68,54.1,AI/ML,0
STU104478,21,Male,8.85,87.1,2,39.7,82.9,49.6,61.9,2,1,0,0.7,1,1,0,291,2,,50.7,59.4,46.9,79.9,28.6,,Business Analytics,0
STU106675,24,Male,8.04,98.5,0,35.6,70.3,42.9,64.9,4,0,0,0,3,2,0,401,7,69.7,69.4,63.6,51.2,50.8,88.6,64.9,Software Development,0
STU100449,23,Female,7.95,64.1,1,69.1,36.7,58,51.6,4,3,1,2.1,1,0,0,672,5,58.7,76.5,70.4,57.6,83,93.7,86.6,AI/ML,0
STU104127,23,Male,8.01,78.1,0,57.1,71.4,58.3,66.8,1,1,3,14.3,2,3,1,959,0,55.1,43.2,59.8,63.2,59.1,29.6,83.6,Software Development,0
STU102243,20,Female,7.46,84.2,0,84.2,60.2,35.6,52.2,3,0,2,9.3,0,1,0,554,3,43.3,66.9,61.8,67.3,82.3,63.9,65.9,Cyber Security,1
STU106916,21,Male,7.37,73.3,0,48.8,57.3,55.5,60.4,6,1,0,0.4,3,1,0,715,6,43,52.6,82.8,60.8,95.6,55.1,90.1,Cyber Security,0
STU103350,21,Female,8.03,83.5,0,49,69.4,61.6,61.5,4,2,0,0,1,1,0,974,3,67.9,63.6,75.3,67.4,82.9,40.6,54.7,Software Development,0
STU103006,21,Male,7.28,92.3,1,45.2,40.2,33.8,38.1,4,3,0,0.8,3,1,0,432,5,62.9,65.1,58.5,63,31.5,125.1,70.5,Software Development,0
STU104953,22,Male,6.73,92.8,1,42.7,15,57.6,62.2,4,1,0,1.1,4,1,0,1002,3,73.6,45.8,73.1,63.4,43.5,17.8,80.5,AI/ML,0
STU107228,22,Male,8.14,90.2,0,64.7,71.5,34.3,69.6,1,0,1,3.9,1,0,0,1075,1,56.2,45.7,84.2,51.9,71.3,31.7,73.3,Software Development,0
STU103039,21,Female,8.08,71.3,1,60.7,67,51.2,76.6,4,2,2,7,5,1,0,916,3,73,72.8,72.6,60,77.8,77.7,76.8,Software Development,0
STU104666,23,Male,8.96,81.4,0,49.9,46.6,69.2,73.3,1,0,0,0,1,1,1,811,0,51.2,56.4,67.2,60.8,22.8,26.2,73,AI/ML,1
STU103454,22,Male,8.09,86.9,0,43.2,71,87.7,62.7,1,1,1,2.2,0,0,0,970,1,47.7,54.3,73.3,28.1,78.1,91.5,95,Cyber Security,0
STU103162,22,Female,8.38,95.6,1,44.3,67.7,35.4,57.1,3,3,0,0,2,2,1,731,4,70.5,53.9,49.8,44.1,54.1,133.9,71.8,Business Analytics,1
STU105422,20,Male,9.78,86,0,71.2,66.3,61.3,65.5,2,1,4,15,2,2,0,840,4,63.2,51.5,63.1,87.1,91.6,62.8,91.2,Cyber Security,1
STU103631,22,Male,8.09,100,0,43.9,50.8,49.5,55,1,1,4,13.5,5,1,1,976,2,82.4,68,74.5,77.7,30.3,96.4,76.2,Business Analytics,0
STU103965,21,Female,6.06,79.3,2,36,32.9,62.7,29.1,2,1,2,4.6,4,1,1,921,5,74.4,72.9,59.2,57.3,45.3,65.3,76.9,Software Development,0
STU107054,24,Female,8.19,83.3,1,59.5,28.5,60.8,53.6,4,0,1,4.7,2,1,0,514,5,78.5,57.5,86.1,38.1,39.3,78.2,72.6,Data Science,0
STU103170,20,Female,6.83,84.3,0,49.9,47,58.4,81.6,2,0,0,0,2,4,0,617,2,57.9,70.2,69,59.2,68.8,54.3,94.3,Cyber Security,0
STU101494,21,Female,6.94,95.1,0,26.4,52.3,52.5,30.6,1,1,1,4.9,0,3,0,100,0,71.2,63.9,81.3,73.2,67.8,29,55.6,Data Science,0
STU105829,21,Male,6.94,77.9,0,78.2,35.8,87.6,59.5,2,0,2,6,1,1,0,666,2,51,57,93.6,47.7,39,33.6,61.2,Data Science,0
STU109846,23,Male,8.01,62.2,1,55.4,65.7,51.3,48.6,3,3,1,5,1,1,0,664,5,59.9,64.4,91.9,51.1,69,18.5,82.5,Data Science,0
STU102980,24,Male,5.96,82,1,34.1,30.6,58.3,44.2,3,2,1,3.6,1,2,1,845,2,74.7,69.2,59.3,47.2,49.8,23.3,62.8,Cloud Computing,0
STU108710,21,Male,8.23,87.2,0,73.1,69.9,36,76.1,0,0,1,4.1,2,0,0,526,2,,58.6,62.9,61.5,71.4,53,63.9,AI/ML,0
STU103068,22,Female,9.12,92.1,0,90,75.1,43.1,56.5,2,1,1,2.8,2,0,0,1400,1,74.2,51.3,54.6,19.6,55.5,70.5,66.3,Software Development,0
STU108462,22,Female,6.19,90.6,0,28.6,40.6,30.8,40.7,2,0,1,1.7,3,1,0,452,2,47.5,49,58.9,59.6,63.4,29.9,69.5,AI/ML,0
STU109475,21,Male,8.07,80.6,1,70.3,80.1,70.9,36.5,2,1,2,6,1,3,1,1216,3,81.1,42,79,68,61.8,41.9,52.6,AI/ML,1
STU102216,22,Male,8.34,73.4,1,64.9,75.4,64.2,42.9,1,0,0,0,1,0,0,914,2,58.1,74,75.1,51,58.3,51.3,66.5,Cloud Computing,0
STU107505,22,Male,8.95,78.3,0,32.4,71.6,69.4,53.6,2,1,0,0.1,2,2,0,901,1,78.2,62.9,68.7,44.6,53.3,57.8,82.7,AI/ML,0
STU108120,23,Male,7.22,82.7,1,32,60.4,73.4,61.6,6,1,1,3.1,1,0,0,655,5,80.1,65.1,78.4,53.5,62.5,31.4,80.6,Software Development,0
STU107184,22,Female,7.99,,1,46.1,24.4,45.1,39.7,1,0,1,1.8,4,1,0,606,1,61.6,27,74.3,36.7,68.2,17.5,60.2,AI/ML,0
STU104854,20,Female,7.95,74.4,0,57.6,52.9,36.7,51.8,7,1,0,0,2,0,0,883,8,73.8,95.9,74.6,27.7,73.7,33.7,48.8,Business Analytics,0
STU107110,22,Male,8.34,81.1,0,66.3,70.5,57.2,55.3,1,0,2,11,0,1,0,759,1,87.2,48,60.6,44.2,45,17.2,69.9,Business Analytics,1
STU103210,21,Female,6.84,83.3,0,15,49.1,69.3,70.7,3,1,0,0,0,2,0,300,2,59.4,67.6,74.5,67.5,62.7,52.1,57.1,Cyber Security,0
STU108872,23,Male,6.49,86.7,0,35.4,40.5,56,48.3,4,3,4,20.3,3,2,0,675,3,83.5,62.2,71.6,33,62.2,52.9,46,Data Science,0
STU100485,22,Male,6.9,79.4,0,56.2,23.7,71.9,30.7,0,0,1,3.5,0,1,0,780,0,,43.6,78,76.7,67.7,41.4,69.4,Data Science,1
STU104546,22,Male,7.52,81.4,1,58.3,51.2,55.6,63,3,1,0,0,0,1,0,481,2,54.4,,75.3,58.4,71.7,21.3,71.2,AI/ML,0
STU105124,22,Male,7.48,92.5,1,41.1,59.8,71,61.3,4,1,1,2.2,2,0,0,756,4,35.8,71,60.2,49.4,95.1,135,,Software Development,0
STU103688,22,Male,6.78,78.6,1,34.6,51.2,42.8,39.5,0,0,0,0.6,3,2,0,962,1,65.9,56.6,65.3,43.8,42.7,86.1,58.2,Cloud Computing,1
STU103319,23,Male,7.06,78.8,0,56.8,34,65.3,40.7,4,2,0,0,3,0,0,686,3,65.4,66.8,62.3,41.5,78.2,52.9,86.9,AI/ML,0
STU105521,22,Male,6.77,96.7,2,29.4,46.2,37.6,41.8,3,1,0,1.3,4,1,0,685,2,63,62,59.1,50.4,47.5,17.8,69.4,Software Development,0
STU102388,22,Female,6.61,80.1,0,44.6,52.6,55.9,48.5,0,0,1,3.1,0,0,0,1034,2,65.8,47.8,80.7,37.3,74.1,91.2,81.1,Software Development,0
STU108851,23,Female,6.18,63.2,0,26.9,39.6,70,50,1,0,2,14.3,2,0,0,713,1,64.9,54.7,71.8,69.2,78.9,52.2,82.8,Cyber Security,0
STU107801,22,Male,7.37,61.5,1,49.1,66.7,43.4,56.3,1,0,2,9.7,2,3,0,556,0,77.1,50.6,61.8,68.4,61.3,33.9,81,Business Analytics,1
STU108863,21,Male,8.08,69.8,1,71.9,59,50.9,60,2,2,1,3.3,2,3,0,1252,2,61.7,71,80,30.7,47.4,25.5,76.8,Data Science,0
STU101054,24,Female,7.29,80.5,1,51.9,62.2,70.6,46.2,1,1,1,4.8,2,2,0,790,1,60.4,53.7,74.5,32.5,55.6,25.8,70,Data Science,0
STU107427,22,Male,8.58,69.2,0,62.6,54.6,44.6,66.2,5,2,1,6.4,3,1,0,567,4,59.2,71.1,77.4,62.4,55.9,44,55.1,AI/ML,0
STU103756,21,Male,8.02,95.7,0,74.6,55.5,78.1,56.8,1,0,1,3.9,4,1,0,872,3,71.8,47.9,71.8,71,72.4,49.3,85,Software Development,0
STU103311,21,Male,8.45,,1,86.8,75.7,46.7,54.6,3,2,1,3.5,1,2,0,1209,2,72.2,67.1,61.4,61.3,75.2,60.6,80.7,Software Development,1
STU100003,23,Female,8.65,73.8,1,73.9,35.9,56.1,60.6,5,0,2,7.9,1,1,1,936,4,47.9,47.3,55.1,53.5,54.7,,,Data Science,1
STU109523,22,Male,7.53,71.5,2,51.9,60.2,69.4,44.8,2,0,0,0,1,3,1,579,1,42.7,52.4,75.8,98.5,65.1,35.6,78.9,Data Science,0
STU107463,23,Male,6.97,,0,62.6,49.8,59.2,23.9,4,1,0,0,1,0,0,844,5,56.5,63.2,75.4,58.7,87.6,38.5,50.7,Data Science,0
STU105598,21,Male,7.5,88.9,0,43.6,45,56.2,51,0,0,0,0.1,0,0,0,1079,1,58.7,52.1,94.4,15.9,51.5,59.4,68.3,Data Science,0
STU107979,23,Male,8,91.4,0,74.7,59,85.7,58.2,2,1,0,0,1,3,0,1293,3,52.7,59.5,74.7,81.5,90.5,36.7,80.6,Software Development,1
STU103306,22,Female,7.35,74.2,1,45.8,66,41,,3,2,0,2.6,2,2,0,375,2,55.8,68.7,67.3,44.5,58.2,111.2,66.2,Business Analytics,0
STU108827,22,Male,7.1,82.3,0,57.2,33.2,54,55.3,3,2,1,6,1,2,2,1136,2,54.7,73.3,65.3,62.7,94.9,40.7,74.6,Cyber Security,1
STU100080,21,Other,8.1,82.3,0,59.9,73,50.5,62.8,3,1,1,5.8,4,0,0,1069,3,64.5,49.3,,46.9,39.2,48.4,65.3,Software Development,0
STU109192,20,Male,7.73,74.8,0,66.3,61.6,50.7,74.8,6,3,0,,0,0,0,641,5,77.7,56.1,72.8,73.5,61.3,58,83.6,Software Development,0
STU108198,20,Male,7.44,,1,67.6,61.2,61.8,62.6,3,2,0,0.9,3,2,0,694,2,58.8,57.5,61.7,55.1,84.8,27.2,80,Cloud Computing,0
STU104383,22,Male,7.66,86.6,0,45,55.5,50.8,42.2,3,0,2,11.1,3,3,0,802,6,67.9,53.1,72.7,69.3,61.6,31.9,66.9,Software Development,0
STU106715,21,Male,8.5,76.3,2,53.4,84.3,71.6,36.6,3,1,1,5.4,5,0,0,616,6,68,76.1,84.7,38.1,70.9,32.9,67.2,AI/ML,0
STU105494,21,Female,6.55,77.9,0,40.1,53.4,75.7,43.9,3,2,1,3.8,3,1,0,762,2,58.3,78.2,,46.1,56.9,60.5,85.1,Software Development,0
STU100097,20,Male,8,76.2,1,64.9,67.4,60.4,57.9,4,2,1,3.8,2,1,0,933,3,66.9,83.6,80.1,60.9,53.3,15.7,71.3,AI/ML,0
STU101237,22,Male,7.35,70.1,1,46.3,70.9,57.1,60.9,3,0,0,0,2,1,1,1044,3,62.4,75.8,84.2,46.5,70.6,53.5,59.6,Software Development,0
STU106607,22,Male,8.11,,1,55.9,64.3,50.6,58.8,3,2,1,5.2,2,1,0,674,5,71.6,65.4,68.9,66.3,75.2,18.9,65.1,Cyber Security,0
STU108716,23,Female,7.22,82.1,1,50.4,65,57.7,73.3,2,1,1,5.8,1,1,0,637,2,,66.5,86,44.6,79,55.7,72.2,Business Analytics,0
STU102365,24,Female,7.44,100,0,75.2,42.3,71.4,52,1,0,1,2.9,3,1,1,869,3,52.6,58.1,56.3,63.9,69.3,84.7,61.6,Software Development,0
STU102407,22,Male,8.33,73.7,1,61.8,57.5,54.6,60.6,2,0,1,4.8,2,1,1,937,1,74.3,41.2,60.9,17,48.6,46.1,57,Cyber Security,0
STU102092,22,Male,6.71,97.7,1,38.5,32.3,61.8,49.2,7,2,0,1.6,1,2,1,609,6,47.3,79.2,76.1,59.6,62.3,36.5,76,Cyber Security,0
STU101572,21,Female,9.31,87.6,1,78.6,75.5,40.3,89.5,4,1,0,0,1,0,0,882,5,58.3,65.6,46.3,18.7,65.5,33.8,72.3,Data Science,0
STU103936,22,Female,6.33,83.3,0,31.9,43.6,38.4,54.7,2,1,0,0,4,2,0,406,1,61.8,53.6,73.9,54.3,64.5,59.3,48.6,Cyber Security,0
STU104303,21,Male,7.28,81.3,2,33.3,59.6,52.8,66.5,5,2,0,0.6,2,2,0,460,7,70,77.9,69.8,72.4,81.8,98.8,74.2,AI/ML,0
STU107265,22,Male,6.69,72.9,1,32.5,52.5,85.1,39.7,2,0,0,1.9,1,0,0,772,1,50.9,55.1,90.3,47.8,51.9,49.5,92.4,Data Science,1
STU101256,21,Female,7.41,80.2,2,65,43.4,53.5,55.8,2,0,1,2.3,3,0,0,888,7,64.7,50.2,52.5,59,51.9,24.4,73.6,AI/ML,0
STU101936,23,Male,7.82,79.1,0,55.9,42.9,58.2,55.9,3,3,2,7.5,3,0,0,960,2,,68.3,68.3,37.3,65.4,35.3,76.2,Business Analytics,0
STU108696,22,Male,7.87,59.1,2,69.5,75.3,71.8,51.5,0,0,0,0,2,0,0,861,0,67.6,69.8,76.7,50.6,84.7,62,65.6,Business Analytics,0
STU103391,21,Male,7.84,83.7,1,53.7,84.7,69.7,62.8,5,3,2,10,0,1,0,824,5,61.6,53.2,83,29.2,55.2,65.7,77.5,Business Analytics,0
STU105662,22,Female,7.34,71.7,1,47.6,66.2,89.1,71.1,6,3,1,7.3,3,1,0,976,5,54.3,74.6,91.4,47.7,52.3,89.3,92.9,Software Development,0
STU100277,21,Male,8.01,78.6,0,74.3,50.2,56.3,61.8,2,1,2,,1,0,0,758,1,72.1,52.1,79.8,27.6,45.5,51.1,77.3,Data Science,0
STU103607,20,Male,7.77,68.4,1,54.2,76.8,61.9,59.8,6,3,4,17.7,2,1,0,669,6,70.2,83,69.4,44,81,30.8,81.2,Data Science,0
STU104842,21,Female,8.15,75.8,0,45.5,67.4,64,84.3,0,0,0,0,2,0,0,510,0,42.3,37.1,75.2,36.7,42.3,65.2,86,AI/ML,1
STU102360,23,Male,7.05,73.2,1,,55.6,50.8,42.6,0,0,2,8.8,4,0,0,686,1,52.3,64.8,61.9,57,46,31.9,90.8,Cyber Security,0
STU104581,21,Male,6.23,69.5,3,24.6,33.8,61.2,56.4,2,0,0,2,2,1,0,618,4,62.7,61.3,81.1,72.5,58.9,60.9,64.2,Cyber Security,0
STU106119,21,Male,7.14,89,0,61.7,32.8,52.8,35.7,4,1,0,0,2,0,0,576,7,62.5,61.5,76.2,16.3,64.1,85,64.7,AI/ML,0
STU101601,22,Male,8.98,83.2,0,60.3,53.4,67,54.2,5,1,1,5,0,3,1,818,4,51.2,72.2,81.9,29.3,61.7,,87.8,Software Development,1
STU104517,23,Male,7.72,70.1,0,57.6,37.5,58.7,60.9,4,3,0,0.5,0,0,0,997,3,53.9,67.5,73.6,63,76.7,32.5,83.2,Cyber Security,0
STU105249,22,Male,8.42,66.7,0,60,60.1,48.4,78.9,1,0,0,1.8,2,1,0,947,0,51.5,57.5,90.2,66.1,74.8,15.3,80.8,Cyber Security,0
STU109283,22,Male,8,95,0,60.6,52.9,55.7,50.8,3,2,0,0.2,3,0,0,448,2,52.6,47.2,62.4,78.4,51.9,50.5,72,Cyber Security,1
STU103916,21,Female,6.48,84.1,0,52.2,58.9,51.1,35.2,2,0,1,4.7,3,0,0,761,3,71,58.9,67.8,80.5,41.9,33.5,67.8,Cloud Computing,0
STU107494,20,Female,7.54,91.8,0,54.3,53.2,66.5,40.5,2,1,0,0.3,3,1,0,787,2,64.7,65.5,64.7,58.4,49.1,63.8,71.1,Software Development,0
STU108379,22,Male,6.89,85.9,0,39,57.2,72.8,36.4,1,1,0,0,3,1,1,286,2,41.6,46.7,79.8,64.6,83.1,28.6,67.1,Cloud Computing,0
STU107893,21,Male,8.43,95.2,0,70.9,34.1,68.1,74.2,4,1,0,0,1,0,0,606,4,47.2,67.3,77.2,35.6,47.6,105,84.9,Business Analytics,0
STU101791,20,Female,7.87,95.3,0,53.9,44.9,54,47.1,3,0,0,0,3,1,0,816,2,91.4,73.2,65.3,54,34.4,52.5,66.5,Business Analytics,1
STU105789,21,Female,8.13,94.9,0,55.3,37.1,,41.4,0,0,2,8.8,2,2,0,983,0,,66,74.4,36.7,65.1,53.3,89.3,Software Development,0
STU102033,22,Male,8.27,69.2,0,79.4,67.1,28,45.6,7,4,0,0.8,6,0,0,1056,8,65.2,77.7,71.2,59.6,75.2,62.4,27.3,Cloud Computing,0
STU100762,22,Female,7.62,88.3,1,57.4,53.6,68.1,75.9,0,0,2,9.4,3,1,0,938,0,56.4,65.3,75.7,51.1,42.2,76,72.3,Software Development,1
STU100925,22,Male,6.9,84.9,2,46.3,37.8,72.2,37.1,2,0,0,0,2,0,0,535,2,63.4,58.1,66.9,53.7,75.5,40.3,65.7,Business Analytics,0
STU106349,22,Male,8.41,72.4,1,81.3,58.3,61.8,61.9,2,2,1,4.2,0,0,0,999,2,58.6,43.9,85.4,71.5,56.3,98.7,82.1,Cloud Computing,0
STU101789,22,Male,6.89,82.5,0,84.7,32.9,44.3,48.9,2,1,0,1.6,2,0,0,733,1,63.4,55.9,61.5,30.6,51.9,15.4,83.6,Data Science,0
STU106249,24,Male,7.61,71,0,68.1,83.4,43.7,65.2,0,0,0,0,2,1,0,909,1,62.9,60.2,75.6,45.4,71.4,130.4,64.8,Software Development,0
STU107217,20,Male,6.72,,0,40.1,53.7,56.3,24.4,1,0,0,1.3,4,0,0,783,3,79.2,59.7,61.2,60.5,52.1,67.9,83.6,AI/ML,0
STU109357,21,Male,8.49,85.9,0,38.8,48.4,33.2,56.7,2,0,1,3.4,2,0,0,853,1,64.1,61.6,61,58.5,47.9,74.9,84.2,Software Development,0
STU101295,22,Female,8.28,70,0,70.8,88.9,50.6,34.9,4,1,0,0.1,4,0,0,961,5,55.7,79.4,51.9,52.6,62.5,22.8,84.2,Business Analytics,0
STU108365,22,Male,9.46,88.5,1,82.4,99.4,49,79,2,0,0,0,2,3,1,837,3,63.9,66.6,66.3,51,27.1,45.9,82.5,Data Science,0
STU100823,20,Male,7.17,65.8,1,54.4,55.9,41.3,49.4,1,0,0,0.9,2,2,1,835,0,37.6,72.7,76.2,40.1,60.4,24.7,70.3,Software Development,0
STU100101,21,Male,7.51,80.6,1,68.9,84.4,52.3,65.3,6,3,2,5.6,3,1,0,796,6,62.5,89,59.3,47.3,55.6,49.7,76.6,AI/ML,0
STU107689,22,Female,7.09,78.4,0,47.6,44.2,59.2,45.5,5,1,1,4,3,1,0,902,7,70,78.6,60.3,34.8,65.4,92.4,86.9,Software Development,0
STU106723,21,Male,8.19,74,2,68.1,58.5,56,42.6,4,2,2,8.9,3,0,0,734,4,75.1,77,67.1,58.1,78,52.2,69.2,Data Science,0
STU108032,22,Female,7.25,78.6,1,29.6,62.7,68,64.8,4,0,0,0,2,1,0,641,4,62,54.2,87.5,60.6,59.8,31.6,76,Software Development,0
STU106519,22,Male,8.67,81.3,0,55.4,70.3,33,52.1,1,0,1,2.3,2,0,0,692,0,58.7,70,55.5,46.3,61.4,25.1,60.9,Data Science,0
STU108182,20,Male,8.96,76.1,2,,42.2,77.1,46.9,1,0,1,4.6,2,1,0,1150,0,62.8,55.1,81.7,60.5,46.5,,95.8,Software Development,0
STU104352,20,Male,7.31,84.8,1,49.8,50.4,53.2,51.9,3,0,0,0,3,1,1,871,3,60.1,51.5,75,35.8,69.6,71.7,79.8,Cloud Computing,0
STU105932,21,Male,7.59,78,1,15,74.8,60.3,58.5,1,1,0,0.4,1,0,0,643,1,71.6,68.5,63.1,60.3,87,84.1,70.3,Cloud Computing,0
STU103770,23,Male,7.28,64.9,0,57.2,55.5,63.3,26.8,3,2,2,10.5,2,1,0,682,4,56.9,69,71.9,64.6,64.7,14.1,67.4,AI/ML,0
STU109908,23,Male,7.88,73.9,1,52.7,72.8,49.4,48.8,3,0,0,0,3,0,0,686,4,,93.2,70.4,69.1,87,58.5,100,Business Analytics,1
STU101062,23,Female,8.45,80.7,0,56,55.4,38,70.9,4,1,1,2.3,2,2,0,537,4,93.3,63.4,72.2,87.1,21.1,79.9,84.6,Cyber Security,1
STU106078,21,Female,7.37,87.6,0,73.3,57.3,65.9,71.3,4,3,0,0,2,0,0,413,3,68.9,72,70.5,36.3,54.9,48.4,70.5,Cloud Computing,0
STU100716,20,Male,6.88,83,1,25.2,48.1,65.7,59.1,2,0,0,,1,1,1,849,1,,44.9,65.5,35.9,49.8,59,69.2,AI/ML,0
STU107068,19,Male,7.86,71.2,0,56.2,53.7,73.4,42,4,1,0,1.4,2,1,1,817,3,65.9,73.9,71.6,56.1,39.1,160.7,58.7,Software Development,0
STU103652,22,Male,5.99,87.8,0,32.8,48.7,43.4,48.8,2,0,0,0,0,1,0,734,2,59.6,54.1,70.1,31.5,26.2,57.4,63.6,Software Development,0
STU103647,23,Female,8.01,81.5,1,63.3,68.6,44.1,65.9,2,0,0,0,5,3,0,904,2,55.5,59.3,79.5,67.7,63.2,67.2,74.8,Data Science,0
STU102042,22,Male,8.43,92.7,0,61.3,76.1,57.8,74,3,2,1,2.7,3,2,0,1322,2,68.7,80.4,65.2,63.5,62.3,44.9,81.4,AI/ML,0
STU100638,20,Male,8.03,82.6,0,52.5,58.7,71.5,26.1,0,0,2,4.6,3,3,0,700,0,68,55.4,76.8,85.6,37,27.7,87.6,Cloud Computing,0
STU102935,21,Male,7.43,78,1,50,56.1,39.5,68.4,5,1,1,4.8,2,0,0,666,4,67.6,73.8,86.9,53.4,58.6,29.5,,Business Analytics,0
STU107322,20,Male,8.93,89.4,0,55.4,38.4,,80.3,3,3,0,0.8,3,1,0,1033,3,71.4,72.8,57.7,49.3,47,22.1,87,Cyber Security,0
STU103151,22,Female,6.16,66.2,0,53,27.7,77.7,46.7,2,1,0,0,1,1,1,814,4,65.6,68.3,88,51.5,84,66.1,64.8,AI/ML,0
STU100674,20,Male,7.27,73.6,0,58.3,38,71.2,54.2,2,1,0,0,2,0,0,772,3,55.7,76.5,71.1,62.2,49.4,90.8,64,Cyber Security,0
STU108201,22,Female,8.03,97,0,60.6,45.4,73.4,78.3,2,1,2,6.2,2,1,0,753,3,61.7,56.8,76.7,72.3,72.9,93.5,86.7,AI/ML,0
STU103032,22,Male,7.56,90.3,0,35.8,80.5,48.5,48.8,1,0,2,10.9,2,0,0,807,1,74.7,49.1,72.4,42.5,32.4,57.1,66.8,Software Development,0
STU106951,24,Male,7.8,79.1,0,54.3,49.1,50.5,61.9,0,0,2,9.9,2,3,0,364,0,71,51.7,53.8,67.6,62.5,37.4,,Software Development,0
STU106342,21,Male,6.99,82.9,0,58.9,64.2,66.1,71.8,6,1,1,3.8,1,1,0,747,9,49.1,69.2,71,42.5,39.7,42.5,68.8,Data Science,0
STU104745,21,Female,7.88,82.4,0,75.2,34.3,50,61.9,3,1,1,5,1,1,0,630,5,55.4,50,61.8,55.5,95.3,66.3,90.9,Data Science,0
STU106772,24,Male,6.95,84.2,0,26.8,51.2,44.6,45.3,5,2,0,0.9,1,1,0,805,5,55.1,70.4,62.2,45.7,62.2,46.7,69.9,Data Science,1
STU102931,21,Male,7.04,91.1,2,53.4,49,69.9,39.6,4,0,2,8.2,3,0,0,733,5,,43.9,72.5,58.4,41.1,40.3,53.9,Cloud Computing,0
STU109629,23,Female,8.78,79,1,73.8,66.8,57.5,55,2,0,1,6.2,0,2,0,1251,1,56.6,,79,54.6,74.6,11.5,68.7,Business Analytics,0
STU105338,23,Female,8.2,66.1,3,50.9,77.3,91.9,42.7,2,2,1,5.7,5,1,1,759,2,56.1,54.5,77,28.3,50.3,52,57,Software Development,0
STU105805,21,Male,7.17,79,0,73.9,44.9,45.4,43,3,0,1,4.9,1,1,1,747,2,50.3,,66.4,39.9,66.4,,57.9,Data Science,0
STU105713,22,Male,6.98,87.6,0,39.1,43.9,40.9,35.9,3,2,1,4.3,5,4,1,653,3,73.1,71.5,57.1,63.7,66.3,46.9,69.1,Software Development,0
STU100295,21,Male,8.6,65.3,1,44,49.5,55.8,62.8,1,1,2,8.5,0,1,0,1091,0,68.4,74.1,59.5,62.3,64.4,49.2,72.1,Cloud Computing,1
STU104486,21,Male,7.52,96.8,0,59,45.8,68.3,53.2,0,0,0,0,2,3,1,887,2,48.4,53.3,79.6,65.2,60.5,76.1,71.1,Cloud Computing,0
STU108151,22,Male,8.31,69.6,0,57.5,63,61.7,37.5,5,0,3,9.9,2,0,0,464,4,74.3,64.1,84.2,66.9,50.6,45.5,61.8,Software Development,0
STU102019,22,Female,6.68,66.4,0,41.8,32.9,52.8,55.3,6,1,1,2.8,1,0,0,505,5,49.3,74.1,49.8,58.1,87,11.7,77.1,AI/ML,0
STU109697,21,Other,5.84,80,0,26.2,41,58.3,20.4,0,0,1,6.2,0,1,0,197,2,53.4,57.9,68.1,50.5,31.2,39.8,62.4,Software Development,1
STU108502,22,Male,7.26,100,1,34.6,46.5,76.1,70.5,2,0,0,1.9,2,0,0,735,4,38.6,73.7,72.6,62.1,81.3,109.6,97.8,Cloud Computing,0
STU105849,22,Female,7.69,72.9,0,57.8,61.6,53.8,75.7,7,3,2,7.4,2,1,0,1064,7,63.7,97,77.7,73.3,53.6,149,73.8,Cloud Computing,0
STU109766,20,Male,7.78,79.3,0,60.8,66.7,49.7,43.6,3,0,0,0.1,1,1,0,1045,2,58.9,57,55.9,59.4,59,14,62.6,Cloud Computing,0
STU102128,21,Male,7.64,85.9,1,48.8,67.6,86.1,57.6,0,0,1,4.5,4,1,0,430,0,68.3,61.1,70.9,68.9,41.9,,86.5,Business Analytics,1
STU105029,23,Male,8.85,79,1,58.7,64,51.9,74.3,4,1,0,0,5,0,0,1039,7,54.8,81.2,64.8,42.1,56.3,,62.2,AI/ML,0
STU100870,22,Male,7,83.3,1,59.9,51.4,68.3,37.1,1,1,0,0,1,0,0,924,1,56.9,61.6,73.5,56.4,26.9,77.2,52.6,Cyber Security,1
STU100965,22,Male,8.21,86.9,0,51.6,55.5,65.7,64.6,1,1,2,5.4,2,2,0,472,3,69,57.5,74.7,61.7,79.6,36.4,82.4,AI/ML,1
STU102435,21,Male,6.26,72.9,2,33.3,45.3,55.2,20.2,1,1,3,13.6,4,1,0,654,2,92.6,53.3,69.6,51.6,53.8,80,49.3,Data Science,0
STU108105,22,Female,8.21,87.8,0,92.6,89.1,47.3,34.9,4,1,1,4.7,1,0,0,635,6,64.2,49,80,55.8,86.9,11,78.8,Software Development,1
STU102112,22,Male,7.8,79.7,0,100,65.9,68.8,70.1,3,1,0,1.4,2,0,0,1024,2,57.1,64.6,55.1,59.9,47.7,70.6,92.7,AI/ML,0
STU108787,24,Female,7.48,73.7,1,58.4,67,,52.4,4,2,1,4.6,1,1,0,735,5,64.9,73.7,83.3,50,54.4,66.7,76.3,Data Science,0
STU107572,22,Other,8.35,87.4,0,69.4,60.8,54.4,70.3,5,2,0,0,0,2,0,345,7,59.4,75.7,76.5,58.6,62.5,72.7,72.8,Data Science,0
STU102687,20,Male,7.06,92.1,0,40,71.2,70.4,,6,2,0,1.9,2,1,0,440,7,54.8,53.1,78.3,34.1,63,21.8,96.1,Cyber Security,0
STU108711,20,Male,8.08,84.2,0,62.2,53.3,60.2,51.1,2,0,1,5.4,2,2,0,841,4,53.3,73.3,72.1,45.4,81,47.1,63.8,AI/ML,0
STU104569,22,Male,7.95,,0,67.4,41.8,76.5,42.8,4,2,1,5.3,3,2,0,913,3,68.9,76.1,80.7,74.5,73.8,97,61.9,Data Science,0
STU106676,21,Female,7.76,78.7,1,51.1,75.3,54.8,71.6,1,0,0,0,3,0,0,695,1,61.2,56.1,75.6,23.4,30.7,42.2,62.2,Data Science,0
STU108777,22,Male,7.79,66.2,0,51.7,51,,53.3,0,0,1,2.4,0,1,0,497,0,37.3,54.4,78.8,46.3,87.3,109.2,76.3,Data Science,0
STU106222,21,Female,7.33,68.6,1,54.5,52,68.4,42.4,0,0,0,0.3,3,0,0,570,0,65.7,57.6,71.1,37.8,53.9,34.9,65.3,Cloud Computing,0
STU106083,22,Female,7.04,96.1,1,54.2,59.8,56,78.7,2,0,2,10.8,5,2,0,783,2,64.7,78.3,64.7,40.3,73.6,30,62.1,Business Analytics,0
STU107197,21,Male,8,84.3,1,62.1,60.4,43.9,63.7,6,2,0,0.3,1,0,0,317,6,54.1,59.6,66.5,32.7,89,5.2,75.7,Cyber Security,0
STU106915,20,Male,8.34,72.6,1,50.4,79.7,68.1,87.4,2,1,1,1.9,0,0,0,1101,3,56.9,57.7,76.1,42.6,61.8,45.3,93.8,Software Development,0
STU106268,23,Male,8.18,88.2,1,35.1,69.9,80.7,74.1,4,1,0,0,3,0,0,1161,4,41.6,66.7,61.2,54.6,82.9,27,87.9,AI/ML,0
STU109688,19,Female,7.55,84.4,0,,64.9,65.4,61.9,0,0,1,5.4,1,1,0,803,1,61.3,61.5,88.5,51.5,27.6,28.3,79.2,Business Analytics,0
STU106339,23,Female,9.04,83.7,2,95,58.1,59.7,45.2,4,3,1,5.4,3,3,0,897,5,57.3,62.2,78.8,46.7,81.8,23.7,97.4,AI/ML,0
STU107451,19,Male,7.12,87,0,58.5,58.5,79.5,51.2,7,2,2,10.5,6,2,0,593,6,78.6,64.9,72.8,84.3,66.1,8.8,69.7,Software Development,0
STU105602,23,Female,7.96,75.9,0,57.5,72.1,60.4,36.2,5,1,1,0.7,1,1,0,762,4,56.8,63.9,65.9,73.7,59.3,84,79.6,Business Analytics,0
STU101631,20,Male,6.84,77.7,2,42.7,60.9,68.7,53,3,0,0,1.7,4,3,0,900,2,55,71.3,84.9,62,61.3,65.9,70.4,Software Development,0
STU100061,20,Male,8.26,73.7,1,62.5,57.1,75.8,,1,1,1,3.2,5,3,1,393,0,56,56.9,79.2,53.8,61.3,50.6,75.2,Business Analytics,1
STU105475,22,Male,7.57,79.7,1,37.1,68.6,74.9,,4,2,0,0.5,0,1,1,615,4,38.1,49.7,65.4,44.8,81.7,61.1,82.5,Cloud Computing,0
STU104898,23,Male,7.04,85.9,1,40.9,58.6,87.4,64.9,4,0,2,8,4,1,0,1256,4,67.2,73.6,69.5,34.5,53.9,51.6,69.5,Cyber Security,0
STU103204,23,Male,7.76,68.5,1,56,69.5,76.7,64.5,4,2,2,10.4,1,0,0,555,5,89.9,78.1,85,67.2,66.5,30,82.1,Software Development,1
STU107650,20,Male,6.94,100,2,49.4,45.3,47.3,27.9,1,0,1,4.3,0,3,0,923,0,67,45.5,71.8,70.5,66.9,162.7,63.8,AI/ML,0
STU104165,21,Male,7.05,88.8,0,49.8,49.2,53.1,58.3,3,2,1,0.9,3,2,0,709,4,87.2,78.5,60.7,48.7,59.8,97.2,78.2,AI/ML,0
STU104016,22,Male,9.2,83.5,0,55.2,90.2,65.7,59,0,0,0,1.5,2,1,0,862,0,74.6,57.1,59.5,47.4,47.5,93.7,71.7,Data Science,0
STU102730,20,Female,7.35,88.8,2,59.2,57.6,43,42.5,2,1,2,10.8,0,3,0,990,1,,50,64.9,67.1,81.8,24.8,68.3,Data Science,0
STU104456,24,Female,8.18,75.9,0,42.1,61,89.8,45.9,3,0,1,3.1,1,2,0,593,3,64.2,58.6,91.9,67.6,58.1,70.2,68.1,AI/ML,1
STU105167,20,Male,7.8,98.9,1,34.5,61.6,84,45.2,2,2,1,3.8,1,0,0,762,4,71.1,41.2,93.7,42.7,56.7,46.1,65.3,Data Science,0
STU107815,21,Female,8.21,,0,85,57.6,38,72.4,3,0,0,0,1,1,0,980,2,59.1,,77.8,38.3,42.1,40.9,73.1,Cloud Computing,0
STU104971,22,Male,7.31,73.1,1,44.7,79.4,87,52.7,2,1,2,4.4,0,1,0,461,4,73.8,51.1,73.5,61.1,63.3,50.2,66.5,Software Development,0
STU106680,24,Female,9,87.9,0,61.9,64.3,41.9,52.1,2,1,0,0,0,1,1,536,2,52.1,38.5,54.3,41.4,80.6,32.5,67.3,Business Analytics,0
STU106006,22,Female,7.2,83.1,0,56.7,82.3,78.9,30,2,1,2,10.4,1,3,0,932,3,71.6,47.3,84.3,52.1,60.3,46,,Cloud Computing,0
STU101420,22,Male,8,72.6,1,85.9,64.2,41.9,27.6,8,0,0,2.7,5,3,0,1118,10,49.3,81.7,77.7,73.4,81.2,53.6,65.4,Cloud Computing,0
STU100369,22,Female,5.54,78.9,1,38.8,53.4,65.7,41.1,3,1,2,9.4,6,0,0,188,2,70.8,81.9,61.4,42.2,73.7,39.8,79.8,Business Analytics,0
STU106481,21,Male,7.81,86.4,1,75.7,41,25.5,38.5,0,0,1,7,0,2,1,452,0,44.8,38.7,50.3,63.1,84,86.2,60.1,Software Development,0
STU105379,21,Male,7.34,71.2,1,45.6,44.1,60.3,55,2,0,1,3.4,4,0,0,633,1,68.4,59.7,66.7,28.8,36.1,68.4,73.1,Software Development,0
STU106798,22,Male,6.14,71.3,3,30.1,30.6,82.7,44.7,0,0,1,3.5,2,4,0,409,0,71.3,64.8,55.2,65.7,76.4,33.3,73.9,Cyber Security,0
STU102320,21,Male,7.44,84,1,60.9,43.9,51.9,48.9,3,2,1,3.9,3,0,0,810,3,70.1,54.9,69.7,51.6,47.6,29.7,64.2,Cloud Computing,0
STU101376,22,Male,7.78,76.7,0,40.1,54.5,91.8,56.7,2,1,1,5.7,2,1,0,712,2,58,77.6,72.8,57.1,77.9,34.9,62.3,AI/ML,0
STU102218,22,Female,6.29,70,0,37.8,46.9,65.8,24.8,5,2,4,20.7,2,1,0,443,4,70.1,78.9,66.9,38,53.8,12.3,55.1,Data Science,0
STU101065,21,Female,6.99,88.6,1,44.1,25.2,78.1,33.4,4,0,0,0.7,1,4,0,543,4,39.3,88.6,80.3,42.5,77.5,74.8,57.1,Business Analytics,0
STU104369,22,Male,7.71,78.3,0,53.1,,79.8,53.1,0,0,1,4.8,1,1,0,807,2,77.4,55.4,83.6,44.6,71.4,100.6,80.1,Software Development,0
STU104139,21,Female,8.13,84.2,0,61,74.3,62.7,70.7,1,1,0,0.4,4,0,0,662,0,63,50.1,59,71.9,53,,74.9,Software Development,0
STU103693,20,Male,8.07,71.3,0,60.5,63.5,47.5,79.2,2,0,1,3.1,4,0,0,1021,2,80.7,69.2,64.6,62.6,64.5,25.6,69,Business Analytics,0
STU106998,21,Female,6.66,73.2,0,43.4,52.7,60.6,45.4,6,3,1,1.9,0,1,0,616,7,51.8,74.8,70,59.6,47.4,54,61.3,Software Development,0
STU105368,24,Male,6.08,92.3,0,48.3,49.5,60.3,64.3,6,2,0,0,2,3,0,578,5,55.8,77.8,77.4,63.8,41.2,34.9,72,Software Development,0
STU102963,22,Female,7.26,86.6,1,37.8,32.3,53.6,58.4,3,1,0,0.9,3,0,0,189,2,57.2,74.1,73,29.1,42.6,20.8,76.8,AI/ML,0
STU108432,22,Male,6.46,82.5,0,50.7,39.8,72.2,43.7,3,3,0,0,3,2,0,497,3,54.6,76.9,82.3,38.4,80.3,28,78.1,Software Development,0
STU102427,24,Female,7.19,74.9,0,42.3,,80.9,41.8,3,1,1,1.7,2,3,0,340,4,74.7,66.7,62.2,51.1,52.3,17.9,65.1,Cyber Security,0
STU103677,21,Female,7.1,73,1,54.4,59.5,95.1,68.5,0,0,0,1.4,1,0,0,672,0,41.2,62.3,75.7,40,48.7,61.2,77.7,Data Science,0
STU103077,22,Male,7.39,84.2,3,33.2,51,56.6,57.9,1,1,1,3,2,1,0,604,1,47.6,65,77,56,53.4,25.8,,Software Development,0
STU103343,24,Male,8.87,84.7,0,47.9,62,48.3,48.1,3,1,0,0,2,0,0,568,5,55.8,74.7,76.6,47.5,56,72.1,87.1,Cloud Computing,0
STU102351,22,Female,7.9,64.1,0,77.7,48.1,59,73,4,4,0,1.5,2,2,0,1157,4,64.8,70.1,74.3,34.8,51.5,43.2,72,Business Analytics,0
STU100597,21,Female,8.27,83,0,41.3,55.2,,61.1,2,0,1,6.5,3,1,0,681,2,,59.9,49,63.1,72.5,18.8,72.2,Software Development,0
STU107702,21,Male,6.71,72.6,0,43.7,68.7,46.1,50.3,2,1,1,5.1,2,1,0,1350,1,,64.6,65.5,38.4,68.5,47.5,60,Data Science,0
STU103326,22,Female,7.8,89.1,0,29.1,45.3,31.4,66.8,4,2,0,0,0,1,0,710,4,55.2,53.8,58.3,62.8,40,36.6,79,Data Science,0
STU105871,22,Male,8.1,78.7,1,46.2,59.1,60.3,58.7,3,0,0,0,3,1,1,968,3,57.8,74.5,64.1,74.9,75.7,44.2,84.7,Cyber Security,0
STU109452,21,Male,6.89,89.7,1,34.9,18.8,47.4,48.3,2,0,0,0.1,4,0,0,694,2,66.7,69,66.8,56.4,56.9,4.6,81.9,Software Development,1
STU102102,20,Male,7.81,95.2,0,77.3,56.7,57.5,51.2,2,1,0,0,0,3,0,752,3,56.3,65,63,65.3,64.2,104.4,78.4,Software Development,0
STU109054,22,Male,7.71,97,0,66.4,54.8,28.6,76.8,3,2,0,1.1,1,2,0,606,5,56.9,72.9,65.1,72.2,59.4,105.1,75.1,Software Development,0
STU100370,23,Female,7.74,90.8,1,70.2,60.7,53.8,42,5,2,0,0,3,2,0,698,6,44.6,67.2,50.3,53.6,32.6,6.9,81.5,Software Development,1
STU109399,21,Male,8.16,92.5,0,67,68.3,34.9,54.7,2,0,2,9.1,7,1,0,703,2,67.6,61.9,58.7,65.6,72,31.1,56.2,Data Science,1
STU107760,20,Male,7.64,87.8,1,51.4,67.2,49.8,69.4,5,3,0,0.9,3,1,0,587,7,83,58.7,56.6,45.2,72.3,34.2,92,AI/ML,0
STU108573,20,Female,6.55,75.7,1,38.3,60.9,55.8,63.1,3,2,3,11.5,0,1,0,462,3,82.5,75.5,56.7,63.2,71.5,60.5,77.7,Business Analytics,0
STU100305,22,Male,6.7,77.7,0,51.6,15.5,72.3,36.8,1,1,0,0,4,2,0,606,2,57.1,47.5,73.1,48.3,25.9,21.9,87.1,Software Development,0
STU104714,21,Male,8.29,84.5,0,50.3,59.1,60.2,62.9,5,2,1,4.4,4,0,0,661,6,64.6,80.5,66.5,74.3,69.2,45.9,82,AI/ML,0
STU102120,23,Male,8.45,82.9,0,74.4,43.1,53.3,61.6,3,1,0,0,0,1,0,537,4,60.5,76.2,79.6,38.5,70.2,29.2,62.7,Data Science,0
STU108503,21,Male,7.99,85.5,0,73.4,50.6,63.1,66,2,0,0,1,1,4,1,686,2,59.9,44.4,84.5,71.3,59.8,88.3,89,Cyber Security,0
STU106205,22,Male,7.58,78.6,1,74.8,69.1,39.3,42.5,4,2,0,0,1,2,0,530,3,72.7,59,76.4,37.6,22.2,13.3,66.8,Software Development,0
STU109045,22,Male,6.72,96.6,0,63.3,47.2,61.2,40,5,3,1,6.2,4,3,1,375,5,,70,57.5,50.6,60.4,32.9,80.1,Software Development,1
STU105360,22,Male,7.4,93.6,0,29.6,58.7,62.8,59.7,2,0,3,10.3,3,1,0,610,2,58.4,64.7,63.7,60.9,86.4,,76.3,Software Development,0
STU105815,23,Female,8.8,96,2,59.1,76.1,53.7,44.5,3,1,0,0.1,2,0,0,795,3,58.9,51.1,78.6,61.4,54.2,30.6,66.3,Data Science,0
STU109228,21,Female,7.62,88.1,0,20.8,63.5,96.9,69.6,2,0,0,0.3,2,1,0,634,2,,51.8,74.2,53.9,45.2,31,81.3,AI/ML,0
STU101092,22,Male,8.36,85.7,0,64.9,63.2,62.4,88.5,4,2,0,0,2,0,0,853,5,55.1,86.8,75.2,47.1,47.5,22.1,100,AI/ML,0
STU109669,22,Female,8.21,88.8,0,27.3,,62.8,73.4,2,1,1,3.5,1,1,0,588,2,57.7,43.1,70.3,94.5,46.9,23.3,89.5,Cloud Computing,0
STU106768,22,Male,9.07,63.8,0,100,65.9,60.3,71.9,3,2,0,0,2,1,0,828,2,37.7,70,55.8,33.8,49.5,95.3,78,Software Development,0
STU107123,20,Male,6.94,89.3,0,43.2,63.8,69.3,47.4,1,0,1,2.2,2,4,1,847,1,83.4,44.6,60.3,43.9,56.5,99.4,63,AI/ML,0
STU109732,22,Female,8.39,61.9,0,82.3,60,31.8,66,2,0,1,2.7,3,1,0,739,1,77.3,61.1,74.5,49.5,64.3,67,81.3,Data Science,1
STU101080,23,Male,6.94,76.3,0,48.5,75.1,45.9,59.1,2,0,0,0,2,3,0,343,2,53.9,36.6,59.6,55.7,88.5,50,60.1,AI/ML,0
STU107765,23,Female,7.61,93.7,0,60.2,32.7,53.3,25.4,2,0,0,0,2,1,0,656,3,,68.9,72.9,55.3,62.6,8.8,64.7,Cyber Security,0
STU107873,22,Male,7.15,85.4,0,53.6,15,55,21.7,3,1,1,4.3,0,1,0,875,3,52.5,49.5,73.9,72.2,63.7,102.8,30.9,Software Development,1
STU104598,22,Male,7.44,94.8,0,42.7,44.5,52.5,62.1,2,0,1,6.3,0,1,0,359,4,82.1,54.2,76.2,70.6,64.9,25.1,79.1,Software Development,0
STU105334,24,Male,7.52,92,2,54.8,63.7,72.8,74.9,1,1,0,0,1,1,0,451,1,38,59.4,86.9,60.3,83.5,84.6,92.8,Data Science,0
STU100218,23,Female,7.02,82.3,0,29.7,61.2,58.9,55.5,2,0,1,2.7,0,0,0,856,3,40.3,52.9,73.7,48.6,56.5,22.8,89.7,Business Analytics,1
STU108975,20,Male,7.85,72.8,1,48.5,53.5,61.1,71.5,1,0,1,1.9,2,1,0,475,0,54.4,65.5,94.8,69.7,87.1,37.8,73.6,Cyber Security,0
STU100560,21,Female,7.51,79.5,2,32.6,43.1,49.9,67.7,6,3,0,1.6,1,2,0,466,6,61.5,79,67.5,63.7,77.9,63.2,74.8,Software Development,0
STU106667,21,Male,7.99,99.6,2,42.9,73.7,68,59.3,2,1,0,0,2,0,0,673,1,57.6,67.6,66.3,70.4,74.7,55.2,64.4,Business Analytics,1
STU109364,21,Male,8.83,84,1,85.6,73.6,34.7,55.3,2,0,1,3.8,1,3,0,896,3,76.6,64.1,58.4,54.8,64.8,9.2,71.5,Data Science,0
STU108214,21,Male,6.43,91,0,34.7,,54.5,55.9,4,0,3,5.5,1,3,0,405,5,55.8,55.7,67.1,45.7,100,37,69.5,AI/ML,0
STU109608,23,Other,8.53,86.8,1,74.8,57.7,66.3,40.9,0,0,0,0,6,0,0,1386,0,77.9,47.8,83.3,51.6,55.6,35.2,63.6,AI/ML,0
STU100373,23,Male,6.1,94.9,0,57.1,72.9,49.3,44.6,5,2,1,3.1,0,0,0,664,5,37.7,72.2,69.6,42.9,60.7,29.4,60.3,Data Science,0
STU101089,22,Male,6.23,76,0,29.9,40.5,75.3,33.2,2,1,0,0.6,1,2,0,859,3,57.7,74.1,67.9,88.9,67.8,63.6,77.5,Software Development,0
STU105661,22,Female,7.74,78,0,65.4,56.4,49.3,,4,1,2,11.8,4,1,1,952,3,84.4,72.6,54.8,15.1,71.8,73.9,76.2,Cloud Computing,1
STU108957,19,Female,7.92,81.4,1,71.8,57.2,47.6,57.5,2,1,3,8.7,1,1,0,881,5,,51.8,70.6,54,89,107.4,82.8,Software Development,0
STU107311,21,Female,9.13,86.5,0,73.3,67.1,85.6,48.4,5,1,0,0,3,2,0,1112,6,71.7,76.7,77,76.9,36.8,109.3,80.6,Business Analytics,0
STU109090,20,Male,8.05,78.1,0,56.8,48.6,53.6,55.8,1,0,1,6.5,2,2,1,933,2,64,62.9,73.7,59.3,72,30.5,67.6,Data Science,0
STU101591,20,Female,8.1,89.6,1,64.2,62.5,38.5,80,5,1,2,,3,4,0,760,6,69.8,,64.8,88.6,35.9,73.4,67.6,AI/ML,0
STU100567,22,Male,7.25,86.9,3,51.5,63.2,67.2,46.3,2,0,2,5.3,0,2,0,701,4,57,59.1,71.4,55.5,84.4,42.2,77.5,Software Development,0
STU108009,21,Male,8.53,82.2,0,69.9,60.8,49.2,65.1,3,1,2,9.2,1,2,0,896,3,57.8,54.9,,56.3,59.4,53.2,65.9,Software Development,0
STU106423,19,Male,6.77,83.7,0,49.9,62.5,62.3,60.5,3,1,0,0,2,2,0,877,5,60.4,57.6,87.2,61.2,75.1,14.7,86.2,Business Analytics,0
STU104577,21,Female,6.29,88.7,0,31.8,63.9,58,48.3,4,1,1,,4,0,0,1047,4,74.6,73.3,62.5,45.7,69,20.6,75,Software Development,0
STU100589,22,Male,7.12,78.4,1,47.1,41.4,64.6,64.3,0,0,4,13.4,5,3,1,505,1,100,37.7,66.7,29.7,61.1,30.6,86.7,Data Science,0
STU104158,23,Male,7.77,81.9,0,54,62.8,62.9,60.7,5,2,1,1.6,3,1,0,627,4,60.9,69,74.1,66.8,49.2,16.8,78.8,Data Science,0
STU101307,21,Female,7.48,82.8,0,57.6,33.3,53.3,67.2,2,1,1,2.2,0,0,0,347,3,60.8,,63.2,54.9,57.9,52.6,58.7,Business Analytics,1
STU101743,22,Male,6.66,78.1,0,,41.4,51.1,42.7,3,1,1,1.6,0,3,0,491,3,,47,84.7,63.8,47.5,13.3,76.8,Data Science,0
STU109405,20,Male,7.69,89.2,1,64.6,57.7,58,77,2,1,0,0,3,2,0,608,1,59.9,57.7,77.1,74.5,63.2,34.2,82,Data Science,0
STU109572,20,Female,6.93,75.5,0,52.6,54.2,49.3,45.8,0,0,2,8.5,2,2,0,396,0,65.9,39.1,,64.1,52.5,36.3,80,AI/ML,0
STU101648,23,Female,6.07,86.8,0,26.2,45.6,39.1,58.7,0,0,1,,4,2,1,788,0,64.7,63.6,63.7,54.7,70.2,29.9,60,Software Development,0
STU105093,20,Male,7.99,80.9,0,,,64.8,54.6,5,2,0,1,1,1,0,832,4,59.8,68.5,79.5,50.4,57.3,73.5,79.7,Business Analytics,1
STU103414,21,Female,7.23,83.2,1,49.7,66.8,63.7,35.1,4,1,1,5.8,3,0,0,694,5,52.1,80.4,71.1,47.8,74.8,54.9,53.3,Data Science,1
STU103848,25,Male,7.44,88.8,1,45.5,26.8,51.3,35.2,2,2,0,0,2,1,0,747,2,56.4,49.8,72,92.5,78.4,,53.8,Business Analytics,0
STU100927,22,Male,6.21,74,1,34.2,51.3,55.9,39.3,3,0,1,3.7,1,2,0,311,4,73.3,75.9,61.9,55.6,57.9,25.8,65.1,Cloud Computing,1
STU105595,22,Female,8.25,67.3,2,60.4,64.6,79.5,77,0,0,1,4.3,1,0,0,933,4,61.4,39.8,74.7,54.3,58.4,53.5,85.1,Software Development,0
STU106464,23,Male,8.1,80.5,1,38.8,,56.7,62.7,3,2,1,6.2,2,0,0,531,3,65.1,63.5,67.9,49.8,29,37.5,72.8,Software Development,0
STU101234,22,Male,8.94,86,0,57.5,45.1,77.6,35.2,4,1,3,13.9,5,2,0,818,4,82,70,71.4,49,66.4,115.6,76.4,Software Development,1
STU104983,20,Male,8.77,77.9,0,60.2,67.8,72.9,67.2,0,0,2,4.4,3,0,0,634,1,65.1,39.9,87.2,55.8,74.8,29.9,74.2,Data Science,0
STU102029,22,Male,7.06,92.8,1,49.7,57.6,63.5,52.8,2,0,1,6.6,1,0,0,581,4,50.5,71.1,59.5,70.6,34.2,37.2,81.2,AI/ML,1
STU103893,19,Male,8.7,,0,54.9,53.9,60.8,83.5,1,1,0,0.4,3,1,0,766,4,67.9,55.9,78.3,52,51.4,5.3,76.7,Software Development,0
STU105813,22,Male,8.87,92,0,88.5,83.1,77.1,77.7,3,0,0,,4,1,0,614,2,70.3,56.5,87.7,61.2,34.8,48.6,96.5,AI/ML,0
STU108834,23,Female,6.59,95.5,1,51.5,54,73.9,26.8,6,0,1,1.6,3,1,0,400,6,81.7,85.2,73,61.2,59.7,90.7,46.7,Data Science,0
STU104118,23,Female,7.34,87.6,2,52,71.9,61.7,34.1,3,3,1,4.1,1,1,0,521,5,50.1,49.7,86.6,46.5,65.2,22,70.5,Cloud Computing,0
STU107703,19,Male,7.62,82.3,2,64.2,69.6,53.9,,6,2,0,0,2,1,0,1143,5,66.1,80.8,64.8,80,40.8,18.9,64.8,Business Analytics,1
STU107194,21,Male,7.75,79.6,1,72.5,59.8,72.8,47.6,3,1,1,4.2,7,0,0,1071,3,75.1,69.1,73.6,52.1,49.3,79.4,67.1,Business Analytics,0
STU100494,22,Male,8.41,90.1,1,88.4,88.4,77.6,69.7,1,0,0,0.9,4,2,1,917,2,53.3,69.2,86.1,69.3,58.3,71,89.3,Business Analytics,0
STU108196,21,Male,7.52,85.3,1,39.4,61.5,47.7,55.2,3,3,2,8.5,1,3,0,696,2,47.2,66.2,63.3,34.1,67.7,53.2,63.1,AI/ML,0
STU108955,22,Female,7.28,95.6,1,59.6,52.5,50.8,51.6,4,1,2,9.9,2,1,0,1018,5,59.5,73.5,58.3,26.9,60.5,51.5,76.6,Cyber Security,0
STU104562,21,Female,7.53,88.8,1,15,46.1,60.4,48.5,1,1,3,11.2,2,1,0,631,1,69.1,49.8,68.5,42.4,45.2,113.5,58.9,Cyber Security,0
STU103655,22,Female,6.5,81.7,1,34.7,62.8,52.2,42.4,1,0,0,0,1,4,0,971,1,73.5,59.3,66.1,54.4,72,98.9,62.7,Software Development,0
STU103276,20,Female,8.32,93.8,0,48,59.1,55.1,37,5,1,3,12.3,4,4,1,448,5,75.7,92.9,61,54.6,56.4,21.4,78.5,Software Development,1
STU103803,21,Female,8.13,87.6,2,76.1,75.7,47.6,47.4,1,0,2,5,2,2,0,371,1,65.3,53.7,66.2,70,93.2,47.6,70.3,Cyber Security,0
STU108041,21,Male,7.79,82.5,0,47.5,54.8,59.2,40.5,4,1,0,0,2,1,0,487,4,58,81.2,62.2,49.3,93.4,61.6,75.9,AI/ML,0
STU109375,23,Male,7.44,78.7,0,69.5,56.8,64.7,40.3,1,1,0,0,2,3,0,1042,3,61.3,65.1,57.4,33.6,40.3,31.5,63.6,Business Analytics,0
STU101633,22,Male,6.56,81.3,0,22,68.4,67.9,70.4,4,1,1,2.5,2,0,0,270,6,51.6,65.5,78.1,69.9,49.1,48.9,67.7,Cloud Computing,0
STU101989,21,Female,8.01,94.4,0,50.4,65.1,47.1,52.2,2,1,0,0.9,1,0,0,602,3,61.2,64.6,67.8,21.6,65.3,78.5,66.7,Data Science,0
STU104777,21,Male,8,65.5,0,44,67.6,62.1,49.6,1,0,0,0,0,2,1,308,2,51.1,67.7,66.6,51.5,58.2,59.4,75.6,Cloud Computing,0
STU101342,22,Male,8.53,77.5,0,64.2,69.9,49.3,48.6,3,1,3,15.8,2,0,0,405,2,59.3,64.5,78.9,48.4,49.7,98.1,64.8,Cyber Security,0
STU106054,24,Male,7.44,88,0,66.5,69.2,43.4,52.9,2,2,1,3.1,3,1,0,1125,1,74.5,38.5,60.5,35.1,53.2,41.2,86.5,Software Development,0
STU105319,20,Male,5.92,75.9,0,20.7,37.2,57.3,56.3,4,2,2,6.5,1,3,0,476,3,61.6,66.4,67.2,56.9,28.3,53.9,72.7,AI/ML,0
STU105206,21,Male,6.46,79.4,0,39.2,42.4,56.4,23.7,2,0,2,8.4,5,0,0,796,3,54.2,62.6,70.7,26.2,66.9,28.7,67.3,AI/ML,1
STU102370,23,Male,7.99,85.6,2,52.1,43.6,62.3,67.1,1,1,0,1.5,1,0,0,593,1,51.3,51.9,75.8,45.4,63.1,19.7,88.5,Cyber Security,0
STU100202,23,Other,8.29,80.4,1,59.6,74.8,42.8,61.3,1,1,1,2.3,1,3,0,744,0,68.6,55.9,70.9,52.4,34.7,57.2,54.3,Software Development,0
STU107978,21,Female,7.27,82.7,0,46.8,,25.7,43.3,1,0,1,3.9,3,2,1,450,1,72,43.1,59.2,41.5,53,47,50.9,AI/ML,0
STU109684,23,Female,6.71,75.2,2,65.1,61.1,65.7,30.1,2,2,0,0,1,1,0,805,2,59.1,51.3,,67.2,43,60.7,68.5,Business Analytics,0
STU103218,23,Female,9.4,66.8,0,74.5,78.3,35.4,47.7,4,2,1,4.2,3,1,0,1057,5,66.6,80.6,68.4,56.4,44.4,109,52.9,AI/ML,0
STU102210,21,Male,7.52,91.2,2,47.1,48.8,52.1,48.1,4,2,1,3.5,2,1,0,673,5,58.2,58.8,71.8,49.2,81.1,61.8,62.6,Software Development,1
STU107157,22,Male,7.72,64,2,47.6,59.4,45.8,81.4,1,0,1,5.4,1,1,0,747,1,67,45.4,65.4,69.7,10,84.7,78.8,Business Analytics,0
STU109319,22,Male,8.47,87,0,63.6,42.5,48.2,61.3,3,1,0,0,1,1,0,445,2,57,59.7,84.2,68.4,56.5,42,70.8,Software Development,0
STU104082,23,Male,7.63,93.5,0,32.9,74.7,71.5,60.8,0,0,0,0,1,1,0,753,0,55.4,47.9,70.5,66,25.6,50.7,94.5,Cyber Security,0
STU101787,23,Male,8.26,99.4,0,67,32.7,41.7,57,2,1,1,5,1,1,0,836,1,34.3,65.7,74.8,48.9,33.1,60.4,81.4,Business Analytics,1
STU101550,22,Female,7.11,85.6,0,51.6,63.6,69.2,26.1,4,1,0,0.6,1,2,0,592,3,69.7,71,72.9,41.8,51.8,37.3,60.2,AI/ML,0
STU108509,22,Male,7.82,91.6,0,19.7,35.5,,65.1,1,0,0,0,3,1,0,1067,2,68.4,58.2,61.2,55.3,82.2,10.1,65.1,AI/ML,0
STU102088,21,Male,8.35,60.5,1,57,50,34.4,60.2,3,1,0,0.4,0,2,0,696,3,47.2,67,62.2,56,53.6,19.3,55.8,Data Science,0
STU102918,24,Female,8,83.6,0,60.9,55.1,54.2,55.9,2,0,1,5,2,0,0,1079,3,72.6,54.4,60,47.8,35.7,50.8,84.3,AI/ML,0
STU109820,21,Male,7.38,74.2,0,,48.1,71,75.2,2,2,0,1,2,1,0,559,3,64.8,56,76.1,69.7,43.3,67.8,,Cyber Security,0
STU105261,22,Male,7.32,100,2,61.3,50.7,54.6,60.9,1,0,1,3.5,3,2,0,736,1,80.1,61.5,56.4,47.7,74,43.1,79.9,Cyber Security,0
STU100452,22,Male,7.35,88.7,1,65.5,48.8,77.1,57.1,2,1,1,4.2,1,3,0,935,3,49.7,64.4,72.6,61.6,36.3,44.8,89.3,Data Science,0
STU106213,23,Male,9.01,80.9,0,40,58.4,47,51.7,3,1,2,11.1,0,2,1,797,4,54.1,57,56.1,59.3,98.3,92.3,82,Data Science,0
STU104062,23,Female,8.27,,1,74.8,51.7,61.2,55.6,1,0,2,,0,2,0,821,1,52.6,41.5,81.8,59.3,42.3,67,74.1,Business Analytics,1
STU100654,20,Female,7.82,78,0,72.8,49.8,49.5,55.7,4,1,0,0,1,0,0,709,3,59.3,62.4,80,39.7,49.2,39.5,81.9,Data Science,1
STU100091,22,Male,6.31,74.6,0,36.1,24.3,78.6,27.9,1,1,1,6.5,2,3,0,836,0,66.3,61.7,74.2,68.4,70.8,50.1,73.6,Software Development,0
STU100019,23,Female,8.57,76.4,1,62.3,58.5,56.4,57.2,4,1,1,2.7,0,0,0,464,4,64.3,62.3,68.8,37.4,78.2,26.6,81,Cloud Computing,0
STU107614,21,Male,7.25,86.3,0,56.7,64.2,54.4,40.7,1,1,1,2.9,2,2,0,536,2,67.2,57.3,65,41.6,39.3,72.9,85.3,Cyber Security,1
STU106854,20,Male,8.44,83.6,0,78.3,59.2,61.5,,0,0,1,2,2,1,0,925,2,69.7,57.9,79.2,55,44.8,114,78.5,Cloud Computing,1
STU102305,22,Female,6.88,81.7,1,46.8,72.2,60.6,47.1,5,4,0,1.9,2,2,0,728,6,48.1,78.5,90.5,70.1,60.4,49.8,,Software Development,0
STU108970,20,Female,7.24,67.1,0,21.1,55.1,51.8,49,3,2,0,0.3,2,3,1,474,5,61,65.5,62.7,62.3,56.6,82,,Software Development,0
STU103105,22,Female,7.95,77.8,0,82,85.8,63.6,35.6,3,2,0,0.2,2,3,0,1009,3,77.8,71.2,85.1,60.7,70.5,92.3,66.9,Cyber Security,0
STU100170,22,Male,6.94,89.1,0,67.4,32.1,59.1,48,1,0,0,0.8,8,1,0,945,1,81.3,67.1,76.7,25.1,37.6,111.4,90.7,Cyber Security,0
STU102472,21,Female,7.98,92.6,0,60.7,60.7,72.3,69.1,5,1,0,1,4,2,0,504,5,76.7,79.4,82,61.8,57.7,78.7,81.7,Cyber Security,1
STU105054,21,Male,7.77,68,1,61.6,67.8,65.5,47.5,2,0,0,0,4,0,0,756,1,70.1,68.3,68.4,74.4,74.6,46.8,,Cloud Computing,0
STU104336,21,Other,6.91,81.3,0,52.2,50.1,54.4,32.6,5,2,1,2.4,1,1,0,557,4,84.6,70.7,68.6,56.7,73.9,70.5,59.6,Data Science,0
STU103266,22,Female,8.29,72.4,1,65.9,60.1,61.3,39.4,5,0,2,10.6,1,1,0,1170,4,61.9,63.6,88.9,72.3,51.9,29.8,61.5,Data Science,0
STU107083,22,Female,8.41,,0,64.1,40.2,63.7,67.8,1,0,2,10.2,3,1,0,660,1,56,78.2,79.9,74.1,62.1,49.8,79.3,AI/ML,0
STU108792,23,Male,6.41,80.6,2,44.4,33.5,61.6,43.6,3,2,2,5.9,2,0,0,706,4,58.6,55.5,84.2,51.9,62.5,55.1,56.1,Data Science,0
STU103617,23,Male,7.68,80.4,1,83,81.4,52.9,62.4,6,0,0,0.7,3,1,0,431,7,63.7,92.6,48,27.8,52.3,74.2,77.7,Cyber Security,0
STU101935,20,Male,6.87,87,0,55.2,55.3,60.6,37.8,2,0,1,3.3,3,1,0,722,6,66.1,63.6,76.7,40.1,53.4,74.4,76.8,Software Development,0
STU108062,21,Female,7.33,75.9,1,50.3,77.4,29.6,69.8,2,1,4,19.5,3,1,0,356,2,,57.1,79.2,59,63.5,14,85.3,Software Development,0
STU104146,20,Male,6.96,92.1,0,15,48.7,61.5,36,2,1,3,18.3,0,1,0,206,1,73.1,,66.6,34.5,48.7,58.1,69.7,Data Science,0
STU104004,24,Male,7.01,76.3,0,53.1,78.2,63,51.3,0,0,1,7.3,8,1,1,279,1,64.8,58.3,66.9,45.1,40.3,15.1,62,AI/ML,1
STU105505,22,Male,6.99,77.2,2,49.3,66.6,57.3,64.2,2,1,1,3.8,1,1,0,857,1,,55.7,70.8,45.2,62,89.4,75.1,Software Development,0
STU108157,21,Male,8.7,86.1,0,60.8,48,51.9,67,2,1,1,5.3,1,1,0,631,1,66.7,59.3,68.3,49.4,57.1,91.7,81.5,Cyber Security,0
STU107428,21,Male,7.77,67,0,54.3,49.2,65.5,53.9,1,0,1,3.5,2,0,0,791,4,72.9,48.8,67.9,55.3,75.9,24,80.7,Cloud Computing,0
STU103002,22,Male,8.96,78.1,0,71.8,79.3,60.2,73.2,3,1,0,0,3,3,1,1099,4,50.9,47.7,72.2,53.5,95.3,26.4,80.2,Data Science,0
STU105707,23,Male,7.21,99.3,0,59.2,,53,51.5,4,2,4,13.8,2,1,0,774,5,64.7,93.6,78.4,62.1,71.3,62.8,59.4,Business Analytics,1
STU107407,20,Female,7.36,86.6,2,37,52.1,49.7,47.2,2,0,0,1.8,1,0,0,944,2,53.8,51.7,58.4,69.3,36,53,70.9,Data Science,1
STU103698,22,Male,7.25,91.2,1,68.8,71,39.1,53.7,2,1,0,1.2,3,1,0,1207,2,50.9,61.2,54.3,34.7,58,38,65.4,Software Development,0
STU105258,20,Male,9.07,84.7,1,44.1,72.2,38.8,64.9,3,2,0,0.1,3,1,0,645,2,63.8,70.7,59.3,53.7,80.3,35.2,75.1,AI/ML,0
STU109620,22,Female,5.57,87.3,1,15,22.1,33.2,51.9,4,0,0,0,0,3,0,725,4,61.8,73.3,79.1,54.3,23.7,21.2,93.3,Business Analytics,0
STU102224,21,Male,7.52,87.2,0,52.9,45,48.5,24.5,2,1,2,10.1,0,2,0,628,4,47.9,,75.3,71,43.3,,69.4,Cloud Computing,0
STU106281,22,Male,7.64,92.4,1,55.2,58,63.7,61,0,0,1,2.7,1,1,0,708,2,56.6,46.3,88.1,49.4,66.5,,68.9,AI/ML,0
STU104936,21,Female,6.97,87.6,0,38.4,21.9,43.9,41.3,2,0,1,3.2,4,3,0,566,3,67.1,56.6,68.6,37.6,71.6,58.3,57,Data Science,0
STU101884,22,Female,6.4,70.7,1,30.2,45.8,66.3,49.8,2,1,0,0,5,3,0,831,4,58.2,46.5,77.7,74.1,68,100.7,85.7,Cyber Security,1
STU107872,21,Female,5.71,62.3,1,61.8,44.6,40.5,55.2,2,0,0,0,0,1,1,1005,3,58.4,48.1,72.5,47.2,54.2,52,77.3,Software Development,0
STU108926,22,Male,6.89,97.8,1,66.6,35.5,41,49,3,0,0,0,1,2,0,855,4,64.8,64.4,69.6,41.8,64.7,76.5,57.8,Software Development,0
STU103094,21,Male,7.51,83.2,0,34.6,54.2,41.8,50.4,1,1,1,2.9,3,0,0,851,2,73.7,49.8,57.1,61.1,60,98.8,69.4,Software Development,1
STU101538,20,Male,8.24,,0,40.8,46.1,45.1,54.9,2,0,2,5.3,0,1,0,796,1,63.2,52.6,61.1,56.6,81.3,71.8,82.3,Cyber Security,0
STU105853,22,Male,7.25,66.1,1,64,50.7,68.9,62,1,0,0,0,2,1,0,696,0,54.2,54.1,93.4,24.1,78,69.7,72.5,Data Science,0
STU102476,22,Male,5.76,79.6,1,27.9,23,56.4,33.2,1,0,0,0.5,2,2,0,714,4,67.4,39.4,53,21,71.1,56.9,86.2,Cloud Computing,0
STU109188,21,Female,8.04,98.6,0,89.8,49.1,53.9,45.4,1,0,0,0.6,4,2,0,1279,0,53.4,37.9,73.5,59.7,66.9,102.4,70.5,AI/ML,0
STU109678,23,Male,8.85,,0,71.4,64.7,43.5,54.7,2,0,0,0,4,1,0,727,2,64.9,74.5,62.2,32.9,66.7,38.2,60.6,Data Science,0
STU101482,22,Female,7.76,93.9,2,67.5,70.4,74.5,66.3,0,0,1,5.1,1,2,0,965,0,75.4,71.7,65.2,46.3,42.9,68.6,70.4,Cloud Computing,0
STU100315,23,Male,9.28,82.3,1,54.9,57.1,62.4,69.5,3,1,3,7.3,1,3,0,796,5,67.6,53.3,56.5,58.5,64.6,110,84.1,Cloud Computing,0
STU106271,22,Male,7.74,81.8,0,67.1,46.1,69,70.5,1,0,1,2.5,2,4,0,785,2,46.4,58.7,66.8,71,72.1,62.9,82.8,Data Science,1
STU109115,23,Female,7.69,91.1,0,59.8,55.3,41.1,54.1,2,0,0,0.6,1,1,0,795,2,58.4,64.3,71.5,45.1,99.5,143.4,76.7,Software Development,0
STU107334,24,Male,6.87,74.8,0,28.6,61.5,58.1,63.1,1,0,0,0,1,1,0,696,1,66.1,66.5,64.8,37.5,59.5,46.9,79.1,Business Analytics,0
STU105603,22,Male,7.73,87.9,0,65.6,49.1,47.8,76.1,2,0,2,4.2,2,4,0,556,1,88.3,64,61.5,40.2,67,117.3,87.1,Software Development,0
STU101856,21,Male,6.68,79.5,1,64,66,44.5,59.1,3,1,1,4.4,3,1,1,807,4,78.8,51.1,65.5,27.4,75.5,98.6,71.5,AI/ML,0
STU103097,23,Male,7.84,78.9,0,65.7,66.6,51.7,64.4,2,1,0,0.4,1,0,0,801,3,75,68.4,46.3,56.3,69.1,33.4,66.3,AI/ML,1
STU107714,21,Male,8.35,75.9,0,84.3,29.7,54.8,69.9,3,0,1,3,1,2,0,456,2,64.2,55.2,75.4,21,42,32.1,70.5,Business Analytics,0
STU103596,24,Male,6.53,82,0,21.8,43.4,50.3,52,2,1,1,7.4,1,1,0,683,1,68.8,55.3,62.6,47,57.6,80.4,81.8,Software Development,0
STU103036,22,Female,7.8,100,0,56.1,38.8,42.6,55,2,1,2,6.4,5,1,0,780,1,78.8,64,65,70.4,24,46.3,75,Data Science,0
STU107737,23,Female,8.11,84.1,0,67,48,43.1,55.3,1,0,2,8.8,1,1,0,1163,3,65.8,50.3,71.1,27.7,59.9,45.5,79.9,Software Development,0
STU104242,21,Female,7.19,85.8,0,69.1,54.6,40.5,47.5,1,0,1,3.4,8,0,0,495,1,84.8,59.9,61,57.6,29.4,33.3,59.5,Cyber Security,0
STU104881,21,Male,7.74,69.1,1,38,60.1,46.7,78.6,1,0,2,8.9,1,0,0,408,1,56.4,52.6,86.2,21.2,65,49.9,72.1,AI/ML,0
STU105288,21,Female,7.17,79.4,1,62.5,37.1,48.2,59.5,1,0,0,0.7,3,0,0,943,2,67,63.3,63.1,39.1,74.4,44.5,68,AI/ML,0
STU107324,23,Female,7.83,84.5,1,60.8,41.5,92.2,61.8,5,2,0,0,0,3,1,746,5,40.7,61.5,93.9,38.7,63,17.8,77.6,Data Science,0
STU101974,24,Male,6.99,83.1,0,57.8,37.9,48.6,56.9,3,0,0,0,1,1,0,495,3,57,63.2,71.7,49.5,59,81.5,78,AI/ML,0
STU100723,19,Female,9.61,85.7,0,65.8,53.7,68.3,73.8,4,1,0,0,1,1,0,808,3,65.7,67.9,76.5,53.8,60.7,70.6,78.2,Data Science,0
STU106719,20,Other,7.94,71,0,60.5,47.1,73.5,62.3,3,1,1,3.4,0,1,0,716,3,44.1,63.6,69,39.2,74.7,34.9,66.1,Cyber Security,0
STU108445,22,Female,7,94.1,1,75.5,72.9,39.8,63.8,3,1,0,0,3,1,1,608,2,54.1,61.4,64.4,33.5,59.9,20.1,74.8,Business Analytics,0
STU109296,22,Female,5.59,74.8,2,17.8,51.8,63.8,15,2,1,1,4.7,1,3,0,408,1,56.7,62.8,64.5,61.9,40.9,76.3,60,Cloud Computing,1
STU106961,19,Male,8.89,74.8,1,58.4,74.8,57.9,62.2,1,0,0,0,4,1,0,115,2,52.4,49.2,69.4,50.5,64.9,15.9,66.8,Software Development,0
STU105297,21,Female,5.97,88,0,70.1,40.4,53,32.2,3,0,0,0.7,3,0,0,755,3,66.3,70.7,80.1,53.3,70.3,31,68,Cyber Security,0
STU101403,21,Female,7.28,100,0,26,59.6,83.2,73.4,1,0,1,2.3,1,4,0,1024,1,67.9,59.7,70.9,91.6,38.1,109.8,80.3,Software Development,0
STU106424,22,Male,8.13,66.5,0,62.4,45.1,35.9,66.8,2,2,0,2.7,2,2,1,549,3,60.6,63.8,67.4,30,57.7,34,74.5,AI/ML,0
STU100416,22,Male,8.12,81.7,0,66.4,46.7,67.8,41.2,5,1,1,6.3,0,2,0,964,5,36.7,81.2,63.7,74.7,81.8,30.1,,AI/ML,0
STU100029,22,Male,7.3,72.8,0,41.8,57.8,35.1,62.3,2,1,1,4.6,3,2,0,739,1,79.5,54.4,55.5,49,58.2,12.9,74.1,Software Development,0
STU103689,25,Male,7.38,74.8,1,47.6,52.1,68.5,73.3,2,1,2,9.4,5,0,0,420,2,72.7,61.6,76.2,42.5,65,17.9,92,AI/ML,0
STU103491,20,Female,8,68.1,0,75.1,56,29.2,47.4,1,1,2,11,1,0,0,824,4,41,45.3,47.5,52.9,64.1,87.4,44.5,AI/ML,1
STU108794,22,Male,7.05,95.5,0,56.4,50.2,54.8,46.8,3,0,0,0,2,2,0,1184,2,58.1,56.4,73.6,63.8,75,46.3,68.1,AI/ML,0
STU108363,23,Male,7.45,70,0,62.1,61.3,29.7,77.3,2,0,3,10.5,2,0,0,918,1,68.3,41,60.2,32.2,44.7,20.7,72.6,Software Development,0
STU104947,23,Male,7.68,60.9,0,68.4,84.2,42.8,57.6,5,2,1,4.5,3,3,1,907,6,60.5,81.7,52.5,66.7,66.4,96.3,81.1,Software Development,0
STU104852,21,Female,8.77,77.8,0,85.9,69.2,42.5,68.2,1,1,0,0,6,1,0,587,0,74.9,43,73.2,50.1,75.6,43.8,66.4,Software Development,0
STU107466,22,Male,7.43,62.8,2,49.7,46.9,33.9,74.2,1,0,1,4,2,0,0,511,1,57,47.9,49.2,51,37.4,106.1,65.9,Data Science,0
STU101568,22,Male,8.31,93.1,2,60.5,63.2,55.5,39.4,2,1,0,0,2,0,0,610,1,82,67.9,71,29.6,22.6,29.3,75.6,Software Development,1
STU103172,22,Male,7.16,80.4,0,21.2,71.1,38.6,58.4,4,3,1,5.3,4,2,0,600,3,70.5,88.7,46.3,56.6,63.7,13.2,71.6,Cyber Security,0
STU109634,22,Male,5.56,85.8,0,15,54.5,64.1,15,3,2,1,6.5,1,2,0,824,2,58.6,60.3,75.6,27.5,48.9,38.6,62.7,Business Analytics,1
STU101498,20,Male,7.88,88.9,0,45.2,52.2,54.3,88.7,5,5,0,0.3,3,1,0,1012,7,42.3,83.5,63,48.6,25.2,38,87.1,Data Science,0
STU103921,22,Male,7.27,73.1,0,57.4,42.4,64.1,22.3,2,1,1,5.2,0,0,0,712,2,49.2,51.5,70.2,47.3,63.7,40.8,59.7,Cyber Security,0
STU108644,20,Male,7.83,82.3,0,26.4,54.5,66.7,49,1,0,4,20.2,2,2,0,633,1,79.5,55.2,71,73.8,45.2,66.8,86.4,AI/ML,0
STU107304,22,Male,8.17,78.6,0,35.5,59.7,72.7,89.9,1,1,2,6.5,1,1,0,743,4,66.7,49.3,75.8,52.7,65.6,34.5,87.5,Data Science,0
STU102231,22,Female,7.25,73.7,0,43.3,47.6,62.1,54.4,2,1,0,1.2,4,3,0,794,1,59.6,61.8,,38.2,77.8,55.3,88,Cyber Security,1
STU109480,23,Male,8.96,83.5,1,96.8,80.7,78.7,63.3,2,2,1,5.9,5,4,0,1372,2,65.4,58.7,91.7,55.4,27.1,54.8,91.4,Data Science,0
STU100361,22,Female,7.84,85.9,0,46,42.6,68.9,55.8,1,0,2,6.5,3,1,0,975,3,73.3,36.3,69.6,61.3,82.1,57.4,79.6,Cyber Security,1
STU104116,21,Female,7.82,85.9,0,36.6,51,44.3,91.1,0,0,1,3.8,3,3,0,281,2,49.7,62.6,68.8,63.9,30.2,84.3,64.4,AI/ML,0
STU102179,22,Female,5.75,,0,50.4,52.7,64.2,42.4,4,2,0,1.8,2,1,0,1145,6,55,60.5,61.7,47.4,65.4,55.4,98.5,Business Analytics,1
STU100561,22,Male,6.36,92.8,2,20.4,40.2,45.3,57.5,0,0,1,1.3,0,1,0,579,0,56.3,33,78.2,39.7,69.8,79.6,78,Data Science,0
STU104429,21,Female,7.21,76.4,2,41.2,93.5,63.8,56.9,4,2,2,8.9,3,0,0,487,4,,64.5,78.7,69.9,29.4,37.6,72.2,Cloud Computing,0
STU102031,23,Female,7.3,91.8,0,51.8,37.9,59,53.4,3,1,0,0.8,1,1,0,1042,3,75.1,64,61.3,77.4,45.9,36.3,77.5,AI/ML,0
STU100605,21,Male,7.6,67.1,0,40.9,53.2,59.8,61.8,3,1,0,0,2,4,0,582,3,79.1,77,66.7,61.6,74.3,39.9,,AI/ML,0
STU101332,21,Male,7.34,87,1,53.1,61.8,34.9,45.2,2,1,1,5.5,2,1,1,625,2,66.7,,64.5,52.2,50.2,24.6,70,Software Development,0
STU108490,20,Female,6.42,85,0,51.3,56.4,59.1,32.8,2,2,0,0,3,0,0,304,1,60.1,85.9,77.7,65.9,74.4,35.7,50.1,Business Analytics,0
STU108389,22,Male,7.2,83.1,0,53.9,40,68.8,67.3,1,1,1,8.2,2,1,0,646,0,60.2,44.9,75.5,39.8,44.9,42.6,63,AI/ML,0
STU104678,23,Male,7.73,90,0,67,40.5,55.2,50.4,3,0,1,4.7,4,0,0,1249,3,71.7,58.1,66.1,57.4,27.4,37.2,,Cloud Computing,0
STU103771,21,Male,8.14,90.6,0,54,52.9,59.7,61.1,0,0,0,0.6,2,0,0,1223,1,62,41.3,74.1,27.2,69,34,84,Data Science,0
STU108831,20,Male,7.2,96.5,0,39.6,62.6,79,42,0,0,4,16.7,4,1,0,658,1,85.1,54.4,74.3,25.8,58.6,86.7,65.6,Data Science,0
STU107057,25,Female,7.6,87.1,1,44.3,50.3,56.1,52.5,4,0,0,0,3,2,1,898,4,55.2,81,63.8,32.5,63.6,48.9,76.4,Data Science,0
STU101684,23,Female,8.37,69.7,0,82.5,81.6,51.6,55,0,0,0,0.7,0,0,0,892,1,,55.3,67.1,40.6,64.8,99,80.3,Software Development,0
STU104859,21,Male,8.06,77.1,0,49.6,58.4,50.3,51.7,1,0,1,3.4,1,1,0,471,0,73.4,59.4,66.3,86.6,53.5,13.2,61.5,Data Science,0
STU107649,22,Male,7.34,74.5,0,35.1,50.3,72.2,44.9,4,1,4,15.4,0,3,1,1179,5,79.3,70,66,71.8,100,102.9,81.1,AI/ML,0
STU108733,22,Female,6.25,92,1,40.1,43.6,47.4,42.2,5,2,0,0,1,2,1,723,4,62.5,69.8,78.9,57.1,68,41.9,58,Cloud Computing,0
STU106760,23,Female,7.46,88.3,0,67,45.5,35.2,30.2,1,1,0,0,4,2,0,265,0,78.2,33.1,72.9,61.1,68.5,22.4,,Cyber Security,0
STU100136,21,Other,7.53,59.5,0,34.2,68.9,47.9,58.1,3,3,2,10.7,1,1,0,100,3,69.9,60.6,78.5,46.9,60.7,68.6,,Software Development,1
STU109645,23,Male,7.22,80.5,0,39.2,47.3,33.6,42.9,4,0,0,0.8,2,1,0,687,5,57.5,57.3,42.1,45.2,80.1,67.1,70.9,AI/ML,0
STU103553,23,Male,7.76,83.8,0,49.8,44,71.5,44,3,0,4,19,3,2,0,403,4,76.5,58.8,69.8,53.3,71.6,108,86,Cloud Computing,0
STU100407,22,Female,8.29,89.7,2,42.8,51.8,85.8,68.6,0,0,3,12.6,1,1,0,593,0,73.5,42.6,87.7,33.6,63.6,53.1,,Cyber Security,0
STU107333,21,Male,6.28,77.8,1,35.5,55.9,40.2,38.7,3,3,3,12.4,8,0,0,312,2,74.4,63.3,54.5,84.5,53,71.8,58.3,AI/ML,0
STU108353,23,Male,6.36,78,0,45.6,43.8,58.9,34.9,2,1,3,12.9,4,4,1,292,2,70.8,88.5,70.6,68.2,51.5,54.2,76.3,Data Science,0
STU105614,23,Male,7.18,79.9,0,47.8,35.8,50.2,39.1,3,2,0,1.4,3,3,0,388,3,54.3,58.6,56.8,44.2,32.5,25.1,,Business Analytics,0
STU109533,21,Male,7.32,75,1,64.2,69,64,58.8,0,0,0,1,2,0,0,799,0,71,39.4,71,37.3,74.4,57.9,70.1,AI/ML,0
STU103855,22,Male,7.9,72.1,2,44.1,60.7,67.9,43.1,6,4,0,1.4,3,0,0,698,5,62.6,68,72.6,39.3,67.9,64,77,Data Science,0
STU104200,22,Female,6.83,82.5,2,67,53.9,64.9,46.7,1,0,1,6.1,0,1,0,517,5,56.1,54.7,75.4,54.5,54.9,47.9,,Business Analytics,0
STU108935,23,Female,6.32,83.6,0,51.2,41.6,67.1,40.5,2,0,2,6.1,4,1,1,811,2,68.9,63.2,69.6,46.8,48.4,62.6,62.5,Software Development,1
STU104205,23,Male,6.73,75.3,1,53.6,35.9,45.9,34.9,4,1,0,1.3,0,2,0,853,3,73.8,73.4,69.2,48.5,68.6,26.4,67.3,Business Analytics,0
STU102265,22,Male,7.09,84.3,0,50.1,49.9,58,78.3,2,0,1,6.5,2,0,0,605,1,58.5,53.6,58.5,58.8,76.9,48.7,71,AI/ML,0
STU104520,20,Female,8.27,85.7,0,55.9,70.6,56.2,68.1,3,3,3,11.8,1,1,0,515,2,66.2,71.5,70.6,44,26.6,51.7,75.4,AI/ML,0
STU102202,22,Male,7.29,86.7,0,69.6,57.9,48,42.2,6,2,0,0,2,2,0,946,6,60.4,83.2,65.9,51.7,54.5,17.3,78.2,Business Analytics,0
STU102611,20,Male,7.46,62,0,36,58.6,58,67.5,3,0,2,5.5,0,1,0,726,2,71.4,62,76.3,45.5,66.8,135.6,90.2,Cloud Computing,1
STU101537,23,Male,5.59,98.2,0,32.9,27.6,41.4,20.9,2,2,2,8.9,0,1,0,779,1,55.5,58.8,76.4,53,32.8,27.5,66.9,AI/ML,0
STU101231,21,Female,8.13,84.4,0,49.8,58.8,26.8,70.3,5,1,0,0,1,3,1,889,4,57.7,73.8,66.9,72,51,67.2,74.1,Software Development,0
STU109657,21,Male,7.77,99.1,1,51,49.7,64.4,72.4,2,0,0,1,2,1,0,917,3,68,,51.4,63.8,45.2,130.6,99,Cyber Security,0
STU108480,22,Male,7.85,91.6,1,78.4,51.2,54.3,51.7,2,1,1,5.1,3,0,0,1027,2,66.4,65.9,82,72.4,68.6,,74.9,Software Development,0
STU108059,23,Female,6.76,94,0,58.3,62.8,,75.4,2,2,2,8.4,2,3,1,1107,2,50,60.5,59.7,39,73.3,75.9,,Software Development,0
STU104499,22,Male,8.88,76.6,0,86.5,81.4,51.6,68.1,2,0,2,6.1,0,3,1,606,2,60.1,62,79.6,65.2,36.3,88.1,75.9,Business Analytics,0
STU103818,22,Female,8.19,84.4,1,62.8,45.7,37.4,67.5,7,4,0,0.9,1,1,1,883,7,70,93.4,69.3,84.2,65.6,69.7,60.5,AI/ML,1
STU105231,23,Female,8.23,70.1,0,75.5,59.5,,48,6,2,0,0,4,0,0,743,5,52.6,71.2,70.7,63.2,49.7,72.1,73.2,Software Development,0
STU105613,21,Male,8.27,67.7,0,72.1,76.2,59.6,63,2,1,0,0.5,3,1,0,833,3,42.3,70.6,58.1,63.3,42.8,35.5,81.5,AI/ML,0
STU103618,21,Male,7.69,85.4,1,81.3,62.4,64.4,56.9,3,1,0,0,3,0,0,852,6,52.9,64.5,85.2,35.6,44.9,38.2,70.3,Data Science,0
STU109286,22,Male,7.11,83.4,0,47.1,63.4,73.8,54.4,4,3,2,6,4,1,0,856,7,59.2,71.1,75.4,53.6,63.5,7.3,76.7,AI/ML,0
STU104278,21,Female,6.86,85.2,1,28.5,24.6,69.2,59.5,1,0,0,0,2,0,0,246,2,62.8,54.7,78.2,52,76.2,56.7,61.5,Cloud Computing,0
STU103379,21,Male,6.16,79.5,1,62.3,31.6,41.1,39.8,4,1,2,6.8,1,0,0,946,3,54.7,66.2,60.1,62,63,22.7,64.3,Business Analytics,0
STU104106,23,Male,8.04,79.8,1,69.1,47.2,57.4,76.8,0,0,0,0.3,2,2,0,970,0,71.2,50.8,77.1,46.8,69.8,110.4,77.9,Cloud Computing,0
STU106707,21,Female,7.38,79.3,0,57.9,37.3,69.4,45.5,1,1,1,2.4,1,1,0,695,1,47.1,67.7,95.1,44.8,62.6,25.8,86.3,Software Development,0
STU100899,22,Male,8.21,77.1,2,63.8,62.8,67.2,62.8,5,1,1,1.6,4,1,0,611,5,85.3,79.1,70.7,61.4,55.3,42,84,Software Development,0
STU108756,21,Male,7.94,75.7,0,61.8,51.7,49.1,52.9,2,2,2,8.5,2,1,0,461,1,62.6,70.3,70.2,28.7,47.4,21.7,60.9,Cloud Computing,0
STU106803,22,Female,8.42,71.3,0,71.5,65.2,26.6,50.4,1,0,1,2.4,4,3,0,859,0,68,68.8,64.7,65.6,70.2,67.8,,Cloud Computing,0
STU104350,22,Female,8.45,85.4,0,53.9,62.2,39.4,50.3,0,0,1,3.2,2,0,0,689,2,57.6,64.2,72.6,47.3,36.3,49,70.8,Software Development,0
STU105299,22,Male,6.86,90,2,37.8,74.5,45.1,45.1,6,1,1,2.2,2,5,0,493,6,64.9,81.7,84.2,55.6,66,76.4,81.3,Data Science,0
STU108249,23,Male,7.07,78.1,1,59.1,61.3,73.3,63.6,1,0,3,14.5,3,3,0,1043,3,44.4,49,85.5,60.9,55.9,24.2,85.8,Cyber Security,1
STU106386,24,Female,8.46,79.5,0,60.9,71.7,81.4,41.3,2,1,1,1.6,3,1,0,832,4,84.3,50.5,75.6,22.3,94.5,59.9,71.8,AI/ML,0
STU100374,23,Female,9.19,69.8,2,65.5,57.1,68,62.9,2,1,0,0.3,0,1,0,913,1,64.5,57.6,73.9,50.4,33.3,51.1,83.7,Cyber Security,0
STU106932,23,Female,7.68,92.1,0,31.5,37.8,42.4,41.5,2,1,3,13.8,3,1,0,672,2,64.1,63.3,67.3,54.1,47.4,21.6,,Cloud Computing,0
STU100272,22,Female,10,84,0,85.8,58.4,83.6,71.1,1,1,0,2.7,1,0,0,754,1,49.4,52.5,,41.7,30.5,97.7,97.1,Data Science,0
STU107331,22,Male,7.67,70.9,1,63.7,68.6,54.4,78.4,4,0,2,4.2,5,1,0,644,6,84,60.1,62.9,60,78.4,55.3,75.5,Software Development,1
STU107955,21,Male,7.28,86.1,0,51.7,46.6,47.9,58.5,1,1,2,11.7,3,5,0,433,1,59.1,63.3,68.7,53.8,43.3,25.7,59.3,Data Science,0
STU105560,20,Male,6.73,81.7,1,82.5,65.6,65.8,51.8,1,1,2,7.9,1,4,1,986,2,55.4,54.4,68.5,54.1,50.7,61.4,78.4,Business Analytics,0
STU104309,22,Male,6.7,85.6,0,47.2,41.2,51.8,71.5,1,1,1,4.4,2,0,0,800,1,58.4,57.3,71.3,40.6,72.4,31.1,76.1,Cloud Computing,1
STU106765,21,Male,7.53,84.1,0,51.6,64.7,68.5,74.4,5,0,2,8.5,1,2,1,588,5,74.5,88,76.7,62.3,76.1,67.3,82,Cyber Security,1
STU107315,21,Male,6.87,95.2,0,37.3,51,53.1,43.3,4,3,2,11,2,3,0,690,4,54,45.1,76.1,46.2,61.3,17.6,73.4,Software Development,0
STU107752,22,Male,8.42,95.4,0,53,72.5,53.5,54.4,3,1,0,0,3,4,0,916,5,56.8,49.2,62,74.4,86.6,33.5,72.7,Software Development,0
STU103943,21,Male,8.43,86.6,0,68.8,62.5,49.1,64.9,2,0,0,0,0,1,0,806,2,55.1,56.5,69.7,32.8,25.7,40.1,75.3,Software Development,1
STU109012,21,Male,7.62,93,3,44.4,47.9,67.7,64.8,1,0,1,4,6,3,2,617,1,73.6,54.6,70.8,62.6,49,78.2,71.5,Software Development,0
STU103284,23,Male,8.34,92.8,1,61.8,69.4,45.6,76.6,3,2,1,2.4,1,0,0,959,2,39.9,53.6,85.8,58.8,100,44.9,68.5,AI/ML,1
STU100431,21,Male,7.83,61.9,0,48.2,51.5,85.9,29.8,0,0,0,0,1,0,0,870,2,67.6,40,83.4,47.1,57,52.1,80.1,Data Science,0
STU100488,22,Male,6.7,83.9,1,51.8,45.3,48.8,32.3,3,1,1,3.8,1,0,0,715,2,60.2,71.6,56.8,84.9,74.6,74.7,74.3,Data Science,0
STU105531,21,Male,7.04,89.2,0,35.2,60.2,51.9,43,4,1,1,6.6,1,0,0,467,4,54.2,,88,40.7,55.5,27.5,65.1,Cloud Computing,1
STU102996,21,Female,8.38,73.7,1,48.7,59.4,43.4,70.3,1,1,0,0,5,1,0,510,1,50.6,41.9,59.7,31.7,73.3,43.2,71.4,Cloud Computing,1
STU104965,21,Male,7.26,86,0,36.5,57.3,65.7,47.1,3,1,1,5.5,1,0,0,724,4,82.6,51.1,53.4,38.1,21.5,108.2,69.8,Data Science,0
STU100707,21,Female,8.7,,1,74.7,78.7,57,79.8,2,2,2,9.4,1,1,1,864,4,71.7,68.8,69.5,83.5,60.6,114.5,54.2,Cloud Computing,0
STU104829,23,Male,6.15,81.7,1,38,36.4,46.2,58.3,2,0,2,6.1,2,1,0,453,1,69,41.9,79.5,53.6,57,38.5,55.2,Cloud Computing,0
STU105636,19,Female,9.17,84.2,1,58,78.3,39.5,55.4,2,1,1,2,2,0,0,818,4,63.1,43.8,67.9,48,49.5,42.7,72.4,Data Science,0
STU103444,21,Male,6.37,93.9,0,45.6,61.6,33.4,33.9,0,0,0,1.9,2,4,2,972,0,52.3,49.5,62.3,49.6,67.6,40.9,55.4,Software Development,0
STU106446,24,Male,6.78,93.7,0,52.6,58.2,26.5,50.5,2,2,2,11.4,3,2,0,740,1,56.6,52.9,58.5,37.6,66.5,31.1,,Cyber Security,1
STU108899,22,Female,8,76.6,1,60.3,50.1,70.3,50.2,3,1,3,8.4,0,0,0,978,3,,75.1,66.7,48.2,33.8,48.5,63.4,Business Analytics,0
STU103750,23,Female,8.69,82.8,0,64.9,76,66.2,60.5,3,0,1,4.8,0,1,0,893,3,56.5,63.8,90,54.6,69.5,32.8,95.2,Data Science,0
STU101444,23,Female,6.76,91.1,0,27.6,54.7,51.3,44.2,4,1,0,1,0,1,0,503,4,52.2,62.1,58.2,51.4,48.3,115.7,,Data Science,0
STU106136,22,Male,7.58,87.3,0,59.3,49.4,68.9,44.6,4,0,3,12.5,3,0,0,906,3,79.1,84.3,76.7,79.2,26.4,48.2,65.5,Software Development,1
STU108038,20,Other,7.26,79.7,0,15,42.6,66.7,40.9,7,2,0,0,2,0,0,617,8,63.1,54.5,72.7,25.6,80.8,33.8,69.3,Data Science,0
STU107715,21,Male,7.46,70.4,1,47.2,35.2,74.9,44.7,5,3,0,0,3,2,0,582,6,55.4,79.7,90.1,65.7,66.4,25.5,78.7,Software Development,0
STU108049,23,Female,6.79,73.1,0,61.6,43.6,89.8,56.4,3,0,1,3.5,1,0,0,984,3,66.5,59.2,82.6,31.1,63.4,115.4,72.5,Software Development,1
STU103114,23,Female,8.69,77,1,66.6,92.6,47.7,61.5,5,3,2,4.7,2,3,0,1008,6,91,70.6,73.6,69.7,65.9,,79.1,Software Development,1
STU109752,23,Male,6.32,94.7,0,54,44.7,55.8,36.6,0,0,0,0,7,3,0,1031,0,83.3,50.1,82.6,47.3,45.7,61.3,58.6,Software Development,0
STU109433,21,Female,6.31,62.3,0,55.4,18,52.8,59.3,4,0,1,2.2,1,0,0,809,3,,74.5,76.5,55.9,72.5,18.3,71.8,Data Science,0
STU105935,20,Male,7.35,91.4,0,51.5,51.1,63.2,41,3,1,1,4.5,2,0,0,566,3,57.3,62,51,35.2,69.9,49.7,72.7,AI/ML,0
STU100342,22,Female,8.52,73.1,2,77,58.8,76.4,67.3,3,1,1,4.9,1,0,0,952,5,49.9,56.7,80.1,59.5,65.4,76.7,80.4,AI/ML,0
STU105811,24,Female,7.21,80.1,1,53.6,52.8,38,,0,0,0,0.4,2,0,0,1086,1,63.7,43.7,63.8,45,93.3,65.1,73.8,AI/ML,1
STU103313,22,Other,7.76,90.2,0,28.1,45.7,43.4,44.9,1,0,0,0.4,2,1,0,260,1,76.4,39.1,54.8,41.8,63.6,14,52.2,Business Analytics,0
STU100691,22,Male,6.38,93.5,0,,54.4,78.2,31.3,2,1,1,1.7,4,0,0,979,2,69.2,79.3,76.3,47.8,55.9,67.9,80.5,Business Analytics,0
STU106578,20,Female,8.24,83.6,0,70.8,50.8,29.2,54.7,5,4,0,0,1,1,0,692,5,66.9,86.9,59,62.7,61.9,40.3,60.6,Business Analytics,0
STU104662,21,Female,6.7,88.6,0,41,32.4,77.1,40.5,6,2,0,0,1,0,0,589,5,57.4,83.4,73.8,56,62.9,84.9,88.3,Cloud Computing,0
STU105838,21,Male,7.37,93.2,0,65.6,51.4,40.9,41.7,1,1,1,5.4,1,1,0,886,2,52.8,61.1,79.3,55.1,50.2,6.8,78.6,Software Development,0
STU105735,21,Male,10,76.6,1,80.6,63.5,71.1,61,5,2,1,4.5,3,0,0,1083,4,66.5,78.6,58.5,39.8,57.4,62.1,89.9,Software Development,0
STU105611,23,Female,7.95,83.4,0,57.7,50.8,59.1,67.4,3,3,2,7.8,1,2,1,837,3,51.4,58.8,77.3,53.4,38.4,68.6,,Software Development,0
STU101674,22,Female,7.84,83.8,0,54.3,59,73.2,52.6,2,2,0,1.5,1,2,1,620,2,54.8,52.9,77.2,35.7,97,70.7,64,Cyber Security,0
STU106279,23,Male,7.39,85.4,0,57.4,68.2,45.3,41.6,2,2,0,0,3,2,0,831,1,63.7,52.8,59.8,27.4,80.9,50.2,60.9,AI/ML,1
STU109919,21,Female,7.35,,1,62.3,65.4,79.3,70.2,1,0,2,10.2,2,1,0,508,0,66.6,39.3,71.2,80.1,19.9,71,88.3,Cloud Computing,0
STU108628,20,Male,7.13,75.5,1,48.6,52.4,84.6,41.4,2,2,0,1,2,2,0,252,2,68.3,50.1,83.2,57.5,38.5,76.2,64.7,Data Science,0
STU109695,21,Female,8.78,92.5,0,46.6,67.4,52.9,69.2,3,2,0,,1,0,0,506,5,63.6,33.9,54.7,54.8,87.8,99.9,86.5,Cloud Computing,0
STU101098,22,Female,6.72,84.8,1,50.2,51.3,65.2,15,1,0,1,5.7,3,1,0,938,2,80.9,36.8,66.5,70.6,71.6,,64.3,Software Development,0
STU108706,21,Other,7.45,82.1,0,40.2,55.2,49.6,73.2,2,0,0,0,0,2,0,718,1,59.7,57,81.2,78.1,84.9,13.5,87.9,AI/ML,0
STU109159,21,Male,8.54,83.6,0,84.6,59.3,74,71.3,2,1,1,4.7,4,3,1,1188,3,63.8,50.7,89.5,52.4,34.6,57.1,69.2,Cloud Computing,0
STU101193,21,Female,7.12,67.1,0,51.8,47,52.5,54.8,4,0,0,2.4,2,1,0,341,4,55.7,69.4,52.2,71.4,72,115.7,67,Software Development,0
STU106600,23,Female,7.7,92.3,0,68,46.2,54.7,53.6,4,0,1,3.6,0,2,0,1090,3,52.7,70.9,74.5,49.5,54.4,52.9,54.2,Business Analytics,0
STU109453,24,Male,6.08,84.3,0,,20.7,48.4,31,4,2,0,1.6,0,1,1,426,3,65.2,61.1,60.8,53.8,38.1,,61.4,Software Development,0
STU100581,19,Male,8.23,80.4,0,57.2,53.7,69.6,68.3,3,2,3,16.7,2,1,0,655,3,70.4,60.1,52.7,45.1,64.5,48,78.1,Business Analytics,0
STU102925,21,Female,7.32,82.4,0,45.8,44.6,61,73.5,3,3,3,10,3,1,0,269,2,78,47.7,67.4,45.9,77.5,73.5,100,AI/ML,0
STU107418,21,Female,6.37,83.4,0,71.7,51,46.4,58.7,2,0,1,5.4,2,2,0,728,5,66.1,56,54.4,71.6,48.5,37.9,66.1,AI/ML,0
STU106112,21,Male,6.94,88.2,1,28.9,56.3,46.2,46.6,6,2,1,2.3,1,1,0,939,7,76.1,69.4,83.6,29.2,45.2,70.5,68.9,Cloud Computing,0
STU108689,21,Female,7.51,81.5,0,52.4,44.7,46.5,27.5,4,0,1,5.4,3,0,0,891,3,60.4,62.9,70,54.8,84.3,108,55.8,Cloud Computing,0
STU104424,21,Male,7.95,84.6,0,89.2,52.3,70.8,58.2,1,1,2,7.3,2,2,0,1073,1,68.4,60.9,70.4,40.9,71.5,50.9,,Cloud Computing,0
STU107013,21,Male,6.67,80,1,42.9,39.4,40.1,67.3,1,1,1,1.8,1,0,0,651,0,35.6,45,61.3,50.7,49,82.6,84.5,Business Analytics,0
STU103942,21,Male,8.11,79.1,0,59.7,86.9,64.5,62.8,0,0,3,9.3,1,4,0,947,0,72.4,45.5,,81.2,64.1,80,80.1,Business Analytics,0
STU108107,22,Male,8.07,90.9,2,49.1,42.1,56,70.6,3,1,2,6.7,1,0,0,860,3,67.8,57.4,86.8,29.1,76.4,56.2,88.4,AI/ML,0
STU102584,22,Female,8.11,70.2,1,71.6,94.6,63.2,49.3,0,0,0,0,3,0,0,771,1,55.5,41.2,62.7,46.6,71.9,41.1,69.4,Cyber Security,0
STU103608,23,Male,6.57,68.7,1,44.8,86.8,56.2,82.7,5,0,0,1.5,2,1,0,341,5,62.5,77.4,90.5,77.7,88.8,27.4,98.9,Business Analytics,0
STU109370,23,Male,8.65,87.5,0,82.2,76.2,69.2,48,3,1,0,2.4,3,1,0,882,2,67.1,74.9,69.4,48.4,75.3,78.1,68,Cyber Security,0
STU104136,21,Female,6.3,100,0,45.3,65,56,51.5,2,0,1,4.7,6,2,1,200,3,77.4,73.9,74.6,52.5,58.7,67.9,83.9,AI/ML,0
STU103355,21,Female,9.15,87.3,1,66.5,61,67.3,61.3,3,1,0,0,4,2,0,471,4,73,64.5,71.3,67.4,61.9,49.9,56.5,Software Development,0
STU101391,21,Female,7.53,90.7,0,52,46.7,56.5,43.6,4,2,0,1,2,0,0,420,3,54.1,65.1,74.4,50,42.3,96.5,70.4,Data Science,1
STU107708,20,Male,6.58,82.6,2,15,53,65.2,37.8,4,1,0,0,0,0,0,261,5,55,73.1,85.9,56.6,40,70.8,58.1,Data Science,0
STU104067,21,Female,7.17,80.7,0,19.6,74.8,68.8,48.4,2,2,3,16.4,1,2,0,538,1,58,55.7,75.7,50.9,59.6,66.8,81.7,Data Science,0
STU104113,21,Male,7.07,86.5,0,52.9,36.6,61,41.6,1,0,0,0,2,1,0,912,1,63,63.4,76.3,28.3,73.4,76.5,65.7,Data Science,0
STU109718,22,Male,8.37,66.6,0,44.9,52.1,60.8,59.5,2,1,0,0.7,2,1,0,458,3,56.9,55.5,68,46.7,42.6,72.4,64.6,AI/ML,0
STU108798,23,Female,7.92,85,1,61.4,71.9,41,30.9,2,0,1,5.2,1,0,0,631,2,64.1,43.3,74.4,53.8,62.9,94.2,62.3,AI/ML,0
STU109065,21,Male,7.73,86.1,0,64.1,44.9,,51.7,2,1,1,5.5,1,2,0,501,3,82.5,45.2,68.2,45,42.7,25,61.8,Business Analytics,0
STU108005,22,Male,5.73,84.8,2,29.7,35.6,51.3,34.9,3,2,0,0,5,0,0,754,2,,47.7,65.7,62.8,49.5,67.2,50.8,Business Analytics,0
STU105329,22,Male,6.7,72.3,1,61,50,76.2,40.6,4,2,0,0,1,5,0,704,3,60.4,62.5,,51.2,70.4,38.3,66.2,Data Science,0
STU105678,22,Female,7.98,100,0,54.9,64.8,58.9,58.6,2,0,0,0.2,5,2,0,886,1,50.4,67.2,65.6,22.6,49.3,22.2,56.4,Software Development,0
STU100615,21,Female,6.6,78.3,0,30,46.8,63.9,57.1,2,0,1,4.3,1,1,1,209,2,72.4,67.9,69.2,51.5,30,72.1,84.7,Software Development,0
STU108741,22,Male,7.7,80,0,77,69.9,56.6,37.8,3,1,2,11.6,0,0,0,1303,3,54.3,53.8,66.2,55.7,54.8,21.5,65.2,Business Analytics,0
STU102906,22,Female,8.47,,0,68.7,88.9,51.2,100,3,2,0,0,4,1,0,1124,4,60.5,63.2,83.5,41,58.7,47.3,83.9,Software Development,0
STU109437,21,Male,6.31,74,1,54.1,28.9,58.8,40.8,3,2,0,0.2,2,1,0,837,3,60.3,71.7,64.4,37.2,75,47.9,54.9,AI/ML,0
STU105842,21,Male,7.66,89.4,0,49.9,56.1,71.7,40.3,4,2,1,4.8,2,2,0,753,3,67.1,67.1,76.1,74.9,20.6,58.1,58.8,Software Development,0
STU101653,22,Female,7.43,86.4,0,54.3,68.2,68,54.9,5,0,1,3.3,1,1,0,740,6,53.7,62.3,63.7,74.5,48.2,11.8,71.4,Software Development,0
STU107899,21,Male,7.4,75.5,1,50.3,56.5,51.9,55.6,2,0,2,8.6,1,0,0,1154,3,54.8,60.3,57.9,57.5,65.2,14.2,76.6,Data Science,0
STU102676,22,Male,7.01,72.1,2,42.8,75.9,93.9,,3,1,0,0.3,4,0,0,788,2,55.2,57.8,80,54.3,50.7,134.2,84.5,Data Science,1
STU101423,22,Male,7.74,84.1,1,36,47.2,66.3,63.4,3,0,0,2.6,1,1,1,1054,3,61.8,67.5,79.2,32.5,73.1,29,72.9,Data Science,0
STU103858,22,Male,7.82,81.9,0,53.4,52.5,57.9,59.8,2,0,1,4.6,0,1,0,716,4,77.2,40.6,82.2,31.3,75.5,59.1,77.2,Software Development,0
STU106632,21,Male,9.11,66.9,1,48.2,68.7,41.9,91.6,1,0,0,0,5,1,0,543,2,71.1,41.2,67.8,57.9,65.2,35.4,90,Business Analytics,0
STU102839,23,Male,8.6,90.1,0,51.5,61.9,55.2,59.3,3,2,1,6.1,2,0,0,831,3,53.1,58.3,74,61,27.3,53.7,89,AI/ML,0
STU102180,21,Female,7.28,79.9,0,76.4,44,53.6,67.4,1,1,1,3.8,0,2,0,920,0,48.2,50.9,74.3,43.1,66.2,27.7,71.9,Data Science,0
STU104585,21,Male,7.22,65.4,0,65.1,74.9,73.8,63.1,2,2,2,9.3,1,0,0,838,2,48.3,58.3,76.9,46.9,54.6,61.8,88.6,Software Development,1
STU100016,21,Female,6.95,84.4,1,44.3,52.8,56.2,32.6,4,2,1,3.8,1,2,0,914,3,71.8,61.5,,44.4,84.7,35.6,55.8,Software Development,0
STU100979,20,Male,5.38,78.8,2,44.2,44.7,45.2,33.9,4,1,1,5.4,3,1,1,878,4,48,68.3,73.6,38.6,47.8,,64.6,AI/ML,1
STU109925,23,Male,7.93,83.3,0,38.2,56.1,39.4,72.7,1,1,0,0,3,2,1,625,0,53.8,52,60.6,69.6,51.5,41,87.3,Cyber Security,0
STU100700,21,Male,7.19,79.6,1,56.7,39.7,48.4,49.4,5,3,1,2.3,1,2,0,825,7,56.6,69,64.3,35.2,83.6,91,78.3,Data Science,0
STU107585,23,Male,8.13,73.5,0,66.4,61.8,64.3,53.5,1,0,0,0,1,1,0,838,2,63.2,58.9,92.1,55.4,72.6,65.1,67.4,Cloud Computing,1
STU104413,23,Male,8.01,74.3,0,46.7,73.5,28.6,64.5,3,0,0,2,1,1,0,486,2,69.2,60,66.8,20.6,74.6,38.1,70.7,Business Analytics,0
STU101678,22,Female,6.04,99.6,0,42.5,41.8,66.5,72.8,4,0,1,5.1,2,0,0,545,3,,59.9,87.3,44.6,60.3,81,86.4,Data Science,0
STU102005,20,Female,8.7,82.7,3,42.5,53.7,59.6,71.6,2,2,1,,2,1,0,935,2,82.5,66.3,65.3,61.4,50.1,39,75.3,Data Science,0
STU102636,23,Male,9.24,70,0,83.2,83.8,53.5,77.1,2,1,1,6.3,2,1,0,976,3,70.4,66.2,67.3,57.6,77.7,33.7,66.6,Cloud Computing,0
STU100661,20,Female,5.96,90.6,4,49,74.5,70.5,61.5,3,1,2,3.8,3,1,0,1080,4,75,56.5,70.2,58.2,52,73.5,75.6,Cyber Security,0
STU108381,20,Male,8.65,71.6,1,72.9,53.9,53.2,60.5,1,1,1,4.4,4,1,0,645,1,83,79.1,63.5,69.7,64.4,66.4,89.6,AI/ML,0
STU102872,21,Female,7.55,98.5,1,50.1,44.9,49.4,51.9,2,1,2,6.3,2,0,0,1019,2,57.9,57.4,69.1,61.9,76.9,96.2,80.3,Software Development,0
STU102463,22,Female,8.41,100,1,51,69.4,64.6,78.7,5,2,2,10.5,1,1,0,434,5,74.4,76.5,62.6,64.3,74.8,44.7,85.5,Cyber Security,0
STU104805,21,Male,7.41,81.1,1,50,35.7,68.7,48.3,1,0,0,1.5,2,0,0,792,2,50.3,52.8,75.6,31.1,52.1,,78.4,Cyber Security,0
STU108054,22,Female,7.82,79.3,1,38.9,77.3,47.8,62.4,1,0,1,5.9,3,2,0,999,1,74.9,48.7,65,53.4,34,71.5,65.1,AI/ML,1
STU102781,23,Male,7.99,96,1,59.1,56.7,42.3,70.1,5,1,0,0.3,0,2,0,506,5,56.5,72.5,61.3,28.4,74.2,56,,Data Science,0
STU108066,21,Male,7.14,70.6,2,92.6,66.8,66.2,33.9,2,1,0,0.5,4,1,0,876,3,67.6,71.4,71.3,46.8,21.8,47.1,91,Software Development,1
STU109528,21,Male,7.6,65.3,0,47.7,53.7,66.5,38.3,5,2,0,0,3,2,0,1143,5,66,77.9,76.6,70.4,81.4,76.2,73.6,Software Development,0
STU100832,23,Male,7.27,92.3,0,41.5,57.2,43.4,55.3,4,2,0,0.5,0,0,0,769,3,56.7,73.6,68.5,46.7,50.2,61.9,82.7,Cyber Security,0
STU100721,22,Female,8.85,90.3,1,45.4,85.7,71.5,85,8,0,0,0,1,2,0,481,8,58,76.8,79.9,59.3,54.8,35.4,84.2,Software Development,0
STU106197,23,Female,7.33,80.5,0,53.5,61.9,44.5,58.6,3,0,1,4,1,2,1,848,3,62.3,45.7,66,67.9,10,82.5,75.2,Data Science,0
STU101914,19,Female,7.89,90.8,1,62.4,51.3,55.8,61.6,6,1,2,7.3,3,4,0,644,5,79.2,83.3,65.2,75.5,35.9,41.1,70.3,Cyber Security,0
STU108769,21,Female,8.45,81.4,1,66.1,56.9,70.1,39,2,0,0,0,3,4,0,1051,2,62.6,50.4,82.4,78,37.9,55.8,53.3,AI/ML,0
STU107906,23,Male,8.63,74.2,0,76.5,87,58.5,79.7,2,1,0,0,2,1,0,930,2,50.7,63.6,75.9,65.1,67.1,94.8,74.2,Data Science,0
STU100595,20,Male,7.16,94.4,0,54.4,58.9,54.6,65.9,5,2,3,,2,0,0,808,5,71.2,59.5,72.9,78.1,30.4,46.5,75.4,Software Development,0
STU105200,21,Female,7.93,77.4,0,81.6,65,44.6,68.8,3,1,0,0.2,2,0,0,751,3,69.1,69.3,,67,85.7,25,69.3,Data Science,0
STU103214,21,Male,7.55,71.2,2,62.7,29.8,58,61.6,3,0,0,0,4,0,0,998,4,72.3,58.2,65.9,79.6,59.4,12.6,62.7,Software Development,0
STU105386,23,Male,6.52,93.3,1,34.5,40.9,45.1,34.4,5,3,1,3.6,1,0,0,381,5,44.4,68.9,75.3,42.2,40.9,17.5,60.4,Software Development,0
STU103700,20,Male,6.61,95.3,2,49.9,59.7,61,55.7,5,3,2,8.8,2,2,0,728,4,57.1,72.6,81.6,61.6,58.7,13.7,76.3,AI/ML,0
STU105731,19,Male,8.8,100,0,49.7,63.7,44.4,54,1,0,0,0,3,2,1,661,0,69.9,,69,55,47.2,97.7,77.8,Software Development,1
STU109591,21,Male,6.98,,1,33.8,25,64.7,41.6,2,1,0,1.1,1,2,0,369,1,47.2,69.5,84.4,58.5,44.5,37,57.4,Data Science,0
STU100154,21,Male,7.71,76.8,1,24,54.2,55.8,49.7,2,1,3,15.7,3,2,0,360,5,67.4,68.8,82,59,64.3,23.7,64.4,Data Science,0
STU108115,22,Male,7.71,94.1,0,39.9,43.3,67.1,38.1,2,0,2,9.4,4,0,0,900,1,62.6,66.1,77.1,69,62.8,29.6,63,Data Science,0
STU108484,23,Male,6.45,76.5,0,72.7,62.8,71.3,54.7,2,1,0,0.9,0,0,0,524,1,60.8,58,86.4,40.5,63.5,56.4,71.6,Software Development,0
STU104098,23,Male,7.48,78.1,0,42.9,47.1,77.1,49.8,3,0,1,1.2,1,1,0,862,3,57.3,62.4,68.4,71.5,75.2,35.7,73.1,Business Analytics,1
STU102518,23,Male,6.53,82.7,0,54.2,54.2,77,22.7,4,1,1,2.6,2,0,0,838,3,77.8,67.8,74.9,15,60.3,114.9,61.8,AI/ML,0
STU103163,22,Male,7.95,85,1,76.4,80.4,55,57.6,3,3,1,4.6,1,1,0,805,3,63.7,62.4,48.1,58.3,20.2,24.9,80.4,Business Analytics,1
STU101600,21,Male,6.95,87.8,0,62.3,46.4,75.7,57.6,5,2,1,4.8,2,0,0,911,7,78.7,69.5,75.2,45.5,45.9,39.5,62.6,Software Development,1
STU107514,22,Female,7.26,68.6,1,59.2,81.5,56.8,46.5,5,1,2,9.6,0,3,0,659,4,51.3,61.6,77.9,51.7,54.5,63.6,59.3,Cyber Security,0
STU101849,21,Male,6.18,81.7,2,46.8,52.3,78.3,55.2,2,1,3,11.7,2,1,0,453,3,86.7,70.6,68.9,50.1,48.2,69.4,89.9,Business Analytics,0
STU100116,21,Female,9.25,79.3,0,51.4,76.9,44.9,57.6,2,0,2,8,1,2,1,894,1,58.5,46.2,64.8,72.1,64.1,156.4,63.5,Cyber Security,0
STU109940,20,Male,7.35,95,0,71.1,69.5,89.2,66.5,5,1,0,0,2,0,0,392,4,73.6,73.9,82.1,59.4,27.4,39.2,83.1,AI/ML,0
STU109560,19,Male,7.71,80.6,0,55.3,58.2,40.3,57.1,6,3,0,2.3,2,4,1,858,5,58.4,69.7,48.9,34.3,21.9,47.8,62.9,AI/ML,0
STU105401,21,Female,7.88,76.7,1,57.3,69.6,61.3,29.9,6,1,0,0.2,0,0,0,807,6,39.9,62.1,65,70.5,82.4,119.9,69.6,Cyber Security,0
STU108333,24,Female,7.4,75.7,1,39.9,58.2,75.8,40.6,5,2,0,0,5,0,0,797,7,58.4,85.3,87.7,56.9,48.1,104.8,69.4,Cyber Security,0
STU103675,20,Male,7.92,,0,70.6,66.4,60.6,61,4,0,1,2.8,4,1,0,980,5,64.5,65.3,87.8,58.1,78.4,36.4,62.9,Software Development,0
STU103431,20,Female,7.08,79.1,3,57.6,58.3,44.9,47.8,2,0,0,0,0,3,0,559,1,59.4,59.7,71.3,62.5,63.4,46.5,62.9,Data Science,0
STU109824,22,Female,7.83,64.5,1,47.9,64.1,55.3,41.2,3,0,1,4.5,0,0,0,513,3,56.4,58.1,83.7,52.5,50.7,66,69.7,Business Analytics,0
STU106398,20,Male,6.66,89,1,35.4,56.9,55.7,57.2,2,1,0,1.6,2,2,0,737,3,75.7,57.9,83.4,62.3,49,58.7,85,Data Science,1
STU103888,21,Male,7.42,79.8,1,31.7,,54,57.7,2,0,0,1.1,0,2,0,612,3,,48.8,64.4,76.6,88.6,87.1,70.5,AI/ML,0
STU107208,23,Male,6.82,85.1,0,61.3,46.8,68.9,26.7,5,1,4,17.3,5,0,0,1051,4,89.1,72.4,62.3,55.1,85.1,10.4,66.3,Software Development,0
STU100980,22,Male,7.71,81.7,1,69.9,71,54.3,50,5,3,1,4.7,0,2,1,1031,6,50.1,83.7,81.3,35.5,69.9,88,66.7,Cloud Computing,0
STU106677,22,Male,6.46,78,2,21.3,45.3,45.9,34.6,2,1,1,3.2,4,1,1,664,2,88,74.2,65.3,66.5,65.3,78.1,56.1,Software Development,0
STU109280,22,Female,6.5,,0,45.8,64.9,61.3,53.8,0,0,1,4.1,4,1,0,1043,2,64.5,50.8,82.8,33.8,83.9,12.3,72.8,Data Science,0
STU104423,20,Other,8,78.1,1,57.8,91.8,42.9,65.1,4,3,1,3.5,2,1,0,534,5,47.9,72.4,87.4,46,71.4,35.9,73.4,Software Development,0
STU100998,22,Other,8.16,72.5,2,41.8,77.4,52,37,9,3,2,,1,2,0,676,9,70.1,82.9,77.3,66.4,48.8,42.4,60.4,Cloud Computing,0
STU100601,22,Male,7.08,75.6,1,37.7,72.1,82.3,51.4,2,1,1,5.2,4,2,0,232,1,60.2,50.5,74.7,37,52.3,63.3,87.7,Software Development,0
STU103594,22,Female,7.65,78.3,2,48.8,25.6,53.1,71.7,4,2,2,10.2,2,1,0,739,5,79.5,76.9,55.5,38.3,46.8,49.5,69.4,Cyber Security,1
STU103740,21,Male,6.44,84.9,0,31.6,37.5,20,64.2,2,1,0,0,2,2,2,661,2,64.2,59.8,55.9,60.7,67.2,66,75.2,AI/ML,0
STU105619,22,Female,7.72,81.8,0,74.7,58.4,82.2,74,5,2,2,4.3,0,6,0,1008,7,52.6,68.1,71.2,58.4,72.8,56.3,80.9,Data Science,0
STU100667,20,Male,7.95,85.6,1,68.7,53.1,36.3,84.4,1,1,2,5.5,2,1,0,711,4,69,56.7,61.5,39,61.7,24.7,73.8,Software Development,0
STU104864,22,Male,7.29,93.2,1,54.9,44.1,63.1,19.6,1,1,1,5.1,4,0,0,614,1,88.1,49.5,67.4,50.9,90.8,39.8,62.4,Cloud Computing,0
STU101462,21,Female,7.32,71.3,0,51.3,58.9,47.1,25.3,5,2,0,0,1,1,0,836,6,48.9,72.6,59.5,44.7,63.5,27.4,,Software Development,0
STU103273,22,Male,5.81,96.3,1,38.2,24.2,72.3,39.7,1,0,4,,4,1,0,100,4,79.8,48.6,88.7,50.4,49.3,34.6,75.7,Software Development,0
STU100367,21,Female,8.46,88.9,0,50.3,77.7,35.1,86.1,2,1,1,2.1,2,0,0,756,3,60,62,71,50,65.1,17.8,81.9,Software Development,0
STU101197,20,Male,8.09,63.8,1,68.5,79.7,56.7,54.9,4,2,4,21.3,0,4,1,731,3,72,47.2,79.2,45.7,61.4,60.3,67.8,Software Development,1
STU109833,21,Male,7.92,,0,46.9,,87.8,57.5,1,0,1,5.8,3,5,1,876,0,82.2,70.3,73.1,72.3,61.3,55.8,81.8,Software Development,0
STU104851,21,Male,8.27,64.7,1,72.9,62.7,66.9,77.7,3,2,0,0,2,0,0,1243,2,57.2,,72.9,30.9,47.9,11.4,66.9,Business Analytics,0
STU101695,20,Female,7.35,70,0,44.1,64.5,49.5,61.8,2,0,1,1.9,3,1,0,922,3,71.2,45.3,,28.6,49.2,66.6,76.3,Data Science,0
STU107383,22,Female,8.4,59.1,0,61.2,30.2,57.8,42.2,3,1,3,13.4,6,2,0,386,3,77.8,81.4,66.7,51.3,42.9,56.2,66.1,Cloud Computing,0
STU107974,22,Female,8.34,89.5,0,55.9,73.8,50,53.2,4,3,0,0,2,2,0,745,3,62.4,67.3,63.9,41.2,38.5,62.6,83,Software Development,0
STU102838,22,Male,6.22,80.6,0,66.2,46.6,35.2,60.4,4,0,2,5.8,4,0,0,526,5,56,64.3,69.4,76.5,89.1,120.6,73.9,Data Science,0
STU107481,23,Female,5.03,78.5,1,30.5,37.2,77.9,52.2,1,1,1,4.3,4,0,0,597,3,46.5,66.4,92.6,77.3,74.1,3.5,77.9,Software Development,0
STU108927,22,Male,6.69,83.1,0,54.3,28.1,62.6,53.7,0,0,2,5,0,1,0,813,1,57.5,48,72.7,55.1,56,32.9,62.1,Business Analytics,0
STU109806,20,Male,7.05,70.9,0,44.8,28.5,76.5,27.1,1,1,0,0,3,1,1,812,0,79.3,45.3,87.3,51.2,46,43.6,80.2,Cyber Security,0
STU103639,22,Female,7.7,100,0,29.2,65.1,49.4,48.5,3,2,0,2.3,1,1,0,462,6,72.2,70.5,73.3,44.2,72.4,61,75.3,Software Development,0
STU103708,22,Male,7.45,84.8,0,53.1,46.8,59.4,,2,1,1,4.6,2,1,0,711,2,75.2,45.7,71.6,61.6,48.5,30.2,72.7,Data Science,0
STU101118,21,Male,8.64,64,0,33.8,59.4,34.6,73.4,2,0,1,3.7,1,0,0,466,2,56,43.1,65.1,41.1,62.4,18.2,78.8,Cyber Security,0
STU107776,20,Male,9.77,81.5,0,53.6,56,69.9,58.3,5,2,2,12,3,2,0,621,5,86.3,60.7,67.7,44.1,54.6,14.9,71.3,Software Development,0
STU101323,22,Male,6.67,75.8,0,21.2,45.7,78.1,64.1,2,1,1,3.8,2,0,0,767,3,84.4,58.5,80.9,84.5,95.5,25,86.4,Data Science,0
STU107679,21,Male,6.95,79.4,2,48.1,54.3,59.6,61.1,3,0,1,3.1,5,1,0,859,4,73.1,66.1,81.1,74.2,88.8,56.8,93.3,AI/ML,0
STU101604,20,Female,5.81,75.9,0,44.7,45.5,40.3,26.2,2,1,1,3.4,2,1,0,761,2,56.2,64.9,65.2,52.6,37,15.4,67.5,Business Analytics,0
STU101927,21,Male,8.79,80.2,1,70.6,65.8,60.9,55.7,4,1,0,0,1,2,0,953,3,59.3,63.6,70,66.4,54.9,,67,Cloud Computing,0
STU104010,23,Male,7.22,77.3,2,15.6,51.8,68.1,93.9,4,1,1,3.9,3,3,0,373,5,66.4,87.3,80.9,52.6,30.5,78,85.2,Business Analytics,1
STU104826,21,Male,7.68,78.2,0,34.9,49.5,68.4,70.9,3,1,1,6.5,3,0,0,232,4,47.7,75.3,79,62.6,57.2,44.7,84.1,Cloud Computing,1
STU101637,20,Male,9.06,85.1,1,75.6,55.9,46.5,72.5,5,2,2,10.3,2,2,0,728,4,58.6,75.6,78,69.5,32,105.2,64.7,Cloud Computing,0
STU101025,19,Male,7.17,76.3,1,32.6,55.8,31.7,41,4,3,1,1.9,5,1,0,705,3,64.5,,56.2,58.7,75.4,35.4,63.5,Software Development,0
STU102469,22,Female,7.07,78.9,0,52.1,35.1,46,32.4,5,2,1,3,0,1,0,423,6,67.1,71.9,70.8,55.2,41.7,33.1,55.6,Data Science,0
STU108781,22,Male,6.47,88.9,0,31,53.2,,72.4,1,1,0,1.4,2,2,0,754,1,67.8,44.6,70.3,56.3,75,47,70.5,AI/ML,1
STU109738,21,Female,9.89,81.5,0,52,74.3,47.5,88.4,6,1,0,0.5,1,1,0,674,5,64.4,86.9,69.1,44.4,54.4,107.4,68.4,Software Development,0
STU103146,22,Female,7.17,85.9,0,59.8,56.6,37.1,46.6,2,1,3,13.6,4,3,0,813,3,78.1,66.2,44.3,51.5,67.2,54.2,65.2,Software Development,1
STU104060,22,Female,7.95,86.3,1,75.9,72.5,61.7,66,3,2,2,11,1,3,0,594,2,50.1,50.2,72.4,41.8,60.2,37.2,74.7,Cloud Computing,0
STU109219,22,Female,7.03,92.1,1,59.7,43.9,53.2,62.5,3,0,3,15.2,5,1,0,954,2,60.9,73.5,50.4,59.4,49.4,56.1,71.2,AI/ML,0
STU101723,21,Female,8.11,68.8,0,43.6,57.1,38.5,47.4,3,1,0,0,3,0,0,982,3,,67.1,71.9,38.5,67.1,44.8,72.8,AI/ML,0
STU101413,20,Male,7.83,70.5,0,35.7,44.6,39.7,71.6,3,1,1,2.4,1,0,0,855,3,80.6,52.7,69.4,54.7,85.4,58.9,56.5,Data Science,0
STU104283,23,Male,7.98,93.1,1,66.2,47.5,62.3,66.6,4,2,0,1.1,5,1,0,618,3,59.6,79.3,82.6,30.9,31,53.6,67.6,AI/ML,0
STU108380,24,Female,6.53,91.2,0,46,54.4,26.7,62.7,1,1,1,4.1,2,0,0,928,0,67.3,49.4,59.6,70.6,66.3,54.4,76.7,Cyber Security,0
STU101814,22,Male,7.43,100,1,52.6,,59.5,72.9,1,1,2,9.2,0,1,0,713,1,39.8,57.1,84.1,85.7,42.8,113.2,83.8,Data Science,0
STU105485,23,Male,7.7,81.1,1,57.1,75.7,57.2,60.4,7,5,1,3.5,4,1,0,694,7,69.1,81.1,74.4,26,67.1,32,65.1,Data Science,0
STU108561,23,Male,6.91,78.1,2,47.5,57.2,46.1,41,6,2,1,8.1,1,0,0,890,7,62.9,59.4,63.3,26.3,45.7,26.9,66.7,Cloud Computing,1
STU103424,21,Male,7.16,100,1,36.2,61.2,77.6,49.9,2,1,2,8.3,0,0,0,685,1,,54.6,75.2,75.2,69.1,23.8,64.8,Cloud Computing,0
STU104490,21,Male,7.52,82.8,0,56.1,36.9,71.6,54.3,0,0,2,7.2,1,2,0,862,0,65.6,56.8,71.8,38.4,61.6,34.4,82.7,Software Development,1
STU109540,22,Female,5.93,75,2,45.4,51.2,22.8,39.4,6,1,0,1.3,1,2,1,591,6,82.1,67.8,51.4,75.5,52.9,35.5,57.7,Software Development,0
STU106230,22,Male,8.54,74.7,0,67.6,45.1,52.2,75.2,3,2,1,3.5,3,0,0,1085,3,61.6,72.4,57.7,54.7,67.6,51.7,63.8,Cloud Computing,0
STU100092,22,Male,8.1,83.5,1,53.3,58.3,39.8,38.5,2,0,1,4.8,4,2,0,912,4,58.1,59.1,73.4,60.8,49.3,43.6,64,Data Science,0
STU106919,21,Female,6.15,100,0,43.6,33.9,74,41.2,2,2,2,9.5,0,2,0,659,4,70.2,45.1,83.5,52.9,68.6,32.1,73.7,Software Development,0
STU108401,21,Female,7.43,91.7,0,64.8,52.3,68.7,45.9,1,0,2,8.6,3,2,1,956,1,59,60,77,47.6,44.1,49.5,63.5,Data Science,0
STU100930,22,Female,8.46,88.5,2,41,46.6,49.5,63.1,3,0,0,1.6,1,0,0,453,4,,70.8,58.2,35.4,70.6,50.5,59.1,AI/ML,0
STU109330,22,Male,7.84,70.2,0,75.8,34.5,64,80.7,1,1,1,2.7,0,4,0,871,0,72.8,32.2,73.7,33.6,57.4,50.8,75.2,Software Development,0
STU101374,20,Male,7.76,86.2,0,43.2,59.1,63.1,70.6,5,0,1,4.6,5,3,0,737,4,78.2,89.1,80.8,71.6,41.3,24.6,96.8,AI/ML,1
STU109136,22,Female,8.63,87,0,46.5,65.5,33,83.4,1,0,3,12.9,5,1,0,514,1,74.9,55.1,55,48.8,60.9,,78.3,Software Development,1
STU106558,21,Male,8.56,86.2,1,25.9,62.3,44.8,66.2,2,1,0,1.5,2,1,0,951,1,63.7,57.7,63.2,44.3,42,30.6,82.4,AI/ML,0
STU109208,23,Male,7.53,79.8,1,58.6,84.3,47.2,57.6,3,1,1,2.9,1,1,0,479,3,58.3,54.1,66.9,58.6,65.2,65.1,64.8,Cloud Computing,0
STU102945,22,Male,8.48,75.3,2,87.8,56.9,59.8,57,6,2,0,,0,2,0,1079,6,71.6,69.2,,47.7,65.2,42.3,70.3,Software Development,1
STU103643,22,Male,7.75,73.6,2,40.3,35.3,66.9,54,1,0,0,0.2,1,3,0,478,3,56.7,47,,79.8,75.1,55.9,63,Data Science,0
STU100797,23,Male,8.63,96,2,72.4,62.4,56.8,52.8,3,2,1,4.5,2,1,1,793,4,73.2,58.5,87.9,42.1,52.9,99,,AI/ML,0
STU106634,20,Male,7.96,94,1,83,27.3,51.2,60.2,1,0,1,3.2,1,2,0,810,2,67.3,20.8,71.4,49.1,59.4,80.1,63.8,Business Analytics,0
STU108400,23,Male,7.64,78.5,1,89.1,53.8,45.9,78.5,3,0,2,11.1,5,0,0,1202,6,56.2,81.8,61.8,39.9,47.1,33.4,82.6,Cloud Computing,0
STU107554,22,Male,6.8,78.1,0,32.6,40.3,83.4,33.1,3,0,1,1.3,2,2,1,464,3,76.5,53.2,74,70.5,76.9,50.4,76.3,Cloud Computing,0
STU103612,21,Male,6.69,79.6,1,25.6,72.1,76.5,32.5,2,2,2,8.1,4,0,0,356,1,72.1,66.9,60.8,62,69.1,,81.6,Software Development,0
STU101562,22,Female,8.18,,0,86.2,76.7,54.3,43.7,3,0,2,10.4,3,0,0,628,3,87.5,71.9,63.9,53,62.2,35,69.9,Software Development,0
STU107709,21,Male,6.49,78.4,0,24.9,40.3,39.1,27.1,4,2,0,0,2,0,0,273,5,68.8,63.3,69.6,22.4,74.1,47.7,55.9,Data Science,1
STU103707,22,Female,7.57,83,0,19.4,50.9,67.9,60.3,0,0,3,8,5,2,0,762,2,71.6,38.9,84.4,36.2,61.9,28.7,71.8,Software Development,0
STU106103,21,Male,7.31,93,1,44.8,57.9,60,55.8,1,0,1,4.7,1,3,0,556,0,48.4,65.6,71.4,57.3,69.3,61.5,82,Data Science,1
STU100284,22,Female,9.18,96,1,65.7,48.8,63.3,66.1,6,1,0,0,3,2,0,686,6,61.3,77.4,64.9,64.1,93.5,46.4,76.5,Data Science,1
STU105538,19,Male,6.48,81.2,0,38.4,21.9,49.4,64.5,2,0,0,1,4,1,0,1096,2,75.6,60.5,83.7,36.8,93.5,57.5,77,Data Science,0
STU105259,20,Female,8.57,76.1,0,60.2,55.7,30.3,63.3,7,3,2,4.4,1,0,0,612,7,63.8,89,63.8,70,29.3,43.2,65.5,AI/ML,0
STU109424,23,Male,6.98,70.1,0,45.2,52.4,48.3,44.2,2,0,2,9,0,2,0,993,1,45.2,45.4,61.1,31.4,81.6,39.2,68.5,Software Development,0
STU102494,21,Female,5.81,82.9,2,,46.2,46.6,38.3,5,1,0,2.7,1,2,0,178,5,72.4,75.6,71.5,59.7,67.6,26.2,77.7,Software Development,1
STU109120,21,Male,7.51,100,0,39.1,60.8,53.4,51.3,7,0,2,7.3,1,3,2,783,7,71.3,67.6,63.5,36.2,11.2,27.6,70.9,Cyber Security,0
STU102744,20,Male,8.18,91.4,0,63.8,73.7,39.6,56.1,4,2,1,2.9,1,3,0,1120,3,67.6,61.7,69.6,60.4,67.5,,58.3,Software Development,0
STU101035,21,Male,7.67,86.7,0,64.4,50.2,74.9,31.9,2,1,2,,3,2,0,707,4,63.1,63.1,71.1,67.2,72.2,97.9,71.6,Software Development,1
STU103376,21,Male,7.53,95.7,1,76.1,51.6,56,43.1,3,0,0,1.5,1,2,0,825,2,45.4,79.4,86.3,64.6,54.4,37.4,73.1,Data Science,0
STU104676,23,Female,6.86,76.5,0,37.1,25.5,77.9,44.5,4,1,0,0,2,4,2,573,5,68,63.4,,56,80.6,72.7,42.5,Cloud Computing,0
STU103753,22,Male,6.48,86.3,0,50.7,56.2,44.8,71.5,2,0,1,,1,2,2,675,2,56.1,56.5,60.9,57.8,38.6,20.2,89.2,Business Analytics,1
STU109184,23,Male,7.57,98.5,0,51.4,49.3,53.7,58.9,2,2,1,6,2,1,0,933,1,70.8,62.3,71.5,41.5,56.7,47.5,71.6,Cloud Computing,0
STU109672,20,Other,7.6,78.2,0,45.7,62.8,22.8,65.9,2,0,2,8.9,3,1,0,438,1,66,71.7,51.4,64.6,57.8,40.3,56.8,Data Science,0
STU104457,21,Female,7.77,95.9,1,63.2,64.7,59.5,60.5,3,1,1,3.7,2,5,0,853,4,56.9,74.9,79.5,54.1,49.7,92.4,83.5,Software Development,1
STU102432,23,Male,7.85,100,0,48,76.3,56.4,72.8,2,0,2,8.4,3,1,0,622,2,64.3,65.4,71.2,54,69.4,37.9,81,Software Development,0
STU105215,22,Female,5.93,93,0,30.9,41.7,75.9,66.1,1,0,0,0,1,0,0,649,1,70.3,45.2,55.4,31.2,62.8,35.5,78.9,Data Science,0
STU104824,21,Female,7.71,73.8,2,50.4,51.7,87.1,44.5,2,2,2,7.3,1,0,0,473,1,74.7,42.3,74.5,47.2,80.9,108.3,82.3,Data Science,0
STU107996,21,Female,7.91,92.9,0,51.4,48.4,62.8,68.7,3,1,1,,2,0,0,634,2,71.4,53.2,77.9,15,36.8,42.7,82.5,Business Analytics,0
STU108819,22,Male,8.37,81.2,0,70.4,75.2,46.1,59.5,2,0,0,0,4,1,0,914,3,,73.2,62.6,51.2,71.5,46.2,77.9,Cyber Security,0
STU100620,23,Female,6.63,100,0,25.1,46.8,,46.4,2,0,4,23.4,3,2,1,622,1,72.9,68.6,67.9,91.7,46.7,36.7,75.3,Business Analytics,0
STU109423,21,Female,8.81,76.2,1,55.4,49.9,54.7,45.1,1,0,3,8.8,3,3,0,840,1,68.2,62.4,75.7,56.1,50.1,115.8,61.1,Data Science,0
STU108265,22,Female,8.91,,1,55.4,74.1,45.5,94.8,6,1,1,4.2,1,3,0,1400,5,70.3,73.1,70,39.9,68.9,32.8,94,Software Development,0
STU108102,22,Male,5.97,88.5,1,42.8,47.2,63.5,35.3,4,1,0,0,1,2,0,929,3,56.6,51.6,78.1,45.7,40.8,20.5,84.4,Cyber Security,0
STU109430,20,Male,7.89,78.8,0,57.6,87.4,69.8,42.5,4,1,1,4.4,1,3,0,724,4,68.6,74.6,73.3,58.1,62.9,25.4,65,Cloud Computing,0
STU108263,22,Male,7.58,68.5,0,73.8,47.3,52.2,40.2,2,1,1,4.2,0,0,0,783,3,54.6,65.4,78.9,48.6,65.6,17.9,64,Software Development,0
STU101912,22,Male,6.57,69.6,0,56.4,52.2,46.3,50.1,5,3,2,7.8,2,2,0,861,6,72.3,87.7,79.9,37,44.2,75.2,64.8,Software Development,0
STU105086,23,Male,8.45,86.7,0,63.3,68.4,70.9,89.8,3,0,0,0,2,0,0,619,5,51.7,62.3,66.8,38.6,65.7,25,83.5,Business Analytics,0
STU109568,20,Male,7.45,75.1,0,57.2,46.2,78.9,40,4,1,0,,1,2,0,702,5,81,62.2,78.1,59.2,49.3,66.1,80.8,Cyber Security,0
STU101758,24,Male,9.58,84.6,1,96.1,57.8,30.7,61.4,2,2,0,1.4,3,3,0,1247,1,71.5,60.3,71.8,37.2,56.7,90.7,65,AI/ML,1
STU103295,21,Male,6.68,100,0,15,63.8,65.6,18.6,3,1,0,0.8,1,2,0,545,4,48.5,49.7,68.9,41.1,60.6,30.3,65.7,Cloud Computing,1
STU101933,21,Male,7.03,68.1,0,68.1,61.6,72.7,50.3,4,1,1,5,3,0,0,666,4,58.1,73.8,72.4,70.5,63.3,14.1,65.6,Data Science,0
STU108227,22,Male,8.58,,1,56.4,55,57.7,85.3,4,0,1,2.3,0,0,0,795,3,57.7,46.8,,70.3,60.9,39.9,90.6,AI/ML,0
STU109072,19,Male,8.88,79.9,0,47.5,67,49,68.6,4,2,0,0,5,3,0,707,3,66.5,,84.2,62.4,75.8,8.4,81.5,Software Development,0
STU104075,20,Male,7.76,80.2,0,38.2,72,62.2,50.6,3,2,0,,4,0,0,1046,3,63.9,55.9,75.9,61.5,52.8,42.8,94.3,Cloud Computing,0
STU104902,22,Male,8.88,97.7,1,53.6,41.5,60.7,87.6,2,0,0,0,3,0,0,614,4,61,55.7,60.7,52.9,62.4,149.9,72.7,AI/ML,0
STU102087,22,Male,8.04,70.2,0,33.2,67.5,84.2,61.1,3,1,1,2.3,2,1,0,703,3,78.2,78.4,82.1,56.1,64.3,46.7,82.2,AI/ML,0
STU105442,20,Male,6.82,68.9,0,55.6,44,54,62.3,2,0,0,1.3,4,0,0,652,1,76.4,55.6,60.9,67.6,73,28.9,76,Data Science,0
STU109241,21,Male,7.5,62.5,0,50.2,47,62.2,72.3,2,0,3,11.1,1,0,0,915,5,45.8,46.7,,55.1,69.8,46.1,92.7,Software Development,1
STU103264,23,Male,7.53,82.5,0,65.4,59,39.3,48.7,2,1,0,,4,1,0,713,4,83.7,61.2,80.5,69,20,83.6,66.3,Software Development,0
STU105721,22,Male,7.47,92.3,0,67.9,68,70.6,50.9,1,0,0,0,5,2,1,1065,1,74.7,50.7,87.4,73.5,52,108.7,58.7,AI/ML,0
STU102796,22,Male,7.16,77.3,0,61.2,49.7,54.4,53.2,15,1,0,0,1,1,0,536,2,62.3,54.9,80.2,43.1,57.6,63.8,,Cyber Security,0
STU106620,21,Female,7.89,65.1,0,50.9,30.8,57.7,51.5,3,2,1,5.8,1,1,0,522,5,59,46.5,66.1,47.1,52.7,98.7,86.1,Software Development,0
STU108868,23,Male,7.5,75.1,0,69.1,56.4,28.8,70.5,6,5,1,4.6,1,1,0,971,5,55.9,75.5,64.2,46.9,52.7,47,,Cyber Security,1
STU107814,22,Male,7.89,96.8,0,62.2,56.1,66.6,67,0,0,0,0.4,3,0,0,664,1,64.4,80.3,81.8,53,67,81,81.2,Data Science,0
STU107568,22,Female,7.06,81.1,2,15.3,64.1,64.1,50.8,2,1,1,2.8,2,5,2,333,1,61.6,57.6,83.5,43.2,48.3,69.6,86.2,AI/ML,0
STU108035,23,Male,5.92,71.6,0,40.1,43.2,57.2,23.5,3,1,3,10.2,6,1,1,626,2,82.9,85.7,68.3,25.9,58.6,23,74.2,Data Science,0
STU107176,23,Female,7.34,92.7,0,74,57,44.9,49.2,1,0,1,4.2,4,0,0,1337,3,76.6,50.4,54.4,24.5,65.8,50.1,56.6,Data Science,0
STU104539,20,Male,7.62,58.8,0,72.1,46.2,74.9,84.4,1,1,1,3.3,2,2,0,748,2,60.4,47.7,,47.1,48.8,58.9,92.3,Software Development,0
STU108823,21,Male,8.49,81.2,1,43.4,43.9,44.3,78.4,2,0,3,12.9,3,0,0,990,3,56.3,61.3,76.5,61.1,62.9,33.7,64.4,Data Science,0
STU107881,21,Male,6.08,57.1,0,48.8,42,65,48,1,0,0,0,3,0,0,746,3,47.1,54.7,69.1,44.4,58.8,52.4,81,Data Science,0
STU102842,23,Female,8.04,57.1,1,32.9,54,55.7,56,2,1,0,0,0,0,0,400,4,48.4,62.7,69.3,52.8,61.5,1.4,,Software Development,0
STU109395,21,Male,8.51,91.2,0,48.7,58.9,43,57.4,4,1,1,5.8,2,3,0,766,6,55.7,77.4,77.6,51.9,49.8,31.6,67.9,Data Science,1
STU107662,23,Female,6.32,87.2,1,60.6,55.5,65.2,53.2,1,0,0,0.2,2,1,0,431,1,66.6,49.3,72.5,46.9,58.4,22.6,97.3,AI/ML,0
STU108466,22,Male,8.87,91.8,0,,47.4,60.1,89.4,7,1,1,3,3,3,0,886,7,74.2,77.9,75.6,32.6,51.5,17.8,51.7,Data Science,0
STU102607,21,Male,8.54,86.9,2,55.6,,39.5,47.9,2,0,0,0,2,0,0,1281,1,54.1,49.9,75.3,26.8,47.2,11.5,57.8,AI/ML,1
STU103282,23,Female,7.53,95.8,1,85.3,60,77.5,59.7,4,1,0,0,2,1,0,864,4,71.2,62.8,71.1,57,53.7,27.4,84.3,Cyber Security,0
STU106211,21,Male,7.97,77.8,0,60.2,46.3,70,66.7,2,0,1,4.9,3,0,0,728,1,71.6,65.5,53.7,50,56,,93.8,AI/ML,0
STU108077,22,Male,6.8,84.3,1,60.9,49.8,65.7,53.1,3,1,3,12.9,3,1,0,1216,2,82,62.7,50.3,48.9,66.3,50.2,75.9,Cloud Computing,1
STU109490,20,Male,7.99,77.8,0,57.6,59.2,54.4,53.5,2,2,1,4.4,3,5,1,1010,1,74.8,49.3,64.6,54.3,56,60.3,64.5,Cloud Computing,1
STU101073,21,Male,8.09,99.9,0,50,70.5,73.1,72,0,0,0,0.7,3,2,0,986,0,68.1,44,70.1,80.7,51.9,90,,Software Development,0
STU100669,21,Male,6.54,73.5,0,65,82.9,52.5,46.5,2,1,1,4.1,5,3,0,844,4,69.3,44,68.1,56.8,61.6,38.8,65.1,Cloud Computing,0
STU101995,22,Female,7.13,89.4,1,41.8,62.2,31.5,52.7,5,3,0,0,3,0,0,823,4,74.5,71.6,58.3,53.6,38.8,73.1,83.3,Data Science,0
STU104727,21,Male,8.31,85.5,1,48.3,40,40.8,45.4,3,2,2,6,1,0,0,714,3,59.1,71.2,77.3,32.2,61.6,85.2,78.5,Cloud Computing,0
STU109300,22,Female,6.68,87.8,2,57.3,26,43.1,35.1,0,0,1,4.8,1,0,0,1020,1,51.8,54.6,54,34.4,28.5,49.6,80.1,Data Science,0
STU109881,24,Female,6.36,73,1,43.7,44.4,78.2,34.8,4,1,1,5.9,1,1,0,607,5,39.1,,74.9,24.6,23,7.8,59.5,Cloud Computing,1
STU104247,22,Female,6.16,91.4,2,38.9,50.3,45.5,48.7,0,0,1,3.1,2,1,0,1016,1,64.6,71.5,77.6,70.6,37,24.1,78.9,Software Development,0
STU108259,22,Male,7.75,92.1,0,,59.5,95.6,57.7,2,0,0,1.9,0,1,0,715,4,58.4,54.2,73.9,53.8,52,73.8,89.1,Data Science,1
STU100461,22,Female,7.83,84,0,54.4,56.9,57,62.8,3,1,0,0,2,2,0,920,3,47.6,70.6,63.3,51.3,54.9,24.3,80.7,AI/ML,0
STU107660,22,Male,7.06,84.2,0,42.5,45.7,55.4,55,2,1,0,1.3,1,1,1,590,2,62.4,48.4,66.8,32,30.9,115.3,76.8,Cloud Computing,0
STU109921,24,Female,5.44,95.7,1,50.8,,66.4,54.5,2,1,0,0,2,1,1,750,5,63.4,57.6,73.5,61.1,63.4,33.3,75.3,Business Analytics,0
STU101042,23,Male,7.78,95,1,61,48,55.4,37.3,2,1,0,0,2,0,0,1226,1,71.3,40.2,70.4,51.2,58.5,47.6,64.2,AI/ML,0
STU109666,22,Male,8.21,69.3,2,46.7,68.5,63.5,71.2,2,1,1,4.4,3,2,0,1089,4,75.5,68.9,73.6,55.7,66.8,85.4,63.6,Cloud Computing,0
STU104305,22,Female,5.56,84.7,1,45.1,39.4,37.5,35.2,4,1,0,0,5,1,0,569,4,69.9,91.7,54.5,65.6,80.9,126.4,45.7,Data Science,0
STU100571,20,Male,7.52,83.9,0,50.6,29.1,42.6,39.5,6,3,1,4,1,4,0,705,8,66.3,57.5,77.1,59.7,57,57.4,73.5,Software Development,0
STU105691,24,Female,7.03,81.9,1,31.4,26.8,65.6,38.2,4,2,3,8.8,6,0,0,897,3,78.5,69.7,60.9,59.3,45.4,33.5,45.2,Software Development,0
STU100677,24,Female,6.14,76.4,0,47.3,39.3,76.3,40.4,3,1,1,5.4,1,2,0,902,3,50.4,55.3,69.4,44.1,25.6,32,59.2,Data Science,1
STU100233,22,Male,7.27,88.1,0,59.4,40.5,80.2,25.1,2,2,3,13.5,2,1,1,606,2,61.5,56.4,85,57.8,53.6,71,66.3,Data Science,1
STU100278,20,Female,6.82,80,1,63.6,50.3,52.8,54.4,1,0,0,0,1,3,1,610,3,62.6,60.7,51.6,44.7,44.8,59.9,69.8,Software Development,0
STU109354,22,Male,9.26,80.6,2,85.9,34.5,60,93.8,1,1,1,5.5,1,3,0,1058,0,59.7,53.5,68.7,60.4,58.6,80.9,84.2,Data Science,1
STU109828,22,Male,7.51,88.1,1,40.4,53.4,33.4,55.5,3,0,1,4.2,3,1,0,469,6,64.4,54.2,55.8,50,51.4,33.4,62.2,Data Science,0
STU103122,22,Male,6.51,90.7,0,51.6,49.8,58.6,56.4,2,1,1,3.6,3,0,0,718,4,52.4,41.8,60.8,62.9,69,57.3,77.8,AI/ML,0
STU102108,21,Female,7.22,81.5,1,65,67.4,57.3,68.6,6,3,2,8.8,1,1,0,446,7,54.4,69,91.4,37.3,75.2,51.7,98.2,AI/ML,1
STU101177,21,Male,7.56,73.4,1,57.2,61,55.8,64,1,0,1,3.1,2,0,0,791,0,82.3,82.8,79,45.7,43.7,54.9,90.3,AI/ML,0
STU109767,21,Female,8.54,80.9,2,,51.9,53.8,,0,0,2,7.9,1,0,0,947,0,68,36.6,47,60,46.1,29.8,60.7,Business Analytics,0
STU103717,23,Female,8.07,100,0,,60.4,66.4,73.9,1,0,1,5.9,4,2,0,783,2,66.5,56.4,70.9,71.6,19.8,138.7,89.1,Cyber Security,0
STU100631,23,Male,7.17,79.4,0,44.1,55.9,65.9,44,2,1,1,3.7,4,1,0,843,1,73.9,76.4,74.9,26.9,77.1,18.1,57,Data Science,0
STU109317,21,Female,7.21,95.2,1,30.5,35.9,79.3,55.5,2,0,2,6.9,3,2,0,653,1,74.6,56.3,71.4,50.9,29.1,23.8,74.8,Cloud Computing,1
STU105224,22,Male,7.58,97.1,1,48,57.9,21.9,66.5,3,3,0,0.3,2,2,1,1116,2,75.5,73.8,42.1,35.1,68.9,12.2,81.8,AI/ML,1
STU104121,21,Female,6.81,66.9,1,46.3,40.3,52.5,22.4,1,0,0,0,2,1,0,416,1,63,59.4,58.8,49.1,51.5,20,59.3,Business Analytics,0
STU104505,21,Male,7.51,83,1,52.9,52.5,31.8,61.6,1,0,0,0.9,3,0,0,1161,0,60.9,41.2,49.2,58.9,42.2,66.3,67.1,Business Analytics,0
STU109665,21,Male,7.85,82.4,1,58.2,62.2,70.7,42.2,3,0,4,,4,2,0,852,3,88.4,67.3,89,63.6,54.1,37.4,67.3,Business Analytics,0
STU105244,23,Female,7.37,75.2,0,64.1,53.8,46.4,49.3,2,1,2,12.1,1,3,0,834,1,49.9,51.8,84,49.6,41.3,17.6,81.6,Data Science,0
STU107624,22,Female,8.38,79.3,1,41,47.5,62.1,58,3,0,2,12.3,1,1,0,1343,3,71,74,64.5,45.1,43,86.9,68.9,Cloud Computing,0
STU100427,23,Male,8.71,96.6,0,65.2,65.5,71.4,81.4,3,1,1,3.3,2,0,0,954,3,54,,78.3,36.7,50.7,47.5,74.6,Software Development,1
STU107783,21,Female,6.61,72,0,55,67.7,47,52.4,4,0,0,0,1,0,0,1167,3,80.4,78.9,66.2,58.5,49.1,46.5,76.8,Software Development,0
STU102658,21,Female,9.11,80.5,1,83.5,34.9,65.1,47,4,3,1,4.6,1,1,0,838,3,67.9,81.4,67.5,50,59.5,72.3,73.9,Cloud Computing,0
STU102205,23,Male,9.41,89.3,2,63.1,72.2,33.4,70.7,5,1,0,0,1,1,1,862,4,58.3,73.1,61.8,50.5,26.7,5.5,62.9,Software Development,0
STU100489,21,Male,7.68,71.4,3,40.6,74.8,69,65.8,5,2,1,2.8,1,1,0,842,5,73,52.8,74,72.1,79.1,62.2,82.8,AI/ML,1
STU100682,22,Female,7.84,90.9,1,46.1,54.4,74.6,33.2,0,0,1,3.7,3,1,0,233,0,52.8,53,58.7,56.1,62.6,73.8,66.5,AI/ML,0
STU108081,21,Male,7.49,70.7,0,73.2,26.7,52.1,47.6,1,0,2,7.9,2,1,1,1046,2,74.2,65.4,64.8,56.8,40.8,,66.8,Software Development,1
STU106139,22,Female,7.6,95.1,0,72.5,49.3,51.2,50.5,2,0,1,3.2,5,1,0,1008,2,70.7,57.3,76.4,45,49.5,39.5,70.9,Business Analytics,0
STU103938,22,Male,8.03,73.1,0,53.2,60.9,65.3,,3,0,2,8.6,2,1,1,943,4,63.4,59.1,68.6,67.4,51.2,44,89.2,AI/ML,1
STU108390,23,Male,7.8,80.1,0,69.1,32.5,62.1,63.1,1,0,0,0,2,0,0,1048,0,62.4,56.1,47.1,59.7,28.9,49.5,98.1,Data Science,0
STU109633,22,Female,6.7,63.2,1,15,62.3,55.5,24.7,2,2,2,6.7,1,1,0,497,1,57.6,44.5,68.6,86.9,57.2,61.8,,Software Development,0
STU104993,21,Male,7.88,89.9,2,74.4,74.7,71.9,57.1,1,0,0,0,2,1,1,501,1,55.8,65,70.3,61.2,54,171,62.9,Data Science,0
STU109842,21,Other,6.66,70.1,3,21.3,50.2,63,56.5,2,1,1,7,3,2,0,951,1,70,50,68.5,42,66.4,26.1,65.6,Business Analytics,1
STU105697,22,Female,8.62,75,0,93.1,54.4,52.2,61.9,1,1,1,7,4,0,0,591,5,64.6,49.8,61.9,41,59,38.7,,Data Science,0
STU103031,22,Male,7.56,77.7,0,46.8,48.5,54.4,65.8,3,1,0,0,2,1,0,721,2,,46.2,63.6,20.9,54.5,70,74,Cloud Computing,0
STU103396,22,Male,7.03,77.6,1,70.2,49.3,70.8,45.3,1,0,2,9.2,5,0,0,1252,1,64.4,60,63.8,90.2,55.6,57.7,91.2,Cloud Computing,1
STU104427,22,Female,8.34,83.7,1,79,66.6,66.2,42.6,1,0,1,4.6,3,3,1,465,0,63.7,60.7,61.8,75.9,100,34,69.3,Software Development,0
STU106337,22,Female,7.75,93.1,0,46.9,58.6,27.3,60.4,2,0,3,15.2,4,3,0,581,2,85.8,60.6,70.6,53.9,47.9,38.5,72.9,Cloud Computing,0
STU100285,20,Male,7.49,89.1,0,47.6,55.5,83.2,65.1,3,0,1,2.5,5,0,0,380,5,72.6,86.4,84.3,55.7,43.5,53.8,97.3,Software Development,1
STU104403,21,Female,8.84,73.5,1,61.7,78.9,43.8,58,1,0,3,10.7,0,0,0,864,2,70.8,61.7,76.5,47,90.1,40.1,64.4,Data Science,0
STU107546,23,Male,7.62,80,0,67.4,40.4,58.8,66.4,3,1,0,0,2,0,0,769,5,68.7,84,80.2,40.4,50.4,62.7,73.8,Cloud Computing,0
STU101673,22,Male,7.84,55,2,34.9,57.6,59.1,21.2,2,0,0,0,0,0,0,485,5,60.2,49.5,78,20.7,55.7,78.1,67.8,Business Analytics,0
STU107904,21,Other,6.68,77.9,1,55.8,35.6,29.9,38.4,2,1,0,1.7,2,1,0,657,1,72.7,64.1,53.3,75.6,48.5,34.7,63.7,Software Development,0
STU109588,22,Male,5.94,88.7,1,50.9,58.1,49.6,48.2,2,1,0,1.4,2,2,0,705,2,56.7,47.3,72.4,40.9,89.9,38.6,71.4,AI/ML,0
STU106515,20,Female,8.2,93.4,0,50.1,36,51.3,65.8,3,2,1,4.3,6,2,1,888,5,66.1,66,51.2,70.5,54.5,68.6,63.9,Data Science,0
STU100886,22,Female,8,82.2,1,70.2,58.4,67.3,59.9,4,2,2,3.3,1,1,0,920,6,59.1,70.8,79.9,47.8,49.6,58.4,73.5,Software Development,0
STU103710,21,Male,9.21,84.4,1,70.3,70.5,76.8,95.1,2,1,2,9,3,3,1,881,2,68.8,72.5,89,54.9,55.6,48.5,80.3,Cloud Computing,1
STU102599,20,Male,7.06,,0,48.4,36.3,51.9,36.6,3,2,1,3.5,1,0,0,513,2,64.1,48.6,62.6,59.1,43.6,67.3,62.9,Business Analytics,0
STU104990,23,Male,7.64,66.9,1,65.6,60.1,92.5,50,2,1,0,0,0,2,0,930,2,52.8,,87.4,69.4,66.9,46.9,91.4,Business Analytics,0
STU109315,23,Male,7.82,84.1,0,51.9,64.4,74.8,60.9,3,1,0,1.2,3,2,1,793,3,42.7,54.5,70.2,62.7,57.6,52.8,82.6,Cloud Computing,0
STU101670,21,Male,7.71,82.4,0,50.9,72.1,81.1,59,5,0,2,11.7,3,3,1,634,7,86.1,75.3,83.5,72.3,70.7,156.4,75.9,Software Development,0
STU103810,22,Female,8.57,93.2,2,69.1,62.1,53.9,44.3,3,0,0,0.3,4,3,0,900,2,63.3,63.5,77.2,28.8,38.3,50.2,73.3,AI/ML,0
STU104626,22,Male,6.61,80.2,0,58.1,60.1,62.3,39.5,4,0,0,0.2,3,3,1,980,3,74.7,62.2,76.3,62.5,63.9,13.6,66.5,Data Science,1
STU104761,22,Female,7.46,81.4,0,55.7,47.3,43.6,28.2,3,0,3,14.3,1,2,0,806,6,65,49.2,77,57.5,48.2,86.4,46.1,Data Science,1
STU101525,21,Male,7.35,67.9,0,64.3,45.5,44.6,68.3,4,1,0,0,0,1,0,833,5,54.7,65.5,80.5,31.9,57.5,46.6,78.2,Software Development,1
STU105856,21,Male,7.72,79.9,0,40.4,59.3,46.8,64.1,4,2,1,4.8,1,3,0,412,3,70.9,64.8,63.5,64.1,81.1,64.6,75.6,Business Analytics,0
STU101564,20,Male,7.23,89.9,0,30,52.4,63.1,41.2,2,1,0,0,3,1,0,563,2,64.5,65.5,79.7,52.9,53.6,82.6,81.3,Data Science,0
STU103463,20,Male,6.72,93.7,0,42,55.1,92.4,47.5,4,0,3,14.3,0,0,0,708,3,59,63.7,,32.5,56.3,43.3,70,AI/ML,1
STU105405,22,Male,9.2,81.3,0,80.6,76,84.6,68.9,2,1,1,4.3,2,0,0,701,4,51.3,78.6,80.9,59,36.3,108.2,88.5,Data Science,0
STU105923,25,Male,6.42,81.5,1,38.1,,68.1,55,3,2,0,0,0,1,0,418,3,55.4,51.4,,47.2,26,37,89.5,AI/ML,0
STU101657,22,Male,7.36,73.4,0,50.6,85.2,52.4,63.8,2,1,2,5.7,1,0,0,535,1,62.3,61.6,85.9,74.4,38.8,30.7,82.3,Data Science,0
STU105594,22,Female,7.61,85,0,50.2,48.6,61.9,55.8,6,3,0,0,0,1,0,1136,7,58.5,69,74.3,45.1,86.4,18.3,54.4,AI/ML,1
STU103198,21,Male,6.26,87.8,0,18.5,73.7,47.9,41.7,1,1,0,0,2,2,0,684,0,54,50.6,92.9,36,42.4,34.6,67.5,AI/ML,0
STU105802,20,Female,8.34,100,1,55.9,53.8,52.2,58,4,0,0,0,1,2,0,1178,4,52.9,47.7,69.8,58.5,44.3,54,85.2,Data Science,0
STU104721,19,Female,7.27,89.3,1,19.1,87.5,92.1,28.3,3,1,0,0.2,2,0,0,925,5,71.1,58.8,84.4,60.9,59.9,51.7,100,Data Science,0
STU103333,20,Male,7.86,90.2,1,47.6,73.8,67.6,48.5,0,0,0,0.8,2,1,0,565,0,57.8,62.2,67.4,45.7,66.5,67.8,77.3,Data Science,0
STU106092,20,Male,7.4,90,1,66.2,74.4,73.4,46.8,6,1,0,0.3,1,2,1,800,6,62.1,80,82.2,65.8,82.1,15.6,75.6,Cyber Security,1
STU108663,22,Female,7.45,77.8,1,47.1,68.4,39.8,58.4,4,1,1,5.2,4,2,1,461,5,89.9,83.3,62.4,55.5,52.8,63.1,65.7,Cyber Security,0
STU103676,24,Male,6.67,91,0,35.8,74.5,51.4,59.8,5,1,0,0,1,1,0,979,4,46.1,77.6,79.1,38.4,84.8,,63.5,Software Development,0
STU102152,23,Male,7.8,74.9,1,68.6,65.6,39.8,53.4,5,5,0,0,0,0,0,859,5,53.6,60.7,48.3,54.8,50.8,72.3,76.3,Data Science,1
STU107871,23,Male,7.5,100,1,38.7,71.6,53.1,41.1,3,1,0,0,3,1,0,962,3,65.8,55.7,60.9,66.9,87.6,30.7,65.8,Software Development,0
STU100111,22,Male,8.87,90.7,0,,64.8,68.3,72.4,4,2,1,,1,1,0,1158,5,67.3,,82.2,44.5,60.3,41.8,93.5,Data Science,1
STU108156,21,Female,7.67,85.1,2,30.6,68.5,46.6,52.9,5,2,2,4.8,1,2,0,482,4,51.9,81.8,79.8,49.8,75.8,76,65.4,Software Development,0
STU105318,23,Male,7.81,95.5,1,43.1,25,45.9,44.6,2,0,2,7.7,5,0,0,956,3,54.6,63,78.3,57.8,26.6,16.2,82.9,Data Science,1
STU104215,22,Female,8.37,90.3,0,53.1,51.7,53.9,58.9,4,0,0,0,2,1,0,1004,3,65.5,52.9,,50.8,62.7,70.8,81.2,AI/ML,0
STU105121,22,Male,7.51,86.1,3,,58.1,55,33.7,1,0,2,7.2,1,2,0,823,2,63.4,54.8,64.7,30,41.6,17.2,56.7,Cyber Security,0
STU103718,22,Female,8.38,76.6,0,86.3,69.6,44.9,76.5,3,1,0,1,0,0,0,908,3,48.1,50.9,65.9,60.1,23.5,88.1,93.1,Software Development,0
STU104378,22,Male,7.69,92.6,0,45,40.2,56.8,,2,1,1,5.2,1,0,0,547,1,36.3,61.9,66.3,57.9,34,61.9,60,Cyber Security,0
STU107594,21,Male,6.93,74.8,2,49.2,35.7,52.8,66.6,1,1,0,0.1,1,4,0,845,2,59,50.2,74.3,87.5,26.8,59.4,,Data Science,0
STU107020,22,Male,8.2,91.2,0,71.6,53.5,49.6,54.9,3,2,0,,1,0,0,789,3,51.6,63.3,75.8,34.7,83.9,115.9,62.2,Software Development,0
STU108284,22,Female,7.17,88.2,0,44.7,41.4,26.3,76.5,2,0,1,4.5,2,0,0,894,1,60.9,50.8,60.8,39.7,56.5,74.7,61.3,Data Science,1
STU106260,21,Female,7.2,80.2,0,44.4,53.9,38.2,55.4,3,1,0,1.9,1,2,0,384,4,55,58.1,68.9,41.6,57.5,54.2,50.4,AI/ML,0
STU104637,19,Male,6.66,84,0,61.9,51.2,42.3,52.4,2,0,1,,5,0,0,585,2,57.6,66.5,84,64.9,54.8,50.7,78.8,AI/ML,0
STU104980,21,Female,7.68,77.8,0,62.8,81.2,58.6,44.2,5,1,0,0.5,6,0,0,968,7,70.9,80.2,80.6,51.7,48.9,149.1,72.2,AI/ML,0
STU107470,23,Male,8.19,91,2,47.8,90.7,32.8,68.9,1,1,0,0,3,1,0,637,0,68.2,,63.3,59.1,64.4,17.8,63.6,Cyber Security,1
STU107867,22,Male,7.16,91.3,3,67.6,52.7,49.6,28.9,2,2,3,13.1,3,1,0,775,1,63.9,63.9,72.2,62.9,65.6,60,78,AI/ML,0
STU102065,21,Male,6.72,82.7,0,46.7,54.6,45.8,61.8,3,0,0,1.7,1,1,0,399,6,57.7,47.2,80.1,47.2,58.3,26.5,68.1,Cyber Security,0
STU108821,23,Male,7.46,74.7,2,61.2,78.1,69.1,55.7,4,1,0,0.4,1,1,0,671,6,46.5,83.4,80.4,52.6,71.6,88.2,88.6,Data Science,0
STU102159,22,Female,8.09,83.9,2,75.5,38.8,67.9,48.1,2,0,0,0,3,0,0,637,1,57.9,53.7,93.7,41.7,71.4,98.5,68.2,Cloud Computing,0
STU107126,22,Female,7.62,80,2,64.5,62.5,68.5,68.6,2,1,0,,2,1,1,735,1,69.1,62.5,71.5,35.8,46.5,34,78,AI/ML,0
STU108774,20,Male,8.63,97.1,1,37.8,62.4,80.5,71.3,5,2,0,0,1,1,0,595,4,53.3,80.6,98.3,42.2,68.4,19.6,93.3,AI/ML,0
STU107091,21,Male,8.23,81.9,0,79.3,48.5,55.5,50.2,4,2,2,5.8,4,1,0,1001,6,91.7,64.2,62.4,42.7,49.1,31.3,80.9,Software Development,0
STU102006,23,Female,6.38,78.5,1,15,29.2,46.4,52.8,2,0,1,3.2,0,0,0,100,1,41,43.1,61.9,37.4,54.8,23.2,80.2,Software Development,0
STU104056,22,Male,7.25,100,2,52.4,43.4,55.3,67,0,0,2,9.5,4,0,0,842,2,90.9,69.6,82.3,62.9,82,15.5,71.9,Cyber Security,0
STU101826,22,Male,8.4,96.7,1,42.9,58.1,55.1,56.2,2,0,0,,2,2,0,591,4,,57.1,62,81.9,71.4,37.7,70.4,Software Development,0
STU108336,22,Male,7.42,74.5,1,48,74.8,37.2,58,0,0,1,6.5,4,0,0,918,1,68.9,49.4,69.7,50.8,87.6,50.6,58.3,Software Development,0
STU103749,21,Female,7.47,99.6,0,30.8,51.8,62.7,48.3,2,1,0,0,2,2,0,671,3,58.2,69.1,68.6,38.6,53.9,86.3,51.6,Business Analytics,1
STU103597,21,Male,7.61,77.1,0,57.3,50.2,35.9,45.2,0,0,0,0,1,2,0,426,0,65.2,42.1,64,66.5,49,117.2,56.2,Business Analytics,0
STU107336,23,Female,7.77,90.8,0,25.5,50.1,63,80.6,6,3,2,7.5,1,1,0,722,5,51,86.5,82.1,63.9,35.8,107.8,86.7,Cloud Computing,1
STU109380,22,Male,6.92,77,1,25.3,44.3,59.6,48.6,4,2,0,0.4,0,0,0,541,3,48.1,52.2,70.6,60.4,43.7,55.2,70.6,Data Science,1
STU106999,22,Female,6.57,74.9,0,52.9,82.1,56.5,64.5,3,3,1,5.3,2,6,0,916,2,78.6,59.2,78.6,72.4,65.4,51.3,84.8,Software Development,0
STU105164,22,Male,6.92,77.4,0,42.1,55.2,57.8,,1,0,0,0.3,0,0,0,619,0,52.6,55.3,72.8,26.2,48.5,150.8,72.3,Data Science,0
STU108941,19,Female,9.61,77.5,0,65.5,44.3,63.4,100,6,0,0,1.4,2,2,1,456,6,65.9,67.9,58.2,62.6,53.1,86.6,95.7,Data Science,0
STU101056,23,Male,8.59,79.8,0,73.3,75.2,63.4,67,2,2,0,0,1,2,0,1003,2,58.7,67.5,79.4,52.4,55.4,54.7,85.2,Cloud Computing,0
STU103957,21,Male,6.46,79.3,0,15.2,46.7,90.5,50,2,1,0,0.4,2,3,0,1016,4,61.9,71.9,89.6,72.9,80.4,34.1,88.6,Cyber Security,0
STU107513,22,Female,6.68,98.5,1,62.9,45.7,54.9,39.3,2,0,0,0.2,1,3,0,1154,2,62.7,63.5,78.3,32.3,62.5,35.9,75.7,Data Science,0
STU101781,23,Male,7.33,75.9,0,53.4,62.2,48.9,46.3,2,1,0,0,2,1,0,849,3,,64.2,84.9,59.4,100,64.8,67.3,Software Development,1
STU108003,23,Female,7.11,69.8,0,51.5,49.4,57.6,77.8,1,1,0,0.2,2,2,0,943,0,64,69.1,70.6,57.2,54.2,41.1,61.3,Cyber Security,0
STU103769,23,Female,5.6,75.1,0,57.7,35,45.6,35.6,1,0,0,0.2,1,0,0,706,2,76.2,64,,66.9,61.8,72.4,88.1,Cyber Security,0
STU107254,22,Male,6.78,91.4,0,51.9,49.9,64.4,62.2,4,0,1,4.2,2,0,0,597,6,64.3,63,75.9,49.4,85.7,33.7,98.2,Data Science,0
STU104920,23,Male,7.37,61.8,1,46.8,55.1,39.2,73.5,5,2,0,0,3,1,0,446,6,74.3,83.2,50.5,39.3,49.3,79.9,71.9,Cloud Computing,0
STU106962,24,Female,7.69,74.6,0,59.3,64.9,53.5,51,0,0,0,1.2,1,1,0,743,0,66.3,40.8,80.2,48.1,67.5,14.7,72.9,Software Development,0
STU102983,21,Female,8.06,91.4,0,73.2,39.2,65.3,60.2,3,0,2,9.3,4,1,0,1363,5,78.9,88.2,59.8,50.1,40.3,59.7,80.4,Cloud Computing,0
STU108072,22,Female,9.87,83.6,2,47.1,65.1,44.6,76.3,1,0,3,14.7,0,3,0,936,1,57.1,56.6,72.4,56.3,49.4,50.3,76.7,Software Development,0
STU100540,21,Male,7.7,82.2,0,64.9,47.3,33.3,55.4,2,1,2,7.3,1,2,0,665,2,68.4,61,54.7,58.1,52.8,9,47.2,AI/ML,0
STU103636,20,Female,8.27,77.3,0,50,60.1,58.5,47.2,7,3,2,12.6,2,2,0,983,6,73.4,100,87.7,76.3,77.1,34.1,73.3,Software Development,0
STU104705,22,Female,6.96,71.4,0,,35.7,55.3,85.2,1,0,1,5.5,1,0,0,835,3,77.5,59.6,71.5,66.5,71.3,36.5,69.1,Cyber Security,1
STU106188,22,Female,7.87,65.9,1,69.1,23,37.8,31.9,1,0,0,1.4,1,1,0,910,2,39.3,39.2,57.4,41.6,34.5,82.9,50.7,Data Science,0
STU102917,23,Female,6.93,88.2,2,47.2,65.8,49.1,63.6,2,0,2,6.4,4,0,0,800,2,100,49.3,72.5,24.3,10,41.4,59.6,AI/ML,0
STU109950,21,Female,5.99,63.7,0,32.8,81.1,48.9,46.6,5,1,1,4.8,2,1,0,785,4,70.7,68.3,67.7,47,49,28.9,69.1,Business Analytics,0
STU106428,20,Other,7.58,90.9,1,54.6,37.6,78.1,38.5,0,0,0,0,1,0,0,620,0,41.4,57.1,81.7,60.3,70.7,7.9,61.8,AI/ML,0
STU108011,22,Male,7.27,94,0,67.7,63.5,76.5,61.9,2,0,2,7.3,1,1,0,873,2,59.9,46.7,80.3,31.2,34.9,18.8,81.1,Cyber Security,0
STU109937,22,Female,9.27,90.7,0,60.8,74,50.8,83.6,2,1,0,0,6,0,0,873,1,61,68.3,60.8,57.3,75.5,18,100,Software Development,0
STU109830,21,Male,8.02,79.2,0,60.7,61.2,55.2,56.7,4,0,0,1.7,1,0,0,550,3,46.9,60.6,,28.5,68.5,73.3,76.2,Data Science,0
STU101924,23,Female,6.41,55,1,58.8,48.5,60.9,70.7,2,0,0,2,0,2,1,586,2,62.6,58,86.1,63.5,73.4,37.2,67.9,AI/ML,0
STU105172,22,Female,7.98,,1,51.1,65.9,54.5,60.4,1,0,0,1.6,1,1,0,538,0,89.8,33.5,63.9,55.8,62.4,79.4,70.3,Data Science,0
STU106394,22,Male,6.59,80.7,0,15,41.3,58.1,34.9,0,0,1,5.3,1,2,0,633,0,68.1,45.6,62.4,88,64.8,72.5,70.6,Cyber Security,0
STU103143,21,Male,6.32,82,0,53.9,62.7,58.4,63.7,1,0,1,3.7,0,0,0,929,0,55,50.5,68.8,56.2,56.9,49.8,62,Data Science,0
STU107825,21,Female,7.02,83.2,0,36.5,43,45.1,38,2,1,2,7,2,2,0,589,3,59.6,68.9,61.5,45,47.8,79,59.1,AI/ML,0
STU105934,22,Female,7.96,,2,39.6,56.6,45.4,56.9,1,0,2,8.5,0,2,0,705,1,48.2,38.7,81.2,44.2,89.8,32.7,66.8,Software Development,0
STU105048,21,Male,6.96,72.1,0,36,68.8,42.1,55.6,3,2,0,0,1,1,0,892,2,68.5,58,65.8,50.1,61.5,102.4,68.8,Cyber Security,1
STU101034,22,Female,8.1,81,3,53.2,58.8,60.6,56,3,0,2,6.5,1,2,0,838,3,58.8,59.7,92.6,54.1,54.1,48.9,50.5,Cyber Security,0
STU105579,21,Male,7.72,69.7,0,61.3,56.2,51.8,77.4,2,1,0,1,3,1,0,553,4,67.1,66,65.4,57.9,67,46,77.8,Software Development,0
STU109574,21,Female,7.08,88.5,1,59.9,62.3,71.9,66.5,3,1,1,4.9,0,0,0,941,3,54.2,59.9,70.3,47.6,48.2,22,59.2,Business Analytics,1
STU108078,23,Male,7.34,77.7,0,36.2,37.8,79.7,52.5,2,1,0,1.1,2,0,0,937,2,59.2,52.1,74.7,54.5,62.7,80.9,78.6,AI/ML,0
STU109360,21,Male,7.52,83.4,0,33.6,49.1,41.9,82.1,7,3,2,9.6,5,1,0,760,6,68.3,80.2,,42.1,48.4,15.5,,Data Science,0
STU107475,23,Female,7.52,82.2,1,60.4,38.6,66.1,35.2,2,1,0,0,7,1,0,547,3,65.7,61.8,61.4,63.7,69,36,78.7,Data Science,1
STU104384,21,Female,8.7,78,0,34.5,60.3,74.5,76.9,0,0,0,0.8,0,2,0,679,0,50.7,55.1,67.3,52,38.3,59.6,,Software Development,0
STU105939,22,Male,6.3,71.8,0,52.7,71.2,76.1,25.5,4,1,1,3.7,3,2,0,744,3,66.6,68.8,82.4,43.7,67.5,49.3,63.2,Cyber Security,0
STU107002,21,Male,7.34,88.4,0,53.9,,57.8,39,3,0,0,0.3,2,1,0,392,2,61.5,71.8,78.7,52.6,47.3,,,Data Science,0
STU107142,23,Female,8.32,74,0,70.6,60.3,47.4,51.2,2,1,1,4.6,4,0,0,1154,4,87.2,64.8,88.1,71.1,51.4,109.4,62.3,Business Analytics,0
STU109223,22,Male,7.71,82.4,1,50.6,62.8,66.9,28.8,3,2,0,1.7,2,2,1,523,2,42.7,84.3,75,64.9,47.4,50.3,68.6,Business Analytics,0
STU104529,21,Male,7.09,81.2,0,51.5,43,73.5,52.9,2,0,2,8.1,1,3,1,991,1,,36.7,68.9,47.7,33.2,48.5,92.1,Data Science,0
STU103516,21,Male,7.45,68.3,0,29.6,62.7,68.7,70.6,3,2,0,3.2,2,0,0,100,3,67.8,66.7,82.6,18,68.8,39.8,95.1,Business Analytics,0
STU100892,21,Male,7.7,73.3,0,46.4,49.6,56.2,57.3,6,3,0,1.6,2,2,0,812,6,44.4,82.6,79.8,57.9,67.1,17.4,87.6,Software Development,1
STU104969,21,Female,6.27,91.7,1,42,15,95.2,23.4,6,3,3,16.7,6,1,0,557,5,83.5,,67.6,53.6,76.8,52.4,71.4,Data Science,0
STU105633,19,Male,7.62,84.4,0,41.5,54.8,69,51.2,2,1,0,1.4,5,2,0,866,4,65.4,69.9,64.9,70.1,80.1,36.4,62.7,Business Analytics,0
STU107629,21,Male,7.58,86.7,1,73.7,46.5,44.8,79.7,3,1,1,2.5,2,2,1,674,4,60.8,55.7,79.1,62.6,59.5,84.4,87.8,Business Analytics,0
STU107652,20,Male,7.39,79.5,0,56.9,31.9,59.6,36.2,3,0,0,,2,1,0,710,2,60.6,74.5,70.5,52.9,80,13.5,65.7,Data Science,0
STU106889,22,Male,7.89,80.2,0,42.5,55.2,56.5,77,3,1,0,0,2,1,0,845,2,48.7,59.5,67.4,50.4,44.5,81,92.9,Software Development,1
STU108974,20,Female,6.78,81.2,0,59.5,53.2,57,51.2,0,0,0,0,2,1,0,849,0,50.2,44.7,74.4,50,47.6,52.2,79.8,AI/ML,0
STU108426,22,Male,7.42,85.9,1,26.8,61,56.6,37,4,3,1,1.3,2,1,0,250,4,73,67.1,61.8,80.3,93.2,40.6,59.8,Software Development,0
STU100234,23,Male,8.31,80.4,1,59,40.8,54.3,35.7,8,7,4,,1,1,0,898,9,79.4,84.4,71.5,55.9,47.7,28.8,67.2,Cloud Computing,0
STU105600,21,Male,7.08,84.7,0,44,60.2,59.5,45.4,1,1,0,1.8,2,1,0,1058,2,62.2,40.6,67,62.1,49.9,24.2,91.4,Cloud Computing,1
STU100475,22,Female,7.71,81.6,2,69.1,52.3,62.5,34.1,2,2,1,2.8,2,2,0,722,3,53.5,47,98.7,39.6,84.6,93.3,84,Cloud Computing,0
STU109259,20,Male,6.95,76.5,0,60.4,37.7,65.7,46.7,4,2,0,1.3,1,2,0,678,5,57.9,65.4,71.2,29.1,57.5,44,59,Software Development,0
STU109765,23,Female,5.97,96.7,0,29.8,37.1,,53.9,2,1,1,4.4,2,3,1,827,5,,61.4,55.4,48.8,79.7,45.2,76.4,Data Science,0
STU101874,20,Male,8.7,71.3,0,52.3,69.1,53.4,60.3,3,1,1,5.9,2,3,0,423,4,59.8,51,64.9,42.4,77.9,47.5,64,Software Development,0
STU101125,21,Male,8.31,76.2,0,76.3,54.8,46,77.8,3,1,2,2.7,2,2,0,414,3,65.3,69.6,88,50.3,30.5,140.6,78,AI/ML,1
STU102810,20,Female,7.77,76.9,0,68.1,43.6,45.1,81.3,1,1,0,0.7,1,0,0,778,0,54.5,54.5,74.3,44.6,70.2,49.4,67.8,Software Development,1
STU100219,22,Female,6.29,80.3,1,15,54.8,64.6,25.8,5,0,2,6,2,2,0,546,5,59.8,69.7,69.7,59.1,47.6,25.1,66.3,AI/ML,1
STU101317,21,Male,6.63,82,1,43.7,44.3,26.5,58.2,3,1,0,0,3,0,0,700,3,77.4,75.5,44,50.9,61.9,23.9,67.1,Business Analytics,0
STU106759,24,Female,6.62,70,1,49.7,51.4,34.7,63.8,3,1,2,9.3,1,3,0,1084,3,59.1,65.8,63.5,58.3,59.7,16.6,69.5,AI/ML,1
STU108954,23,Female,7.25,82.2,0,43.5,45.3,85.5,49.9,5,1,1,3.6,4,2,0,513,6,70.8,82.9,87,77.2,44.6,26.3,86.4,Software Development,1
STU107155,24,Male,7.92,,0,55,41.8,96.6,83.4,3,0,2,8.1,3,2,0,391,3,66,69.4,65.1,37,68.5,105.6,84,Business Analytics,0
STU106594,23,Male,8.05,83.2,0,50.6,46.4,64.9,35.4,1,1,2,8,4,1,0,409,1,75.2,60.6,65.1,73.4,65.5,43.9,74.7,Cloud Computing,1
STU102013,22,Male,8.47,91.7,0,67.1,47,58.1,61.9,5,0,1,4.9,0,2,0,636,5,50.6,69,79.1,36.4,67,22.3,85.4,Data Science,1
STU108854,21,Male,6.96,60.8,0,62.2,50.2,37.8,69,0,0,1,4.8,0,3,0,1066,0,71,43.6,47.3,71.1,78.3,18.8,61.7,Data Science,0
STU104865,21,Female,8.5,75,0,69.6,67.4,56.4,71.4,2,1,1,2.3,2,1,1,843,2,65.7,56,71.7,65.1,61.3,90.2,71.6,Software Development,0
STU108442,23,Male,8.36,91.5,1,46.2,41.5,57.8,40.1,1,1,1,2.2,1,1,0,1031,0,73.5,53.1,77.5,72,48.9,53.4,71.1,Cyber Security,1
STU100509,21,Male,8.07,79.5,0,68,62.2,79.3,82.1,3,2,0,1.5,1,1,0,571,3,60.5,75.2,85.1,38.3,77.5,,94.9,Software Development,0
STU100523,23,Female,8.08,93.5,0,59.3,67.7,21.8,51.4,1,1,3,15,1,2,0,887,0,59.6,48.3,60.3,29.8,49.8,18.4,79.2,Data Science,0
STU108778,20,Female,7,59.9,0,37.3,49.7,57.6,44.3,3,1,0,0,2,1,0,1111,2,62.2,74.1,70.4,50.8,74.5,59.4,79.3,Data Science,0
STU100929,21,Male,6.39,80.4,0,17.8,67.1,68.2,78.8,3,3,1,7,0,2,1,433,2,59.8,26,64.7,76.4,57,30.2,90.4,AI/ML,0
STU107857,22,Female,7.2,76,0,68.1,45,62.8,48.7,1,1,0,0.5,2,0,0,772,0,60.1,51.6,61.1,49.3,86.2,53.9,61.5,Cyber Security,0
STU104382,22,Male,9.9,74.7,0,80.2,68,63.5,85.4,4,2,1,3.8,3,1,0,912,5,73.2,54.2,68.1,66,63.9,14.9,81,Cyber Security,0
STU103989,23,Female,7.09,74.3,1,36.9,71.4,,72.3,2,1,0,0,1,1,0,515,1,41.7,50.4,68.9,58.6,44.7,87.3,79.4,Software Development,0
STU108587,22,Male,8.01,84.8,3,58.9,26.7,44.7,62.6,3,2,1,6.2,2,1,0,905,2,50.9,65.1,76.5,46.2,76.1,125.4,77.8,Cyber Security,1
STU108940,20,Male,7.35,87.3,0,37.4,36,57.3,50.8,2,1,0,0.6,1,0,0,868,4,52.7,42.4,77.4,54.7,71.4,39.4,80.8,Software Development,0
STU102662,21,Male,5.72,83.5,0,48.9,40.4,50.1,23.2,1,0,2,9.9,1,0,0,626,1,,49.9,81.9,48.8,52.1,35.8,62.8,Cloud Computing,0
STU100276,22,Female,8.51,99.9,0,62.3,65.1,80.2,55,3,2,0,0,4,1,0,786,2,66.1,67.3,57.7,39.5,65.7,31.3,86.3,AI/ML,0
STU108857,20,Female,6.94,64.4,0,53.3,72.5,92.8,54,0,0,2,6.6,4,2,1,861,0,85.3,57.9,77.8,47.4,53,107.4,72.2,Software Development,0
STU107550,22,Female,6.24,73.1,0,40.8,29.5,55.8,53.8,5,0,0,0,2,0,0,559,7,55,88,82.4,46.5,89.5,28.3,73.9,Data Science,0
STU108471,22,Male,8.31,72.5,1,65,,54.9,61.9,5,0,2,10.8,0,1,0,501,5,64.8,67.3,66.5,38.4,59.6,29.5,64.2,Software Development,0
STU100072,20,Male,8.51,94.2,0,49,59.1,68.1,73.3,1,0,0,1.3,2,3,0,599,1,48.2,55.7,82.7,55.5,69.8,57.2,70.3,Data Science,0
STU107574,22,Female,7.85,77.2,2,69.4,49.1,54,53.4,1,0,2,10.2,2,1,0,746,3,80.5,49,70,42.5,51.4,39.4,86.3,Data Science,0
STU108273,25,Female,7.04,80.9,0,66.4,63.7,51.3,47.4,2,0,0,1,2,0,0,707,1,66.4,48.6,71,25.9,87.3,39.2,82.2,Software Development,0
STU102190,22,Male,7.25,,0,51.5,72.9,35.6,,1,1,1,5,2,0,0,947,0,45.8,52.8,66,31.8,87,32.1,76.9,AI/ML,0
STU107556,22,Male,8.69,87.6,1,48.8,54.9,34.6,58.9,1,1,1,4.6,3,2,0,699,1,64.7,78.6,65.8,62.8,58.5,40.5,53.7,AI/ML,0
STU104263,21,Other,6.93,76.2,0,23.9,60.2,49.9,55.4,2,0,1,1.5,3,1,1,1064,1,77.4,80,64.9,48.5,39.6,58.7,52.8,Cloud Computing,0
STU103744,22,Female,8.54,87.4,0,35.5,70.7,52,87.8,3,2,3,9.5,3,3,0,649,3,69.1,58.5,71.8,45.6,51.6,50.6,77.4,AI/ML,1
STU102969,24,Male,6.89,77.2,2,64.4,59.9,73.9,32.9,1,1,1,2.4,1,0,0,475,0,59,61.2,76.6,39.8,63.8,16.6,66.8,Data Science,0
STU100198,21,Female,7.51,83.4,1,67.3,62.6,50.7,32.8,2,1,1,3.6,3,1,0,593,2,78.8,51.5,62.5,30.1,67.1,64.9,81.1,Cloud Computing,0
STU105859,23,Male,7.72,69,0,29.3,59.7,43,69,1,0,1,5.1,1,0,0,1001,0,73.9,55.9,69.4,49.5,52.9,60.2,69.2,Software Development,0
STU104837,19,Male,8,80.3,0,53.7,52.1,74.5,63.8,3,0,2,8.7,3,2,0,495,2,,63.2,83.7,41.7,38.2,73.5,88.9,Cyber Security,0
STU105964,22,Male,7.21,89.2,0,60.7,52.7,53.1,42.5,1,0,2,7.5,0,0,0,394,0,50.9,60.6,73.3,34.6,47.8,116.1,66.9,Data Science,0
STU109309,21,Female,6.8,89.6,0,53.2,53.8,45.9,55.1,1,0,0,0,7,1,0,907,2,83.6,77.9,56.3,69.6,70.6,52.3,69.3,AI/ML,0
STU108914,22,Female,7.13,76.9,0,56,47.6,76.4,81.6,4,3,1,3.2,4,3,0,870,4,71.5,67.3,80.9,45.9,57.2,131.2,90.2,AI/ML,0
STU109256,20,Female,6.75,86.5,0,33.4,38.7,56.9,48.3,2,0,1,6.8,1,0,0,1000,2,54,,58.9,24.8,41.4,31.8,69.6,Data Science,0
STU104311,22,Male,6.65,83.6,0,54.2,45.8,51.3,47.4,0,0,3,10.9,1,0,0,838,4,73.6,38.5,65.7,44.9,81.3,28.9,60.4,AI/ML,0
STU106043,20,Male,6.85,65.6,1,27.5,55.1,53.7,55.6,3,0,0,0,1,2,0,340,3,61.8,88.4,58.1,69,60.1,47.8,73.7,Business Analytics,0
STU104233,21,Male,7.82,85.6,0,36.9,41.4,77.2,55,0,0,2,6.6,1,0,0,779,0,75.4,51.9,78.2,39.2,39.6,22.6,75.9,Data Science,0
STU107532,21,Male,6.68,85,0,53,57.9,49.6,31.6,7,3,1,5.5,1,3,0,928,8,49.8,81.7,57.5,82.7,58.9,107.2,55.2,Cloud Computing,0
STU101043,22,Male,7.05,98.7,0,45.2,37.4,69.8,21.5,4,2,1,3.5,1,4,0,1061,4,60.4,57.6,91.6,60.4,55.1,58,86.9,AI/ML,0
STU104729,22,Male,7.38,74.1,0,81.3,61.9,43.6,22.2,2,0,1,3.2,1,3,0,907,1,74.4,64.4,72.9,57.3,43.1,89.2,43.5,Cloud Computing,0
STU100668,22,Male,7.27,76.6,0,76.6,44.6,63.1,39.6,2,1,0,1.7,2,3,1,953,2,57.6,65.2,70.3,33.4,50.8,59.3,82.8,Data Science,0
STU105277,22,Male,7.39,73.1,3,43.2,46.1,75.9,50.3,1,1,0,0.9,2,1,0,741,3,53.9,38.1,89,31,89.9,60.8,95.1,Cloud Computing,0
STU105952,22,Male,8.68,77.8,1,71.2,72,44.4,61.3,2,2,1,4.3,2,0,0,799,1,69,,71.4,54.9,29.5,45.9,64.9,Software Development,0
STU100268,22,Male,8.23,70.7,0,86.7,64,47.9,63.1,2,0,1,5.8,1,1,0,948,2,72.6,41.6,64.3,75.9,56.4,99.2,76.5,Software Development,1
STU107164,22,Female,7.63,72.4,2,51.1,55.6,64,64.6,2,0,1,1.3,4,0,0,1047,2,75.3,70.1,79.3,47,35,59.8,55.4,Business Analytics,1
STU106021,22,Male,7.65,89.2,1,64.1,,42.5,46.5,3,1,0,0,1,2,0,430,3,46,63.9,63.6,46.6,64,54,76.5,Software Development,1
STU109358,20,Other,8.28,79.7,1,39.2,57.3,64.1,54.5,2,2,2,3.7,3,1,0,585,2,70.5,39.4,75.9,23.3,61.6,64.4,68.8,Software Development,0
STU105551,22,Male,9.81,87.3,0,84.3,53.6,43,92.7,2,0,1,5.7,4,2,0,1194,3,76,63.4,66.5,54,51.2,58.9,81.2,Cyber Security,0
STU105208,21,Female,7.06,74.7,0,28.3,65.9,69.3,53.5,5,3,0,1.7,4,0,0,815,6,67.3,85.5,60.6,65.2,24.5,58.5,90.4,Software Development,0
STU106900,20,Male,6.39,89.1,1,46.7,44.3,71.6,33,0,0,1,5.8,1,1,1,514,1,55.8,47.1,76.8,56,90.9,9.8,49.5,Cloud Computing,1
STU109469,21,Female,8.01,69.1,0,80.2,34.9,65.8,32.1,0,0,0,0.1,2,0,0,1180,1,73.3,63,77.7,51.6,44.6,63.9,61.2,Data Science,0
STU100230,21,Female,9.68,69.6,2,90.9,53.4,89.6,70.6,2,1,0,0.2,1,2,2,760,3,56.9,72.6,87.6,43.7,56.7,15.5,76.2,Software Development,0
STU103798,21,Female,7.8,62.7,1,66.3,69.6,54.8,39.2,7,2,0,1.1,0,2,0,848,7,67.4,61.3,82,50.2,87.3,101.3,61.3,Data Science,0
STU104573,22,Male,8.89,100,0,62.9,76.9,35,25.7,3,1,2,8.9,1,2,1,657,2,65.6,65.1,59.5,50.3,57.6,14.2,56,Software Development,0
STU105407,20,Male,8.56,95.3,0,56.8,36.5,62.3,67.2,2,0,0,0,1,0,0,1202,2,53.3,78.3,57.5,36.6,64.6,65.5,84.7,Data Science,0
STU101885,19,Male,7.99,74.6,1,40.1,68.9,41.9,68.6,3,1,1,4.2,4,3,0,610,3,59.7,79.8,56,73.6,24.8,51.9,84.4,AI/ML,0
STU103054,22,Female,8.28,98,1,73.3,40.6,66.5,70.4,2,1,1,7,0,3,0,905,2,40.1,48.8,69.4,44.3,63.9,78.3,84.5,Data Science,1
STU103184,22,Male,8.01,94.6,0,46.1,56.5,55.8,42.4,1,0,0,0.1,2,0,0,1310,0,79.9,46.8,72.3,75.4,88,52.1,65.1,Data Science,0
STU107456,22,Male,7.68,82.1,0,56.6,68.5,60.6,42.9,2,0,0,0,2,1,1,757,1,,61,74.2,52.9,65.5,95.9,75.3,Business Analytics,0
STU108645,22,Male,8.06,75.2,0,46.5,71.2,55.6,45.5,4,2,1,2.5,2,2,0,365,5,,55.6,83.2,71.7,70.6,67.4,,Business Analytics,0
STU103506,24,Female,8.48,83.1,0,59.4,45.8,39.4,82,0,0,0,0,2,0,0,910,1,56.3,40.9,75.7,63.9,54.9,19.7,75.7,AI/ML,0
STU106283,22,Male,8.89,74.4,0,71.6,61.6,70.9,42.7,4,0,0,0,2,0,0,1156,6,62.1,55.6,83.4,41.7,60.4,65.6,69.8,Cyber Security,0
STU103309,21,Male,7.47,75.9,2,41.5,56.7,52.3,47.5,5,3,2,6.8,0,2,1,452,5,72.5,66.3,66.7,63.6,41.1,35.8,58.9,Cyber Security,0
STU108060,23,Male,6.4,79.7,0,38.9,49.9,47.4,34.9,1,1,3,10.9,0,0,0,499,2,63.8,53.9,70.5,60.8,37.4,21.9,71.3,Software Development,1
STU106047,23,Other,8.3,91.5,1,37.3,79.1,52.9,82.6,0,0,4,18.5,0,0,0,704,0,61.4,47.6,71.5,51.3,76.2,92.6,67.1,AI/ML,0
STU102953,21,Male,8.65,79,0,54.5,62.3,64.8,33.5,1,0,3,15.3,2,0,0,797,1,62.1,66.4,,44.9,52.9,63.3,56.2,Business Analytics,1
STU104024,20,Male,7.96,76.4,2,47.1,32.3,86.2,61.7,1,0,1,4.4,4,1,1,846,0,66.2,53.7,90.4,37.4,40.7,78.7,58.9,Data Science,0
STU105586,22,Female,8.23,92,0,62.1,54.2,47.6,52.3,1,1,2,10.1,2,2,0,694,1,54.7,68,70.8,42.5,43,54.1,59.5,AI/ML,0
STU101638,23,Male,7.22,84,1,52,53.1,75.7,40.7,4,1,0,1,1,2,0,1077,4,56.7,69.1,74.6,50.1,31.4,20.6,64.4,Software Development,0
STU104583,22,Female,6.21,91.7,1,38.8,33.7,77.4,51.5,3,2,1,3.6,3,0,0,665,3,66,74,77.8,38,74.3,31.1,91.4,Data Science,0
STU107271,22,Male,9.28,92.7,0,61,77.6,71.6,74.3,1,0,1,4.2,3,1,0,426,0,67.2,44.6,79.6,48.2,53.3,47.8,63.6,Cloud Computing,0
STU107746,21,Male,6.45,84.6,1,52.9,51.1,50.3,49.5,1,0,0,0.1,1,3,1,767,1,75.6,47.6,63.6,61.5,81.4,62.8,85.1,Cyber Security,0
STU107788,22,Female,6.12,82.4,2,35.7,23.6,46.2,33.9,1,0,0,1.2,0,1,0,550,0,48.7,46.1,71.6,45.3,64.7,44.2,63.6,Data Science,0
STU104994,21,Female,7.76,74,0,61,49.6,58.9,41.7,2,0,1,3.2,2,4,1,820,2,64.6,63.1,75.4,59.7,79.5,50.8,55.8,Business Analytics,0
STU107327,22,Male,7.13,83.5,1,52.1,57.7,47.9,63.2,2,0,1,3.8,3,2,0,820,3,85.8,57.8,59.2,57,40.1,37.8,61.3,Software Development,0
STU103954,21,Male,7.91,97.7,1,77.3,43.8,51,47.4,1,0,0,0.9,3,1,0,520,3,64.9,65.7,71.1,57.3,85.2,23.5,93,Data Science,0
STU104387,21,Male,7.74,93.4,0,36.8,69.4,45.9,34,1,1,1,3.4,1,0,0,402,1,67.2,51,85.8,44,55.8,40.1,,Data Science,0
STU109793,20,Male,6.81,88.2,1,45.3,37.6,57.4,38.7,0,0,0,1.3,1,0,0,1158,0,,48,72.2,35.8,75.8,139.6,74.6,Software Development,0
STU108464,21,Female,7.93,76.2,0,63.1,53.6,61.5,68.2,2,0,3,12,2,4,1,837,2,78,,79,37.1,72.4,47.4,72.7,Cloud Computing,0
STU104065,22,Male,7.68,86.3,2,64.6,37.2,43.5,32.8,2,0,2,10.8,1,5,1,1029,3,,50,58.5,48.4,76.4,105,48.9,Cyber Security,0
STU105576,22,Male,7.23,74.7,1,39.8,35.4,60.2,66.6,2,1,0,0,1,2,0,696,1,71.6,53.9,88.3,56.5,68.6,26.4,81.6,Cyber Security,0
STU105566,22,Female,6.36,83.7,0,,37.2,56.5,44.2,5,2,1,1.4,1,0,0,989,4,63.8,70.1,77.7,33.7,80.9,17,67.9,Business Analytics,0
STU100183,21,Male,7.34,83.4,2,38.3,61.9,42.7,36.8,6,1,1,4,0,2,0,1158,7,72.4,53.5,59.6,65.2,65.8,,,Data Science,1
STU102385,22,Male,7.91,77.8,2,46.2,62.8,44.2,,1,0,2,8.5,0,1,1,336,0,80.8,38.1,69.5,71.1,74.5,47.2,,Software Development,0
STU102381,21,Male,7.41,84,0,44.6,56.3,67.2,48,2,0,1,4.8,0,4,1,352,2,62,64.6,71.6,72.1,64.6,81.6,79.4,AI/ML,0
STU109009,19,Female,7.36,81.4,1,38.9,39.1,56.6,30.1,1,0,1,4,1,1,0,643,2,63.5,46.9,62.6,64.2,50.3,46.1,68.5,Software Development,0
STU106605,22,Male,7.72,85.2,0,69.6,53.6,55.9,48.4,4,1,0,0,3,0,0,1067,5,66.8,64,53.5,28.5,65.8,42.9,63.2,Cloud Computing,0
STU105173,21,Male,7.2,88,2,47.1,44.9,58.5,62.4,4,1,0,0,0,1,0,555,4,58.2,78,83.9,50.5,72.2,66.5,79.3,Software Development,0
STU101557,21,Female,7.36,70.7,0,81,57.2,46.3,88.5,4,0,1,6,3,0,0,1304,3,60.9,72,64.6,39.7,40.6,84.7,64.4,Cloud Computing,0
STU104008,22,Male,7.2,84.1,0,45.6,50.9,72.2,42.8,3,0,1,5.2,2,2,0,461,2,73.4,72.1,76,49.3,55.6,59.6,76.7,Cloud Computing,1
STU106071,21,Female,9.07,81.1,0,64,54.5,68.8,72.6,5,3,0,0,4,0,0,967,4,,54.8,67.8,41,23.7,21.9,82.4,Business Analytics,0
STU108106,20,Male,8.73,78.9,1,83.5,53.7,64.8,58.1,1,0,1,2.4,3,0,0,876,1,58.4,84.4,65.4,60.8,75.5,15.9,67.4,Business Analytics,1
STU109652,23,Male,8.22,100,2,57.9,59.5,53.4,45.7,3,2,0,0,4,2,1,1161,4,73,51.1,68,55.1,64.7,19.5,72.5,Software Development,0
STU103593,24,Male,6.25,75.9,0,55.8,58.7,66.3,35.1,3,2,0,0,1,2,0,823,3,73.1,60.1,80.9,37.9,65.7,56.2,72,Software Development,0
STU106333,21,Male,7,79.7,0,36.9,51,52.1,41.7,3,2,1,5.1,3,0,0,569,4,69,57,65.1,66,88.3,21.3,64.3,Software Development,0
STU105462,22,Female,5.78,69.8,0,53.3,25.4,53,38.6,3,0,1,1.3,1,3,0,1023,3,57.7,59.1,52.8,61.5,69.7,39.2,53.8,Business Analytics,0
STU103702,21,Male,6.81,72.1,0,47.6,62.1,43.9,45.4,2,2,1,2.7,1,1,0,870,3,42,67.7,71.2,51.1,27,18.4,74.2,Cyber Security,0
STU101051,20,Female,8.1,94.5,0,,75.7,56.2,57.8,2,0,0,0,1,1,0,940,2,48.9,59,65.6,60.7,66.9,26.6,85.9,AI/ML,0
STU103857,20,Male,8.25,72.9,1,44,39.7,44.6,83.3,2,1,1,3.3,2,1,1,502,1,66.1,47,47.8,38.2,76.2,48.3,72.6,Software Development,0
STU100058,23,Female,7.59,80.7,1,55.2,52.9,54.4,63.7,0,0,1,2.2,2,0,0,972,2,56.7,47.3,74.2,45.9,46.7,48.4,75.5,Data Science,0
STU106563,22,Male,9.14,86.1,0,61.2,74.5,57.5,60.8,2,0,1,6.8,1,0,0,1213,3,55,50.3,77,55.3,66,34.4,63.8,AI/ML,0
STU102359,23,Female,7.38,78.1,1,53.9,71.3,70.8,56.1,1,0,2,6.6,2,1,0,1193,0,64,58,70.2,65.9,68,46.9,,Cloud Computing,0
STU106476,21,Male,6.77,65.8,1,70.7,54.7,65.9,32.8,2,0,1,4.9,5,1,0,712,2,64.9,64.6,92.1,40.9,61.3,13,88.4,Software Development,0
STU105010,22,Female,5.99,68.2,1,37.7,66.8,66.4,54.3,2,1,1,1.2,3,0,0,548,2,69.1,70.9,84.4,31.7,35.1,69.8,74.1,Data Science,0
STU102890,21,Female,7.57,69,0,29.7,83.2,71.4,22.4,1,0,2,6.7,1,0,0,649,0,61.5,47.4,72.8,48,64.9,44.4,46.6,Software Development,0
STU105410,22,Male,5.99,67.1,1,32.5,50.9,63.5,36.3,2,1,1,1.7,3,2,0,965,1,76.4,56.8,68.9,66.9,42.7,50.8,77.4,Cloud Computing,1
STU102556,21,Male,8.13,,1,64.2,37.8,83.5,29.1,4,0,1,4.2,3,1,0,339,3,69.6,62.4,93.4,36.5,49.3,84.6,79.2,AI/ML,1
STU104747,23,Male,7.98,88,1,70.2,81.2,49.2,57,2,1,1,5.1,3,1,0,992,3,71.5,53.1,69.4,48.4,77,44.4,71.8,Cyber Security,0
STU107108,22,Male,7.51,73.9,0,63.3,54,72.5,65.8,1,0,2,8,0,0,0,919,1,59.2,47.9,83.7,43.8,32.3,,62.6,Data Science,0
STU106328,21,Male,8.04,79.8,0,58,66.8,62.7,47.2,3,1,0,0,3,3,2,547,5,,59,78.1,33.8,35.9,68.1,65.4,Business Analytics,0
STU107663,21,Female,7.21,79.3,1,54.3,20.4,56.5,48.4,3,1,1,2,0,1,0,1281,5,70.6,65.6,65.9,60.9,52.1,47.5,63.2,Cloud Computing,1
STU106880,22,Female,8.36,84.4,0,56.5,66.5,66.9,63.9,2,0,0,1.4,2,1,0,689,1,57.9,64.2,69.6,63.8,60.7,41.2,77.2,Business Analytics,0
STU103940,23,Male,7.52,91.5,0,63.1,63,64.6,38.2,3,1,3,15.4,2,1,1,813,4,60.8,56.7,76.5,72.7,49.1,34.2,76.4,Data Science,0
STU101229,22,Female,6.95,76.9,1,55.7,66.6,31.6,35.7,1,1,1,4,2,2,0,844,2,64,66.7,65.3,41.3,37.9,32.3,91.6,Business Analytics,0
STU100756,23,Female,8.2,71.3,0,59.4,67.2,73.4,56.3,6,1,2,6.9,4,1,1,689,6,74.4,90.1,64.3,48.4,47.5,124.5,70.8,Cyber Security,0
STU108371,22,Male,6.59,100,0,67.8,60.7,67.6,56.4,4,1,4,17.4,4,1,0,1036,4,63.5,72.4,78.7,47.5,58.9,15.7,79.1,Software Development,0
STU105777,22,Male,8.5,85.1,0,48.8,77.9,57.8,92.4,4,0,0,0,1,0,0,599,6,57.7,80.3,63.2,41.5,64.1,59.3,88.1,AI/ML,0
STU101320,23,Male,8.82,77.5,0,27.9,81,53.1,77.3,1,0,1,3.8,4,0,0,826,4,47.3,54.9,56.9,44.3,60.1,49.6,60.4,AI/ML,1
STU107012,21,Male,8.3,72.6,2,69.7,50.9,51.8,60.9,5,2,0,0.8,3,1,0,764,6,50.7,61.6,,44.7,66.6,33.4,70.4,Software Development,0
STU103873,21,Female,7.83,71,0,34.2,57.4,55,63,3,0,1,3.5,2,1,1,552,2,67.6,59.8,75.5,53.4,73.2,20.7,78.2,Business Analytics,1
STU103197,20,Female,7.88,77.9,1,56.8,50.1,59.4,63.1,3,1,1,4.7,1,2,0,669,3,47.2,56.3,70.5,54.8,62.7,51.2,77.6,Data Science,0
STU102131,22,Other,6.61,63.2,0,30.5,72.7,56.1,39.6,0,0,0,1.1,4,1,0,596,0,79.1,46.1,55.6,50.4,47.4,25.6,72.7,Software Development,0
STU103645,21,Female,7.24,70.3,1,50.5,43.6,52.1,27.3,3,2,0,1.3,3,2,0,923,4,73.4,85.4,51.2,54.7,73.1,19.6,68.7,Data Science,0
STU105245,23,Male,8.55,97.4,1,63.9,76.3,95.6,55.2,2,0,2,5.3,3,0,0,810,1,71.1,39.2,94.4,68.9,53.7,55.6,98.4,Cyber Security,0
STU106026,22,Female,6.84,92.7,0,32.3,37.2,65.3,50.1,2,0,2,7.7,3,6,0,739,2,75.1,74.4,74.7,38.2,48.6,36,85.5,AI/ML,0
STU106385,22,Female,8.26,96,2,60.3,83.2,61,76.1,3,2,1,5.8,1,1,0,1022,2,40.3,56,81.3,48.3,85.6,24.6,83,Cloud Computing,0
STU103757,21,Female,7.43,80.8,0,51,51.8,44.1,70,2,0,0,0,2,1,1,492,1,61.9,52.3,75.5,76.5,74.4,41.8,75.8,Data Science,0
STU102358,22,Female,6.41,76.6,2,70.3,52.1,63.5,23.4,3,1,0,0,0,1,0,747,2,56.8,57.9,66.9,46.5,72.8,60,76.1,Business Analytics,0
STU107236,23,Male,8.02,86.5,1,51,59.4,68.3,41,6,3,1,5.2,3,0,0,873,6,69.8,77.6,87.4,42.8,51.3,29.2,67.1,Cloud Computing,1
STU100910,21,Male,7.53,71.4,0,73.8,61,53.4,40.8,1,0,2,6.6,2,1,0,789,1,69.8,38.8,79.2,51.6,55.1,12.4,75.7,Data Science,1
STU109372,21,Male,7.17,,0,69.6,56.7,60.1,63.3,4,1,2,4.5,1,1,0,796,3,50,70,66.5,58.2,58.6,65.2,90.9,Software Development,1
STU101917,21,Male,7.79,91.2,0,61.5,55.8,20,61.4,1,1,0,0,1,0,0,634,1,38,55.2,60,52.1,47.8,102,72.3,Business Analytics,0
STU109506,23,Male,6.69,75.8,1,49.2,63.2,55,29.4,3,2,0,1.4,4,1,0,711,4,68.7,43.8,50.6,15,61.2,111.5,69.7,AI/ML,0
STU107922,23,Male,6.14,76.7,0,53,54.6,60.7,63.7,1,1,2,8.7,2,0,0,721,0,60,43.9,70,40.8,55.2,86,56.8,Cloud Computing,1
STU102015,23,Male,7.56,68.6,0,20.6,58.8,58.3,64.6,9,4,0,0,1,4,1,577,10,69.2,75.5,72.8,44.6,68.9,96.4,98.8,Business Analytics,0
STU107204,22,Male,8.16,98.8,1,82.8,42.9,71.4,65.7,1,0,1,4.9,3,2,0,882,3,58.5,58,68.6,49,53.6,92.5,78.4,Data Science,1
STU102893,22,Female,9.13,90.2,1,71.2,81.4,55.7,68.2,1,0,1,2.4,1,1,0,657,2,50.6,54.8,80.8,63.3,51.7,43.2,85.6,Data Science,1
STU106449,21,Male,6.98,96.2,0,53.9,32.1,61.7,34.3,1,0,0,1.2,3,0,0,710,2,62.5,51.7,88.1,58.2,91.5,19.7,58.4,Software Development,0
STU106847,21,Female,7.27,78.3,1,61.8,45.7,41.9,48.5,3,1,0,1.7,2,1,0,682,4,73.7,,79.9,81.7,41.3,61.8,53.4,Software Development,0
STU102813,21,Female,7.41,79.5,0,61.9,61.7,60.1,23.9,1,0,0,0.3,3,0,0,709,1,64.2,59,66.7,37.3,49.3,36.1,79.9,Cloud Computing,1
STU105688,23,Female,7.3,77.6,0,69.8,48.9,50.4,79.2,2,1,0,0,2,3,1,530,1,66,74.3,83.5,30.7,65,79.8,79.3,Software Development,1
STU105629,22,Male,6.98,88,0,46.7,56.5,59.5,40.2,2,0,0,1.1,0,3,0,474,2,42.6,61,65.8,63,45.9,126.6,80.8,Data Science,0
STU104643,23,Female,7.66,83.2,1,48.8,62.6,73.1,75.4,4,2,2,13.3,1,0,0,1169,4,71.4,43.7,77.4,36.4,24.6,118.6,78.7,Data Science,1
STU103748,23,Male,8.23,86.2,2,65.3,67.6,40.5,89.9,2,1,0,0,4,5,1,1199,2,79.6,55.6,62.8,80.1,87.3,130.1,72.1,Cloud Computing,0
STU103835,23,Female,7.22,86.4,0,44,82.7,41.7,45.2,2,2,1,5,0,1,0,874,1,75.5,53.2,62.4,37.8,52.9,,61.4,Software Development,0
STU107060,22,Male,6.6,72.8,0,36.4,43.9,43.2,78.3,2,1,0,0,1,0,0,692,1,66.2,69.5,79,46.3,68.6,85.5,60,Cloud Computing,0
STU105199,21,Female,7,87.5,0,35.2,49.2,51.8,37.4,4,3,0,0,6,1,0,625,4,70.6,86.6,66.5,54.7,58,26.8,58.7,Business Analytics,0
STU101355,24,Male,7.75,72.3,1,54.1,49.9,53.4,96.1,3,1,2,4.4,2,1,0,781,4,66.2,82.3,68.7,67.2,44,71.7,61.6,Cloud Computing,0
STU102723,20,Male,6.19,90.4,0,19.6,64.1,66.5,28.7,8,0,0,0.6,3,1,0,650,9,54,72.9,68.6,68.5,63.9,89.1,48,Cloud Computing,1
STU109999,23,Female,8.18,86.3,0,31.3,81.6,56.7,47.7,2,0,1,6.5,5,3,0,902,3,68.2,60.5,77.8,59.3,58.1,120,65.2,Cyber Security,0
STU108207,20,Other,8.94,71.3,1,53.7,61.3,56.6,72.4,1,1,0,0,2,1,0,1041,1,64.4,58.6,61.8,59.1,44.6,54.6,74.2,Data Science,0
STU109247,21,Female,7.64,91.3,0,52.9,58.5,51.3,56,2,0,0,,0,1,0,1012,2,51.9,60.1,49.2,55.2,58,75.8,75.4,Cloud Computing,0
STU102959,22,Male,9.34,74.5,0,69.7,71.6,77.8,67,5,1,0,1.7,5,3,0,987,4,54.6,64.4,80.1,71.4,55.9,61.1,74.5,Business Analytics,1
STU107168,22,Female,7.35,82.7,0,52.1,52.3,59.3,48.7,1,1,0,0,2,0,0,624,0,61.9,83.6,82.1,62.8,39.6,125.6,77.3,Software Development,0
STU109057,24,Male,7.23,82.7,0,54.6,46.3,,59.5,6,1,1,1.5,2,0,0,848,5,61.9,91.6,84.5,57.5,40.4,43.6,62.3,Software Development,1
STU104948,22,Female,7.8,89.3,1,77.5,59.7,73.2,35,5,0,1,4.5,1,3,1,870,6,59.4,64.9,99.2,76.4,59.7,62.1,75.1,Cloud Computing,1
STU101434,20,Female,7.52,69.9,0,62.7,51.1,64.3,45.3,1,0,1,2.3,4,1,0,1046,1,79.3,50.1,56.2,15,64.3,28.5,96.2,Cloud Computing,0
STU102543,21,Male,6.31,89.1,2,46.9,58.3,47,21.8,5,1,1,,1,1,0,603,4,68.3,,72.3,74.9,70.5,37.4,74.1,AI/ML,0
STU100453,24,Female,8.29,75.2,1,39.9,,62.6,47.7,3,1,1,2.8,3,3,1,898,3,51.1,71.4,77.3,73.1,40.2,38.2,60,Data Science,1
STU103317,22,Male,6.75,,2,24.5,50.5,,48.9,5,2,0,1.4,3,2,0,895,4,57.4,,79.6,46.8,76.8,72.3,64.8,Software Development,0
STU100542,21,Male,6.04,82.3,1,,48.6,71.8,39.1,3,1,1,5,3,2,0,1005,3,85.2,76.7,64.2,47.8,59,37.6,87.7,Software Development,0
STU104246,22,Male,6.71,80.3,1,48.7,86.7,67.2,43.8,2,1,1,4.3,2,1,0,356,3,65,59,70.3,39.6,47.9,38.7,96.3,Business Analytics,0
STU107252,21,Male,7.47,68,1,67.4,61,57.3,49.5,3,0,0,0.2,1,2,0,1017,2,70.5,46.3,69,41.4,49.7,83.3,77,Software Development,0
STU104209,23,Male,7.45,79,1,52.4,44.1,42.5,38.9,3,1,0,2.4,1,0,0,948,3,47,71.4,73.2,71.5,47.4,112.4,64.7,Cloud Computing,1
STU106160,23,Other,8.18,56.2,1,43.6,62.2,43.9,74.2,3,1,1,4.4,3,0,0,140,3,51.2,67,74.5,59,45.6,42.7,71.7,Cloud Computing,0
STU107051,22,Female,8.25,88.3,0,52,48,50.3,54.8,4,1,3,14.7,0,2,0,717,4,55.4,53.5,62.1,65,84.7,125.6,71.4,Cloud Computing,1
STU104115,21,Female,8.23,77.8,0,57.5,61.7,20,52,2,0,1,2.2,2,0,0,450,4,,86,52.4,69.9,43,61.7,55.4,Software Development,0
STU107799,23,Male,9.13,89.4,0,75.9,44.2,78.7,42.1,1,0,0,0,1,0,0,1188,2,53.1,56.6,70,42.4,58,21.3,59.1,Data Science,0
STU100839,24,Female,8.44,90.3,0,68.4,62.7,30.8,51.1,2,2,1,2,2,1,0,356,1,67.2,60.6,65.7,59.4,52.5,27,74.3,Software Development,0
STU102865,21,Female,7.31,94.4,0,54.2,57.8,34.8,,4,3,0,0,2,0,0,622,5,,57.1,76.6,28.5,74.4,,61.9,Cyber Security,1
STU102824,21,Male,5.44,76.4,0,41.7,41,46.8,55.6,2,1,1,5.1,1,1,0,985,1,59.8,49.4,61.8,29.1,53.1,21.4,79.4,Data Science,0
STU106669,22,Male,6.8,86.6,0,58.7,43.2,69.3,35.2,2,1,0,0,1,0,0,984,2,70.6,63.8,63.8,72.3,62,3.1,88.8,Business Analytics,0
STU107763,21,Female,6.9,80.8,1,29.8,47.7,54.6,55.5,0,0,1,6.2,2,0,0,778,2,65.3,76.8,63.3,63.6,54.7,54.1,85.7,Cloud Computing,0
STU101549,22,Male,8.46,84.5,2,36,60.9,69.2,87.5,4,0,3,10.8,1,2,0,149,5,,88.3,77.9,40.4,56.1,147.6,82.9,Business Analytics,0
STU107567,21,Male,7.87,93.8,1,53.6,52,53.3,56.3,7,2,1,4.7,2,1,0,378,7,77.1,63.5,87.8,62.5,58.9,119.5,81.3,Cloud Computing,1
STU106930,22,Male,7.35,80.6,0,42.4,74.9,55.3,48.4,2,2,0,1.9,2,1,1,655,1,55.7,48,69.4,77.5,67.2,53.1,64.2,Cloud Computing,0
STU107619,21,Male,7.06,,0,31.3,44,61.4,73.3,2,0,1,6.3,2,1,0,587,2,55.8,76.6,79,43.5,83.4,27,74.8,Software Development,0
STU106771,22,Male,8.71,95.4,0,65.3,61.9,52.5,62.9,2,0,0,1.4,2,5,0,903,3,54.1,44.2,66.7,64.4,100,66.6,86.3,AI/ML,1
STU107081,23,Male,7.34,91.3,0,52.3,44.2,57.9,68.8,3,1,0,0,3,1,0,550,3,74.4,74.2,71.5,46.2,61.2,68.2,71,Cyber Security,0
STU103908,21,Male,8.16,73.9,0,28.3,38.3,52.2,56.6,3,0,0,0.3,3,0,0,742,3,56,66,60.5,65.3,44.1,11.8,80.3,Cloud Computing,0
STU105555,22,Male,7.75,84,0,49.9,34.1,47,56,4,3,1,2.2,1,0,0,590,6,60.2,77.1,69.3,56.1,74.6,80.5,,Cyber Security,0
STU100562,22,Male,8.18,72.2,0,42,42.3,52.7,72.7,2,1,0,1.6,3,3,0,458,1,66.4,55.4,56.1,65.9,10,43.5,74.9,Data Science,0
STU103929,20,Female,8.29,89.1,1,70.8,70,48.6,25.2,1,0,1,7.8,2,1,0,779,2,74,52.4,66.4,29.7,68.1,36.8,73,Cloud Computing,0
STU100897,21,Male,7.16,88,0,40.1,50.4,44.7,48.1,2,2,0,0,0,5,0,651,3,55.1,62.9,60.6,69.6,31.3,39.9,61.9,AI/ML,0
STU102764,23,Male,8.14,86.2,0,67.7,60.4,47.4,53.8,3,1,0,0,2,3,0,697,2,63.5,58.6,57.8,40.6,68.3,79.2,80.3,Business Analytics,0
STU103421,22,Male,7.43,85.6,2,67,62.5,51.9,57.4,2,1,0,1,1,0,0,783,1,67.8,41,63.6,49.8,45,16.4,80,Software Development,0
STU100814,21,Male,8.03,81.2,0,45.1,48.1,35.6,72.1,2,1,0,0,3,1,0,156,2,72.8,70.6,62.4,60,75.4,33.9,,AI/ML,0
STU102528,21,Male,7,78.2,1,46.1,39.8,56.1,82.5,1,0,1,2.9,2,1,0,702,2,74.7,51.6,70.1,32.2,73.9,35.4,81.8,AI/ML,0
STU103412,19,Female,8.17,80.5,1,55,54.9,85.5,61.6,0,0,0,0,0,2,0,804,0,69.6,39.5,76.9,40.7,47.8,44.4,85,Software Development,1
STU109428,22,Female,6.43,86.9,1,58.6,50.8,69.8,71.2,3,2,0,0,1,2,0,884,2,40.3,,94.2,39.7,46.4,50.7,86.5,Software Development,0
STU104318,21,Male,8.09,89.1,0,71.6,82.8,61.6,61,4,4,1,4.5,3,1,0,836,7,60.4,77.4,79.7,57.2,59,34.2,55.7,Cloud Computing,0
STU101725,23,Female,7.71,85.9,0,35.4,73.7,60.9,39.4,3,1,1,2.4,3,1,0,461,3,,47.7,63.6,73.7,42.1,15.3,67.7,Data Science,1
STU103188,21,Female,6.22,86.8,0,62.6,27,61.3,37,2,0,1,2.9,1,0,0,853,2,72.1,58.7,67.9,33.8,60.9,68.9,63,Data Science,0
STU105133,22,Female,7.82,81,2,42.5,80.3,46.8,49.5,6,0,2,9.3,0,1,0,426,5,65.4,63.7,72.5,32.2,52.1,64.7,73.8,AI/ML,0
STU102958,22,Female,6.44,76.6,0,66.9,57.5,65.8,39.8,1,1,0,1.2,3,3,0,441,0,73.5,68.6,80.7,61.4,84.6,73.2,80.5,Business Analytics,0
STU105443,23,Female,9.19,90.3,0,83,58.2,56.5,52.3,1,1,1,2.5,2,2,0,861,0,44.1,50.1,60.7,71.2,42.9,90.1,65.3,Cloud Computing,0
STU101698,24,Male,7.61,91.2,0,66.5,44.4,39,80.8,2,1,1,6,2,1,0,831,1,74.9,56.2,60.8,57.9,44.4,,92.4,Business Analytics,0
STU105874,22,Female,7.42,94.6,0,51.2,51.3,35,27.5,3,0,2,6,1,1,0,1081,3,68.9,60.7,76.9,52.5,88.3,39.9,53.2,Cyber Security,1
STU106904,22,Male,6.86,73.2,0,53.9,29.2,74.8,81.2,1,0,0,1.5,2,1,0,794,0,50.3,47,77.5,44.5,71,63.3,73.7,Software Development,0
STU107337,24,Male,6.43,64.4,0,31.2,43,50.7,35,2,2,2,8.1,0,0,0,691,3,74.8,56.8,59.8,60.3,57,65.4,71.6,Data Science,0
STU102176,22,Male,8.1,97.2,1,69.8,56.5,61,50.8,2,1,0,0.1,3,2,0,872,2,68.1,69.6,67.5,64.7,73.7,41.1,67.8,Data Science,0
STU104050,22,Female,6.49,83.4,2,24.2,48.5,75.6,45.1,5,2,0,0,0,0,0,447,4,50.7,69.3,79.6,39.7,36.7,62.3,,Data Science,0
STU109044,21,Male,7.84,98.8,0,62.4,91.7,43.7,63.1,3,1,1,4.8,2,0,0,974,4,53.6,63,81,49.7,60.4,39.8,72.1,AI/ML,0
STU102559,23,Male,7.08,64.5,1,47.1,58.3,43.7,45.4,3,1,1,5.7,3,3,0,524,3,64.2,68.9,67.8,44.9,29,28.8,65,Data Science,0
STU101533,23,Male,8.22,100,1,51,54.1,65.2,25.7,4,2,0,0.6,0,1,0,1283,3,66.4,74.7,91.3,22.7,52.1,74.6,58.2,Cloud Computing,0
STU105420,20,Male,7.51,90,1,64.4,,66.1,47.5,4,1,1,4.7,2,1,0,790,5,83.1,73.4,74.5,70.8,60.9,58,69.3,Cyber Security,0
STU109231,22,Male,8.43,84.1,0,50.5,54.5,44.5,58.3,3,0,1,2.1,3,0,0,479,2,55.3,58.4,63.3,58.3,50.3,46.8,59.8,Software Development,0
STU100051,22,Male,7.72,76.7,0,43.7,36.6,98.3,55.1,1,1,1,3.4,1,0,0,836,0,50.6,33.6,83.5,58.4,41.4,85.1,,Data Science,0
STU100545,21,Female,8,93.2,0,51,52.2,69.4,47.9,2,0,1,3.6,1,0,0,282,2,58.6,,81.1,49,71.4,49.6,95.5,Software Development,0
STU101832,22,Male,6.94,75.8,0,57.6,51.2,72.4,47.5,4,2,1,3.3,3,0,0,908,3,57.5,69.2,85.6,58.1,67.3,51.9,84.1,Cyber Security,0
STU107122,22,Other,9.22,72.7,1,60.8,50.7,36.3,56.4,2,2,0,0.7,5,2,1,554,3,64.9,61.2,74.8,34.7,81.7,52.5,79.9,AI/ML,0
STU105807,21,Female,7.54,90.5,0,56,67,40.3,47.1,2,0,1,3.5,0,0,0,610,3,70.8,26,40.8,52.4,78.6,,59.3,AI/ML,0
STU101971,21,Male,8.14,79.7,1,58.8,70.8,40,55.4,3,2,0,0.9,1,3,1,656,4,57.5,42.3,58.9,76.1,72.8,33.1,71.9,Data Science,0
STU100758,23,Female,7.48,85.8,0,45.3,42.8,60.2,50.6,1,0,2,8.5,3,5,0,669,2,78.8,59.9,84.9,72.4,45.1,75,79.2,Software Development,0
STU104178,22,Male,7.63,86.9,1,55.9,,29.5,44.6,4,3,2,7.6,3,1,1,747,5,74.5,53.6,60.4,88,53.1,12.9,57.5,Business Analytics,0
STU103903,20,Male,7.84,80,0,33.8,66.3,57.3,30.2,0,0,3,7.7,2,2,0,653,0,77.4,54.4,58.4,44.8,77.7,12.7,77.2,Cloud Computing,0
STU103009,21,Other,8.37,85.1,0,90.8,39.3,44.8,43.4,1,1,1,8.5,4,0,0,700,0,72.4,89.4,56.6,74.7,55.3,48.3,72.8,Cyber Security,0
STU102617,22,Female,8.69,90.8,0,70.9,70.7,64.4,96.1,1,0,1,3,1,0,0,717,0,62.2,78.7,81.4,63.5,75.2,42.1,90.4,Software Development,0
STU107506,21,Male,8.7,69.2,0,49.8,71.2,46,53.3,4,1,0,0.9,2,0,0,594,3,53.9,67.6,56.8,66.9,70.7,91,58,Cyber Security,0
STU107898,23,Male,7.99,96.5,0,71.5,52,62.6,69.9,5,1,0,1,3,0,0,750,4,58.5,72.6,51.9,47.6,91.7,27.5,82.3,Data Science,0
STU102809,22,Male,7.48,89.8,2,60.7,67.6,49.1,63.4,5,1,1,1.9,1,2,0,918,9,58.6,78.7,66.2,80.5,58.9,40.9,81.3,Data Science,0
STU104800,21,Male,7.98,89.7,1,48.4,46.4,75.7,64,1,0,1,5.9,1,2,1,453,1,53.3,59.4,74.2,86.6,74.8,26.5,73.3,Data Science,0
STU101009,23,Male,8.34,99.3,0,57.3,73.9,61.7,38.6,2,0,1,4.7,2,2,0,922,6,53,50.5,89.5,17.3,100,68.7,60.2,Cloud Computing,1
STU106912,21,Female,7.82,82.8,0,46.2,45.3,35.7,52,2,0,4,18,0,0,0,617,2,75,58.4,71.8,49.3,60.3,85.2,57.6,AI/ML,0
STU108221,20,Female,7.04,79.8,0,15,34.7,55.6,34.9,6,3,1,3.6,2,2,1,992,7,66.9,66.9,68.5,66.2,19.2,45.4,68.1,AI/ML,0
STU109896,24,Male,6.67,78.4,1,34.4,44.9,94.6,55.3,1,0,0,0,4,1,0,1283,0,48.6,56,100,77.9,58.1,119.6,,AI/ML,0
STU109664,21,Male,8.34,89.1,0,36.6,80.4,46.9,45.5,1,0,1,1.2,5,1,0,1089,1,71.2,72,58,60.7,69.9,16.8,62.8,Cyber Security,0
STU106514,22,Female,8.28,93.3,3,48.1,45.3,74,76.6,4,0,0,0,3,1,0,422,5,55.9,62.1,86.2,59.2,58.5,71.4,74.2,Business Analytics,1
STU106805,22,Male,8.34,97.6,0,98.9,67.2,39.7,89.6,1,0,0,0,3,3,0,1316,0,74.1,54.2,67.7,61.1,21.7,42.3,89.6,Software Development,1
STU105348,23,Male,8.22,84.9,1,41.1,79.9,71.3,68.8,2,0,1,4.5,4,2,0,1114,3,76.4,56,69.7,32.8,42.3,39.5,62.1,Software Development,0
STU107058,21,Male,7.23,91,0,71.4,55.7,56.3,87.2,1,1,0,0.7,2,1,1,848,1,71.1,40.3,57.4,42.8,64.1,22.2,74.4,Business Analytics,0
STU103682,22,Female,7.17,84.1,0,49.1,48.3,54.9,61.2,3,0,1,5.9,2,0,0,453,2,45,40.5,54.1,44.6,64.5,153.2,82.4,Software Development,0
STU104661,20,Male,6.98,86.6,0,43.2,61.3,57.7,58.5,1,1,1,0.9,6,3,0,764,1,82.2,,70.4,61.5,47.2,26.7,66.5,Data Science,0
STU102874,20,Male,8.7,76.4,0,52.3,88.1,69.6,51.7,2,0,0,0,1,0,0,918,2,48.6,48.8,64,15,46.9,65.9,67.2,Cloud Computing,0
STU102668,21,Female,7.88,94.4,0,55.1,44.7,51.1,15,3,1,0,1.1,2,1,0,332,2,59.3,78.6,67.6,60.6,66.2,11.4,67.5,Cyber Security,0
STU108726,22,Male,7.47,85.4,1,28.4,59.4,35.3,59.5,5,2,0,1.9,5,2,1,158,6,50.7,94,55,32.7,56.1,91.5,67.3,Data Science,0
STU104575,23,Male,7.78,78.6,0,54.2,55.6,41,72.6,3,1,1,4.3,1,1,0,740,2,61.2,71.9,72.4,63.1,34.3,102.6,88.8,Business Analytics,0
STU100883,20,Male,7.02,76.7,1,58,42.6,68.2,57.6,0,0,2,5.9,0,1,0,902,0,52.8,36.1,77.7,46,82.8,73,70.6,Data Science,0
STU106335,20,Female,7.5,79.6,0,45.3,46.7,71,62.1,1,0,1,3.7,4,2,0,313,1,66,60.3,69.7,48.6,52.6,25.9,79.4,Cloud Computing,0
STU105339,22,Male,7.99,81.8,0,45.2,46.5,38.3,57.3,2,1,0,0,1,0,0,1090,1,54.4,61.2,63.8,42,64.1,29,59.2,Software Development,0
STU108744,20,Female,7.31,89.1,0,100,42.5,63.8,60.7,5,2,1,4.1,3,0,0,668,6,66.3,69.6,67.4,70.7,80,30,100,Software Development,0
STU101961,22,Male,7.67,62.6,0,88.3,41.8,40.6,27.8,3,1,1,4.7,3,4,1,1303,4,63.5,70.6,60.8,69,42.1,54.2,66.5,Cloud Computing,0
STU109273,21,Female,7.76,81.9,0,53.1,64,79.1,54.3,5,1,1,4,2,1,0,925,6,69.6,76.2,74.5,43.7,40,107.9,81.6,Data Science,1
STU102834,21,Female,7.62,75.5,0,32.2,44.7,84.9,47,4,2,0,0,1,3,0,160,5,52.4,67.2,68.4,48.3,86.1,11.4,84.8,Cyber Security,1
STU100977,23,Male,7.68,91.4,2,72.3,64.2,49.8,43,3,2,1,2,0,0,0,609,3,78.6,61.3,71.4,36.4,69.9,24,85.1,Software Development,0
STU107564,21,Male,6.77,75.1,1,41.8,44.8,39.7,39.4,2,0,2,6.4,1,1,0,764,3,57.5,56.3,74.8,28.5,48.5,132.1,64.8,AI/ML,0
STU101110,23,Male,7.97,80.8,2,68.3,59.8,60.2,48.9,4,3,0,0.5,3,2,0,694,3,73.6,71.2,68,63.5,65.2,25.3,60.7,Software Development,0
STU106539,21,Other,8.46,79.6,0,46.6,60.5,48.3,29.4,1,0,0,0.8,0,0,0,634,1,,46.3,70.5,50,96.3,68.2,86.1,Software Development,0
STU107929,20,Other,8.9,80.3,1,85.8,68.2,41.9,48.3,3,1,0,0.9,2,3,0,655,2,44,64.1,55.6,64.7,63.9,48.2,84.2,Software Development,0
STU107573,21,Male,8.12,80.8,0,46.6,63.8,66,56.3,1,0,2,8.7,5,2,0,1123,0,92.5,60.8,77.7,65.3,24,12,92.5,AI/ML,0
STU102294,21,Male,9.01,88.8,2,58,49.6,83.9,73.9,2,0,0,0,2,1,1,758,3,71.6,74.2,84.1,56.4,54.2,122,84.4,Data Science,1
STU107941,22,Male,8.05,61.7,4,48.8,78.5,40,74.4,1,1,0,0.8,4,1,0,872,2,63.8,69.8,53.7,53.4,79.1,65.5,74.4,AI/ML,0
STU109617,22,Female,6.39,84.8,1,43.9,67.7,35.1,15.2,2,0,0,0,2,3,0,474,1,76.6,60.9,82.6,66.3,66.8,64.5,53.5,Cyber Security,1
STU109085,21,Male,7.02,73,0,40.1,50.7,69.3,61.1,2,0,2,7.1,0,0,0,743,2,,31,79.6,40.2,48.3,18,90.1,Cloud Computing,1
STU109960,20,Male,8.83,80.7,0,,55.1,60,61.1,2,0,0,0,2,4,2,955,2,63.2,54.4,86,66.1,62.3,102.8,,Software Development,1
STU108075,24,Male,8.39,85.6,0,40.9,41.1,49.3,52.7,3,1,0,0.9,0,1,0,830,3,72.5,58.6,74.7,51.1,38.8,96.9,,Data Science,0
STU106334,20,Male,6.5,83,0,59.1,68.3,78.5,33.9,1,1,1,2.5,0,1,1,293,0,48.9,55.3,80.1,50.1,54.2,32.1,69.1,AI/ML,1
STU108612,21,Male,8.83,75.3,1,77.3,73.2,60.6,57.7,1,0,1,5.8,5,1,0,826,0,72.7,45.1,73,54.8,35,71.8,83.4,Business Analytics,0
STU107183,21,Male,7.69,82.4,0,52.5,25.7,39.4,51.1,2,1,2,6.7,4,0,0,589,2,72,61.3,80.5,60.5,52.1,66.6,53.2,Software Development,0
STU101777,20,Female,8.04,84.3,0,77.5,63.8,68.9,53,2,1,2,12,1,1,0,796,1,69.4,65.4,54.8,34,49.1,15.1,100,Cloud Computing,0
STU109170,23,Male,6.95,85.4,1,54.4,68,,42.5,2,2,0,0,1,2,0,868,2,63.4,54.9,70.5,33.4,56.8,21.3,52.5,Business Analytics,0
STU108766,22,Male,7.69,85.9,2,56.8,54.8,53.4,41.4,0,0,3,16.2,2,1,0,672,0,75.6,80.5,74.8,57.2,55.9,78.6,71.7,Business Analytics,0
STU100838,23,Male,8.85,65.7,0,72.2,57.3,93.2,63.6,4,1,0,0,2,2,0,1054,5,49,71.9,74.5,91.4,30.4,96.2,89.2,Cloud Computing,0
STU102212,23,Male,6.22,83.2,0,46.3,24,62.2,19.8,3,2,0,2.6,2,1,0,356,7,47.8,72.6,74.4,40,56.9,55.4,67.5,AI/ML,1
STU102860,21,Female,7.72,86.6,0,48.6,65.3,38.4,29.2,0,0,1,4.8,6,1,0,670,2,71.8,60.1,59.8,65.8,88.9,43.7,70.4,AI/ML,0
STU101079,21,Male,8.01,79.7,0,55.9,59.7,83.5,47.1,2,1,0,0.3,1,0,0,570,3,62.2,61.7,89.5,64.6,100,46.5,82.9,AI/ML,0
STU102661,21,Female,8.28,69,1,47.2,63.3,78.1,77.9,3,0,1,4.1,3,1,0,984,4,50.5,65,75,76,28.9,96.1,90,Software Development,0
STU100348,22,Male,8.14,76.6,0,54.6,60.7,91.1,,2,1,0,0.5,5,2,0,667,2,81.9,65.2,70,43.7,53.3,71.7,67,Software Development,0
STU109274,22,Male,7.77,78,0,38.3,70.6,45.8,61.1,3,1,0,0,2,1,1,941,3,67.3,,71.3,69.1,72.6,34.5,66.2,AI/ML,1
STU101942,22,Male,6.26,90.9,2,37,58.8,61.9,44.2,0,0,3,13.2,3,1,0,885,1,71.2,42.2,76.7,48.3,60.6,106,71.2,Cloud Computing,0
STU104261,22,Male,8.96,68.8,0,57.4,61.7,38.8,78.3,3,2,3,8,4,0,0,597,3,76.1,52.1,,43.8,46.2,58.4,84.2,Software Development,1
STU104011,22,Male,7.15,84.5,1,45,59.3,60.9,55.4,3,0,0,0,2,0,0,518,3,,68.3,77.2,53.8,66.5,37.9,76.4,Data Science,0
STU103736,21,Female,6.89,79.8,0,48.6,60.1,,44.1,5,2,0,1.9,5,2,0,914,4,76.5,74.8,51.6,70.8,12,55.2,63.1,AI/ML,0
STU107526,23,Male,7.61,80.4,0,48.5,48.4,55.5,51.5,1,1,2,10.2,2,0,0,328,1,81.3,46.8,75.7,34.9,72.1,45.1,84.5,Cloud Computing,0
STU108014,20,Male,6.76,98.3,0,33.2,41.5,44.2,39.1,4,2,0,0,2,2,0,816,4,72.2,65.2,63.2,48.1,71.7,70.9,77.5,Business Analytics,0
STU104197,22,Male,7.32,69.5,0,49.6,72.7,53.6,40.9,3,1,2,8.3,2,0,0,686,3,55,65.6,71.4,60.7,67.8,33.5,71,Data Science,0
STU103836,22,Female,7.07,82.3,2,57.6,49.4,39,56.9,3,1,2,5.2,2,0,0,284,2,,69.7,69.8,44.5,54.4,88.8,67.6,Software Development,1
STU109760,22,Male,7.63,72.1,1,42.6,52.3,54,60.8,5,0,2,11.2,2,2,0,416,5,58.6,76.8,79,47.8,58.1,51.2,76.1,Software Development,0
STU106417,23,Male,6.11,91.2,0,23.4,45.4,69.4,40.7,2,1,0,0.4,4,2,0,812,2,76.5,63.6,67.1,49.4,67.5,76.1,96.4,AI/ML,0
STU108235,22,Female,7.1,100,1,62.8,41.2,59.5,60.7,3,1,2,6.1,1,3,0,318,2,,70,79,71.5,51.3,22.1,100,Cloud Computing,0
STU103907,20,Male,7.65,82.1,0,70,40.9,28,25.8,3,1,0,0,2,0,0,1149,4,68.4,66.3,59.8,71.5,92,79.3,89.8,Cyber Security,0
STU104582,23,Male,7.7,88.8,0,53.6,83.8,59.6,58.1,0,0,1,1.3,3,0,0,652,0,50.9,79.9,76,29.1,21.8,13.8,76,Cloud Computing,1
STU109852,21,Male,8.28,90.4,0,47.1,57.8,68.1,59.8,3,1,0,0.3,0,2,0,277,4,49.2,49.4,86.1,81.7,55.4,64,72.4,Software Development,0
STU103685,21,Male,9.12,74.2,0,68.3,56.8,52.6,94.2,4,1,1,3.8,1,2,0,730,3,72.7,56.6,78.9,77.5,72.7,43.3,75.5,Cyber Security,0
STU105850,22,Female,7.58,83.7,1,58.7,58.3,30.8,55.4,2,1,0,1.7,0,1,0,321,3,51.2,31.4,62.8,55.3,40.9,27.7,63.1,AI/ML,0
STU106627,22,Female,7.15,76,2,27.3,42,63.6,68,4,3,0,1.1,1,0,0,741,6,57.8,61.7,76.5,65.9,80.6,20,,Business Analytics,0
STU103847,22,Male,5.96,86.3,0,26.8,32.1,68.3,31.4,0,0,0,1.6,3,1,0,537,0,52.3,44.5,72.3,66.6,24.9,76.6,57.8,Data Science,0
STU106079,24,Female,6.99,88,0,41.4,53.9,49.5,44.1,0,0,0,0.5,3,1,0,663,2,69.2,64.9,86.5,64,87.2,101,64.8,Data Science,0
STU106572,23,Female,8.34,87.1,1,36,55.7,62.2,35.7,2,0,2,8.1,0,4,1,314,1,55.2,67.8,78.2,62.2,54.8,85.2,65.8,Software Development,0
STU107942,22,Male,8.06,98.5,0,77.9,70.5,80.5,60.3,2,0,4,22.5,2,2,0,829,3,56.8,52.9,65.4,57.1,65,13.7,94.5,AI/ML,1
STU106102,21,Male,8.66,83.4,0,70.4,54.1,57.1,73.9,5,1,1,2.6,3,1,1,870,5,70.3,71.7,65.1,63.7,41.4,39,76.8,AI/ML,0
STU104932,21,Male,7.72,88.1,1,62.9,66.9,71.5,36.3,0,0,1,4.4,2,3,0,290,0,54.6,55.6,76.6,76.5,51.3,15.8,66.5,Business Analytics,0
STU108869,21,Female,7.15,86.7,0,67.9,58.8,71.4,53.5,5,1,0,0.7,1,0,0,872,7,,56.7,87.2,41.9,70.7,84.4,85.5,Software Development,0
STU101513,23,Male,7.63,86.2,0,54.2,61.9,54.9,24.3,0,0,1,5.3,6,1,0,834,1,85.9,64.1,56.4,88,48.3,118.3,78.5,Data Science,1
STU107696,23,Female,8.53,79.9,0,59.8,44.8,58.1,59.6,5,2,1,2.1,5,1,1,880,7,70.3,81.8,71.5,43,94.9,68.2,79.6,Cyber Security,0
STU109500,21,Female,6.59,82.8,0,50,53.6,52.2,55.1,0,0,1,2.2,0,0,0,512,0,50.4,40.2,71.4,38.3,69.7,37.5,73.9,Software Development,0
STU103967,21,Male,8.54,75,1,45.1,47.9,71.1,73.5,1,1,0,0,3,1,0,1035,0,63.1,65.8,71.6,49.6,57,47.8,91.4,Data Science,1
STU102459,20,Female,7.76,79.4,0,42,58.9,40.9,53.4,4,1,1,5.9,1,2,0,1038,3,79.6,67.2,55.8,25.7,45.3,45.4,80.1,Data Science,1
STU102990,23,Male,6.44,99.8,0,61.7,,36.9,35.8,2,1,3,10.4,2,0,0,622,3,78.3,52.2,62.1,26,45.7,60.1,61.8,Software Development,0
STU108142,23,Male,8.17,62.7,1,51.6,63.3,66.9,40.8,6,0,0,0,1,0,0,1076,5,,76,69.5,39.6,53.9,92.3,65.6,AI/ML,0
STU106014,22,Male,7.18,84.9,1,50,64.2,57.3,19.1,3,2,1,2.2,1,0,0,763,3,73.5,68.4,,46.4,82,31,57.7,AI/ML,0
STU108117,22,Male,7.37,89.3,0,29.3,55.1,37.3,56.2,2,1,0,1.6,3,0,0,736,5,63.6,73.9,67.6,44.1,73.2,31.5,71.6,Software Development,0
STU104605,22,Male,6.87,75.1,0,58.3,51.6,60.2,46.5,1,0,2,7.2,1,2,1,791,2,,41.7,,79.7,56.5,26.9,80.3,Software Development,0
STU107134,21,Male,9.83,76,1,91.7,64.5,62.6,91.7,4,2,1,0.8,4,1,0,1105,4,79.5,59.6,56.8,50.9,83.1,41,58.4,Data Science,0
STU107631,23,Female,8.44,75.1,0,64.3,57.7,53.1,85.6,6,1,2,11.7,1,1,0,839,6,63.8,83.3,75.5,55.9,61.3,41.2,59,Software Development,0
STU100462,21,Male,6.24,80.1,0,30.3,54.2,88.9,31.7,3,2,0,0,2,4,0,587,4,77.8,65.6,81.5,51.7,50.5,50.1,78.3,Software Development,0
STU103545,21,Male,6.77,96.7,1,48.3,47,34.4,74.2,0,0,0,0,3,1,0,827,0,65.1,47.7,59,41.7,47.9,59.8,69.6,Data Science,0
STU109970,23,Female,7.39,78.5,0,46,44.7,60.4,65.5,6,2,1,4.1,0,2,0,542,6,58,62.5,65.1,64.7,44.1,22.6,82.6,Data Science,0
STU104917,20,Male,7.56,99.1,0,52.6,60.4,68.5,35.8,4,1,1,5.2,2,2,0,1257,6,68.2,61.8,76.1,35.7,77,98.8,93.1,Cloud Computing,0
STU100365,22,Male,7.49,,1,43.4,51.7,46.6,40.2,0,0,0,1.5,2,0,0,529,0,59.6,47.2,60.3,44.9,80.3,59.3,62.2,Data Science,0
STU109942,21,Female,8.51,71.8,2,77.8,47.4,41.8,68.9,3,2,1,4.2,3,1,1,865,2,70.6,57.9,67.3,56,23.7,106.4,68,Software Development,0
STU106673,20,Male,6.99,81.3,0,41.5,49.3,63.6,67.6,5,3,1,2.6,0,1,0,887,6,62.8,81.2,59.6,29.8,69.7,17.9,91.5,Cyber Security,0
STU102353,22,Male,6.08,68.8,1,15,48.4,77.8,31.8,1,0,1,5.2,4,1,0,726,0,58.6,53.4,77.8,67.5,43.1,10.9,55.9,Business Analytics,1
STU108210,23,Male,6.61,78.2,0,36.3,56,59.9,42.9,2,1,1,5.6,1,2,0,275,3,68.9,66.2,70.4,59.1,58.7,76.5,61.3,Data Science,0
STU109935,22,Male,7.2,74.3,2,48.9,45.4,52.5,49.5,2,0,0,0,0,1,1,686,1,43.5,48.1,73.9,37,79.4,34.5,45.1,Software Development,0
STU109564,22,Male,6.84,81.1,0,32.2,65.3,70.1,35,1,0,0,0,2,3,1,509,1,68.8,50.1,,43.3,88.3,54.5,62.8,AI/ML,0
STU101302,19,Male,6.2,82,1,27.7,51.6,41.4,51.3,1,1,0,2.1,1,3,0,591,2,43.7,46.1,72.9,60.9,79.7,94,64.3,Software Development,0
STU100209,21,Other,9.34,85.4,0,46.8,72.1,54.9,68.9,1,0,1,7,4,2,0,313,2,68.6,72.5,71,55.6,50,70.6,78.7,Software Development,0
STU102157,22,Male,7.63,80.5,1,59,57.5,72.2,53.6,2,0,1,3.4,1,3,0,611,1,51.6,55.2,79.2,57.1,43.2,25,64.4,Data Science,1
STU101937,22,Male,8.23,77.2,1,58.5,69.2,68.1,64.7,3,0,1,4.9,2,0,0,795,3,,64.1,60.8,56.6,51.9,9,64.5,AI/ML,0
STU108932,20,Male,8.53,95.7,0,74.9,52.3,41.4,53.8,5,2,1,4.5,0,1,0,922,6,48.9,78.1,58.8,41.3,45.4,25.8,81.2,Data Science,0
STU106894,23,Female,6.65,76.1,1,54.9,48.2,61.6,55.7,1,0,2,6.9,4,4,0,748,0,,57.9,70.8,49.1,43.7,22.7,59.2,Cloud Computing,0
STU108262,22,Female,8.07,86.7,3,71.5,52.1,70.6,62.1,0,0,0,0,3,1,0,957,0,69.1,34.6,60.9,59.6,68,,,Software Development,0
STU100035,22,Female,6.59,83.4,1,59.5,37,76.8,78.6,3,1,0,2.6,1,3,0,702,4,56.9,39.5,90.4,65.1,45,38.7,,Cloud Computing,1
STU107654,22,Female,6.35,79.2,0,19.5,66.2,79.2,40.7,4,1,2,6.7,5,0,0,513,3,86.9,84.2,83.5,44.7,69.3,13.6,85.4,Software Development,1
STU102424,21,Female,9.31,91.2,2,68.2,65.3,67.4,81.7,1,1,0,0,1,1,0,938,1,47.4,43.5,77.4,59,14,62.9,88.6,AI/ML,0
STU106345,21,Male,7.82,73.4,0,49,53.4,68.6,62,2,0,0,0.1,3,0,0,1017,3,57.7,50.6,85.3,62,51.7,63.4,74,Business Analytics,1
STU100520,23,Male,8.43,82.9,0,54.7,80.7,55.9,71.2,3,1,0,,1,2,0,661,4,51.4,62.2,67.5,65.5,46.6,34.5,,Cloud Computing,0
STU105787,22,Male,6.58,89.3,1,46.3,51.2,78.8,49.7,4,2,0,2.1,3,0,0,812,4,,65.1,82.3,61.1,66.3,48.9,56.6,AI/ML,0
STU107924,20,Female,6.68,81.8,0,57.4,40.6,71.2,63.7,3,0,0,0.3,1,2,0,774,3,66.5,51.6,84,34.5,50.5,33.8,72.4,Cyber Security,0
STU105240,21,Female,7.69,84.3,1,37.1,84.4,55.1,55.3,1,0,0,1,2,2,0,396,2,67.9,52.8,68.8,68.9,45.5,13.4,69.6,AI/ML,1
STU105971,22,Male,6.29,86.8,0,42,39.5,46,37.1,0,0,1,6.4,1,1,1,748,0,61.9,51.3,60.4,48.3,51.1,59.4,60.7,Software Development,0
STU106314,22,Male,7.25,81.5,0,47.3,80.6,70.7,31,3,2,2,6.7,3,0,0,486,7,57,58.9,75.2,75.1,47.2,,75.6,Business Analytics,0
STU106938,21,Female,8.05,69.8,1,48.6,45.6,66.4,73.2,4,1,2,8.1,2,1,0,714,6,60.3,54.3,71,59.4,56.6,29,82.3,Cyber Security,0
STU105523,21,Male,7.78,80.8,0,47.8,64.8,46.7,69,2,0,1,2.8,2,3,0,796,1,54.5,55.7,61.3,66.5,52.4,,77.3,Software Development,0
STU106815,22,Male,6.17,71.7,0,41.5,26.8,44.9,55.6,3,1,1,5.8,4,1,0,1037,3,77.8,53.4,73.8,55.7,54.4,16.7,60.4,Software Development,1
STU106629,21,Male,8.26,69.1,0,71.1,58.1,44.7,43.4,2,1,0,0.9,2,0,0,807,2,53.5,75.3,68.2,61.3,78.7,26.2,71.4,Software Development,1
STU101941,20,Female,6.85,82.8,0,39.6,50,51.8,62.7,0,0,1,3.8,4,3,0,610,0,69.7,46.9,78.6,69.5,75.3,30.5,77.4,Software Development,0
STU104638,21,Female,7.67,94.1,0,42.1,43.9,,61.2,6,4,1,7,2,2,0,703,7,66.1,63.7,84.4,74.9,48.5,38.6,80.7,Cyber Security,0
STU104307,22,Female,9.33,85.6,0,51.4,57.3,59.4,55.6,2,0,1,3,3,2,0,930,2,51.8,58.3,74.5,55.9,54.4,43.5,82.1,Data Science,1
STU108882,22,Male,8.62,82.8,0,62.9,51,78.6,61.9,3,1,1,7.1,2,2,1,720,3,74.7,68.9,78.2,62.2,52,15.9,64.9,AI/ML,0
STU102208,22,Female,7.39,78.3,0,47.9,71.2,55.3,46.6,2,1,1,,0,1,0,881,4,63.9,45.2,64,40.4,56.9,40,73.8,Data Science,0
STU105947,23,Female,6.8,96,0,39,50.9,45,43.4,2,0,1,1.2,3,2,0,246,1,56.3,65.7,61.6,51.1,89.9,65.4,70.3,AI/ML,0
STU106516,20,Male,6.9,96.1,0,46,48.3,57.3,22.5,1,1,2,9.3,6,0,0,1179,2,66.1,72.6,86.9,29,51.1,65,,AI/ML,1
STU101842,22,Other,8.34,85.7,1,50.5,66.7,70.1,36.9,1,0,0,0,1,0,0,623,1,54.4,56.4,67.9,43.1,56.7,97.1,76.4,Cyber Security,0
STU103694,20,Male,8.01,70.5,1,53.2,51.5,46.2,68.3,0,0,1,3,1,0,0,763,1,61.8,41.4,77.6,43,36.2,75.6,76.4,Data Science,0
STU109526,23,Male,8.65,,0,58.7,37.9,59.9,56.5,2,1,0,0.7,3,1,0,694,3,65,58.8,77.8,48.2,72.7,109.1,68.6,AI/ML,0
STU109680,23,Female,7.16,79.8,0,41.7,27.3,78.4,60.8,2,2,0,0,0,3,1,740,3,58.8,50.3,77.7,75.2,59.2,70.8,85.8,Data Science,1
STU105502,19,Female,7.19,83.7,1,55.8,45.7,80.8,56.8,2,0,3,12.1,2,2,0,718,3,57.8,63.8,70.4,59,82.7,28.5,86.2,Software Development,0
STU102020,22,Male,9.03,89.1,0,59.2,64.3,46.7,85.7,4,2,3,16.9,3,4,1,648,3,63.4,52.9,74.1,39.7,76.2,12,81.1,Business Analytics,1
STU108243,22,Female,5.72,74.9,1,39.9,15.6,52.2,25.2,3,0,1,3,4,2,1,940,2,66.6,65.2,68.2,47.8,86.2,97.4,48.7,Data Science,0
STU109037,20,Male,6.09,81.5,0,51.6,43.4,64.4,16.5,2,0,0,0,4,1,0,1079,1,71.3,73.3,74.8,52.7,42.4,28.5,61.1,AI/ML,1
STU100491,23,Other,8.11,82.6,1,32.2,70.7,79.4,30.8,5,1,1,4.5,1,0,0,858,4,,55.9,83.4,44.8,53.1,132.4,70.9,AI/ML,0
STU102940,21,Male,7.61,82.8,1,56,62.2,68,38.4,3,0,0,0,1,2,0,826,3,61.2,64.4,73.5,68.3,46,135,58.5,Software Development,1
STU109734,22,Male,7.21,,1,68.2,55.1,35.3,52.1,1,0,1,4.9,4,3,0,831,1,55.5,56,50.7,63.9,34.8,50.7,74.9,Software Development,0
STU104354,20,Male,6.44,93.7,1,60.7,54.5,34.2,29.5,4,1,0,0.7,4,1,0,664,5,67.1,69.4,63.2,69.9,58.4,26.6,61.9,Data Science,0
STU106324,21,Male,7.03,84.5,0,25.7,58.4,67.5,15,1,0,1,1.6,6,2,0,437,2,79.2,66.5,95.1,73.1,34.2,8.6,65.7,Data Science,0
STU103468,20,Male,7.42,94.2,1,33.5,49.2,68.5,49.2,5,1,2,5.1,3,0,0,364,5,63.1,51.9,87.4,41.3,67.7,,65.1,Software Development,0
STU101901,21,Female,7.1,84.8,0,68.4,67.9,43.4,59.7,6,1,0,0,1,1,0,640,5,63.6,,49.2,65.2,50.5,75.2,52.4,Data Science,0
STU104169,22,Female,7.06,90.2,0,55.6,41.7,49.2,47.7,0,0,1,3.3,1,3,0,876,0,35.3,31.6,52.2,67.2,56.1,64.9,70.5,Cloud Computing,0
STU101021,22,Male,8.43,88.3,0,71.5,62.7,38.3,67.6,4,2,1,5.5,5,0,0,884,4,81.5,84.1,48.1,54,58.3,23.5,67.5,Software Development,0
STU106784,23,Male,7.16,100,1,78.2,70.6,60,72.1,0,0,1,1.3,2,0,0,448,0,40.2,51.3,69.3,22.2,57,21.6,56.3,AI/ML,0
STU104216,23,Female,7.32,74.2,0,52,19.1,42.5,64.3,4,1,0,1.8,1,1,0,775,4,52.9,67.1,73.4,58.2,60.3,34.7,56,AI/ML,1
STU109171,21,Male,6.26,79.4,0,51.7,60.3,60.1,44.9,1,1,2,10.1,5,1,0,624,2,85.8,64.4,58.5,69,58.6,139.7,75.8,Software Development,0
STU103849,23,Male,7.27,91.3,0,,57.8,65.5,76.2,2,0,0,0.5,3,3,0,1059,3,62.9,50.7,68.6,62.7,70.1,39,88.1,AI/ML,0
STU105458,23,Male,7.47,77.4,0,51.5,27,73.3,78.8,2,2,1,4,0,0,0,377,1,65.5,55.8,74.9,47.3,65.6,26.9,84,Data Science,0
STU103704,21,Male,8.64,83.3,0,80.2,48.6,34.1,47.7,3,2,2,6.8,1,2,0,819,2,53.2,61.1,53.6,25.7,62.1,38.1,61.6,Software Development,0
STU101737,20,Female,8.46,60.9,1,54.6,84.8,57.5,51.2,1,1,1,2.3,3,4,0,1028,1,74.8,59.7,99.9,66.3,81.7,58,68.1,Cloud Computing,0
STU105142,19,Male,6.71,94.1,1,42.3,49.5,47.8,48.6,2,1,2,6.2,2,4,0,797,2,77.5,76.8,85.6,79.4,62.3,76.6,83.6,AI/ML,1
STU100576,20,Female,8.51,90.4,1,71.9,57.5,23.3,70.4,2,1,1,3,0,0,0,1273,2,,48.2,59.4,49.7,67.2,40,78.8,AI/ML,0
STU109549,21,Male,7.32,77.4,0,65.3,60,67.3,49,2,1,1,4.7,3,2,0,672,1,71.5,60.9,70.7,39.2,83.8,108.2,74,AI/ML,0
STU100741,23,Male,7.37,100,0,57.7,63,51,21.5,5,4,0,0.7,0,1,0,698,5,50.7,50.8,53.9,66.6,79.3,68.7,68.5,Cloud Computing,0
STU106937,21,Female,7.54,83.9,0,42.8,69.6,54.4,49.6,1,0,1,4.5,4,0,0,626,2,64.6,55.5,80.3,48.1,58.2,30.6,64.5,Cyber Security,0
STU109709,21,Male,8.36,78.1,1,56.2,61.8,69.7,87.1,3,1,1,4.9,4,0,0,565,3,73.7,47.3,80.1,15,49.6,20.7,100,Software Development,0
STU100844,22,Male,8.21,92.3,1,45.9,50.7,56.9,76,4,0,0,0,3,2,1,844,4,64.2,59.9,,37,36,13.8,64.7,Data Science,1
STU104833,21,Female,5.96,80.4,0,49.4,43.9,60,30.3,0,0,1,4.7,3,4,0,818,1,67.5,,86.1,60,40.5,60.9,66.8,Software Development,0
STU108942,22,Male,7.29,68.5,0,63.8,71,45.3,76.4,5,4,0,2.7,1,1,0,895,9,38.9,57.2,51.7,62.9,37,29,76.8,Software Development,0
STU103055,21,Male,7.3,86.8,0,80.7,57.4,61.6,49.9,4,2,0,0,1,2,0,616,4,42.7,63.4,82.3,43.8,45.4,15.9,72.2,Software Development,0
STU105547,24,Male,7.34,89.4,0,81.4,42.9,59.8,44.1,0,0,1,,0,2,0,1241,3,46.1,50.2,59.2,69.9,64.9,62.1,90,AI/ML,0
STU108126,20,Male,8.65,78.3,0,75.8,79.5,51.9,70.2,2,0,1,3.4,2,0,0,614,1,70.3,43.3,52.7,67.5,44.2,53.7,81.4,AI/ML,0
STU100169,22,Male,8.77,78.9,1,58,71,46.8,81,2,0,1,4.8,1,2,0,1106,1,67.4,62.3,67.4,51.7,100,63.8,84.2,Software Development,0
STU108104,23,Female,9.93,76.5,0,95.7,57.8,76.2,70.8,2,1,0,0.8,0,1,0,960,3,65,68.2,76.9,40.8,68.9,52,77.8,Software Development,0
STU103274,21,Female,8.22,79.7,0,67.5,43.3,71.7,52.9,6,2,0,1.1,2,0,0,901,6,73.4,88,86.7,37.3,57.4,67.2,86.3,Software Development,0
STU105907,22,Male,8.08,84,0,79.1,74.1,42,62.3,3,1,0,0,4,1,0,1232,6,51.5,59.7,73.8,50.5,81.5,142.8,74.5,Cyber Security,0
STU100531,21,Female,7.32,77.9,2,76.1,65.8,54,19.9,6,2,0,1.6,4,3,0,934,6,40.7,88.5,52.4,59.2,63.4,67.3,57.3,AI/ML,0
STU108439,23,Male,8.54,84.4,0,86.7,71,53.2,82,4,1,0,1.5,1,2,0,941,6,58.3,62.9,67.6,41.1,63.8,27.2,84.9,Business Analytics,0
STU105992,23,Male,9.57,91.3,1,74.1,87.2,40,70.4,1,0,0,0,1,1,1,1056,1,42.3,60.6,51.1,58.5,39.3,9.4,47.5,AI/ML,1
STU103479,23,Female,7.26,84.1,0,22,56.5,74,49.5,2,0,0,0.6,1,1,0,956,1,75.9,49.6,71.9,45.3,50.8,56.6,60.7,Software Development,0
STU101592,20,Male,8.01,95.2,1,53.5,56.2,54.2,78.6,1,0,1,4,7,0,0,363,1,73.3,80.4,78.9,61.9,62.8,141,100,AI/ML,0
STU104153,22,Male,8.01,93.9,1,90,71.5,61,72.8,2,1,2,9.5,2,2,0,1035,3,70.3,53.8,68.8,39.5,45.6,65,72.8,AI/ML,0
STU109534,19,Male,8.63,76.5,1,29.9,58.9,58.1,76.4,5,1,1,4.2,4,2,0,748,5,60.8,69.2,78.4,53.7,29.4,93.6,100,Software Development,0
STU100577,23,Male,7.68,83.5,0,66.1,77.4,57.3,64.4,1,1,0,0.5,1,2,0,357,2,53.5,46,57.8,72.1,43,52.4,74.8,Software Development,1
STU106511,21,Male,7.02,81.3,0,77.6,42.8,41.4,44.9,1,0,0,0,2,2,0,724,2,66.5,46.6,79,55.2,37.2,52.9,70.6,Business Analytics,0
STU107031,22,Female,6.19,75.3,0,32.7,41.5,30,88.9,2,1,1,2.9,2,2,1,717,3,75.3,56.5,67.8,64.8,65,100.6,85.1,Cyber Security,0
STU105153,22,Male,7.22,85.6,1,38.7,59.6,51.8,77.3,3,2,4,17.1,1,1,0,1013,4,65.8,71.7,80.9,60.3,57.6,46.1,74.2,Software Development,0
STU106320,23,Female,7.39,91.6,1,49.7,49.5,41.5,57.3,4,1,1,6.1,2,1,0,573,3,69.6,69.5,83.3,40.5,73.5,18.9,71.9,Data Science,1
STU105275,21,Male,6.48,84.2,1,64.9,44,66.9,44.8,1,1,2,4.7,3,2,1,1045,1,69.8,90.6,68.4,65.5,63.1,58.2,58.4,Cloud Computing,0
STU109351,23,Male,8.45,80.1,0,77.9,77.8,75.5,79.3,1,0,1,4,3,1,1,958,0,62.4,46.8,68.2,43.1,46.1,31.3,52.4,Software Development,0
STU103361,22,Female,7.08,73.7,1,70.1,49,66.6,,2,0,0,0,0,0,0,823,2,53,43.9,89.1,57.6,59.9,,74.3,Software Development,1
STU100222,22,Female,6.38,75.3,0,45.7,64.1,60.2,41.2,4,1,0,0.7,1,2,0,954,6,58.2,61.7,69.9,40.5,66.5,35.2,53.7,Software Development,0
STU105013,20,Female,8.07,88.7,0,54.8,40.3,57.1,93.1,4,2,1,7,4,0,0,484,4,56.9,61.7,64.4,51.9,53.9,26.7,71.9,AI/ML,0
STU101288,22,Male,7.07,83.9,0,41.8,65.2,77.5,54,2,0,2,10.9,0,2,0,814,5,58.6,60.2,80.1,74.4,76.9,,86.2,Business Analytics,1
STU105499,22,Male,8.7,91.7,1,38.1,77.5,67.4,56.2,4,3,0,0.1,4,1,0,544,4,62.7,52.5,81.1,67.1,49.4,114.3,89.2,Cloud Computing,0
STU100360,22,Male,7.54,93.9,0,39.6,54.1,52.3,47,6,1,2,12.4,2,1,0,191,7,69.1,70.4,66,39.6,82.4,47.4,49.8,Software Development,0
STU100683,23,Male,6.93,97.6,0,49.3,43.6,62.8,78.5,4,1,2,8.6,1,1,0,841,4,54.3,67.5,76.5,55.1,53.1,61.1,76.6,AI/ML,1
STU103503,22,Male,7.58,79,0,55,29.6,30.4,84.9,3,2,1,4.6,6,0,0,546,2,55.4,78.8,73.9,56.3,81.9,,92.3,Software Development,0
STU105832,22,Female,7.34,72.2,0,68.5,62.8,54.2,53.6,2,0,2,6.2,2,2,0,552,2,,64.6,76.9,63.3,80.1,26.8,86.3,Cloud Computing,0
STU107762,21,Male,7.44,87.1,0,15,63,40.1,58.1,2,1,2,7.4,2,0,0,269,3,49.1,62.2,82.6,65.1,74.7,40.5,88.5,Cyber Security,0
STU103348,22,Male,7.22,91.2,0,62.5,52.4,62,42.4,1,0,2,9.9,2,2,1,810,2,49.5,51.6,52.3,60,64.9,24,81.8,Business Analytics,0
STU104658,22,Male,9.26,88.9,0,45.7,59.3,58.1,72.4,3,1,0,0,3,2,0,887,4,60.9,71.9,79.9,62.3,74.5,47.4,83.3,Software Development,0
STU109914,22,Male,9.47,95.4,1,83.6,77.5,31.8,58.4,1,0,2,8.4,2,2,0,1076,6,,37.7,65.2,66.3,77.3,38.6,79.2,Business Analytics,0
STU101824,22,Female,7.98,75.1,0,66.8,64.5,64.1,32.2,2,2,2,10.3,4,2,0,794,1,67.7,62.6,74.3,63.2,91.4,15.2,69,Data Science,0
STU109594,22,Male,6.69,99.2,0,38.6,47,78.9,59.3,2,1,1,,4,0,0,820,2,88.3,60.1,78.6,38.8,48,93.5,84.7,AI/ML,0
STU102519,22,Male,7.43,70.5,0,23,52.5,52.1,49.4,3,0,2,6.6,4,0,0,965,2,78.7,74.2,66.3,57.5,60.6,81.8,70.9,Cloud Computing,0
STU103260,21,Male,7.57,82.6,1,70.1,62.6,55.9,32.9,0,0,0,0,0,1,1,578,1,45.8,32.3,62.1,38.1,38.7,81.1,54.4,Software Development,0
STU107698,23,Male,7.59,,1,49.6,62.4,54.4,42,4,0,0,0,3,2,0,966,4,62.7,82,84.5,28,60.7,53.3,91.9,Cloud Computing,0
STU106454,22,Male,8.44,90.9,0,45,66.5,61.7,75.3,3,0,1,2.3,5,1,0,635,2,62.9,62.5,67.8,70.5,17.2,13.1,68.3,Data Science,0
STU106875,20,Male,7.22,91.8,1,70.1,77.8,79.7,39,5,0,2,11.4,0,1,0,733,4,,68.9,72.9,79.2,71.4,26.7,50,Software Development,0
STU107211,21,Female,7.72,83.1,1,42.9,71.1,59.7,59.7,1,0,0,0.4,1,2,0,336,2,48.8,61.6,87.3,72.7,78.9,,75.3,Software Development,1
STU102121,22,Male,7.74,78.5,0,25.6,58,65.2,53.8,1,0,4,22.1,0,2,1,694,2,76.3,62.2,70.2,47.2,51.8,83.4,62.3,Data Science,1
STU100375,22,Female,7.94,84.6,1,82.7,51.3,52.7,47.5,4,3,2,3,2,2,0,445,5,54.3,,70,62.2,59.3,50.7,58.9,Software Development,0
STU104793,23,Male,6.44,79.7,1,49.3,35.8,,38.8,1,0,1,3.1,2,1,0,770,0,82.4,56.4,77.1,50.2,36.4,59.9,74.9,Cyber Security,1
STU107224,21,Male,6.37,87.9,0,42.2,69,49.6,42.8,4,1,0,0,3,4,0,798,7,,78.6,57.2,37.8,74.4,15.7,,Software Development,0
STU106564,21,Male,8.85,87.9,0,42.2,63,48,61.6,2,1,0,0,2,1,0,571,2,,62.3,73.9,39.6,98.7,28.8,77.2,AI/ML,1
STU108876,21,Male,6.83,99,1,38.6,66.8,42.1,26.9,0,0,0,2.4,3,1,1,868,0,45.8,66,53.7,46.8,34,62.5,51.9,Software Development,0
STU102516,21,Male,8.88,91.5,1,74.1,44.9,54.3,59.1,2,1,0,0.2,4,0,0,826,4,66.4,67.3,62.3,46.4,31,12.9,87.7,Data Science,0
STU104410,20,Female,8.62,89.5,1,77.1,55.4,51.2,70.9,1,0,2,9.7,2,3,0,820,1,65,63.5,65.3,59.6,55.9,15.9,68.1,Cloud Computing,0
STU102325,19,Male,7.14,73.1,0,48.7,74.2,46.3,50.2,3,0,0,0.9,0,1,0,589,4,49.7,66.5,71.3,51,29.5,49.1,68.3,Software Development,0
STU109769,22,Male,8.73,87.6,0,40.8,60.3,32.9,49.8,2,0,4,,1,4,1,669,2,56.3,,84.5,47.7,72.6,46.9,64.1,Cloud Computing,0
STU105625,21,Female,6.98,67,2,38.5,51.6,52.6,32.2,6,2,0,2,2,1,0,662,6,43.7,69.6,52.6,43.7,58.1,97,54,Software Development,1
STU107484,19,Male,7.27,74.5,0,39.3,69.4,52,39.4,0,0,0,2.3,5,2,0,403,2,78.5,69.4,72.7,22.7,72.6,41.7,73,Data Science,0
STU101894,19,Female,8.13,65,0,49.4,59.3,45,39.8,7,1,0,1.9,4,1,0,391,6,47.5,90.9,75.6,45.5,70.7,30.8,57.6,Data Science,0
STU101151,22,Male,7.18,97.6,2,15.4,50.8,31,48.8,0,0,1,4.7,1,2,1,737,1,53.7,40.5,38.4,47.2,62.3,15.5,60.9,Software Development,0
STU101232,20,Female,8.72,77.2,1,76.5,55.6,60,75.2,1,1,1,4.7,5,2,0,1139,1,97,82.5,68.7,77.5,54.2,64.2,89,Software Development,1
STU106004,22,Male,7.86,82.8,1,54.9,48.8,70.3,59.5,1,1,2,5.9,0,0,0,490,2,60.6,56.7,69.2,47.8,66.3,25.4,82.6,Data Science,0
STU102475,21,Male,7.12,85.1,0,49.8,63.7,49.3,46.3,4,2,4,11.8,3,2,1,886,4,78.4,53.1,50.2,46.8,72.5,75.8,75.8,Software Development,1
STU102688,21,Female,7.71,80.4,0,67.2,48.5,45.2,62,1,1,0,0.6,4,0,0,853,1,62.7,46.2,60.9,26.4,40.7,31.6,85.8,Software Development,0
STU101999,21,Male,8.1,87.2,0,74.4,76.5,35.2,51.6,2,1,1,7.1,4,3,2,1272,3,74.4,71.6,69.5,57.7,67.3,33.1,77.2,Software Development,0
STU104023,20,Male,8.16,79.9,0,55.8,66.4,61.5,55.5,0,0,0,1.6,4,2,0,1132,1,69.2,45.3,56.4,48.6,72.4,72.5,73.8,Software Development,0
STU106127,23,Male,9.67,80.6,0,45.7,64.2,90.3,61.4,1,0,0,0.7,0,1,0,955,1,,42.1,79.8,59.7,67.2,14.7,61,AI/ML,1
STU102467,21,Male,7.01,84.2,0,61,66.6,73.8,42.1,3,1,1,4.2,4,2,0,252,2,73.9,59.3,69.3,43.5,61.4,54.6,80,AI/ML,0
STU104364,21,Male,7.14,85.2,0,65.4,47.3,58.3,49.2,5,1,0,1.8,2,1,0,598,6,63.8,73.3,65.8,42.6,43.7,25.3,72.8,AI/ML,0
STU109132,21,Female,8.2,75.5,0,39.9,53.7,67.3,53.8,1,0,0,1.1,2,4,0,435,2,53.9,38.9,76.2,53.3,81.1,80.9,83.1,Software Development,0
STU104009,21,Female,6.79,78.5,0,26.2,36.8,,19.2,2,1,1,4.1,4,0,0,570,1,57.8,66.9,68.6,47.5,73.7,44.1,64,Software Development,0
STU107587,22,Female,9.08,71.7,1,52.5,70,36.1,49.3,4,0,3,15.3,2,4,0,623,6,66.1,65.7,59.4,72.5,56.5,105.9,61.9,Software Development,0
STU105905,24,Male,6.85,74.5,2,27.3,62.8,69.4,53,5,4,0,0.7,0,1,0,505,6,52.9,61.5,68,78.1,35.3,47.4,,Business Analytics,0
STU106440,23,Male,7.98,90,0,44.8,78.3,56.8,36.7,2,1,0,0,2,0,0,938,3,56.1,78,63.7,41.4,61.8,69.8,74,Cyber Security,0
STU104708,21,Female,7.08,88.4,2,40.2,48.6,68.6,79.1,6,3,1,4.6,3,1,0,696,5,68.1,68.1,75,59,53.1,43.4,81.4,Software Development,0
STU106032,23,Male,5.92,72.7,2,39.8,23.7,70.4,61.5,5,2,3,14.8,3,2,0,493,5,73,69.2,90,58.1,36.9,,81.7,AI/ML,0
STU108795,22,Male,7.71,77.7,1,27.2,46.1,59.6,51.3,5,0,1,5.7,4,1,0,463,4,52.9,84.6,63.7,45,71.9,64.2,62.7,AI/ML,0
STU108960,20,Female,8.06,85.8,0,15,29.6,69.9,57.2,0,0,0,0,2,0,0,736,0,64.8,43.5,72.5,27.7,13.2,33.5,75.8,Cyber Security,0
STU109019,21,Male,7.56,87.7,0,,62.4,68.1,49.6,0,0,0,1.2,1,1,0,833,0,57.5,54.5,80.1,46.7,60.7,87.8,78.5,Software Development,1
STU108864,20,Male,6,64.5,0,41.5,23,51.9,41.1,2,1,1,4.8,2,1,1,861,1,47.7,63.3,65.4,64.1,74,34.2,65.1,Software Development,0
STU107926,20,Male,6.44,83.2,2,60.2,42.9,58.6,69.7,4,2,1,3.3,1,3,0,562,4,46,74.1,82.6,89.7,70.9,59.8,79.6,Data Science,0
STU100042,22,Male,7.56,63.5,0,59.8,58.1,80.2,54.9,4,2,1,,3,3,1,705,4,73.7,67.7,55.1,38.8,71.6,38.2,81.5,Cloud Computing,0
STU102502,22,Other,7.77,83.2,0,69.1,35.9,86.2,51.2,3,0,1,3.1,2,4,0,753,2,42.1,,66.6,34.7,46,9.5,64.8,Business Analytics,0
STU108590,19,Male,5.7,90.4,0,31.1,55.5,52.9,15,2,1,2,8.6,5,1,0,936,3,80.5,68.9,78.1,54.3,65.9,40.4,67.3,Software Development,0
STU100771,24,Female,8.42,100,0,50.6,59.4,43,55.2,1,0,1,5.5,4,2,0,1303,0,76.2,66.8,56.5,47.4,62.2,11.1,66.2,Data Science,0
STU103011,24,Male,7.51,83,0,45.9,42.3,51.4,70.6,1,0,1,3.1,2,1,0,964,0,69.3,62,68.1,84,62.5,31.4,75.1,Data Science,0
STU106190,21,Male,7.99,95.8,1,65.9,54.1,80.4,53.6,2,0,1,,3,2,0,842,2,58.8,51.5,73.4,62.2,37.9,51.9,86.7,Data Science,0
STU104659,21,Male,7.46,77.4,1,35.5,44.4,70.6,15,0,0,1,6.1,2,0,0,642,0,74.1,43.9,72.4,24.4,62.3,74.8,68,Cyber Security,0
STU105216,21,Male,6.59,76.9,1,44.3,37,54,34.2,2,2,0,0.3,0,0,0,936,1,,71.7,62.2,62.5,65.1,24.4,59.5,Data Science,0
STU101255,21,Male,8.15,90.7,0,64.8,48.4,46.6,29.2,3,1,1,3,1,1,0,451,5,69.1,57.3,82.2,63.2,52.1,,50.7,AI/ML,0
STU109324,21,Female,5.86,67.9,0,45.3,58.7,86.6,27.7,4,2,1,3.1,2,0,0,498,3,59,88.6,83.7,48,31.1,32,71.8,AI/ML,0
STU108286,23,Male,6.44,77.3,0,31.4,48.7,73.7,19.5,6,3,3,10.3,2,1,0,931,5,70.2,,71,54.6,78.4,50.1,75.5,AI/ML,0
STU108504,20,Female,8.19,60.1,2,61.4,62,66.6,69.4,2,0,4,13.7,3,3,1,983,1,69.4,75.7,68.1,100,59.4,77.4,66.6,Business Analytics,0
STU101792,22,Male,8.34,82.4,1,33.4,47.2,59.6,,3,1,1,4.4,4,1,0,876,2,48.6,78.1,50.5,48.2,74.7,21.3,79.9,AI/ML,1
STU107648,23,Male,7.42,76.9,1,29.7,57.3,53,54.6,5,2,1,6.5,3,4,1,915,5,41.5,66.3,67.1,51,41.5,80.4,77.3,Business Analytics,1
STU108847,22,Male,8.49,,0,66.6,46.2,53,45.7,3,2,1,3.3,0,1,0,721,2,47.7,63.7,54,68.3,83.7,13.5,74.8,Software Development,0
STU104201,21,Male,8.38,92.1,1,74.1,64.5,40.1,56,3,1,0,1.6,0,0,0,878,3,40.7,48,63.3,34.3,39.5,14.9,47.7,AI/ML,0
STU103869,22,Female,8.3,90,0,69.1,55.6,47.7,66.4,2,0,1,5,2,1,0,1212,2,46.4,70.7,71.6,21.6,72.9,22.5,78.7,Software Development,0
STU108326,22,Female,7.24,92.3,0,35.7,71,,39.7,4,2,1,,0,2,0,526,5,66.4,56,58.8,53.2,57.9,101.3,34.9,Cloud Computing,1
STU103409,22,Male,7.09,85.1,2,30.1,32.6,,22.7,1,0,2,9.2,3,1,0,800,0,69.9,59,68.4,35.3,58.4,19.4,66.6,Software Development,0
STU109268,22,Male,7.1,,0,40.2,75.1,60.9,59.7,2,0,1,2.2,2,0,0,587,1,48.2,64.8,67.5,67.7,48,29.8,68.8,Software Development,0
STU106185,23,Male,7.09,55.1,0,,75.6,53.7,47.1,3,1,1,6.1,2,1,0,880,3,55.9,65,77.3,59.1,61,,72.6,Cloud Computing,0
STU100881,22,Female,8.89,81.4,4,74.6,52.3,54.2,52.5,5,1,0,2.7,4,1,0,1010,5,62.2,83.4,71.7,69.9,86.8,52.5,54.9,Software Development,1
STU102174,20,Male,7.53,75.5,0,45.9,79.1,51.6,42.5,2,0,2,10.5,2,0,0,1168,1,73.5,63.3,78.6,55.9,79.9,30.6,66.4,AI/ML,1
STU104141,22,Male,6.68,83.7,1,46.4,49.5,45.5,47.6,1,1,2,7.7,1,3,0,702,0,63.4,58.5,73.3,40.7,54.8,75.6,65,AI/ML,1
STU103809,22,Female,7.13,90,0,33.2,42.6,48,62,1,0,0,0,1,0,0,581,2,45.2,49.9,67.6,47,44.1,57.4,76.8,Data Science,0
STU109832,23,Female,7.47,79.5,1,61.4,62,57.3,39.4,3,1,0,0,2,2,1,854,2,62.9,75,81.3,32.6,86,35.6,88.8,Cyber Security,0
STU108165,24,Female,9.56,88.6,0,76,39.5,54.4,86.6,2,2,0,2.8,1,2,0,704,4,52.2,58.4,74.3,67.2,91.9,28.2,94.8,Cloud Computing,0
STU109802,20,Male,6.73,68.2,0,54.5,30,52,55.1,5,0,2,9.2,1,2,1,878,5,39.8,62.2,69.5,60.4,56.9,32.6,70.7,Cloud Computing,0
STU100066,23,Other,8.61,82.2,0,59.2,68.7,77.4,19.3,4,2,0,0,4,2,0,745,3,71.1,87,71.4,37.8,43.5,34.2,77.2,AI/ML,1
STU104355,21,Female,8.77,77.7,0,,75.2,31.6,66.9,2,1,0,0,5,0,0,851,2,80.8,69.8,78.5,56.7,36.6,65.7,82.8,Software Development,0
STU104960,21,Male,8.42,86.8,0,84.6,69,65.3,71.6,1,0,0,0.4,4,1,0,1246,0,71.4,60.7,76.6,76.3,61.9,20.1,78.7,Business Analytics,0
STU107919,22,Male,7.84,82.7,0,76.7,55.3,47.8,71.6,6,3,2,6.7,0,3,0,1004,7,71.2,62.4,58.9,56.9,46.8,84,69.6,Data Science,1
STU109079,21,Female,9.07,82.6,1,68.2,87.7,58.1,44.9,2,2,1,3.4,1,3,0,1400,2,65.4,49.7,67.9,41.5,77.6,,91.5,Cloud Computing,0
STU102143,25,Male,7.29,82.7,0,44.6,73.5,44.4,69.2,1,0,1,5,4,2,1,977,0,78,67.5,71.3,52,63.2,15.6,57.8,Software Development,0
STU103745,25,Female,9.07,70.8,0,100,40.8,69.5,90.8,5,0,0,0.4,0,2,0,1400,4,55,51,75.4,71.3,39.9,23.5,90.6,Data Science,0
STU109792,23,Male,8.35,86,2,54.2,62.4,41,76.3,2,0,2,7.3,2,1,0,295,3,71.8,48.3,70.6,61.3,35.4,115.9,87.9,Business Analytics,0
STU107784,21,Male,7.27,77.6,0,60,36,58.9,58.6,0,0,0,1,2,0,0,488,0,65.2,52.8,70.6,56.8,71.2,26.3,70.2,Software Development,0
STU108894,22,Male,6.23,74.8,0,51.4,62.2,60.2,,5,2,1,2.8,1,1,1,842,4,65,77.4,,50.3,71.4,50.3,53.1,Data Science,1
STU108042,22,Male,7.94,78.7,1,70.4,50.2,49,32.2,3,2,2,5,1,4,2,715,5,56.3,55.4,65.9,79.2,56.8,45.5,69.3,AI/ML,0
STU101876,20,Male,7.58,74.5,0,43.6,48.8,77.3,52.7,0,0,0,1,1,3,0,1125,1,78.6,48.2,78.1,60.2,67.3,14,74.5,Cloud Computing,0
STU100050,22,Female,8.05,86.2,1,65.3,86,60.7,56,3,1,2,10.5,1,2,0,527,2,48.4,59.3,69.5,85.1,57.2,50.3,74.1,Data Science,0
STU103761,21,Male,6.31,86.3,0,30.4,54,49.4,35.4,1,0,0,0,2,1,0,357,1,62,49.6,59.2,38.4,70.2,22.4,66.4,Data Science,0
STU100727,22,Male,8.48,74.5,0,34,64.8,65.3,48.7,4,2,1,3.1,6,5,0,548,3,84.2,74.8,54.7,65.8,30.7,45.5,36.3,Business Analytics,0
STU107665,21,Female,7.24,,0,56.8,77.4,43.9,65.9,3,3,0,0,2,2,0,828,6,68,77.9,59.7,38,76.5,31.5,73.2,Cloud Computing,0
STU101109,23,Male,7.96,77.6,1,77.8,49,64.7,46.6,4,1,1,6.5,2,0,0,455,4,73.9,60.6,75.8,28.2,70.6,29.6,70.8,Software Development,1
STU103742,21,Female,6.45,100,0,42.4,44.4,56.7,38.7,2,1,1,5.5,2,1,0,789,2,60.8,87.3,80.4,35.2,38.8,34.1,58.3,Cloud Computing,0
STU109927,21,Male,6.96,77.3,0,63.7,32.4,63.2,47.9,3,1,0,0,8,2,0,1041,4,85.2,70.4,62.8,30.1,36.7,72.7,80.5,Cyber Security,0
STU106790,21,Female,7.14,78.8,1,45.4,47.9,63.2,78.9,3,1,1,1,5,0,0,780,3,72.1,52,77.3,45.4,75.5,85.8,64.5,Data Science,0
STU106826,23,Male,7.59,80.2,0,45.7,86.2,45.2,46.1,3,2,2,6.9,2,0,0,458,7,62.7,52.4,60.7,63.8,43.4,6.5,58,Software Development,0
STU106018,20,Female,6.35,87.5,0,55.3,55.7,64.3,52,7,2,0,0,2,1,0,708,7,54.5,87.8,65.6,53.1,63.7,47.2,69.6,AI/ML,1
STU107734,21,Male,7.38,85.4,0,51.1,42.8,60.8,44.1,3,1,0,1.3,2,2,0,371,4,69.6,66.7,63.6,16.1,66.8,19.8,74.6,Business Analytics,0
STU108791,20,Female,8.02,74.6,0,58.1,52.7,81.2,83.6,2,2,0,0,4,2,0,933,2,72.6,59,69.6,44.3,75.5,31.9,100,Software Development,0
STU105722,23,Female,7.25,91.4,0,73.3,58.1,72.7,61.8,0,0,1,5.3,2,0,0,682,0,71.8,53,74.3,39.2,42,24.9,,Business Analytics,1
STU106134,20,Male,8.38,81.8,0,63.7,52.7,42.6,67,4,1,0,0,3,2,0,1275,3,61,,57.7,65.3,34.5,78.9,73,Cyber Security,0
STU102549,20,Male,7.61,,0,39.6,53.5,66.1,17.8,1,0,1,4.1,5,2,0,826,1,,42.5,76.7,51.9,41.4,20.9,56.2,Software Development,0
STU109403,21,Female,8.57,81,0,74,81.1,57.3,80.8,5,2,0,0,3,2,0,965,5,70.9,71.8,60.6,70.7,67.8,40.7,75.2,Software Development,0
STU106873,21,Female,8.58,71.9,1,71.4,63.9,50.7,71.4,1,0,1,2.9,1,0,0,446,1,40.6,42,85.1,55.6,56.7,50.6,70.3,Software Development,0
STU109440,22,Male,8.45,74.1,0,47.5,89.4,65.3,81.9,0,0,0,1,3,1,0,937,0,92,46.3,69.5,83.2,69.4,26.3,74.1,Business Analytics,0
STU103340,20,Female,7.5,81.7,0,45.6,40.9,47.3,67.5,3,1,1,4.7,0,1,1,596,3,49.2,42.5,62.3,65.7,71.2,17.4,64.5,Business Analytics,0
STU101133,21,Male,7.43,81.7,0,73.6,35.5,61.8,61.4,2,1,0,1.4,3,1,0,730,4,52,55.6,76.5,62.2,85.7,72.1,69.3,Software Development,0
STU106133,23,Male,9,73.4,1,42.6,74.3,53.9,51.8,2,0,4,21.6,0,2,0,837,1,65.2,81,75.8,71.8,53.8,26.6,83,Business Analytics,0
STU103005,21,Male,8.56,90.4,1,50.4,53.2,65.2,73.3,3,1,2,10.8,1,0,0,701,3,53.7,34.8,77.5,29.5,66.6,41.5,76.9,Software Development,0
STU104552,21,Male,9.1,81.3,1,61.6,80.3,51.7,70.6,0,0,2,8.1,2,2,0,1072,0,72.2,59.5,66,41.1,38.6,25,70.3,Cyber Security,1
STU109726,20,Female,8.23,85.7,0,55.8,52,44.8,76.4,8,2,2,10,5,4,0,807,7,79.7,92.5,49.9,69.2,50.3,53.2,70,Cyber Security,0
STU107149,23,Female,8,85.9,0,47,58.9,61.1,76,3,2,1,4.1,3,2,1,769,5,58.3,76.5,65.7,55.8,84.8,136.7,86.4,AI/ML,1
STU107052,24,Male,6.61,85.8,1,55.2,52.4,48,49.4,2,1,0,0,1,1,0,785,2,57.9,42.6,68,54.9,29.9,81.6,85.7,Business Analytics,0
STU104402,21,Female,7.09,94.9,0,48.4,67.9,57.7,28.8,5,2,0,0,3,2,0,652,4,66.8,65.7,48.8,33.2,60.4,54.6,71.3,Data Science,0
STU103240,20,Male,7.73,69.1,1,42.3,67.3,55.4,40.7,3,2,0,0,3,1,0,490,5,,61.3,56.1,52.3,49.6,46.3,73.7,Software Development,1
STU101785,22,Male,5.48,83.6,0,34.1,24.4,50.2,68.2,3,0,2,7.1,3,0,0,514,2,76,61.1,69.8,36.3,46.6,50.8,71.4,Data Science,0
STU101512,22,Female,6.92,85.9,1,36,43,62.2,51.3,1,0,1,3.2,6,0,0,925,0,44.4,54.6,73.9,54.8,72.5,55.2,67.5,Cyber Security,0
STU103630,22,Male,8.8,91.6,0,57.6,71.5,79.5,71,0,0,1,4,2,1,0,583,1,57,70.3,72.2,47.9,46.4,43.6,74.8,Cloud Computing,0
STU107335,22,Male,7.9,89,0,52.2,69.8,25.3,52.9,4,2,2,10,1,0,0,671,5,77.6,72.4,50,15,52.6,29.4,54.5,AI/ML,1
STU106849,19,Male,6.38,77.5,1,46.2,33.9,54.4,43.2,2,1,1,5.9,2,1,0,856,2,44.5,45.1,65,55,67.2,47.3,88.7,Data Science,0
STU102986,21,Male,7.37,87.6,0,61.6,50.9,57.6,42.2,5,2,1,3.6,1,1,0,715,5,,71.3,75.2,67.2,36.9,21.2,50.2,Data Science,0
STU101518,23,Male,6.34,78.1,1,41.2,52.5,74.6,58.3,1,1,1,5.4,5,2,0,756,1,66.8,74.7,75.9,56.4,83.3,79.2,67.9,Business Analytics,1
STU101357,21,Male,6.76,72.5,1,40.9,45.4,51,54,7,4,1,2.6,2,0,0,794,6,59.9,73.1,72.6,48.4,49,29.7,87.3,Software Development,1
STU107998,20,Male,8.3,71.6,1,71.7,54.7,57.9,83.4,1,0,2,11,0,0,0,369,3,79.2,58.9,,36.2,44.6,23.7,83.5,Data Science,0
STU104493,21,Male,5.95,,1,41.5,33.2,64.7,37,2,1,1,5.2,4,2,0,750,2,61.8,67.7,62.5,65.4,64.1,46.6,72.8,AI/ML,0
STU107551,22,Male,7.76,92.7,0,64.6,,52.3,50.7,1,0,2,8.9,2,1,0,600,3,63.3,34.3,67.4,67.8,58.1,33.3,68.3,Data Science,0
STU109251,23,Male,7.27,94.7,0,72.2,62.1,53,50.3,2,1,0,0,3,3,0,1059,1,73.1,50.1,71.8,42,56.9,21.8,91,Cloud Computing,1
STU105704,22,Male,8.28,70.1,0,53.1,36.3,65,48.5,1,0,1,5.7,0,1,0,744,1,78.6,53.4,79.2,58.2,61.3,88,66.2,Software Development,0
STU105609,22,Male,8.29,90.3,2,63.9,95.1,49.9,54.9,1,0,1,3.7,4,0,0,627,0,68.5,58.4,69.1,59.3,41.4,70.4,75.8,Business Analytics,0
STU102867,22,Male,7.64,89.8,1,54.6,26.7,55.1,42.4,3,1,0,0,3,2,1,729,3,67.7,66.1,82.6,43.6,69,64.4,67.9,AI/ML,1
STU102158,21,Male,6.69,63.1,0,47,56.6,76.9,44.1,2,0,0,0,0,2,1,927,4,51,59.6,81,49.2,57.5,44.8,67.3,Data Science,1
STU100856,22,Male,7.12,80.9,0,56,38,57.5,75.7,1,0,1,3.8,5,2,0,871,1,53.6,55.1,72.8,66.6,45.5,49.3,84.2,AI/ML,0
STU108443,23,Female,8.54,55,1,81.8,68.9,32.9,72.6,4,2,0,2.4,2,1,0,856,3,53.8,76.2,67.6,68,84.1,22.9,55.8,Data Science,0
STU101087,20,Male,7.9,88.2,1,65.7,51.4,41.4,72.5,2,0,0,0,2,1,0,699,1,68.1,36.5,77,41.8,41.9,132.1,67.3,Business Analytics,0
STU102785,22,Male,9.11,83.1,1,61.8,65.3,82.1,48.4,1,0,3,6.6,1,2,1,825,2,69.7,48.5,79.5,62.8,77.2,59.4,75,AI/ML,0
STU109912,21,Female,7.71,83.1,0,63.1,42.8,62.9,55.4,3,0,1,2.4,2,2,0,984,2,73.9,67.9,44.5,39.3,43.1,21.9,85.5,Cyber Security,0
STU106245,23,Female,7.81,78.2,0,39.9,61.6,52.2,61.1,5,2,1,,2,1,0,755,5,49.3,78.1,75.8,45.6,54,13.3,100,Software Development,0
STU106377,20,Male,7.73,73.3,1,,50.6,63.9,64.2,3,0,1,4,1,1,0,725,2,59.9,51.2,66,25,60.9,30.3,80.6,Software Development,0
STU102232,21,Female,8.21,72.3,0,47.7,44.5,68.2,,5,1,1,5.4,0,2,0,788,5,61,68.8,85.4,73,71.7,,79.3,Software Development,0
STU102608,21,Male,6.46,81.1,0,37.5,29.6,57.9,44.4,2,1,2,11.9,2,1,1,106,3,84,61.3,52.2,15,58.9,32.1,67.7,Business Analytics,0
STU103760,20,Male,7.92,77.1,1,62,82.6,37.5,54.2,1,0,0,0.4,2,2,0,511,0,64.2,54.8,74,70.8,38.9,,77.8,Software Development,0
STU104414,21,Female,8.14,72.7,0,56.9,58.8,84.9,70.9,2,2,0,0,3,2,1,941,2,73.8,60.4,76.5,46.5,41.4,51.6,96.6,Cloud Computing,0
STU107510,21,Female,7.34,77,0,56.1,61.8,,50,3,0,1,9,1,0,0,1041,2,64.1,65.1,66.6,42.3,46.6,22.4,72.5,Business Analytics,0
STU107019,21,Other,6.79,78,1,34.5,85.8,49.8,55.3,3,0,0,0,1,0,0,585,2,60.1,64.1,75.9,56.6,48.2,115.2,70.9,Data Science,0
STU103829,22,Female,7.56,87.9,3,69.3,34.1,51,54.6,5,1,0,0,2,1,0,555,6,60.2,59.2,65.8,73.4,56.3,90.9,57.5,Data Science,0
STU100341,19,Female,8.92,85.4,0,56.9,64,51.9,55.9,5,2,2,8.4,1,3,0,675,5,,69,79.1,76,72.9,57.2,75.2,Software Development,0
STU105927,22,Male,6.43,88.8,0,39.4,55.1,84.3,64.5,2,0,1,2.1,1,1,0,692,2,68.2,63.9,93.7,44.3,57.2,52.7,78.1,Data Science,0
STU104698,22,Male,6.59,73.1,1,44.8,59.3,25.4,43.1,3,0,1,2.3,3,1,0,862,5,75.4,74.9,61.6,53.6,49,11.8,57.2,Software Development,0
STU101800,21,Male,7.19,75.9,0,59.6,54.3,48.2,28,2,1,2,5,1,1,0,694,3,76.6,65.3,71.4,21.7,32.9,28.2,64.1,Software Development,0
STU104500,21,Female,6.97,74,0,39.1,81.4,80.2,32.1,2,1,0,0.5,3,2,1,565,1,79,43.3,85.4,68.6,74.2,94,62.7,AI/ML,0
STU101476,22,Female,7.94,71.6,0,52.7,47.3,51.7,62.8,5,1,1,2.6,3,4,0,1015,4,66.7,74.4,68.7,47.5,39.7,70.2,90,Software Development,0
STU105399,20,Male,7.49,79,0,42.4,58,29.5,39,3,2,2,7.3,1,2,0,1007,4,51.1,56.7,54.3,41.9,75.4,,68.2,Business Analytics,1
STU100621,21,Female,6.41,75.8,1,61,54.5,67.5,,0,0,4,17.1,2,0,0,1005,0,75,60.1,89.7,17.3,57.5,37.2,61.6,AI/ML,1
STU109327,22,Male,7.88,63.4,0,71.6,57.6,88.9,48.1,3,0,0,,0,1,1,759,2,54.2,67,78.5,59.8,50,35.5,85.5,Data Science,0
STU101223,22,Male,8.17,83.1,0,15,43,70.5,74.2,3,1,0,0.7,4,2,0,539,4,72,80.6,68.6,65,57.5,32.6,86.7,Business Analytics,0
STU102097,23,Male,7.47,78.2,0,56.8,50.2,50.2,43,4,0,1,5.7,6,1,0,393,4,92,88,66.1,37.8,47.3,,78.2,Data Science,0
STU105094,22,Male,8.03,64.2,0,58.1,50,,55.2,1,0,2,9.7,5,2,0,478,1,76.6,61.6,79.2,44.7,58.9,61.6,83.7,Business Analytics,0
STU102800,21,Male,7.15,70.6,0,57.4,49.8,42.3,53.6,1,0,2,,4,1,0,1052,1,70.2,57.2,78.2,51,49.9,41,47.9,Cloud Computing,0
STU101142,19,Male,7.66,69.8,1,42.1,65.7,76.2,69.8,1,0,2,10.6,1,1,1,484,1,69.9,28.3,63.3,74.9,89,44.5,90,Cloud Computing,0
STU109898,22,Female,6.51,76.5,1,25.1,52,54.9,17.7,2,0,1,2.1,3,3,0,722,1,65.2,55.5,61.9,79.4,44.4,22.1,62.2,Business Analytics,1
STU106149,19,Female,7.05,79.3,0,35.1,60.8,50.2,75.7,1,0,2,5.5,2,3,1,187,0,58.1,57.4,64.5,59.8,65.3,12.7,77.1,Software Development,0
STU105972,22,Male,8.47,75.8,2,78.7,44.1,64.4,55.8,6,1,1,3.7,2,1,0,890,6,59.8,72.3,73.3,39.2,47.7,41.9,73.5,Cyber Security,0
STU109865,22,Male,7.08,73.4,0,52.8,58.5,54.1,38.9,1,0,1,2.2,2,0,0,925,3,65,65.9,77.8,54.4,46.4,43.5,60.4,AI/ML,0
STU106671,22,Male,7.14,71,0,75.8,30.5,56.6,36.5,3,1,0,1.9,1,1,0,996,4,58.6,80.5,62.7,25.5,90.3,80.6,63.5,AI/ML,1
STU100532,21,Male,6.68,78.8,0,53.2,37.8,65.2,29.6,3,2,2,6.7,4,0,0,455,3,72.9,78.3,84.4,48,80.9,9.5,73.1,Software Development,1
STU100142,21,Female,8.03,83.6,0,36.9,67.4,39.4,51.5,1,0,1,5.5,1,2,1,696,1,74.3,58.1,62.1,65,49,23.1,91.6,AI/ML,1
STU108429,24,Male,7.58,89,0,61.3,75,76.1,47.6,2,1,2,6.1,1,2,1,661,3,,53.6,80.9,50.5,73.1,109.1,73.1,Data Science,1
STU100143,19,Male,7.04,90.9,1,39.8,62.6,52,62.2,1,1,0,1,0,1,0,636,2,51.9,,69.5,67.9,49.8,104,81,Business Analytics,0
STU105357,20,Male,6.32,80.8,0,44.2,40.8,84.9,45.4,2,0,1,4.1,0,1,0,727,6,48.6,54.6,87.9,53.1,51,54.8,70.8,Data Science,0
STU101747,21,Male,7.7,99.4,1,55,46.8,40.2,38.9,2,0,2,5.4,4,1,0,747,2,83.2,42.8,62.3,51.3,58.9,33.7,,Software Development,0
STU103800,22,Male,7.32,83.1,1,86.3,34,52.5,52.9,4,3,1,4.2,2,1,0,1228,5,85.6,70.5,63.2,63.6,90.7,71.1,73.5,Cloud Computing,0
STU104020,22,Male,8.39,90.6,1,46.3,57.6,55.7,53.8,1,0,1,3.5,2,2,1,1040,1,64.6,53.2,72.4,58.7,67.5,120.8,74.3,Business Analytics,1
STU107606,23,Female,8.02,81.3,2,72,61.2,74.5,44.1,2,1,1,5,4,2,0,1013,4,54.9,58.1,62.2,61,34.4,38.2,78.9,Data Science,0
STU103452,22,Male,7.77,76,2,56.1,46.8,38.3,56,0,0,0,0.1,1,2,0,1108,0,61.4,44.5,70.4,60,63.4,30.2,57.7,Business Analytics,1
STU100645,21,Male,8.3,95.5,1,60.5,61.4,81.2,70.2,3,2,1,4,2,1,0,734,2,,67,70.4,52.8,64.9,72.7,91.2,Data Science,0
STU108605,23,Male,7.91,98.8,0,54.4,74,79.6,22.7,3,1,1,5.3,2,0,0,872,2,70.8,84.5,,46.9,54.7,24.9,69.9,Data Science,0
STU104891,22,Male,7.39,75.6,0,55.2,69.6,39.8,30.6,2,1,0,2.5,2,0,0,568,3,68.9,67.3,67.7,35.3,48.4,31.9,72.2,Data Science,0
STU109613,23,Female,8.89,88,1,59.5,59.3,35.1,82.3,2,2,1,5.1,0,0,0,933,2,41.1,67.1,76.6,69.8,50.5,88,72.9,Business Analytics,0
STU104876,21,Female,7.63,98.1,0,44.2,47.4,56.4,46.4,2,1,3,11.7,2,3,0,524,4,69.7,62.3,73.2,73.9,65.4,58.5,,Software Development,1
STU108905,23,Male,7.39,85.2,0,61,49.8,64.6,48.9,2,0,0,0,3,0,0,733,2,,50,74,17.4,69.9,23.9,78.8,Data Science,0
STU102957,22,Male,8.71,86.3,0,68.5,59.2,71.6,63.4,1,1,0,3,3,6,0,1078,2,72.3,55.6,79.4,69.9,65.6,41.8,71.4,Cloud Computing,0
STU108679,20,Other,8.41,77.1,1,59.4,60.5,96.2,63.8,4,0,0,0,0,0,0,821,4,63.8,87,81.1,37.3,57.8,47.4,75.3,Business Analytics,0
STU102333,22,Male,8.59,78.4,1,48.6,57.8,55.2,63.1,3,0,1,4,0,0,0,980,4,76,54.7,49.2,32.6,68.5,28.7,89.7,Cyber Security,0
STU103678,22,Male,7.23,87.2,0,35.6,56.3,62.9,49.3,3,2,0,0,1,1,0,838,2,46.9,37.3,65.7,48.7,44.8,56.4,73.6,Data Science,0
STU101883,21,Male,6.82,76.2,1,54.5,48.5,54.3,59.7,2,2,0,0,2,1,0,810,1,79.7,75.7,85.5,67.5,78.4,102.5,88.7,Business Analytics,0
STU104540,22,Male,8.54,90.6,0,63.5,54.3,35.1,64,1,1,0,0,1,1,0,723,3,52.5,47.6,57.8,56.2,75,88.6,68.7,Data Science,1
STU101793,22,Female,7.97,79.3,0,66.3,59.2,55.1,62.1,2,1,0,0,1,2,1,820,2,71.7,60.2,61.9,49.3,65.8,91.9,76.2,Business Analytics,1
STU104928,22,Male,7.62,72.1,1,58.7,60.1,59.4,63.7,5,2,2,4.3,5,2,0,1033,6,80.8,73.8,80.7,50.4,78.5,61.7,73.7,Business Analytics,0
STU106488,22,Female,7.58,74.5,2,61.1,48.4,49.2,56.4,4,1,0,0,2,2,0,595,4,50.3,71.9,63.2,51.2,73.4,44,60.6,Data Science,0
STU106533,23,Male,8.43,78.2,1,53.6,,48.3,56.5,2,0,0,0,5,4,2,863,2,,58.9,85.3,54.2,29.8,80.2,83.2,Software Development,0
STU102448,21,Male,8.2,88.3,0,44.7,58,58.1,55.2,5,2,1,4.6,1,2,0,583,5,54.4,,59.2,64.9,36.4,59.6,61.7,AI/ML,0
STU107946,20,Female,6.54,86.7,0,41.6,65.3,48.2,46.5,5,0,2,8.5,2,4,0,1097,5,53.5,56.7,56.7,70.3,52.8,146.5,76.6,AI/ML,0
STU102909,20,Male,7,72.9,0,72.4,67.3,52,40.2,2,2,2,10.6,1,1,0,646,3,65.5,69.7,75.3,75.1,49.2,33.5,76.8,AI/ML,1
STU100680,22,Female,7.62,80.4,0,53,65.5,58,73,2,0,0,0,2,1,1,740,1,53.9,75.1,69.1,38.4,46.4,,71.2,AI/ML,0
STU103329,21,Female,8.9,,0,50.6,66.7,64.7,63.6,2,1,2,,1,1,0,678,2,68.2,64.5,68.3,43.3,41.9,18.3,71.7,Cloud Computing,0
STU106061,21,Male,7.37,85.1,0,64.9,69.8,,79,3,2,2,7.5,2,0,0,830,4,71.2,53.6,58.5,61.5,50.6,,80.2,Business Analytics,0
STU109134,22,Female,6.62,99.4,0,29.3,55.8,55.8,30.4,1,0,0,,1,3,0,100,1,,51.3,78.2,64.6,45.2,109,73.2,Cloud Computing,0
STU107227,20,Female,8.26,88.3,0,48.4,51.7,62.4,52.4,0,0,0,0,2,1,0,508,0,57.9,51.5,54.5,65.4,57.1,82.2,78.1,Data Science,0
STU104673,22,Female,6.47,78.1,1,33.8,60.1,79.8,27.8,3,1,1,4.1,3,1,0,364,5,53.6,86.1,75.7,44.2,64.6,15.9,59.7,Software Development,0
STU106684,21,Male,7.84,74.2,3,53.7,75.1,64.5,61.9,4,1,0,0,1,0,0,750,4,50.7,60.2,66.5,44.3,48.7,74.2,98.1,Business Analytics,0
STU102273,22,Female,7.2,89.4,1,60.4,36.2,48.9,78.1,4,2,1,6.3,1,0,0,1069,5,59.1,68.5,75.9,42.5,38.7,43.5,75.9,Cloud Computing,0
STU104741,21,Male,6.76,75.8,1,51.4,19.7,64.1,53.3,3,1,2,10.4,5,2,1,865,3,77.6,54.7,98.7,50.4,84.6,98.7,60.7,Business Analytics,0
STU102271,22,Male,7.74,81.4,2,55.3,60.1,80.4,69.5,1,0,1,3.9,2,0,0,1090,1,45.3,44.6,79.3,53.9,51.9,42.2,95.1,Cloud Computing,0
STU104228,24,Male,6.17,81.6,0,47.9,37.9,,58.1,4,0,2,4.4,2,0,0,799,4,59.3,60.5,75.8,19.4,47.7,53.8,66,Software Development,0
STU108784,19,Male,6.56,79.7,1,35.5,41.1,46,54.9,2,0,0,0,1,1,0,577,5,53.2,75.1,57,32.8,63.3,42.3,66.8,Business Analytics,1
STU105782,20,Male,8.06,76,1,67.5,52.3,51.1,74,2,1,0,0.7,0,0,0,876,2,57.1,73.6,67.9,55.1,48.4,32.7,82.1,Software Development,0
STU103067,22,Female,8.08,90.3,0,56.9,65.9,70.1,63.8,4,3,3,7.2,4,2,0,530,5,84.6,53.2,68.8,67.1,51.9,9.1,81.3,Software Development,1
STU105908,21,Male,6.68,73.1,1,44.9,38.8,45.3,37.3,5,1,0,0.9,1,0,0,802,4,73.9,71.1,70.5,61.6,57.8,80.4,67.9,Business Analytics,0
STU107828,21,Male,8.66,69.5,0,45.9,47.2,60.6,69.7,7,3,3,11.7,3,0,0,765,8,80.8,69.2,82,65,70.9,53.8,82.7,AI/ML,1
STU106579,20,Female,8.27,79.1,0,50.5,75.2,41.4,81.6,1,1,0,0.4,1,2,0,762,1,64.9,,,43.5,44.7,39.4,85,Data Science,0
STU108370,21,Female,7.29,77.8,0,63,64.4,59.1,63.6,2,2,3,14.6,3,1,0,875,2,74.1,66.5,58.7,58.2,68.8,49.6,80.7,Business Analytics,1
STU100406,21,Male,7.18,91.7,2,27.5,59.1,79.9,39.6,1,0,2,5.3,2,0,0,611,2,67.4,49,65,20.7,44.8,37.4,67.6,Software Development,0
STU106749,22,Male,7.04,83.5,0,62.5,48.5,77.9,68.5,1,0,1,3.3,4,1,1,979,1,68.9,63.9,72.2,26.7,55.8,98.4,61.7,Cyber Security,0
STU107516,22,Male,6.39,79.8,0,50.7,35.1,61.2,42.6,2,2,2,5.8,1,1,0,808,2,80,66.9,72.6,58.8,58.9,37.7,53,Business Analytics,0
STU103775,23,Female,6.85,86.9,0,60.3,87.9,65,46.3,0,0,1,2.8,0,2,0,617,0,52.2,44.7,74.9,51,49.8,9.9,68.1,Software Development,0
STU102822,22,Male,7.97,100,0,56.8,62.6,74.6,60.6,2,1,1,5.7,5,3,0,930,1,64.3,67,91.6,65.2,46.7,113,99.5,Software Development,0
STU102454,21,Male,7.43,83.4,0,33.2,54.1,62.6,46.4,0,0,2,7.7,1,1,1,449,0,72.6,58.3,81.3,53.2,30.2,32.1,75.4,Business Analytics,0
STU100527,23,Male,7.04,100,1,51.2,73.6,62.3,27.7,2,1,1,6.3,3,1,0,991,2,73.1,52.2,72,35.4,42.5,28.9,66.3,Cyber Security,0
STU102391,20,Female,8.01,71.5,0,77.2,58.1,50,50.8,2,0,0,0,2,3,0,818,4,70.6,62.2,44.3,69.9,30.9,31.8,59.8,Software Development,0
STU108632,23,Male,8.46,94.6,0,59.1,85.8,44,66.6,2,1,0,0,4,1,0,554,4,71.9,,66.7,28.2,36.2,180,78.7,Cloud Computing,1
STU104610,21,Male,7.7,85.5,0,59.7,45.7,53.3,76.9,2,0,1,,3,0,0,838,1,88.2,40.7,84.6,63.1,25.6,24.7,63.1,AI/ML,1
STU109699,22,Male,5.87,83,0,36.9,22.7,59.2,33.6,3,0,1,3,1,2,0,634,2,67.5,69.6,79.1,54,38.4,35.8,71.7,AI/ML,1
STU106902,23,Female,7.54,71.2,0,,51.8,42.5,65.5,1,1,0,,0,0,0,528,1,56.8,45.1,56,66.8,38.9,45.6,69.6,Software Development,0
STU108859,21,Male,6.64,81.8,1,41.5,77,64.9,36.8,5,1,3,7.2,1,0,0,783,5,73.8,71.2,61.3,42,34.4,15.1,75.6,Data Science,1
STU104732,21,Female,7.54,64.4,1,58.2,47.4,31.8,72.8,1,0,1,6,1,3,1,398,2,71.6,33.5,70.1,34.9,32.6,63.7,57.6,Data Science,0
STU107780,22,Male,6.75,81.4,0,55,65.3,55.8,56.8,3,1,3,13.3,3,2,0,819,3,65.8,55.9,92.6,59.7,69,87.4,68.8,Software Development,0
STU101481,22,Female,7.53,82.5,0,55.5,40.3,92,35.4,2,1,0,,2,1,1,613,1,47.7,58.3,77.8,45.6,79.2,94.3,74.7,Cloud Computing,0
STU108890,21,Male,6.92,100,0,66.7,47.4,63.7,46.9,1,1,1,4.7,1,2,0,945,1,55.7,49.5,71.1,64.6,34.6,24.2,69,Software Development,0
STU104152,23,Female,7.89,77.5,0,62.5,74.4,85.5,77.6,3,1,1,5.3,5,2,0,661,2,67.7,45.5,79.5,68.4,60.4,99.9,78.9,Data Science,0
STU105169,23,Male,7.39,80.7,0,60.7,62.3,55.2,31.1,2,0,1,,7,0,0,976,3,75.8,56.8,63.3,67,57.7,51.6,83.3,Cyber Security,0
STU102474,22,Male,8.32,99.5,1,63.1,65,65,77.9,2,1,0,0.4,5,1,0,914,1,73.6,75,56.3,55,54.2,72.8,68.9,Data Science,0
STU101059,22,Male,7.42,65.4,0,37.3,65.1,67.4,57.9,4,1,0,0.1,2,0,0,736,5,69.9,68.9,58.6,43.4,68.2,29.4,71.3,AI/ML,1
STU109494,22,Male,7.85,,0,50.3,34.7,71.5,53.3,1,1,0,1.2,3,1,0,1186,1,53.1,53.1,77.9,49.8,62.3,23.6,49.9,Data Science,0
STU106025,20,Female,8.28,79.2,0,72.2,44.3,55.1,56.5,4,1,1,3.7,1,1,0,639,7,61.2,60.9,64.8,39.2,80.6,67.8,79.7,Cyber Security,0
STU106903,21,Female,8.55,90.6,0,80.8,58.4,58.8,55.7,2,1,2,10.7,1,0,0,630,2,,46,62.2,37,75,35.7,79.4,Cloud Computing,0
STU102045,20,Male,6.51,78.2,0,37.3,63.8,55.9,41.5,2,1,1,4.8,4,1,0,551,1,74.5,62.1,74.3,56.9,45.7,29.1,75.1,Cloud Computing,0
STU101987,22,Female,6.25,81.1,0,40.6,39.9,50.2,51.3,1,0,0,0,2,1,0,673,0,64.8,63.8,66.4,45.7,75.1,64.7,72,Cloud Computing,1
STU102392,22,Male,7.87,100,2,84.3,32.7,62,58.8,2,2,0,1.6,3,2,0,964,2,40.1,73.1,63.2,73.7,58.4,30,92.2,Software Development,0
STU107855,21,Male,6.9,77,3,26.5,57.1,49.8,37.8,3,0,1,4.8,2,2,0,656,4,61.7,58.7,76.7,62.2,70.6,72.9,82.4,Software Development,1
STU105424,22,Female,6.94,81.1,1,50.2,41.2,52.9,20,2,0,1,4.9,3,1,0,491,1,70.7,54.4,71.6,54.4,77.6,72.1,71.9,AI/ML,0
STU106479,21,Male,7.88,75.7,0,61.3,44.8,79.6,57.2,3,2,1,7.2,1,4,1,879,4,,66.8,81.3,93.8,58.5,49.9,72.8,AI/ML,0
STU100104,23,Female,7,58,0,46.9,44.7,70.7,22.9,3,0,0,,2,2,1,884,3,66.4,48.7,75.3,71,68.1,37.7,61.6,Software Development,0
STU101904,22,Female,7.13,100,0,60.5,40,62.7,50.4,2,0,1,5,1,1,0,854,5,54.3,48.3,60.8,52.5,56.2,107.1,81.3,AI/ML,0
STU100512,21,Male,6.06,96.5,0,63.6,50.8,58.7,48.8,3,2,0,0.4,1,4,2,466,3,45.1,56.1,75.1,57,72.3,45.2,85.6,Software Development,0
STU101586,20,Male,8.5,100,0,55.5,54.8,57.3,77.9,2,1,3,11.8,3,1,0,987,2,72.9,61.4,79.4,76.6,84.6,15.1,93.4,Business Analytics,0
STU102346,21,Male,6.53,77.4,1,32.9,,34,21.1,3,2,0,0,2,0,0,422,4,32.6,59.5,76.3,33.4,47.4,56.5,42.5,Software Development,0
STU100779,22,Female,7.32,81.5,1,51.9,51.9,54.6,45.5,2,0,0,0,1,3,0,994,1,64.7,58.1,62.2,41.8,65.4,45.7,77.9,Data Science,0
STU102203,22,Male,5.87,82.1,0,30.5,54.2,60.9,18.1,3,2,0,0,2,1,0,869,4,78.1,77.1,72.4,64.4,53.2,64.3,67.2,Cloud Computing,1
STU105810,21,Male,7.14,90.2,1,15,56.1,39.2,45.9,1,1,1,3.4,2,1,0,257,1,83.3,61.8,71.1,43.7,77.4,35.3,76.6,Cyber Security,0
STU109851,22,Other,8.09,73.6,0,54,48,37.2,72.4,2,0,0,0,4,1,0,810,1,67.2,49.9,72.9,57,37,32.3,74.5,Business Analytics,0
STU102480,21,Male,8.57,60.2,0,55.3,64.9,55.1,44.4,5,2,1,1.3,2,3,0,932,7,49.9,64.8,72.4,42.5,56.3,82.1,54.7,Software Development,1
STU106582,21,Female,7.83,70.3,0,44.1,50.6,65.3,50.9,3,1,1,3.7,2,5,0,549,2,57.7,63,69,67.7,55.7,45.5,78.4,Data Science,0
STU105596,22,Male,7.76,73.2,1,23.9,45.6,45.5,51.1,5,3,2,7.1,3,0,0,823,4,51.9,62.6,64.6,66.8,65.4,55.2,68.8,Software Development,1
STU103208,22,Male,8.18,85.7,0,71.9,53.4,82,50.8,2,0,3,13.1,0,1,0,521,1,64.3,64.3,70.7,75.7,46.8,59.1,69.6,Software Development,0
STU108478,24,Male,7.46,75,1,33.1,50.4,42.4,61.2,3,2,1,3.4,0,0,0,663,3,72.8,63.7,65.6,41.3,42,127.8,75,Data Science,0
STU100044,22,Male,7.14,91.4,0,59.4,36.7,54.4,51.3,3,1,0,0,2,2,0,646,2,62.1,71.1,69.6,78.1,63.4,50.7,68.4,Software Development,0
STU100643,24,Male,8.96,91.9,1,47.3,64.3,49.8,50.3,0,0,1,3.1,0,1,0,751,1,56.6,36.4,59,41.7,76.2,47.2,63.7,Cyber Security,0
STU102415,23,Male,7.35,62.5,0,80.2,39.2,76.7,47,1,0,1,5.8,2,0,0,763,1,65.1,69.1,70.5,68.6,60.8,31.4,81.8,AI/ML,0
STU109936,22,Male,7.3,80.2,0,31.3,61.1,57,35.7,3,1,3,11.2,3,0,0,467,2,71.1,65.1,64.7,49,79.5,16,,Data Science,0
STU104397,22,Male,7.99,90.9,0,15.5,58.3,76.3,37.6,1,0,0,0.8,0,3,1,352,0,50.6,45.7,63.4,70.2,55.6,12.1,72.5,Cyber Security,0
STU103731,21,Female,7.37,100,1,43.4,60.7,20,43.9,2,1,1,4,2,1,0,828,3,76.8,66.1,57,61.1,81.5,40.2,45.3,AI/ML,0
STU108416,21,Male,6.23,81.8,1,18.3,34.6,63.9,49.3,4,1,1,2.5,4,1,0,529,4,61.9,61.9,68.8,59.3,73.9,10.7,65.7,Data Science,0
STU108239,22,Female,8.71,87.2,0,64.9,54.1,68.3,53,3,0,0,0,6,2,0,801,3,52.3,68.8,73.1,54.1,38.8,48.7,73.8,Software Development,1
STU109754,22,Female,6.85,79.2,2,50.9,56.2,73.4,,2,2,2,9.4,3,2,0,951,3,82.4,53,65.9,52.4,77.9,180,91.6,Cloud Computing,0
STU105828,24,Male,7.63,59.1,0,52.6,51.3,69.3,74.8,2,2,0,0,0,5,0,468,1,63.8,62.4,63.1,57.2,41.4,32.5,85,Business Analytics,0
STU105548,23,Male,7.71,83.5,0,,52.8,71.4,28.3,0,0,1,3.4,3,1,0,642,2,68,29.1,69.2,50.8,59.3,74,67,Data Science,0
STU101841,21,Male,8.85,97,0,72.6,74.8,44.4,53.3,4,2,1,3.7,1,0,0,964,3,55.6,56.3,72.7,37.5,48.5,87.1,71,AI/ML,0
STU100565,23,Female,7.02,88.6,0,53.9,36.2,48,38.8,3,0,1,,3,2,0,585,2,,66.5,71.8,54.4,79.2,25.6,68.8,AI/ML,0
STU103049,23,Other,6.71,88.5,0,15,52.3,50,70.6,2,0,3,11.9,5,2,0,849,1,62.9,58.8,83.4,38.6,75.6,68.4,68.8,Cloud Computing,0
STU108839,20,Female,7.72,,0,51.3,56.3,33.7,69.7,4,3,1,4.5,3,2,0,1074,3,69.4,60.1,81,46.4,76.6,21.2,64.7,AI/ML,1
STU106679,22,Male,7.19,80.7,0,52.9,53.1,68.6,59.3,2,0,2,10,2,1,0,794,3,81.9,65.9,77.6,35.3,81.3,87.4,89.6,Cyber Security,0
STU104291,21,Female,7.95,89.1,0,30.4,62.8,33.4,72.8,4,0,1,3.3,1,3,1,734,3,66.8,54.7,70.2,58.3,31.2,47.6,66.5,Cyber Security,0
STU104521,21,Female,6.36,85.3,1,55.3,51.7,60.7,55.4,1,0,2,6.2,4,1,0,751,3,95.6,48.9,63.4,74.8,42.9,109,93.1,Business Analytics,0
STU108712,21,Female,5.65,84.4,1,48.2,46.2,84.3,48.3,2,2,1,5.5,1,0,0,994,1,58.1,66,72.7,42.5,37.3,26.3,73.9,Software Development,0
STU105944,19,Female,8.71,78.9,0,64.3,61.5,67,71.5,1,0,0,0,2,2,0,659,2,83,,73.9,55,60.2,17.5,84.8,AI/ML,1
STU109287,22,Male,7.64,58.6,0,71.8,53,43.7,47.1,1,0,1,6.4,1,0,0,830,2,46.9,73.7,82.7,72.9,42.8,60,76.6,AI/ML,0
STU108444,22,Male,9.4,95.7,1,54.8,46.2,31.8,90.5,1,0,0,0.9,3,0,0,877,2,68.7,57.8,46.6,49.5,51.4,2.8,72.4,Cyber Security,0
STU102692,21,Male,7.72,87,0,58.1,53.9,60.1,72.3,4,1,0,0,1,0,0,625,4,60.1,52.5,79,27.4,46.5,32.8,90.3,Cloud Computing,1
STU107231,21,Female,7.21,67.4,1,40.6,70.6,51,40.7,3,1,1,2.6,0,0,0,765,4,71.3,60.9,71.7,54,59.9,64.9,69.6,Software Development,0
STU100286,21,Female,7.79,60.3,0,69.2,58.1,50,42.7,5,1,2,8.3,2,1,0,784,6,55.4,66.7,76,68.7,66.2,45.8,82.3,Software Development,0
STU102639,22,Male,7.48,86.8,1,39.5,59.3,72.6,69,2,1,1,,2,1,0,504,3,73.2,62.7,79.8,46.9,52,29.1,82.5,Software Development,0
STU107080,22,Female,7.89,82.7,1,34,41.4,46.2,56.4,2,0,0,0,3,0,0,719,1,68.3,,78.1,79.7,37.5,18.1,62.9,Software Development,0
STU108272,22,Female,7.05,86,0,59.9,76.1,70.8,36.1,3,0,1,1.4,4,0,0,868,2,67.7,68.9,74.2,53,39.6,23.6,49.7,Software Development,1
STU107721,20,Other,9.14,66.6,2,62.6,66.2,68.2,63.2,14,2,1,4.1,4,1,0,1273,6,48.3,52.2,78.2,49.9,67.2,54.5,98.5,Cloud Computing,1
STU109342,22,Male,6.62,76.2,0,,66.7,56.9,34.3,1,1,0,0,3,0,0,652,1,61.2,55.3,71.6,43.1,81.1,26,56.4,Data Science,0
STU108578,22,Female,8.06,92.4,0,53.5,78.2,64.9,84.3,3,1,0,0.4,1,1,0,482,3,29.4,47.7,73.1,70.6,33.7,68,73.7,AI/ML,0
STU105980,20,Male,9.23,77.4,0,67.8,71.8,33.5,66.2,3,1,1,1.9,1,2,0,785,2,58.1,64.5,71.5,57,71.6,67.2,68.5,Software Development,1
STU104494,21,Male,6.92,81.1,0,45.8,58.3,89.3,50.3,3,0,0,0.9,0,0,0,675,2,45.5,43.6,78.9,40.8,87.7,68.2,81.2,Software Development,0
STU107747,23,Other,7.35,76.7,0,32.6,54.1,63.4,42.6,4,2,1,2,6,2,1,508,4,82.9,65.8,50.1,48.4,59.7,36.5,66,Software Development,0
STU104883,21,Male,7.04,85,1,51.1,65.1,60.2,43,2,2,0,1,1,2,0,1097,2,44,53.6,73.9,62,70.5,49.1,70.6,Cloud Computing,1
STU109422,21,Female,8.29,80.1,0,98.4,48.2,60.8,59.9,2,0,1,1.4,2,2,0,1071,5,70.1,48,66.5,42.2,30.5,19,79.1,Cloud Computing,1
STU105615,23,Other,7.9,71.1,0,69.5,30.4,40.3,69.9,3,1,0,0.6,2,3,1,883,2,57.5,67.2,70.6,68.5,55.3,74.9,71.5,Software Development,0
STU105098,24,Female,7.47,94.8,1,68.8,39.3,79.4,30.3,1,0,0,0,3,1,0,1044,0,50.9,57.1,91.8,54.7,42,47.5,66.3,Data Science,0
STU102196,20,Male,8.87,91,0,56.3,67.4,41.9,67.7,1,0,0,0,3,1,0,591,3,80.6,57.2,67.1,39.5,85.2,28.2,54.2,AI/ML,0
STU108753,24,Male,7.19,100,1,15,54.8,80.8,61.3,0,0,0,0,3,1,0,313,0,58.6,30.6,82.7,67,74.6,20.9,87.1,Data Science,1
STU101216,20,Male,7.58,81.1,0,70.9,51.4,57.6,78.9,3,1,1,4.1,1,0,0,892,3,59.1,77.7,72,57.2,55,62.2,74.6,Data Science,0
STU107426,20,Male,6.37,76.6,0,21.4,57.1,29,24.2,1,0,3,15.6,1,1,0,592,0,55.7,60.5,60.5,65,57.7,,38.5,AI/ML,0
STU107274,22,Male,6.67,77.4,0,43.9,63.1,66.7,70.1,3,0,1,2.2,4,4,1,680,2,77.1,72,75.9,35.4,46.6,60.4,71.8,Cloud Computing,0
STU108705,21,Male,8.08,93.3,1,48.6,46.5,53.4,53.2,2,1,1,4.2,1,1,0,1106,4,46.5,47.2,69.1,73.4,69.3,28.1,78.6,Cyber Security,0
STU107056,20,Male,8.31,80.5,0,72.9,66.3,60.9,65.2,4,2,0,0,4,1,0,561,3,,56,,65.1,60.4,23.2,70.9,Data Science,0
STU107521,19,Male,7.2,87.9,1,48.1,37.9,60,59.5,4,2,0,1,2,0,0,1042,5,66.3,40.6,66.1,46.1,79.1,53.5,77.1,Software Development,0
STU109049,22,Female,5.59,82.8,0,37.9,47.8,71.9,20.1,2,1,1,5.2,3,0,0,447,3,74.5,65.1,74.4,54.3,54.3,53.5,65.2,Data Science,0
STU109737,25,Female,7.86,76,1,64.2,35.1,59.2,37.2,0,0,0,0.3,2,5,1,540,0,52.8,44.1,77.4,66.6,65.1,73.5,79.2,Software Development,1
STU104179,19,Male,8.17,94.7,1,32.6,60.1,75.7,74.5,5,1,1,3.3,3,2,1,372,7,63.6,63.7,61,75.8,43.2,51.3,75.3,AI/ML,1
STU109224,21,Female,8.6,63.7,2,64.3,61.3,69,51.4,4,1,2,9.7,2,1,0,1073,4,57.1,80.9,64.6,42.7,64.7,,,Software Development,0
STU101922,23,Male,6.66,85.5,1,53.5,42.3,64.9,48.9,4,0,0,1.8,1,1,0,539,4,49.2,55.9,78,51.8,78.6,62.3,64.4,Business Analytics,1
STU108990,20,Male,7.42,89.4,0,65,60.9,63.3,83.9,2,0,0,0.8,4,0,0,640,2,58.5,73,74,61.2,67.3,63.8,74.5,Data Science,0
STU108801,23,Other,5.53,86.3,0,52.6,40.1,49.9,24.9,2,1,1,4,2,0,0,784,2,45.9,61.9,69.8,36.5,57.2,41.4,71.5,AI/ML,0
STU108999,23,Male,9.09,80.1,0,87,66.6,30.8,87.6,2,0,0,1.4,3,0,0,690,3,70.3,58.8,67,39.2,49.5,21.4,70.5,Software Development,0
STU104250,23,Male,7.19,88.1,0,51.4,43.2,59,67.3,1,0,1,5.4,3,4,0,1025,0,61.8,53.6,70.9,76.2,71.3,27.6,81.5,Data Science,0
STU106885,21,Female,9.22,,0,57.1,65.4,73.5,,2,0,0,0,2,0,0,703,2,73.1,48.4,84.9,77.9,87.1,57.6,79,Business Analytics,0
STU106220,21,Male,5.83,89.2,1,24.6,37.2,42.9,39.5,2,1,0,0,4,0,0,307,1,44,61.9,64.7,56.8,57,10.3,70.5,AI/ML,0
STU107486,22,Male,7.93,86.7,0,61.6,48.3,72,41.8,0,0,2,7.2,1,3,0,885,2,64.2,42,96.6,55.9,71.2,22.4,82.8,Cloud Computing,0
STU107147,23,Female,7.76,80.5,0,55.9,73.4,27.4,53,4,1,1,1.7,3,2,0,1063,3,60.4,75.4,59,67.5,36.2,26.6,57.4,Data Science,0
STU101427,23,Female,6.01,86.6,1,27.3,41.6,53.4,25.8,1,1,3,17.2,4,2,0,492,0,62.4,65.9,56,37.1,72.9,84.1,60.8,Software Development,0
STU109394,23,Female,7.93,76.2,1,55.6,52.4,37.2,71.9,4,0,0,0.2,0,1,0,782,4,64.5,61.7,60.1,75.5,15.4,40.5,73.1,Cyber Security,1
STU105627,22,Male,8.26,68.9,1,51.9,48.6,35,44.5,4,2,0,0,2,2,0,790,4,67.4,88.2,67.3,56.3,42.5,52.2,59,AI/ML,0
STU102889,21,Male,7.93,89.7,0,50.8,56.8,64.9,72.7,2,0,1,4.9,2,1,0,402,2,87.3,63.1,86.8,40,25.4,41,77.4,Software Development,1
STU102896,20,Male,8.61,76.1,0,78.3,38.5,64.9,69,3,1,1,6.6,1,1,0,599,4,58.5,45,77.5,45.9,38.4,31,67.4,Cloud Computing,0
STU108826,20,Male,8.16,78.3,0,68.8,68.2,52.9,57.3,2,1,1,2.1,6,0,0,764,2,81.9,75,66.2,23.9,40.1,17.7,60.1,Data Science,1
STU108806,24,Female,8.49,93.4,1,53.5,78.2,53.9,65,3,0,0,1,2,1,0,100,2,45.3,44.4,64.4,64.1,41.2,40.6,80.4,Software Development,1
STU107923,21,Female,7.23,69.3,1,52.5,38.1,65.9,48.5,2,2,1,3.4,3,0,0,673,3,88,67.5,62.7,54.6,61.5,122.1,80.9,Business Analytics,0
STU100387,22,Male,8.39,78.1,0,41.7,35.4,51.9,75.4,4,1,1,2.2,0,0,0,562,3,74,56.5,67.8,79.9,54.7,42.6,90.1,AI/ML,0
STU105873,22,Male,7.98,80.8,1,79.9,28.6,53.3,52.4,1,1,0,0,4,1,0,831,1,87.4,53.6,84,54.6,75.3,152.6,64.1,Software Development,0
STU107894,21,Male,8.31,68.2,0,46.2,62.1,55.5,63.9,3,1,0,1.8,2,1,0,653,3,55.6,60.3,75.3,72.9,67.3,53.8,58.9,Data Science,0
STU102660,22,Male,6.35,79.5,0,31.1,46.9,51.8,61.5,3,1,1,3.5,2,3,0,761,4,79.4,61.3,62.7,46.7,60.8,41.8,,Cyber Security,0
STU107792,20,Female,6.67,84.5,2,59.5,35.2,64.9,45.8,3,0,2,5.6,3,1,0,948,2,74,53.5,66.4,87.3,64.4,90.7,68.3,Data Science,0
STU108579,24,Female,5.96,71.3,1,15,51.9,69.4,78.4,3,1,1,4.1,2,1,0,297,2,75.1,60.3,66,65.2,56.2,38,77,Business Analytics,0
STU100947,22,Male,7.71,72.4,1,47.2,56.9,56.8,59.7,3,0,1,4.8,2,2,0,239,3,46.4,78,82.1,50.8,63.9,81.1,81.1,Business Analytics,0
STU107032,24,Male,6.33,91.5,0,37,51.3,50.6,48.5,1,0,0,0,2,0,0,868,1,62.8,58.1,74.8,30.8,54.8,83.4,73.7,Cloud Computing,0
STU106741,20,Other,6.93,82.4,0,46.1,45,61.4,54.5,3,3,2,11.3,1,0,0,973,5,60.4,58.4,79.4,72.4,39.2,76.2,82.6,Software Development,0
STU101508,22,Male,8.81,91,0,43.6,50.8,47.2,66.4,1,1,1,3.4,1,2,0,862,1,,45.8,47.7,51.2,51.8,71.2,82.2,Cyber Security,1
STU101467,20,Male,9.06,66.4,0,80.2,36.6,47.2,58.7,3,2,1,3,2,2,0,1291,4,57.9,55.7,72.6,37.1,70.2,51.9,76.6,Cloud Computing,0
STU102455,21,Male,7.22,73.7,2,85.7,60,47.4,59.9,4,0,0,1.4,2,2,1,1036,4,58.1,57.6,60.4,67.2,29.2,,77.3,Cloud Computing,1
STU103894,21,Male,8.53,77.3,1,81,45.1,51.9,64.4,5,1,0,1.2,2,3,0,705,5,57.5,65.4,64.4,46.1,31.4,11.8,73.3,Software Development,0
STU104102,22,Male,7.06,77.6,0,42.8,61.4,64.1,46.8,1,0,1,2.1,4,0,0,689,1,78.5,44,84.2,37.6,46.5,12,73.6,Software Development,1
STU103255,21,Male,6.95,74.4,1,34.6,33.1,48.5,69.1,6,1,0,0,4,1,0,612,6,68.2,79.5,57.6,81.6,60.7,137.4,,Data Science,0
STU107963,24,Male,7.58,69.5,0,67.5,51.4,58.8,48,3,1,0,0,3,1,0,1166,3,67.8,49.3,81.8,73.8,40,50.1,60.2,Software Development,0
STU109056,21,Male,8.62,92.4,0,46.3,57.2,40.5,51.2,1,0,0,2.9,4,1,0,574,1,51.2,61.4,61,38,50,48,61.9,Business Analytics,0
STU104941,22,Male,7.37,69.6,0,44.9,41.8,72.7,31,0,0,0,0,4,3,0,763,0,68.6,53.9,68.1,58.7,44.2,56.6,78.7,Software Development,1
STU105539,22,Female,8.58,77.3,3,82.7,64.5,52.5,66.8,3,0,0,0.6,3,4,0,931,2,75.4,59.7,70.5,63,40.3,100,67.1,AI/ML,1
STU107035,21,Female,7.83,86,1,46.6,66.5,52.9,58.6,4,1,1,4.4,4,1,0,604,4,59.4,62.9,73.7,39.5,82,52.8,66.9,Cyber Security,0
STU107902,23,Male,6.12,77,1,39.3,59.9,56.2,46.6,0,0,0,0.4,2,1,0,752,2,57.7,46.1,65,41.4,63.5,39,85.2,Software Development,1
STU104935,21,Male,8.05,77.2,0,60.6,49.4,69,69.5,0,0,2,8.7,1,0,0,467,0,50.9,49.9,69.4,53.8,50.5,43.5,82.7,Data Science,0
STU100077,21,Male,5.81,84.9,1,23.9,53.6,73.8,50.6,3,0,1,4,1,0,0,846,6,55,57.3,87.9,48.6,55.7,,50.2,AI/ML,0
STU102219,21,Female,8.05,79.6,0,47.6,52.3,58.7,45.1,1,0,1,4,1,0,0,851,4,60.6,64.6,96.3,36.7,84.5,70.5,82,Cyber Security,0
STU103374,21,Female,8.18,78.9,1,74.2,72.1,57.6,74.1,1,1,0,0,1,2,1,967,1,50.2,44.9,55.2,43.2,67.1,90,65.8,Business Analytics,0
STU107523,22,Male,7.58,82.2,0,81.7,48.5,33.1,39,2,1,0,0.8,1,1,1,906,2,62.7,49.3,55.8,69.5,84.2,67.9,55.6,Software Development,0
STU102717,22,Male,6.37,92.6,0,40.8,70,80.4,49.9,5,3,0,1.3,2,0,0,664,4,52.3,68.9,96.1,28.2,69.7,36.3,85.5,Software Development,0
STU107538,22,Male,7.82,86.1,0,88.6,72.5,63.2,74.9,4,2,1,4.2,3,1,0,378,4,69.7,72.6,79.2,90.9,67.9,51.1,91.9,Data Science,1
STU102789,21,Male,6.29,67.9,0,43.4,43.7,100,77.2,1,1,1,5.6,3,2,0,702,1,59.2,44.4,79,35.4,49.1,94.9,78.5,Software Development,1
STU100125,23,Female,7.7,62.9,2,63.9,45.7,57.7,37.9,4,2,2,8.7,1,0,0,657,4,69.4,65.4,83.4,42.9,87.8,18.3,68,Software Development,0
STU109819,21,Female,6.3,81.8,1,30.8,45.4,,46.6,2,1,0,1,1,0,0,752,1,49,67,73.7,43,75.8,74.1,80.4,Cloud Computing,0
STU105755,21,Male,6.61,72.8,2,26.7,45.8,48.6,49.3,0,0,0,0.5,3,0,0,464,0,54,42.5,70.9,30.3,63.7,10.8,71.3,Cloud Computing,0
STU103552,20,Female,7.83,89.5,0,43.4,68,38.1,82.9,3,2,0,1.2,2,2,0,678,2,55.3,56.1,68.1,62.7,45.5,47.4,60.4,AI/ML,0
STU103955,22,Female,8.31,80.5,1,67.8,67.8,55.2,49,3,1,1,7.2,1,0,0,776,5,56.6,68,73,39.2,68.8,75.8,75.7,Software Development,0
STU106329,23,Male,6.33,85.3,1,51.3,81.5,59.6,42.3,1,0,0,1.2,1,3,1,802,1,62.2,54.8,67.5,72.2,43.3,65.4,67.6,Data Science,0
STU107308,20,Male,9.09,77.1,0,88.3,47,55.1,61,1,0,2,6.6,5,1,0,954,0,67.7,72.3,49.3,60.8,52.8,54.4,85.5,Software Development,1
STU104111,22,Male,8.72,90.6,1,46.8,46.2,81,59,4,2,2,9.5,2,3,1,547,3,74,59.8,60.9,70.5,66.5,42.1,77.3,Data Science,0
STU100749,21,Male,5.85,76,0,41.2,53.5,23.6,36.5,8,1,1,5.4,1,5,1,395,7,72.4,90.2,42.2,62.7,37.6,60.4,54,AI/ML,0
STU101733,21,Female,5.67,100,0,51.2,40.5,58.1,54.9,1,0,0,0,3,1,0,740,0,84.9,58,56.2,37.1,37.8,79.8,75.9,AI/ML,0
STU100855,22,Female,6.77,81.1,0,28.8,18.9,54.4,59.6,6,2,2,4.8,6,1,0,624,6,74.9,,58.2,49.6,76,48.4,77.9,Cyber Security,0
STU107077,22,Female,7.84,65.8,0,29.6,68.8,70.2,41.2,4,2,1,3.7,5,1,0,602,3,71,83.2,80.5,58.2,74.5,70.7,51.9,Software Development,0
STU105064,21,Male,8.06,76.9,0,34.1,,29.8,65.5,2,0,3,8.8,2,2,0,650,1,86.1,65.7,56.6,66.2,47.6,10.4,51.2,Software Development,0
STU105931,22,Male,9.17,82.2,0,52.5,57,80.5,100,3,0,0,1.2,2,3,0,513,5,86.9,78.4,84.4,71.6,73.7,62.2,88,Data Science,0
STU104220,21,Male,8.18,85.6,0,81.7,39.8,58.4,35.2,1,1,3,13,2,1,0,1221,6,64.7,60.1,60.1,39.4,39.6,50.5,79.7,Software Development,0
STU105780,21,Male,6.11,87.9,1,58.3,69.9,62.5,40.6,1,0,0,0,6,0,0,522,0,75.1,37.5,76.4,35,53.2,141.3,70.7,Business Analytics,1
STU107625,21,Male,6.73,83.5,1,30.2,38.5,59.9,64.1,2,0,0,0,0,0,0,546,2,48.1,65.7,78.5,53.3,64.9,30.1,77.6,Software Development,0
STU104376,19,Female,7.72,72.7,0,77.3,44.3,54.6,72.2,2,1,1,4.3,1,0,0,1044,2,56,56.1,54.3,64.6,63.3,10.7,68.8,Software Development,0
STU106200,22,Female,8.56,87.7,1,57.8,65.7,70.1,69.4,2,1,2,5.9,2,1,0,1219,2,58.7,63.2,79,35.6,70.4,65.3,91.5,Cloud Computing,0
STU100011,23,Male,8.71,82.1,0,60.9,48.9,75.8,58.6,3,1,0,2.1,1,1,0,705,2,59.3,66.9,50.1,59.3,63.2,54.2,59,Data Science,0
STU106898,20,Male,8.81,78.3,0,65,68.2,69.5,51.7,3,2,0,0,6,0,0,585,3,,67.2,70.5,27.3,74.8,103.2,70.3,Data Science,0
STU106368,21,Male,6.39,73.3,0,76.1,35.3,67.1,35.4,1,0,0,0.8,2,2,0,1069,1,43.9,52,58,94.5,26.3,19.3,,Data Science,0
STU107778,21,Female,6.49,81.2,2,49.5,69.8,33.4,46.3,2,1,0,0.1,2,1,0,723,4,61.3,40.1,62.1,58.2,46.2,43.5,51.1,Cloud Computing,0
STU104349,22,Male,7.06,91.8,0,46.3,53,56.6,49.5,2,1,1,4.4,1,0,0,825,3,54.4,56.9,69.7,61.3,59.6,100.4,73.3,Software Development,0
STU101766,22,Male,7.4,77.2,1,68.5,76.1,49.8,15,3,3,1,2.5,3,3,0,644,2,55.4,62.6,62.1,51.2,59.5,54.4,53.5,AI/ML,1
STU106492,21,Male,6.86,93.1,3,63.6,33.5,79.1,76.4,2,1,0,0,4,2,1,299,1,81.6,63.6,84.6,50.9,58.5,53.8,94.4,Cloud Computing,1
STU105025,21,Male,8.28,86.9,0,60.8,56.9,54.4,36.3,1,0,0,0,2,3,0,1048,2,60.8,72.8,,72.4,60,79.1,59.8,Software Development,0
STU101566,21,Male,7.72,72,0,54.1,41.9,68.1,72.4,1,0,0,0,3,2,0,1212,1,60.5,66,72.7,37.9,70.2,66,69.2,Software Development,0
STU100578,23,Male,7.07,72.5,0,54.6,82.5,49.3,52,1,0,0,0,1,4,0,447,1,62.8,59.3,50.6,62.9,68.1,32.3,62.1,Software Development,0
STU102779,22,Other,8,90.8,1,47.6,67.7,50.3,55.5,4,1,1,1.7,0,1,0,329,5,40.2,69.5,77.8,48.2,61.9,57.9,60.7,Data Science,0
STU108192,24,Male,7.41,77.7,1,54.6,52,58,47.1,3,1,3,12.9,2,0,0,754,2,89.5,83.5,62,48.4,71.4,24,79.3,Data Science,0
STU104149,22,Female,6.22,81,1,25.2,40.2,45.2,77.3,1,0,2,5.7,1,1,0,215,1,57.9,65.9,67,70.1,42.7,81.8,75.1,Business Analytics,0
STU101675,21,Male,7.31,88.4,0,48.4,40.8,66.9,60.2,2,2,0,0,3,0,0,858,1,68.6,50.2,69,51.5,56.5,28.1,82.4,Software Development,0
STU105512,22,Male,6.98,70.7,2,47.9,58.5,53.1,38.8,7,3,0,2,3,2,0,489,7,56,81.6,63.3,42.8,84.1,14.1,77.2,Data Science,1
STU106981,23,Male,7.93,89.9,0,68,78.3,44.4,85.2,2,0,1,3.9,1,1,1,1072,3,54.7,54.7,59.4,68.3,51.8,62.7,73.6,Data Science,0
STU101949,21,Female,6.6,86.4,0,39.2,58.4,57.7,16.5,3,1,1,2.9,2,1,0,393,2,72.2,62.8,72.3,59.3,59.9,56.5,59.8,Software Development,0
STU109496,22,Female,8.34,92.6,1,40.6,72.9,89.9,54.1,4,0,2,7,2,3,2,535,3,69.5,49.2,73.9,44.7,67.2,37.9,92.5,Business Analytics,1
STU104418,22,Male,7.24,83.4,0,48.5,37.4,64.2,61.8,2,2,0,1.9,1,1,0,554,3,51,38.2,,47.9,71,29.3,73.2,AI/ML,0
STU105136,21,Male,7.39,80.3,0,91.7,77.1,75,57.4,4,2,1,4.6,1,3,1,1022,4,61.3,70.5,83.5,30.1,49.5,48.6,63.9,AI/ML,0
STU105756,22,Male,7.18,69.1,1,40.4,40.8,37.4,43.3,1,0,1,3.5,1,0,0,620,0,74.9,56.6,57.9,32.7,57.4,38.4,64.4,Cyber Security,0
STU108788,24,Male,7.11,73.6,0,20.9,58.5,54.4,39.7,2,2,2,8.4,2,0,0,707,2,65.2,51.2,64.8,31.4,76.2,51.8,54.6,Software Development,0
STU105434,23,Female,7.48,74.6,0,42.4,69,46.3,42.9,3,2,2,8.1,4,2,0,580,2,76.8,55,60.2,67.2,52.8,117.4,84.4,AI/ML,0
STU104434,22,Female,6.64,78.5,1,42.9,47.7,,34.1,4,2,0,1.7,4,1,0,634,4,52.6,77.6,71.8,57.1,64.3,51.9,71.1,Data Science,0
STU101575,20,Male,7.37,92.8,0,33.4,58,51.8,43.8,1,0,1,4.1,4,4,0,875,1,74.1,57,67.4,55.6,61.9,151.6,49.4,Software Development,0
STU101810,23,Male,6.73,71.5,1,49.1,36.4,62.4,52.1,4,2,0,0,5,1,0,658,4,70.6,84.5,63.7,45.5,54.4,75.2,66.6,Data Science,1
STU109589,22,Male,6.83,73.9,2,50.7,66.5,61.9,43.6,3,1,0,0.2,4,1,0,762,4,69.7,56.6,76.3,38.6,92.5,82.7,71,Software Development,0
STU102594,22,Male,6.32,75.7,1,50.1,34.4,58.4,24,1,1,1,4.7,5,0,0,738,3,59.1,53.3,68.4,47.8,44.4,168.7,59.7,Software Development,0
STU102841,22,Male,8.5,61.9,1,25.9,63.6,64.7,56.7,1,1,1,3,2,1,0,801,0,67.2,68.8,51.5,57.3,46.1,29.4,60.7,Data Science,1
STU101551,20,Female,6.77,90.6,0,38.9,46.3,70.4,45.7,3,2,1,4.6,2,1,0,570,3,64.4,53.9,83,31,50.4,76.3,74.8,Software Development,0
STU100981,22,Male,8.06,74.8,2,61.3,68.8,58.3,70.2,3,2,1,3.6,3,1,1,757,3,74.2,65.8,65.7,39,74.7,22.1,79.4,Cloud Computing,1
STU105537,21,Female,9.41,83.9,1,58.8,87.6,55.1,70.1,2,1,1,4.7,1,1,0,627,4,64.3,49.3,,31.7,65.8,59.9,95.6,Software Development,1
STU100190,24,Male,7.46,88.4,0,,42.5,53.3,89.2,1,1,1,3.9,4,0,0,100,1,61.5,44.5,71.4,25.6,86.1,45.3,93.1,Cyber Security,1
STU101242,21,Male,6.07,87.6,0,15,41.6,54.1,15,1,0,1,3.9,3,1,0,441,1,62.9,68,54.5,49.7,75.1,84.5,50.6,Cloud Computing,0
STU109285,23,Female,8.03,78,0,63.1,56.3,70.1,55.4,4,0,0,1.4,1,0,0,784,4,56.9,69.8,100,45.6,53.9,49.4,91.6,AI/ML,1
STU108939,23,Male,6.48,83.2,0,49.6,70.3,59.7,45.1,4,2,0,1,2,2,0,854,4,55.1,68.4,69.9,33.7,67.8,36.5,55.6,Cyber Security,0
STU105144,23,Male,8.27,86,1,56.7,77.4,68.9,66.4,2,0,0,1.1,2,2,0,596,3,48.5,67.5,63.2,51.9,55.2,82,74.4,Cyber Security,0
STU104080,21,Male,8,82.9,1,38.7,52.6,48.2,46.4,1,0,2,4.6,4,0,0,506,1,66.7,56.1,75.5,41.3,69.5,69.5,60.9,Software Development,0
STU102418,21,Female,8.58,84.7,2,,77.9,45.2,67.8,2,1,0,1.8,1,0,0,767,2,56.4,64.8,72.1,67.8,43.6,62.6,79,Data Science,0
STU105903,22,Female,7.06,81.4,1,47.5,64.9,35.2,42.7,3,0,1,3.2,2,1,1,1163,2,59,62.1,58.4,72,83.3,19.1,63.2,Data Science,0
STU102852,23,Female,7.43,79.7,2,59.8,48.8,60.5,45.9,3,1,0,0.3,0,0,0,738,3,38,57.8,59.9,58.5,69,,65.6,AI/ML,0
STU105251,22,Male,6.9,83,1,33.7,52.4,69.8,42.7,2,0,0,1.3,1,2,0,619,3,56.6,55.5,69.4,53.5,60.4,90.1,70.6,Software Development,0
STU101155,22,Male,7.18,95.6,1,44.6,65.3,48.6,47.9,3,1,0,0,5,1,0,686,2,73,50.4,78.1,77.2,83.6,78.7,88,Cloud Computing,0
STU100777,20,Male,7.17,71,1,30.6,69.7,50,63.9,0,0,1,2.4,5,1,0,423,0,69.4,48.4,46.8,42.4,44.4,7.3,75.3,Software Development,0
STU105346,21,Male,8.76,87.4,0,70.5,60.8,62.8,56.9,2,0,1,4,5,1,0,831,1,52.5,44.9,78.1,59.6,28.5,16.3,77.6,AI/ML,0
STU102773,21,Male,6.22,74.3,1,37.6,63.8,30.2,53.3,0,0,1,5.2,3,2,0,498,0,62.6,51.4,63.6,45.2,63.6,122.2,63.7,Software Development,0
STU102505,23,Male,8.37,81.4,0,61.5,66,63.6,75.9,3,1,2,5.7,4,1,0,474,2,70.7,74.8,69.4,69.9,52.5,27.2,71.9,Data Science,0
STU101900,21,Female,8.31,79.5,0,47.5,69,52.7,66.3,4,1,0,0,4,0,0,634,6,55.3,100,52.1,38.5,75.5,55.4,87.2,Data Science,0
STU107467,21,Female,6.44,93.4,0,18.1,43.1,74.8,52.7,3,0,0,0,2,3,0,336,4,62.4,45.7,79.1,37.8,45.4,21.6,,Data Science,0
STU102991,22,Male,6.67,84,0,42.2,39.2,51.1,47.8,2,1,0,0,1,1,0,661,2,67.9,51.7,60.4,42.4,40.3,23.7,57,AI/ML,0
STU105570,22,Other,9.17,80.1,0,43.6,65.6,21.2,85,2,1,1,2.8,0,0,0,488,1,52.8,44.5,57.6,59.4,43.8,74,66.3,Cyber Security,0
STU100115,22,Male,9.25,90.4,1,73.3,75.9,52.6,54.1,1,1,0,0.6,3,0,0,681,0,51.1,57.3,73.1,44.2,69,80.3,70.5,Business Analytics,0
STU107588,21,Male,6.21,,0,63.6,49.7,91.7,20.8,3,0,0,0,4,0,0,753,3,67.6,57.4,84.3,88.7,61.2,64.1,74.1,AI/ML,0
STU100646,22,Female,6.46,77.4,1,64.2,57.1,59.4,34.5,1,1,2,9.4,4,2,0,992,1,70,32.3,57.8,84.7,40,139,81.4,Cloud Computing,0
STU100137,22,Male,6.88,77.8,0,41.7,59.7,67,45.3,1,0,1,5.1,0,2,0,353,0,85.9,38.3,79,83.8,54.9,30.9,84,Software Development,0
STU109611,20,Female,7,84.2,1,43,70.6,,,1,0,2,8.7,2,0,0,538,1,68.7,52.1,46.4,37.4,63.3,44.4,86.1,Software Development,0
STU108750,19,Male,8.46,80.1,0,82,50.2,76.1,64.3,4,1,1,0.6,1,1,0,756,3,80.9,73.3,89.8,52.1,62.9,56.2,84.9,AI/ML,0
STU101148,21,Male,6.78,81.7,0,32,43.8,64.6,53.5,4,0,0,0,3,0,0,1182,3,64,58.5,73.5,56.1,41.3,,82.1,Cyber Security,0
STU102299,21,Male,6.97,70.2,0,67.3,55,58.7,30.5,2,2,0,1.3,3,0,0,428,1,66.3,55.3,69.2,42.9,59.3,92.2,61,Cloud Computing,0
STU109270,22,Other,7.67,76.2,0,,70.7,36.3,67.2,4,2,1,3.8,0,0,0,793,3,65.2,63.5,84.9,48.4,57.3,40.5,,Data Science,0
STU100227,24,Female,8.77,,0,53.2,60.2,100,66,5,1,0,0,1,1,1,845,7,51.6,63,78.5,55.9,59.5,20.5,70.4,Cloud Computing,0
STU102981,22,Female,9.05,76.8,1,66.7,66.8,20,60.8,1,0,1,2.6,4,2,0,800,1,69.1,45.8,73.5,72.8,44.3,63.7,68.1,AI/ML,0
STU108170,21,Male,8.67,71,0,54.3,66.8,42.3,62.8,1,1,2,8.5,2,3,0,668,1,52.7,38.5,75.5,66.6,47.8,52.5,69.9,Business Analytics,0
STU105508,20,Male,7.6,87.3,1,46.1,59,43.3,46.5,4,2,0,0,2,2,1,892,5,65.9,62.8,76.1,52.5,46.1,62.5,57,Business Analytics,0
STU101940,21,Male,7.85,90.3,0,49.5,57,71.4,46.3,4,1,0,1.5,3,1,0,853,3,56.7,59.4,66.2,93.1,65.5,76.3,56.5,Software Development,0
STU102127,24,Male,6.67,86.6,1,52.6,52.3,56.1,34.7,0,0,1,5.7,0,0,0,530,0,56.4,22.5,68.8,75.9,43,41.9,55.4,Business Analytics,0
STU102244,23,Male,7.29,81.3,0,74.6,49.6,61.2,49.3,3,2,2,10.2,2,2,1,655,3,66.5,47.3,65.1,51.9,63.7,73.8,67.8,Software Development,0
STU101615,21,Male,8.34,84.6,1,50.3,54.7,50.3,70.7,1,1,1,4.6,2,3,1,901,3,56,48.1,65,59.1,89.1,110.7,76.5,Data Science,0
STU100720,21,Female,7.24,,1,30.6,66.9,54.7,60.3,7,1,1,3.6,3,0,0,696,6,52,72.7,62.7,44.5,49,14.3,70.8,AI/ML,0
STU101561,21,Female,8.98,76,0,67.2,61.9,66.9,53.3,1,0,2,6,4,1,0,958,2,75.6,46.3,64,43.2,65.1,31.5,82,Data Science,0
STU101895,21,Male,7.98,100,2,67.8,47.1,47.1,40.9,3,0,0,3.6,1,2,0,971,4,58.7,54.3,84.2,49.4,53.9,61,,AI/ML,1
STU106443,23,Female,7.9,88.8,2,64.1,64,48.7,48.5,3,0,0,0,4,1,0,774,2,66,46.7,67,66.9,71.1,32.7,75.7,Software Development,0
STU103398,21,Female,7.15,77.2,1,68.9,52,66.9,52.4,5,3,1,4.8,2,0,0,557,4,94.7,65.1,84.9,56.9,47.4,35.5,88.4,Software Development,0
STU105855,21,Female,8.38,84.2,1,62.8,57.9,70.5,49.9,2,1,1,5.9,4,1,0,604,2,72.1,58.6,82.4,54,59.9,61.2,54.9,Business Analytics,0
STU109943,20,Female,7.53,84,0,48.9,61.6,54.6,62.6,2,0,1,1.6,3,2,0,645,1,56.8,69.1,69.4,49.5,83.3,35.1,86,Data Science,0
STU101126,21,Male,8.51,76.3,0,62.4,54.6,43.8,22.5,1,1,0,0,2,4,0,995,2,67,42.5,60.7,66.9,59.8,83.7,74.1,Data Science,1
STU108385,21,Male,6.79,86.8,0,15,60.1,54.9,44.7,3,1,2,8.5,0,1,0,464,4,50.7,42.3,75.6,20.6,72.8,17,56.1,Data Science,0
STU101284,23,Male,8.15,82.4,1,57.3,59,47.4,58.3,2,1,0,0.8,2,2,1,718,4,63.9,58.2,67.2,49.7,44.7,75.4,66.3,Software Development,0
STU102757,22,Male,7.52,85.8,0,52.2,53.2,55.1,28,1,1,0,0,1,3,0,568,1,52.8,45.6,71.7,44.4,56.1,115.3,50.9,Software Development,0
STU106086,20,Male,7.75,74.7,0,63.3,57.7,71.1,30.3,4,0,0,0,3,0,0,730,5,64.2,62.3,85.7,53.5,77.9,180,,Software Development,0
STU100550,22,Male,6.46,90.7,0,61.4,40,65.7,47.4,2,0,2,12,3,3,0,606,3,73.4,73.5,77.5,50.7,40.3,73.8,74.7,Cyber Security,0
STU104132,21,Female,7.08,84.4,0,54.4,51.6,41.8,33.8,2,1,1,7.3,3,1,0,1050,2,70.6,76.8,73.5,43.7,48.2,20.5,67.7,Business Analytics,1
STU104327,23,Male,8.62,100,1,24.6,50.3,67.6,84.5,1,0,1,3.2,3,2,1,411,1,61,59.1,85.7,32.7,63.8,106.7,77.3,AI/ML,0
STU109640,22,Male,7.8,,0,55.3,47.8,63.3,41,1,1,2,9.1,3,3,1,813,1,82.7,59.8,65.3,29.9,27.3,69.2,68.9,AI/ML,0
STU100992,23,Male,8.61,,1,67.1,66.9,61,59.3,7,5,1,3.7,5,2,0,976,6,66.2,78.2,78.5,69.1,69,79.5,67.3,Cloud Computing,0
STU104385,22,Male,6.28,69.3,0,56.5,25.1,53.3,31.5,2,1,1,3,0,1,0,701,2,61.6,,67.6,55.7,65.7,25.3,58.1,Software Development,0
STU107131,22,Female,7.4,84.1,1,49.1,43.5,62.7,41.9,3,1,2,,3,0,0,762,2,71.4,78.4,69.9,47.1,55.9,16.4,71,Business Analytics,0
STU101326,23,Male,7.28,95.3,1,55.7,65.6,61.2,62.2,2,1,1,3.9,2,1,0,954,1,70.3,69.5,63.3,49.1,60.9,46.4,58.7,AI/ML,0
STU107960,21,Male,7.42,95,0,59.6,52.6,53.6,40.5,1,0,1,2.6,1,1,0,669,1,52,50.7,72.1,41.2,47.7,25.3,70.1,Software Development,0
STU102367,23,Female,7.11,,1,37.9,64,62,43.4,2,0,2,5.5,2,1,0,475,2,58.7,64.5,75.8,60.5,56.6,24.9,71.7,Data Science,0
STU102527,22,Female,7.46,60.8,1,57.4,55.8,83.2,69.1,2,1,0,1.6,2,3,0,490,4,65.3,45.9,68.3,96.2,21.8,111.3,82.2,Data Science,0
STU106110,21,Male,6.51,75.6,0,55.2,52.3,37.6,37.4,3,0,1,2.2,1,0,0,611,3,77.8,58,51.6,61.7,42.5,21.2,56.2,Cloud Computing,0
STU105498,22,Male,7.81,81.3,1,49.9,73.8,80.3,64.6,2,1,0,0,0,2,0,947,4,46.7,56.5,78.7,57.9,50.5,55.2,,Software Development,0
STU101401,23,Male,6.77,80.4,0,52.9,51.8,53.1,,3,1,2,8.3,1,2,1,1063,4,61,75.3,56.3,83.5,73.9,85.5,79.6,Cloud Computing,0
STU106466,20,Female,6.51,86.4,0,42.9,52.2,51.9,29.1,2,0,0,0.4,1,1,0,219,2,67.8,50.1,62.7,72.8,69.1,50.7,64.8,AI/ML,0
STU102727,21,Male,6.58,72,1,24.2,50.5,76.4,58.1,1,1,2,8.1,4,0,0,553,3,76.8,64.6,48.9,38.2,64.6,79.2,78.6,Cloud Computing,0
STU101378,22,Male,6.99,82,0,56.8,15,59.1,37.6,0,0,1,5.5,4,0,0,644,1,,48.6,85.5,65.9,69.7,26.7,78.2,Business Analytics,0
STU109799,22,Female,7.72,88.5,1,62.7,52.2,77.4,53.9,1,1,1,5.6,0,1,1,721,0,58.9,53.4,87.1,63.1,67,70,75.1,Software Development,0
STU100613,20,Female,8,91.2,0,48.6,72.6,43.6,45.9,2,1,0,2,3,1,0,401,1,53.9,49.3,60.9,39.5,66.9,36.2,61.1,Cloud Computing,0
STU109461,22,Female,8.14,97.2,0,59.3,47.9,68.6,44.7,1,0,0,0.5,2,3,0,957,0,64,57.8,83.3,44.3,58.5,20.7,69.9,Cloud Computing,0
STU100568,21,Male,6.43,79,2,44.1,52.6,57.8,32.5,3,1,1,5.3,4,1,0,183,4,63.1,51.5,67.3,41.3,84.9,36.7,57.2,AI/ML,0
STU106122,23,Male,7.26,62.6,0,25.5,46.5,64.6,62,2,1,4,16.3,5,1,0,412,2,79.4,56.4,74,65.1,77.2,35,65.4,AI/ML,0
STU107342,22,Male,7.69,74.7,2,59.4,49.1,63.2,41.7,3,0,0,0,2,0,0,1314,3,71,74.1,68.8,42.2,52.9,48.4,70.1,Cyber Security,0
STU100132,20,Male,7.18,80.3,0,16.9,42.8,24.3,58.6,3,0,1,2.7,3,3,0,472,4,65.9,76,51.6,55.7,44,79.7,68.2,AI/ML,0
STU106145,23,Male,5.3,96,0,36.5,24.7,81.4,24.4,2,2,1,4.6,2,2,0,1013,4,69.2,65.2,71.3,48.5,52.5,10.2,64.6,AI/ML,0
STU107642,23,Male,6.72,81.3,3,65.8,50.3,70.8,71.7,2,0,1,2.1,3,2,1,689,3,69.1,65.8,99,48.8,70.9,17.3,,AI/ML,0
STU100177,23,Male,8.03,78.5,1,49.7,80.1,58.8,81.4,4,2,0,0,4,1,1,1174,5,56.2,76,69.2,26.8,74.7,47,86.8,Data Science,0
STU108080,24,Male,6.45,83.9,0,34,45.3,65.5,52.8,3,1,0,1.6,2,2,0,636,5,71.1,,76.6,79.5,75.1,37.9,68.7,Business Analytics,0
STU102977,21,Female,6.69,83,0,35.2,41.1,22.6,52.3,3,1,1,4.1,5,0,0,594,2,66.4,59.7,77.9,58.9,72,35.5,52.8,Software Development,0
STU105868,23,Male,8.74,78.4,1,60.4,48.3,62.9,59.7,2,0,1,2.7,3,0,0,696,1,46.8,57.5,61.1,45.6,65.6,33,81.4,Business Analytics,0
STU106399,21,Male,6.97,92.3,0,56,55.7,80.8,50.6,3,2,1,2.8,4,1,0,735,4,72,65.4,72,41.6,83.9,33.3,64.3,Software Development,0
STU101484,22,Female,6.77,76.9,0,18.6,64.2,100,54.5,1,0,4,13.1,0,2,0,794,1,69.7,59.8,77.9,48.3,63.8,15.9,78.2,Data Science,1
STU105746,23,Female,6.94,84.8,0,73.9,45.7,34.4,55.3,2,2,0,0,3,2,0,656,2,95.7,47.6,40.6,76.1,65.3,71.6,71.3,Cloud Computing,0
STU107718,23,Female,5.18,93.5,0,33,20.8,37.2,31.9,0,0,3,9.9,1,1,0,715,0,58.6,60.4,64.4,47.6,67.3,24.3,79.7,Cloud Computing,0
STU104322,22,Female,6.93,95.7,1,59.9,66.1,78.4,58.8,4,1,3,15.5,5,2,0,212,4,89.5,66.6,71.9,83.3,49.5,59.3,79.8,Cyber Security,0
STU108399,20,Female,7.78,93.4,1,51.7,86.9,56,56.7,2,1,0,0.1,1,0,0,617,2,56.9,64.6,79.8,63.3,83.1,87,56.3,Business Analytics,0
STU106531,21,Female,7.55,64.5,0,53,75.3,36.5,40.9,4,1,1,1.6,0,1,0,995,4,62.6,71,61.9,55.8,87.1,26.2,71.8,Business Analytics,0
STU107181,21,Female,8.71,79.4,1,47.6,78.3,57.5,64.7,2,1,2,9,1,1,0,515,4,50.8,44.2,67.4,42.3,49.7,64.9,84,Data Science,0
STU109107,22,Female,7.58,73.5,0,65.8,64.5,64.3,34.2,4,3,0,0,2,2,0,882,6,48,57.4,73.1,46,73.8,80.8,57.4,Cloud Computing,0
STU101382,19,Male,8.49,89.3,1,58.3,50.1,54.1,37.2,4,1,0,0,4,1,0,1033,5,54.3,87.9,57.2,57.1,45.7,70.6,56.5,Business Analytics,1
STU102627,23,Male,7.92,75.2,0,25.4,43.3,55.3,53.9,3,1,0,0,2,4,0,531,4,61.6,62.7,68.8,80.8,28.2,67.6,62.4,Cloud Computing,0
STU107891,22,Male,7.71,93.7,0,55.4,34.2,68.4,41.8,3,0,0,0,3,4,0,618,3,78.2,66.8,73.1,45.3,26.4,70.7,78.9,Data Science,0
STU103196,23,Female,6.61,81.2,1,42.3,35.1,59.2,41.6,2,0,4,14.2,4,2,1,590,1,71.7,63.8,91.9,44.7,63.9,69.5,,AI/ML,0
STU106972,23,Female,9.58,80.6,1,63.1,70.7,54.1,74.6,2,1,1,5.4,5,0,0,1164,3,65.5,83.1,71.6,49.6,60.8,22.4,82.3,Software Development,0
STU106698,21,Male,8.48,78.6,0,47.9,65.4,59.9,71.4,3,3,3,15.2,1,1,0,517,4,55.2,56.3,90.1,52.3,52.9,92.6,71,Software Development,0
STU100858,22,Male,6.27,,2,31.1,62,58.7,36.8,3,2,0,0,1,0,0,287,3,45.9,67.5,84,43.1,43,50,69.9,Cloud Computing,0
STU102828,24,Female,5.74,98.7,0,27.6,54.1,79.6,41.7,1,0,2,10,1,0,0,592,0,50.8,44.3,84.6,59.4,43.9,49.4,91.9,Cyber Security,0
STU102426,23,Male,9.36,66.4,0,59.2,87.5,65,54.7,4,2,0,0,1,1,0,508,4,,52.1,81.4,35.4,61.1,67.4,87.1,Cloud Computing,0
STU105524,23,Male,7.57,94.2,1,58.3,74,53.2,43.7,0,0,0,0,1,3,1,964,0,54.9,44.8,67.7,58.9,74.9,61.3,80.6,Software Development,0
STU103963,22,Male,8.49,86.8,0,66.6,52.3,73.5,35.8,4,1,0,0,1,0,0,1242,3,59.1,66.8,56.9,36.7,85.6,,64.6,AI/ML,1
STU107661,21,Male,7.48,76.3,0,46.8,75.3,45.2,41.3,3,0,1,4.5,1,2,1,889,3,72.6,65.6,60.5,68.6,37.5,46.9,60.7,Software Development,0
STU103141,21,Female,8.16,77,0,53.1,74.6,44.4,56.4,3,1,1,4.3,4,1,0,737,4,65.1,55.9,62.8,59.8,65.5,19.7,72.8,Cyber Security,1
STU107240,21,Male,7.09,93.8,1,57.6,52.6,68.5,65.6,1,0,3,14.7,1,1,0,718,4,58.8,71.1,74.1,49.1,40.9,31.1,88.9,AI/ML,0
STU100857,22,Male,8.29,77.4,1,85.5,75.2,60.3,75.1,0,0,2,9.1,4,2,0,718,1,64.8,57.8,78.1,73.5,55.4,37.8,73.2,AI/ML,0
STU103964,21,Male,8.65,76.8,0,56.4,68.7,43.3,39.6,5,2,2,4.7,1,2,0,670,6,69.3,56.8,75.7,66.8,57.8,61.4,70.4,Cyber Security,0
STU109023,24,Male,7.08,83.1,1,29.1,69.1,69.3,69.1,0,0,1,3.2,2,1,0,430,2,60.9,63.5,74.3,57.6,72.8,81.5,75.9,Software Development,0
STU100476,21,Female,6.14,78.2,1,38.4,44,50.3,28,4,2,1,3.4,2,1,1,818,3,61.5,71.4,62.5,50.9,73.1,22.7,46.7,Data Science,0
STU106221,23,Male,8.47,85.5,0,64.6,72.2,75.6,77.6,2,2,1,4.2,3,1,0,718,3,53.1,63,87.5,48.8,30.5,41.8,85.6,AI/ML,0
STU105203,21,Male,6.73,62,0,26.2,40.2,27.8,37.6,3,2,2,,1,0,0,375,4,66.4,65.6,68.6,36.1,26.8,59.6,43.7,AI/ML,0
STU105061,21,Female,5.62,94.7,0,26.4,52.1,52,44.7,1,0,0,0,1,0,0,363,2,69.4,37.5,80.2,58.7,37.3,23.1,61.1,Data Science,0
STU105002,21,Female,7.2,85.7,0,42.4,46.6,78.9,70.4,5,4,1,3.8,2,0,0,645,5,51.4,74.8,76.3,44.9,67.4,36.1,67.4,Data Science,0
STU102552,22,Male,7.52,81.3,0,59.7,66.2,55.9,61.4,7,4,3,10.2,1,3,0,637,8,83.3,100,81.9,56.9,38.9,51.7,69,Cyber Security,0
STU100184,23,Male,8.7,86.5,2,33.1,40.4,58.7,63.4,2,0,1,6.5,2,1,0,875,2,54.5,65.7,84.5,56.2,60.5,52.4,88.8,Software Development,0
STU100372,23,Male,6.4,93.5,0,58.2,46.6,65.4,33.2,3,0,1,6.5,3,1,0,808,2,68,46.5,67.7,78.7,52.1,52.4,,Software Development,1
STU106853,22,Male,7.67,69,2,44.5,59.4,57.6,58.5,3,0,1,5.4,0,1,0,729,5,50,47.5,74,38.3,18.1,63.8,69.5,Software Development,0
STU102309,23,Male,8.32,79.5,0,71.4,74.9,55.7,76,2,0,0,2.3,2,0,0,605,1,50,48.7,86.6,37.8,68,15.9,90,Cloud Computing,0
STU101094,22,Male,8.05,84,0,59.1,43.7,69.4,70.8,4,0,1,2.8,3,0,0,701,4,59.4,70.4,81.8,36.9,78.3,43.8,54.6,Data Science,0
STU107402,23,Female,8.34,95.4,3,44.6,61.8,75.6,70.2,4,1,0,0,2,4,2,617,6,52.6,56.3,83.9,67.1,68.6,58.6,63.6,Data Science,0
STU104459,21,Female,7.02,72.9,0,50.6,49.6,78.5,62.3,3,0,1,5.4,0,2,0,900,3,67.7,62,88.9,53.8,76.8,87.7,88.7,Data Science,0
STU108637,22,Male,6.99,100,1,68.6,61.1,84.5,65.4,2,0,0,0,0,2,0,764,2,55.3,62.2,70.1,49.5,56.1,88,81.5,Business Analytics,0
STU105558,22,Female,7.16,85.4,1,50.3,31.8,58.5,57.7,2,2,0,1.7,3,0,0,401,3,55.1,66.8,63.4,53.3,64.7,78.9,86.2,Software Development,0
STU104870,22,Male,8.23,67.3,1,72.9,60.9,,46.5,2,1,0,0.6,2,0,0,1199,2,61.7,60.4,79,31.7,64.1,75.9,93.1,AI/ML,1
STU104867,21,Female,7.6,71,0,,61.3,67.7,55.8,2,1,1,5.3,0,2,1,702,4,44.9,61.3,59.3,57.2,64.9,28.2,79.3,Software Development,0
STU103935,22,Male,8.1,70.3,1,68,44.7,53,54.4,4,1,0,0,3,1,0,806,4,50.3,73.1,57,36.2,67.2,38.9,60.8,AI/ML,0
STU109701,21,Female,6.52,84.9,0,49,55.3,60.8,34.3,1,0,0,1.2,2,3,1,417,2,64.7,56.8,76,49.3,73.8,53.9,64.2,Cloud Computing,0
STU102592,24,Female,8.44,79.7,0,41.4,45.7,71.1,68.6,1,0,0,0.3,0,1,0,844,2,83.2,67.1,72.5,56.6,65.1,44.8,77,Cloud Computing,0
STU107607,22,Male,6.62,84.1,1,45.5,62.4,60.2,39.3,4,2,0,1.4,2,2,0,391,5,46.4,66.6,,35.6,66.7,75,81.1,Software Development,0
STU107723,22,Female,7.19,67.5,0,66.3,34.1,62.7,20.2,2,1,0,1.4,1,0,0,755,2,55,63.1,70.1,28.1,37.8,50,63.6,Data Science,0
STU104408,22,Female,8.83,79,0,47.6,71.5,62.6,54.8,1,0,1,4.2,2,3,0,742,0,48.5,62.3,65.5,22.6,52.1,46.8,86.7,Cyber Security,1
STU105374,21,Male,8.24,,0,50.9,60.4,76,73.7,4,1,1,3.1,1,0,0,737,5,51.8,75.9,81.1,19.1,61.5,20,81,Data Science,0
STU106508,22,Female,6.95,83.3,0,49.5,48.4,45.3,67.6,3,2,0,2,3,2,1,575,2,60.7,,63.8,20.7,43,40.8,69.5,Data Science,0
STU102114,22,Male,6.56,90.8,0,42.3,32.2,77.5,42.7,2,0,1,3.7,3,0,0,733,1,84,56.6,75.1,80.8,58.1,68.4,98.3,Business Analytics,1
STU102082,22,Male,7.62,73.5,0,72.9,54.5,44.7,56.6,4,0,3,14.1,3,0,0,775,6,60.5,68.9,73.5,39.8,91.4,73.4,66.7,Data Science,1
STU104977,22,Female,6.75,82.1,0,41.6,49.4,54.3,61.9,2,0,0,1,7,2,0,765,2,64.2,75.1,70.2,86.2,69.9,38.6,79.4,Cyber Security,0
STU107097,20,Male,7.14,75.6,1,44.9,56,64.3,15,2,1,1,3.8,1,2,0,544,3,53.5,48,72.7,45.4,66.4,,53,Business Analytics,0
STU107237,24,Female,7.4,85.1,0,46,49.5,54.6,61.2,1,0,0,0,0,0,0,100,0,38,41.8,85,19.4,38.3,36.7,75.2,Data Science,0
STU102106,21,Female,6.25,86.4,2,60.1,49.9,78.3,49.2,2,1,0,0.2,4,1,0,618,1,55.1,77.8,71.7,68.2,63.9,40.5,83.9,Software Development,0
STU107359,20,Male,7.27,63.6,0,76.5,48.2,40.8,47.9,2,1,0,0,3,4,1,1017,1,63,51.1,72.3,54,35.3,69.3,65.2,Data Science,0
STU104234,23,Male,7.21,87.6,0,48.5,79.5,50.8,55.4,3,2,2,7,4,2,0,801,3,75.3,56.4,72,57.1,60.4,79.3,76.8,Business Analytics,0
STU107302,21,Female,7.19,58.5,0,63.5,46.8,82.6,56.3,3,0,1,3.1,3,1,0,1021,3,72.5,54.5,100,58.4,85.7,55.3,81.5,Cloud Computing,0
STU104653,22,Male,6.88,82.9,0,64.5,47.4,40.4,34.3,8,6,1,6.1,0,3,0,1033,7,54.2,79,73.7,27.3,44.6,37.6,60.5,Data Science,0
STU100983,22,Female,6.53,92.8,0,52.9,48.6,70.3,52.3,3,2,0,0,0,3,0,477,3,33.1,62.9,82.6,52.1,57.8,89.1,73.2,Software Development,0
STU100013,22,Male,6.73,89.4,1,28.3,68.8,71.1,70.9,3,1,3,11.7,2,1,0,325,3,79.8,61.8,77.9,52.5,52.6,70.1,81.6,Software Development,0
STU105188,22,Male,8.47,83.6,0,64.2,65.7,59.9,42.1,0,0,0,1.3,3,2,0,841,0,53.7,48.1,68.7,53.3,28.4,125.7,50.8,Cloud Computing,0
STU106357,23,Female,7.1,72.5,1,38.1,58.5,45.4,30.3,3,2,0,0,1,1,0,670,3,53.7,46.5,73.5,69.8,83.4,,55.8,Cloud Computing,0
STU103316,23,Male,8.74,89.3,0,85.8,56.3,52.8,66.8,4,3,2,3.3,2,1,0,996,3,77.9,58.3,95.8,66,43,56.1,65.6,Software Development,0
STU102093,22,Male,7.51,87,0,52.1,56.9,58.3,48.6,2,0,0,,2,0,0,679,2,53.4,50,78.5,39.8,58.7,60.5,89.5,Cyber Security,0
STU105588,23,Male,6.97,73.5,0,50.1,53.3,74.6,43.4,2,0,2,6.8,1,1,0,614,2,51.4,57.1,76.1,75.9,68.1,18,83,Software Development,0
STU102669,22,Female,6.42,73.7,0,15,71,50.9,44.3,3,1,1,4.9,2,1,0,435,3,49.6,72.5,64.6,31.1,43.6,25.6,68.6,Data Science,0
STU106588,22,Other,8.37,65.5,0,35.4,25.7,,72.1,3,0,2,7.2,2,2,0,715,4,80.6,69,65.4,58.7,62.2,32.3,78.5,AI/ML,1
STU109334,21,Male,7.69,74,1,67.2,34.7,63.7,50.2,9,5,2,9.4,3,1,0,1316,9,,99.1,78.9,47.1,64.3,77.6,55,Cloud Computing,0
STU101878,24,Male,7.75,85.5,0,43.5,55.3,59.8,73.2,2,1,2,5.8,1,3,0,570,3,62.3,62.9,85.2,67,49.5,88.2,88.1,Data Science,0
STU103656,22,Male,8.62,75.2,0,47.6,50.7,87.6,71.8,4,1,0,,6,4,0,755,5,54.3,80.6,95.8,63.3,72,80.9,88.2,Data Science,0
STU108309,21,Female,7.1,87.4,0,52.4,66.8,45.5,45.3,2,1,2,7.6,2,3,0,885,3,,49.7,63.2,60.9,60.8,35.2,73.7,Cloud Computing,0
STU103247,21,Male,8.86,68.9,0,63.4,81.8,84.5,83.9,3,1,2,7.2,0,2,0,912,3,53.3,73.7,82.6,34.9,31.9,120.4,87.6,Cloud Computing,0
STU108953,20,Other,7.2,91.7,0,35.5,35.3,57.7,39.7,4,2,0,0.4,1,0,0,715,3,63.9,66.9,71.7,42.5,73.9,46.1,71,Software Development,0
STU103337,21,Male,7.76,73.8,1,63.3,58.7,61,59.3,6,2,1,,0,0,0,968,5,60.7,71.1,78.1,79.5,75.7,119.8,63.6,Data Science,0
STU102080,21,Male,8.53,75.6,1,59.6,69.1,33.4,34.1,4,2,1,3.9,3,3,0,863,7,72,77.7,66.1,48.5,62.2,25.2,45.1,Data Science,0
STU109242,22,Female,6.59,93.5,1,36.7,51.3,45,37.3,4,0,0,0.7,3,0,0,656,3,66.3,,,60.3,63.2,62.7,75.9,AI/ML,1
STU104640,21,Male,6.47,76.4,0,42.7,41.6,65,50.5,2,1,1,6.2,3,3,0,773,1,76.9,68.8,66.3,32.5,88.5,102.2,73,Business Analytics,0
STU101855,22,Male,8.13,80.8,0,68,57.6,73.2,61.5,1,1,0,0.2,6,4,1,866,1,64.8,59.9,78.3,76.6,48.9,80.7,70.9,Data Science,0
STU101418,23,Male,6.76,85.1,0,49.1,30.9,71.7,33,5,1,1,,2,1,0,710,5,67.1,72.1,68,52,49.2,89,,Cyber Security,0
STU102329,22,Female,6.62,64.7,1,68.2,45.4,56.1,47.6,5,1,0,0,3,0,0,663,4,60,81.7,66,47.3,55.4,29.9,72.8,AI/ML,0
STU106626,22,Female,6.29,73.6,1,48.8,41.6,52.8,77,4,3,2,5.6,3,3,0,620,3,68,72,72.8,36,52,22.8,93.6,Software Development,0
STU105024,21,Male,6.57,60.2,0,45.6,60.2,63.4,51.5,4,1,1,3.8,1,1,0,794,5,,48.5,84.6,40.5,75.8,126.4,77,Data Science,0
STU106076,19,Female,7.51,84.5,1,68.1,43.5,70,79.1,2,0,1,3.5,1,1,0,864,2,59.4,52.9,62.2,66.6,66.3,50.6,85.6,Data Science,0
STU107874,21,Male,7.2,81.9,0,30.2,50.3,56.9,32.8,1,0,0,0.3,1,1,0,391,1,45.1,64.3,57.1,70.9,56,64.1,59.7,Software Development,0
STU107549,23,Male,7.12,97.2,0,55.2,43.7,46.6,60.5,3,0,1,,1,2,0,1069,3,48,54.5,56.1,62.1,65.9,22.4,71,Software Development,0
STU102846,21,Other,8.16,89.3,1,49.6,58.5,72.2,54.8,5,1,1,7.2,0,3,0,942,5,74.3,51.7,61.4,43.2,77,46.1,75.9,Cyber Security,0
STU109859,21,Male,7.2,76.7,0,30,58.5,40.6,44.2,4,2,1,1.8,3,2,0,613,4,76.6,73.4,81.9,51.5,51.8,52.4,71.2,Cyber Security,0
STU105734,22,Male,7.03,89.6,1,62.6,66.2,59.8,35.3,2,0,1,5,1,1,0,981,2,64.4,57.6,74.6,44.9,53.7,49.3,70.2,Software Development,0
STU104733,24,Female,7.62,60.9,0,42.1,73.5,59.1,58.8,5,2,2,8.7,4,3,0,404,6,61.3,83.4,93.4,41.5,63.1,98.5,67.7,Software Development,1
STU104531,23,Male,6.86,100,0,19.5,,66.5,27.1,4,2,0,2.5,2,1,0,578,4,59.5,72,77.2,30,61.6,45.7,65.1,Data Science,0
STU103253,20,Male,8.98,59.7,0,65.4,77,54.1,70.6,0,0,1,1.3,1,3,0,384,0,65.5,54.6,63,68.6,40.3,19.1,61.4,Cyber Security,0
STU109505,22,Male,7.33,81.8,0,51.5,47.2,46.6,43.3,2,0,0,1,1,1,1,867,2,69.4,51.6,62.1,64.1,43.5,41.2,71.6,Software Development,0
STU107826,22,Female,6.55,92.3,1,44.3,41.9,32.8,75.7,1,0,2,8.9,4,0,0,951,0,95.6,44,37.9,45.6,58.3,41,68.5,Business Analytics,1
STU106986,22,Male,9.19,100,0,23.7,72.7,69.8,50.3,3,1,4,10,4,6,0,789,3,71.8,80,47.2,69.4,57.6,65.3,76.3,Cloud Computing,1
STU103138,23,Male,6.85,79,0,46.3,29.5,36.8,22.8,0,0,3,10.4,3,3,2,866,2,78.7,56,61.2,44.3,28.6,72.9,58.9,Software Development,0
STU108909,21,Male,6.95,85.3,1,30,45.1,61.5,35.2,2,0,1,4.7,2,2,0,234,1,70.2,52.6,74.6,57.3,54.1,72.8,55.9,Cloud Computing,0
STU103201,21,Female,7.62,78.5,1,26.3,61.1,65.8,46.4,4,1,1,3.4,4,0,0,722,5,59.3,71.8,55,28.8,30.2,47,61.6,Data Science,0
STU101276,22,Male,7.18,73.8,1,53.2,43.7,56.9,54.4,3,0,2,8.8,1,1,0,845,5,74.3,75.4,78,40.4,52.4,48.6,59.8,Software Development,0
STU104343,22,Female,6.24,93.6,0,21.3,27.2,61.8,69.1,3,2,1,3.8,3,1,0,355,2,55.5,69.5,70.8,60.2,10,66.9,87.1,AI/ML,1
STU105478,22,Male,7.71,71.1,0,49.9,54.3,62.4,54.1,4,2,1,6.2,1,0,0,789,4,53.6,57.9,67,37.1,47.3,46.9,60.8,Data Science,0
STU107420,20,Female,7.33,84.1,0,52.1,68.2,61.5,51.9,2,1,2,6.1,1,0,0,797,1,76.1,71.5,53.8,53.7,85.1,10,66.5,Data Science,0
STU103737,21,Female,8.32,75.5,2,48.1,57.9,38.5,46.2,2,0,2,9.8,3,0,0,698,1,56,52.3,57.8,32.3,80.3,22.6,70.4,Cloud Computing,1
STU106168,19,Male,7.21,89.2,0,46.3,55.2,61.7,34.1,5,3,0,1.8,3,0,0,550,5,82.2,73.2,56,60.6,77.6,47.1,68.6,Data Science,0
STU100745,22,Male,8.16,77.3,0,78.5,63.8,65.2,65.8,5,0,0,2.3,5,0,0,982,6,59.1,88.4,85.6,61.8,76.5,88.1,72.8,Cyber Security,1
STU107555,23,Female,7.61,81,0,40.6,75.7,34.1,46.9,3,0,2,7.3,1,3,0,936,3,58.3,53.2,59.3,42.7,52.5,84.1,76.1,Business Analytics,0
STU102123,21,Female,7.64,80.1,2,41.6,,75.4,61.3,5,1,1,5.4,1,1,0,1004,7,65.1,57.5,62.9,53.2,43.6,53.8,75.7,AI/ML,0
STU100845,22,Male,7.11,72.1,0,57.6,45.1,47.6,73.5,6,3,0,0,0,1,0,526,9,64.8,79.3,56.4,48.9,43.5,79.8,75,Software Development,0
STU101634,22,Female,7.56,80.8,0,42.1,35.1,56.5,40,3,2,0,0,0,3,1,689,4,63.4,63.9,55.3,55.4,71.1,56.5,67.9,Cyber Security,1
STU106019,23,Male,6.2,94.1,1,41.5,35.4,55.5,55.2,6,1,0,0,2,1,1,1082,5,50.3,50.1,73.3,44.8,57.8,18.1,76.8,Business Analytics,0
STU100673,21,Female,7.61,84.7,1,75.7,60.4,,81,2,0,2,6.8,4,1,0,465,2,78,67.6,79.2,29.1,88.3,,83.9,Data Science,0
STU107653,22,Female,7.71,93.2,0,44,56.3,57,42.2,3,1,0,0,3,3,0,636,2,78.9,70.9,58.9,66.4,59.6,73.3,87.7,Software Development,0
STU100696,21,Male,7.47,85.8,2,57.3,55.6,48.7,46.4,3,0,0,0,4,2,0,799,4,75.8,78.8,70.4,63.7,64.2,96.4,78.6,Business Analytics,0
STU109771,23,Male,9.05,68,2,78.5,52.6,45.4,62.7,0,0,0,0,5,0,0,1210,0,75.2,63.7,69.6,42.5,55.8,77.5,90.4,Data Science,0
STU108525,23,Male,6.99,78.8,1,39.4,55.1,29.5,50.9,4,0,1,5.9,1,3,0,191,5,44.4,77.3,65.5,65.5,68.5,46.8,,AI/ML,0
STU107563,21,Female,8.14,83,0,57.8,72,,60.1,3,1,0,0,2,0,0,1022,5,78.1,38.3,63.9,54.7,49,32.1,79.1,Business Analytics,1
STU105788,21,Female,6.44,84.5,0,44.3,55.8,59.3,29.5,2,2,2,6.1,4,3,0,762,1,79.6,59.2,72.2,58.8,75.5,62.7,85.5,Business Analytics,0
STU109031,22,Male,7.08,,0,39,59.6,41.7,31,5,3,1,3.2,2,3,0,484,4,67.1,73.6,50.3,72.3,69.8,66.1,68.6,Data Science,0
STU101688,22,Female,8.38,72.4,1,61,51.9,77.3,51.7,3,2,1,1.7,1,2,0,600,2,50.5,68.7,77.4,34.3,51.6,63,82.4,Cyber Security,0
STU102419,22,Male,7.5,74.9,0,37.8,66.8,74.8,50,1,1,0,0,1,1,0,1030,1,50.7,45.9,70.7,40.6,58.6,120.4,75.1,Software Development,0
STU102337,25,Female,8.92,81.7,0,32.9,76.8,52.3,78.3,1,1,0,1.3,2,2,0,1064,1,65.8,57.7,60.9,64.7,58.1,56.4,71.6,AI/ML,1
STU107813,21,Male,8.92,86.9,0,88,76.4,44.2,72.2,4,2,0,0.4,0,0,0,710,5,35.2,71.1,75.7,33.4,57.3,45.8,87.3,Software Development,0
STU107731,21,Male,7.38,77.8,1,52.6,60.8,44,67.8,0,0,2,8.3,2,1,0,605,0,60,,78.9,32.8,66.5,33.3,52.7,Business Analytics,1
STU109068,23,Female,6.05,77.5,0,58.7,50,66.4,42,2,1,2,9.1,4,0,0,674,2,86,54.9,69.3,69.5,59.1,45.5,,Cyber Security,0
STU106660,20,Male,7.39,88.8,0,79,47.7,52.8,60.1,2,0,2,9.6,2,1,0,1112,1,60.1,57.7,65.9,78.3,82,57.7,54.4,Data Science,0
STU108004,21,Female,5.92,83.2,1,37.6,32.9,47.4,,1,1,1,3.3,1,3,0,727,6,51.7,53.7,78.5,51.7,89.3,35.5,74.6,Business Analytics,0
STU100895,21,Male,5.78,69.2,0,32.1,54,48.3,53.1,3,1,0,0.1,2,2,1,760,3,64,67.9,66,37.3,83.7,28.8,60.9,Software Development,0
STU104725,22,Female,8.55,78.5,0,53.8,72.4,61.4,74.4,3,0,1,5.5,2,0,0,732,2,64.5,54.5,75.6,29.9,98.4,60.9,54.8,Software Development,1
STU101750,23,Male,7.83,75.3,0,71.6,28.3,55.2,31.3,2,0,1,5.6,4,2,0,319,1,46.4,56.4,74,70.1,58.4,70.5,63.8,AI/ML,0
STU103228,22,Male,7.8,76,0,50.8,65.8,63.8,53.4,6,2,0,0.3,2,1,0,971,5,59.6,76.3,73.9,59.4,40.2,106.5,78.5,Software Development,0
STU100425,21,Male,6.61,72.4,0,47.4,34.8,77.3,41.4,0,0,0,0,0,0,0,746,0,47.9,46,69.8,44.4,34.3,55.1,56.9,AI/ML,0
STU106589,21,Female,8.42,73.9,0,75,50,59.9,42.6,0,0,0,0,0,1,1,1091,0,64.3,58.1,69.9,45.2,62.5,96.5,67.5,Software Development,0
STU109603,23,Female,8.47,82.6,2,80.6,47.8,71.4,69.1,0,0,0,0,1,0,0,529,0,59.4,61,83.7,46.7,66.7,102.1,,Software Development,0
STU103368,21,Male,7.2,90.4,1,22,64.7,71.4,44.8,3,0,2,6.1,2,2,0,492,3,59.2,48.5,80,83.7,51,54.1,56.7,Business Analytics,0
STU108470,22,Male,7.64,65.9,1,61.5,73.1,70.3,56.5,1,1,1,4.8,0,1,1,1028,0,50.5,48.4,74.9,55.5,65.8,83.1,98.3,Cyber Security,1
STU108875,22,Female,7.47,79.9,1,,42.3,72.6,67.3,3,2,1,1.4,2,3,0,800,3,56,69.2,78.2,52.6,100,38.2,67.6,Data Science,0
STU102616,21,Male,6.93,76.8,0,42,77.7,39,56.8,0,0,0,0,1,1,0,958,2,64.8,54.1,56.5,51,79.4,35,59.4,AI/ML,0
STU104817,24,Female,6.64,91.1,2,28.3,48.1,65,70,4,1,1,7.1,2,3,0,1078,3,72.5,75.5,66.8,60.1,87.6,50.3,72.1,Cloud Computing,0
STU107117,22,Male,7.94,86.4,0,48.9,48.5,74.4,48.7,4,0,1,3.7,4,3,0,537,4,68.4,91.8,86,40.7,85.5,30.5,64.7,Data Science,0
STU104597,21,Male,6.92,82.7,1,51.8,35.3,51,49,2,1,1,3.9,3,3,1,641,1,56,,71.5,63.8,63,16.3,70.6,AI/ML,0
STU100737,23,Male,7.57,83.3,0,64.8,69.1,48.4,30.5,2,2,1,3,2,3,1,560,1,67.6,61.6,60.7,64.1,75.8,145.7,74.1,Software Development,0
STU106694,22,Male,7.02,87.1,2,51.7,49.8,70.3,71.4,0,0,1,5.9,0,1,0,507,0,78.9,44.7,,61,59,37.1,100,Cloud Computing,0
STU105330,22,Female,7.79,78.7,0,46,67.6,58.1,50.2,3,1,0,0.5,1,1,1,624,3,48.4,56.5,72.8,63.7,57.2,61,79.2,AI/ML,0
STU103167,21,Male,8.69,82,0,46,60.2,74.7,44.1,2,0,1,6.6,3,0,0,433,3,73.7,47.7,70.2,40.8,84.9,57.2,82,Data Science,0
STU105345,22,Male,8.56,75.9,0,54.5,56.2,46.6,50.4,1,0,1,2.8,1,0,0,793,2,35.6,58.4,78.4,61.9,47.9,,96.7,Software Development,0
STU106165,23,Male,7.33,78.6,1,40.7,60.6,60.6,57.3,4,0,0,0,2,6,0,202,5,53,68.7,69.7,66.1,54.3,135,75.6,Data Science,1
STU101227,23,Male,8.09,73.2,0,61.3,76.3,67.2,61.2,6,2,1,4.6,2,3,1,756,6,59.3,80.4,63.5,58.7,63.5,125.2,,Software Development,0
STU108090,21,Male,7.56,81.9,0,50.2,64.1,49.9,45.6,4,2,2,7,3,2,0,1142,5,45.6,56.5,64.4,58,79.2,134.2,66,Data Science,0
STU106735,22,Male,7.24,83,0,61.8,70.8,69.1,47.2,4,1,2,6,3,2,0,788,3,69.6,62.9,79.8,46.5,58.5,41,72.8,Software Development,0
STU108832,22,Female,7.01,71.5,1,61.5,54,71.4,54.8,6,3,1,0.6,1,1,0,1360,5,57.9,64.4,69,33.9,48.4,36.6,86.4,Software Development,1
STU103130,22,Female,5.79,77.3,0,53.8,66,48.1,31.9,2,1,0,1.1,1,1,0,693,4,41.9,58.2,77.9,56.2,58.7,70.4,54.1,Data Science,0
STU103960,21,Female,7.4,68.4,1,42.2,33.2,45,63.1,0,0,0,0.5,6,0,0,231,1,72.1,63,72.7,57.8,24.4,70.2,59.4,Business Analytics,0
STU102540,22,Male,6.58,76.5,0,45,40.9,49.7,38,2,1,1,6,2,2,0,1296,2,58.9,38.9,73.1,58.7,73.7,34.6,54.1,Cloud Computing,0
STU107303,21,Female,6.89,97.5,2,15,56.6,48,65.1,2,1,0,1.5,4,0,0,450,2,62.9,58.3,,62.3,53.5,63.8,68.6,Business Analytics,1
STU101450,21,Female,7.96,71.6,0,61.9,56.3,57.5,58.3,3,0,2,4.8,4,2,0,757,2,74,61.4,75.9,40.7,61.4,44.4,65.2,AI/ML,0
STU106343,22,Male,8.49,82.1,1,66.9,57.7,58.4,80.7,5,0,2,10,2,4,0,772,8,43.9,70.3,71.9,39.5,72.2,28.6,75.6,AI/ML,0
STU100944,23,Female,7.45,100,1,26.4,47.1,74.4,60.9,7,2,0,0,4,4,2,925,8,53.9,81,77.7,83,49.3,68.2,87.1,Software Development,0
STU108323,20,Female,7.54,71,0,,24.4,80.4,47.4,0,0,0,0.1,3,1,0,393,2,57.4,52.2,84.1,71,30.7,101.9,49.5,Cyber Security,0
STU100121,21,Male,8,82.2,2,72.9,46.7,63.5,74.2,5,1,0,0,2,1,0,472,4,69.7,65.4,87.1,61.3,58.7,36.4,92,Software Development,0
STU106148,21,Male,8.27,81.1,0,69.5,30.7,37.4,60.4,4,0,1,,2,1,0,708,6,52.8,63.4,88.2,48.9,55.9,66,74,AI/ML,0
STU100344,22,Male,8.01,79.3,0,45.3,68.7,58.9,74.6,2,0,0,0,0,1,0,1027,3,58.7,54,74.8,63.9,77.6,40.2,81.1,AI/ML,0
STU109262,22,Male,7.58,61.2,0,27.6,49.7,53.3,68.7,3,1,1,3.7,1,2,0,252,3,61.8,69.8,59.7,74.8,34.4,59.3,85.9,Data Science,0
STU106098,21,Male,7.89,82.4,0,57.8,74.2,38.4,49.6,2,1,2,9.9,2,0,0,782,3,62.6,53.8,78.7,49.6,61.2,29.3,75,Cyber Security,1
STU105213,21,Male,7.93,89,0,46.6,74.6,56.2,23.1,2,0,1,6.4,1,2,0,553,2,65,53.4,66.4,32.9,62.7,50.4,44.1,Business Analytics,0
STU103265,21,Male,9.57,98.6,0,67.7,45.4,44.1,84.1,3,3,0,0,2,2,0,959,5,51.5,75.5,56.4,58.9,60.1,,72.9,Software Development,1
STU103142,25,Female,7.29,88.3,1,72.8,53.3,46.3,49.4,2,1,1,4.6,4,1,0,890,1,66.5,56.5,62.2,45,48.5,58.7,66.2,AI/ML,1
STU106107,21,Male,9.1,94.4,0,58.8,76,71,,5,2,2,4.8,0,3,0,313,6,44,59.9,85.5,87.1,51.7,32.4,81.8,Data Science,0
STU109854,22,Male,5.49,70.4,0,34.5,44.6,54.2,57.9,1,1,2,5.6,1,1,0,697,1,78,68.4,,56.6,62.6,25.7,87.6,Data Science,0
STU100690,21,Male,8.6,89.3,2,68.7,61.3,46.5,55.8,2,0,1,4,1,0,0,778,3,50.5,52.7,74.3,55.9,41.5,7.6,74.3,Cloud Computing,0
STU103324,23,Other,8.36,79.4,1,84.1,48.1,65.7,48.1,3,1,0,0,5,0,0,966,2,70.8,74.8,74.7,37.8,80,30.1,78.6,Data Science,0
STU109164,21,Male,6.58,79.2,3,26.8,53.5,58.8,39.2,2,1,2,8.7,2,0,0,414,2,64.9,67.2,,39.2,72.4,31.6,67.5,Business Analytics,1
STU108279,22,Other,7.69,96.6,1,74.9,36.8,87.4,36.8,1,0,2,9.7,0,1,0,1207,3,51.2,46.5,83.1,38.3,46.9,57,76,Cloud Computing,0
STU100248,24,Male,8,,0,61.4,36.1,52.9,33.1,3,1,1,4.5,1,1,0,772,4,64.2,58.9,60.3,78.2,71.8,44.5,72.9,AI/ML,0
STU108455,21,Male,9.68,75.8,0,74.8,82.2,52.4,93.6,3,1,0,1.8,2,0,0,753,2,66,61.5,69.8,70.4,22.8,13,80.1,Business Analytics,1
STU105739,20,Female,7.87,90.5,0,77.7,79,49.5,64.7,2,0,0,0,4,2,0,1071,5,49.1,56.4,47.5,65.5,78.1,32.2,61,Data Science,1
STU102486,22,Male,7.46,77.6,1,45.2,48,52,60.7,3,2,2,12,2,2,0,804,3,66.9,52.4,54.7,54.2,45.9,,78.1,AI/ML,1
STU100054,21,Female,8.13,83.2,1,61,59.5,59,33.8,4,3,3,10.5,1,0,0,807,3,66.1,72,55.7,62.4,51.9,73.6,60.6,AI/ML,0
STU102774,22,Male,7.36,78.8,1,38.4,56,57.3,49,4,0,1,3.3,1,2,0,940,4,57.8,54.6,64.4,73.6,82.7,98.5,70.7,AI/ML,0
STU108613,21,Female,6.5,77.6,1,62.2,51.6,71.4,26.4,2,0,0,0.5,2,4,0,762,3,79,75.6,69.2,47.6,40,40,71.5,Software Development,0
STU105676,21,Male,8.17,,1,31.2,70.1,,66.9,2,1,0,1.4,1,3,0,808,2,54.9,59.8,70.8,77.1,44.8,113,65.2,Data Science,0
STU103318,21,Female,7.69,81.4,0,48.4,58.8,60.4,61.2,2,0,2,6.7,2,1,0,465,1,68.8,47.5,81.9,59.8,82.6,46.3,74.8,Cloud Computing,1
STU109203,21,Female,8.08,80.6,2,41.5,69.4,57.3,38.9,2,0,0,2,4,2,0,493,2,71.7,58.9,69.5,64.4,50.1,37.3,69.6,Business Analytics,1
STU107260,21,Male,7.62,64.9,0,51.1,79.4,41.5,46.4,4,0,0,0,3,1,0,253,4,79.7,81.9,55.9,59.1,67.7,75.3,65,Software Development,0
STU109530,20,Female,7.44,91,1,59.2,57.7,64.6,57.8,1,1,0,0,4,0,0,469,0,55.9,67.4,80.4,71.8,71.1,37.5,84.8,Software Development,0
STU104623,22,Male,7.82,84.5,0,51.7,76.4,57.7,46,2,1,1,3,1,1,0,698,1,62.5,53.7,61.7,53.9,57.6,180,70,Software Development,0
STU103472,21,Female,7.57,87.3,0,50.7,,55.3,54.5,3,1,0,0,1,6,1,467,2,59.1,69.8,69.6,63.5,87.4,36.7,81.5,AI/ML,0
STU103384,21,Other,9.04,91.7,0,69.3,64.2,46.8,61.7,6,3,1,3.2,0,0,0,752,6,72.8,100,55.2,18.9,55.8,132.5,77.3,Cloud Computing,0
STU102146,21,Male,7.53,94.9,2,47.9,66.6,64.1,51.2,2,1,1,3.8,1,0,0,775,2,60.5,57.1,64.8,70.6,68.1,60.7,83,Cyber Security,0
STU100270,22,Male,8.55,89.7,0,73.7,51.6,48.9,55.6,2,0,2,10,2,5,0,1168,2,56.6,39.5,70.5,61.9,66.3,25.4,54.4,Software Development,0
STU108350,20,Other,7.44,67.6,3,78.4,49.7,40,38.6,1,1,0,0,3,3,0,1302,3,69.7,57.2,61.3,67.1,57.2,61.5,61.3,Business Analytics,0
STU101741,21,Male,7.49,81.6,0,57.4,29.6,36.5,61.4,2,1,1,2.1,0,0,0,710,4,59.9,63.9,74.6,65.3,35.5,46.9,65.9,Software Development,0
STU107508,21,Female,7.17,82.8,2,37.1,60,63.2,49.7,1,1,0,0,1,1,0,551,0,69,59.2,58.5,47.9,86.8,32.9,58.1,AI/ML,0
STU100337,21,Male,7.56,76.1,0,40.8,61.3,98,64.1,4,0,0,1.6,6,3,0,534,3,78.2,68.6,72.9,58.7,46.2,117.1,72.5,AI/ML,0
STU107199,21,Male,8.27,85.4,1,76,59.8,60.7,54,3,1,1,3.8,3,1,0,562,3,61.8,60.9,79.4,33.8,70.5,28.2,64.9,Cloud Computing,0
STU109504,24,Female,9.72,72.3,0,78.5,70.6,43.9,85,2,0,3,11,0,2,0,1110,3,58.5,44.7,71.2,27.4,39,13.2,78.2,Data Science,1
STU102462,20,Female,6.01,78,1,44.2,49.5,42,,0,0,0,0,2,3,0,1049,0,74.6,55.4,70.9,36.1,54.9,39.9,61.6,Business Analytics,0
STU101074,20,Female,7.57,78.7,0,38.2,53.9,84.3,44.4,1,0,1,5.3,3,0,0,469,0,49.2,59.6,81.1,54.3,99.9,64.6,95.4,Cloud Computing,1
STU107316,22,Male,7.2,70.2,0,34.2,49.2,77.6,43.4,2,0,3,7.8,1,0,0,623,3,51.8,51,55.9,51.6,70,102.4,87.1,AI/ML,0
STU108556,21,Female,7.92,73.3,1,37.2,42.7,84.1,46.1,2,1,0,0,4,0,0,730,2,47.5,54.1,73.7,49,66.7,,79.3,Cloud Computing,0
STU107070,22,Male,7.75,75.4,0,21.8,49.8,74.2,49.9,4,2,2,6.6,1,1,0,479,6,87.7,78.1,85.9,59.5,66.6,18.9,64.6,Data Science,1
STU105890,21,Male,8.09,99.2,1,57.9,37.4,68.5,,0,0,1,,1,1,0,688,0,70.7,39.9,75.2,72.1,89.7,34.6,78.6,AI/ML,0
STU103363,22,Male,7.27,95.8,0,56.3,36.5,62.7,43.4,3,2,0,1.3,4,1,0,805,4,68.9,65.7,75,45.8,95.2,22.7,80.7,AI/ML,1
STU104921,21,Male,8.39,82.9,0,60.3,60.4,68.9,66.7,2,0,1,4.5,1,1,0,622,2,47.2,69.1,89.2,41.1,68.6,35.5,68.3,Software Development,0
STU106865,21,Female,8.26,78.3,2,69.8,68.2,56.7,50.3,2,2,2,9.5,3,0,0,517,4,53.5,64.4,81.1,48.1,56.5,47.4,60.6,Software Development,0
STU101620,21,Female,7.28,77.2,1,56.6,57.3,70,63.9,3,1,1,4.7,4,1,1,179,5,60.3,83.3,70.5,35.5,36.6,40,86.2,Business Analytics,0
STU104284,21,Male,6.04,76.6,0,55.9,43.5,48.3,48,3,2,0,0.7,6,2,1,675,4,66.7,67.7,,78.6,56.1,34.4,61.9,Data Science,0
STU105948,21,Female,8.62,,3,51.7,45.6,51.5,67.7,7,1,0,0.8,1,3,1,877,7,61.9,61.6,79.7,55.6,39.2,58.3,65.6,Software Development,0
STU107759,21,Female,7.72,69.9,3,39.1,80.3,38.2,65.8,3,1,1,6,3,1,0,628,6,55.9,62.2,69.3,32.4,60.7,66.8,76.3,Cyber Security,0
STU105302,21,Male,6.89,71,1,56.5,64.7,49.1,53.5,5,2,1,3.5,0,3,0,1016,5,49.8,65.1,83.2,47.3,88.8,80.2,,Software Development,0
STU104238,22,Male,7.84,97.8,0,42.9,44.5,62.4,51.6,4,2,2,6.4,1,0,0,897,5,52.6,,74.9,58,72.2,135.3,72.4,Business Analytics,0
STU104464,21,Female,8.79,73,1,74.2,56.8,64.6,64.4,2,1,3,14.5,5,0,0,729,1,63.9,59.4,67.4,60.9,29.6,83.5,49.2,Cloud Computing,0
STU104555,24,Male,8.28,85.7,1,52.2,41.3,57.4,38.6,1,1,2,6.5,1,0,0,959,0,51.6,58.8,69.4,57.3,74.3,45.9,56.6,Cloud Computing,0
STU102482,21,Male,8.12,80,1,69.2,64.5,69.2,72.8,4,0,2,11.2,2,4,0,850,3,56.9,47.4,69.4,83.4,85.4,135.9,70.6,Business Analytics,0
STU102840,22,Male,7.74,76.9,1,48.2,51.1,34.6,41.1,2,0,2,11.9,2,1,0,791,3,68.8,62,66.9,56.2,43.5,170.6,68.1,Cyber Security,0
STU104737,21,Female,8.45,96.2,0,48,58.2,60.2,51.7,3,3,3,15.5,2,0,0,801,3,74.9,66.5,73.9,51.8,42.5,31.4,62.7,Software Development,1
STU102979,21,Male,8.62,75.2,1,62,75.3,67.3,65.2,2,1,2,8.8,3,1,0,861,5,64.8,48.3,61.4,55.3,66.7,75.3,81.4,Software Development,0
STU105106,21,Male,7.16,98.1,0,39.7,63.4,92.2,42.9,5,3,1,2.4,5,1,0,431,5,73.1,76.6,70.3,41.6,54.2,124,79.5,AI/ML,0
STU105933,21,Male,7.25,73,1,33.8,52.7,59.7,68.5,4,2,2,4.1,1,0,0,455,5,83.8,68.7,76.2,28.4,44.4,37.2,84.1,Software Development,0
STU109047,23,Male,7.04,87.2,1,37.5,45,55.8,58.5,6,0,0,1.7,2,1,0,887,6,59.6,78.3,66.5,77.2,40.3,70.4,76.2,Software Development,0
STU101412,24,Male,8.92,66.9,0,56.9,66.4,56.1,81.9,0,0,0,0,0,2,0,440,1,46.9,68.8,62.3,65.9,81.2,41.4,74.8,Cyber Security,0
STU108183,22,Male,7.84,73,0,50.7,64.8,78.7,63.1,1,0,0,0,1,2,0,1096,1,56.4,53,75,39,49.7,51.4,98.5,AI/ML,0
STU101626,23,Male,6.59,73,1,44.3,42.4,40,46.4,4,2,1,5.6,1,0,0,895,3,50.9,55.7,54.7,40.7,65.8,126.1,69,Data Science,0
STU102404,21,Female,6.59,,2,50.1,38.6,50.2,37.6,0,0,1,3.5,1,1,0,914,0,58.9,49.3,69.2,54.1,32.9,37.7,67.2,Data Science,1
STU109419,22,Male,7.5,94.4,0,76.2,45.5,72.5,63.2,0,0,0,0,3,1,0,641,2,46,60.6,69.3,34.9,85.5,151,73.7,Data Science,0
STU100704,22,Male,7.84,82.3,0,45,63.8,61.3,51.3,2,0,0,0,2,0,0,668,4,54.2,57.6,60.6,49.7,57.1,15.6,64.9,AI/ML,0
STU107242,21,Female,8.99,78.7,0,53.2,67.3,65.4,73.3,1,0,1,6,2,3,0,682,2,62.6,54.2,79.2,48.2,80.6,111.2,,Business Analytics,0
STU105752,22,Male,7.9,75.3,0,47,67.8,54.6,78.2,3,1,1,1.6,1,3,0,694,3,50.5,61.4,96.9,36.6,48.1,176.8,80.4,Data Science,0
STU104225,21,Male,7.26,81.8,0,51.4,32.4,62.4,73,0,0,0,0,3,1,0,590,2,67.3,36.9,63.7,64,54.1,28.5,81.6,Software Development,1
STU106088,22,Female,9.11,73.5,0,71,61.7,,61,4,2,0,2,3,2,0,590,6,51,68.9,67.9,57.1,52.9,65.6,85.6,AI/ML,0
STU108408,20,Male,8.2,86.7,0,69.3,61.7,77.5,61.4,3,0,0,0.7,0,1,0,1051,4,61.8,58.7,62.9,43.8,51.6,46.5,72.8,Cloud Computing,0
STU109720,22,Other,9.4,77.6,0,71.8,53.1,54.7,86.9,2,1,0,0.4,3,2,0,806,2,58,63.2,54.4,42.4,72.7,28.7,87.1,Data Science,0
STU104697,22,Male,9.27,75.7,1,73.8,91.3,94.5,85.7,6,2,1,5.3,5,1,0,935,7,65.2,77.4,70.5,85.4,76.1,78.1,100,Software Development,0
STU109502,21,Male,8.12,87.5,0,60.5,62.7,46.4,48.1,3,2,1,3.8,0,2,2,753,2,66.6,55.6,64.7,29.9,78,89,49.8,Cyber Security,0
STU103254,23,Male,7.96,99.6,0,63.2,59.3,57.1,61.7,3,1,1,2.3,3,0,0,666,2,49.1,73.4,70.8,55.5,47.4,150.1,79.1,Cloud Computing,0
STU104211,22,Male,7.54,90.2,1,55.1,47.8,52.2,49.6,4,2,1,3.2,2,3,0,1169,5,53.5,71.5,68.8,50.5,30.5,43.9,64.9,Software Development,0
STU108567,22,Male,6.95,68.9,1,58.9,47,50,55,2,1,0,2.1,5,3,0,1020,1,64.4,66.4,52.8,77,58.5,45.7,79.8,Business Analytics,0
STU104405,22,Male,8.62,83.2,0,71.6,64.3,42.9,47.3,3,1,0,1.2,1,0,0,823,7,64.3,52,83.4,70.3,78.5,72.1,79.3,AI/ML,1
STU103322,21,Male,7.27,87,0,73.3,,81.6,41,3,2,2,9,3,2,0,810,5,65.3,57.9,78,71.2,78.4,23.7,,Software Development,0
STU101993,22,Male,7.45,85.7,0,52.2,39.7,50.8,42.6,3,1,1,4.7,1,1,0,498,2,31.7,57.8,71.7,64.1,44.5,61.6,57.5,Cyber Security,0
STU103038,22,Female,5.66,86.9,2,55.8,46.1,68.3,90.7,1,0,0,0,3,0,0,600,0,59,67,80.3,54.7,17.7,49.9,93.9,AI/ML,0
STU100528,22,Female,7.67,84.3,0,39.7,57.8,67.4,50.1,0,0,2,9.2,1,0,0,850,2,72.2,59.4,80.4,42.8,48.8,53.3,75.3,Software Development,0
STU101835,22,Male,7.1,79,0,48.5,80.3,60.5,75.8,3,1,3,7.1,2,0,0,828,2,74.9,58,70.6,16.1,56.5,28.7,71.9,Business Analytics,0
STU100086,22,Male,6.17,76.8,0,42.2,56.2,63.2,49.1,0,0,3,14.6,2,2,0,600,0,84.4,61.3,60.8,45.7,30,23.6,86,AI/ML,0
STU101630,23,Female,8.27,79.3,1,36.9,68.1,53.5,71,7,1,0,0.9,3,2,0,855,7,53.2,68.1,79.3,64.5,76.9,71.1,59.2,Software Development,0
STU104975,21,Male,8.69,74.7,1,62,73.7,54.8,56,4,1,4,23.1,3,1,0,923,4,74.6,66.8,58.7,38.9,75.2,47.3,69.7,AI/ML,1
STU103697,21,Female,7.33,88.2,1,79.1,52,68.1,41.5,2,1,1,4.1,5,1,0,731,2,56.4,56.5,83.6,56.2,61.7,43.3,73,AI/ML,0
STU106261,21,Male,7.02,76.8,0,49.2,55.3,39.4,45.1,5,2,1,5.6,1,1,0,833,5,76.4,86.6,68,75.7,84.3,51.8,67.3,Software Development,1
STU105069,21,Female,8.86,91.4,0,63.5,74.4,45.5,50.2,7,3,1,4.2,0,0,0,926,8,57,83.9,63.7,51.6,67,41.3,64.6,Cloud Computing,0
STU101539,21,Male,9.25,79.1,1,75.5,61.5,30.2,93.2,2,1,2,7.5,1,1,0,1248,2,90,42.6,61.2,62,36.3,69.3,80.3,Data Science,0
STU100474,22,Male,7.35,84.9,1,54.7,39.1,49.1,41.4,2,0,3,15.6,1,1,0,783,2,70.4,66,76.5,70.9,77.8,28.7,58.6,Cyber Security,0
STU100138,23,Male,8.81,81.7,0,100,41.5,28.3,60.1,2,0,1,3.6,4,2,0,918,4,52.5,63.1,61.5,36.3,41.5,35.9,65.8,Software Development,0
STU108564,22,Male,8.48,79.6,1,72.7,78,32.4,74.2,2,0,1,5.8,4,2,0,647,3,87.9,51.1,45.2,56.9,89.2,39.9,76.1,Software Development,0
STU106969,24,Female,9.18,83.8,3,77.3,55,90,64.3,2,2,0,0.2,0,3,0,1173,1,42.6,59.7,80.4,52.2,79.3,128.4,86.9,Software Development,0
STU101718,21,Male,7.23,75.3,1,31.6,46.2,62.2,49.8,1,1,3,14.6,2,0,0,636,3,74.8,51.4,62.4,61.6,65.1,119.8,72.1,AI/ML,0
STU105522,22,Male,7.58,82.8,0,29.4,44.9,46.2,63.3,5,2,2,7.3,1,1,0,666,5,54.8,60.1,54.4,51.6,42.7,72.9,77,Cyber Security,0
STU103839,21,Male,5.65,74.9,2,37,34.6,39.9,38.9,2,1,1,6,2,1,0,381,4,,60.7,81.5,40.2,47.3,104.7,62.6,Data Science,0
STU109563,23,Female,7.09,80.4,1,43.6,42.1,,39,1,0,1,2.5,2,2,0,891,0,59.7,48.5,65.5,64.9,69.3,61.1,39.7,Data Science,0
STU102567,22,Female,7.2,75.5,0,58,45.6,68.5,59.6,2,0,0,1.6,4,1,0,415,1,61.8,63.7,83.7,59.2,54.4,60.2,73.6,Business Analytics,0
STU100075,22,Female,7.27,77.9,2,58.2,28.7,65.9,38.1,1,1,1,4.9,0,0,0,694,0,70.3,51.4,76.4,43,48.5,43,78.8,Data Science,0
STU108748,22,Male,6.42,92.5,0,43,50.1,44,45.1,1,0,0,0,4,0,0,915,0,71,45.1,73.2,25.3,60.2,94.6,73.7,Software Development,0
STU102126,22,Other,7.7,84.3,1,45.9,56.3,62.2,63.7,1,1,0,0.7,5,1,0,295,1,,46.9,52.9,26.1,68.2,27.1,82.7,Cyber Security,0
STU103752,21,Male,7.99,82.3,0,52.8,59.8,81.6,61,2,0,0,0.9,0,0,0,1004,2,42.2,85.2,79.3,33.7,32.1,28.1,57.2,Data Science,0
STU101734,20,Male,8.61,88.7,0,57.6,61.7,42.7,83.4,2,0,1,0,2,2,0,881,2,64.7,59.7,61.9,58.9,63.3,11.4,76.5,Software Development,1
STU101579,19,Female,7.59,73,2,80.9,72,52.1,57,4,1,0,0.2,4,2,1,986,4,77.7,76,51.3,76.5,29.5,38.7,73.4,Business Analytics,1
STU105867,21,Female,7.68,91.8,1,75.2,69.8,58.2,50.7,1,1,3,13.1,2,2,0,979,0,79.3,55.3,74.6,45,71.1,,63.9,Software Development,1
STU105022,23,Male,7.16,93.8,0,58.1,61.6,55.3,,4,1,1,2.3,3,1,0,787,4,61.2,78,65.7,58.5,59.4,123.1,80.3,AI/ML,0
STU101908,22,Female,7.69,79.1,1,31.6,70.9,75.9,40.4,0,0,2,8.4,4,0,0,485,0,74.8,47.3,81.3,55.8,52.7,32,87.5,Software Development,1
STU100660,21,Male,6.85,77.7,1,55,60.6,49.1,36.7,1,0,1,6.5,1,2,0,697,3,52.6,48.7,73.8,67.2,88.4,44.8,71.3,Data Science,0
STU106467,22,Male,7.96,78.4,1,55.6,80.9,52.6,67,0,0,1,1.2,3,1,1,1029,0,60.6,52.4,71,58.1,56.9,36.5,70.7,Data Science,1
STU104294,23,Female,7.47,72.2,1,36.5,39.8,43.7,52.3,2,0,1,4.7,3,0,0,360,4,57,,72.5,62.2,70.2,28.7,70.1,AI/ML,0
STU109131,22,Male,8.07,83.9,0,45.7,81.4,60.3,45.1,1,0,1,2.6,4,2,0,340,1,39,67.2,80.7,49.3,58.2,45.1,52,Cyber Security,0
STU101870,22,Male,6.89,70.8,1,68.5,49.1,54.5,39.3,4,1,1,3,3,0,0,730,3,60,68,84.7,53.9,36.2,47.1,80.3,Software Development,0
STU108441,21,Female,7.97,,0,54.3,55.5,48.2,53.8,3,0,1,3.6,2,2,0,684,2,51.7,68.8,77.2,50,56.2,57.6,54,Data Science,0
STU105238,22,Male,7.98,89.2,0,63.3,75.5,,52.3,1,0,0,0,2,2,0,669,0,62,50.6,79.5,37.5,52.5,53.2,70.6,Data Science,1
STU101077,23,Male,6.89,72.3,0,44.5,30,63,68.9,4,1,2,5.5,3,1,1,704,4,68,64.8,66.7,49.2,59.9,55.2,85.3,AI/ML,0
STU108586,23,Female,7.71,71.7,1,32.4,56.6,41.8,32.6,0,0,0,0,1,1,0,406,0,68.6,58,72.3,40.2,83.2,62.9,72.7,Business Analytics,0
STU108665,22,Other,7.96,82,0,63.6,55.9,63.6,49.2,2,2,2,6.8,3,3,1,1068,2,67.4,49.9,56.6,43.8,52.8,65.8,86.9,Software Development,0
STU107565,21,Male,8.27,82.7,0,68.2,77.2,60.7,64.2,1,0,2,6.8,1,1,0,549,0,65.8,60,74.4,40.2,63.5,37.7,74.5,Business Analytics,0
STU105101,21,Male,7.44,68.6,0,73.4,59.3,64,25.2,2,1,3,10.8,2,1,0,553,2,63.7,66.1,77.7,50.3,88.3,67.8,69.1,Data Science,0
STU102447,21,Female,6.22,72.2,1,34.2,40.8,58.5,47.2,4,3,2,8.2,2,0,0,805,5,,70.6,81.3,75.2,71.7,56.8,71.2,Software Development,0
STU101137,22,Male,7.55,85.6,0,50.5,48.4,47.6,69.7,2,2,2,11.8,2,0,0,692,1,68.7,53,74.3,62.1,84.2,33.5,81.3,Data Science,0
STU106975,23,Female,6.96,83.6,1,53,72.2,56.3,18.1,2,1,3,11.7,2,3,0,605,2,78,50.9,67.8,54.8,45.2,70,55.3,Data Science,1
STU100831,22,Male,8.76,89.3,0,74.9,82.4,54.2,90.8,6,1,1,2.7,2,0,0,777,5,67.7,71.2,80.9,65.1,59.6,99.5,77.2,Data Science,0
STU102378,21,Male,6.82,64.2,0,36.5,41.1,38.1,63.6,5,2,0,1,2,3,1,780,5,71.6,63.4,53.1,73.8,71.8,65.2,86.9,Cyber Security,1
STU100178,22,Male,8.06,91.7,0,70.1,77.7,42.9,55.1,2,0,0,0,1,0,0,1400,3,62.7,52.9,85.6,52.6,52.2,27.1,67.5,Software Development,0
STU108149,22,Male,5.55,68.7,0,31,41.2,79.1,48.3,3,1,0,0.4,1,0,0,497,5,55.6,52.2,79.4,49.3,54.9,30.8,74.3,Cyber Security,0
STU103997,23,Female,6.85,85.5,1,61.7,29,71.8,74.7,2,0,0,0,1,0,0,568,1,31,67.8,83.6,55.8,60.9,75.8,94.7,Software Development,1
STU108760,21,Female,6.44,83.3,0,55.9,64.2,35,40.7,1,0,1,2,3,0,0,713,1,69.1,65.7,65.7,52.9,66.5,64.1,,Cyber Security,0
STU107196,23,Male,8.39,86,1,43.2,60.9,56.1,52.4,2,0,2,6,1,4,0,465,1,73.7,63,71.5,33.7,66.3,54.2,63.8,Cloud Computing,0
STU104836,21,Male,8.72,89.1,0,90.6,85.6,88.4,68.6,2,1,0,1.6,4,2,0,746,2,69.4,60,70.5,63.6,76.8,42.3,67.9,AI/ML,0
STU104632,20,Male,7.91,82.1,0,45.6,60.8,44.6,57.2,3,0,1,3.8,1,1,0,466,3,52.6,50.2,65.9,49.8,53.5,145.6,70.7,Cloud Computing,0
STU102067,23,Male,7.87,,3,46.9,39.7,64.5,35.2,2,1,2,5.6,4,1,0,998,5,58.8,52.5,85.4,56.1,32.8,54.3,70.3,AI/ML,0
STU101703,22,Female,7.41,78.3,0,49,43.3,32.9,57.7,1,0,0,0,1,1,0,271,0,48.3,49.9,60.5,26,62.6,38,65.8,Data Science,0
STU104620,22,Male,5.73,69.9,0,25.6,17.7,61.5,58.7,2,1,1,1,2,1,0,580,3,59.9,72.7,75.3,74.1,38,77,76.2,Software Development,0
STU105497,21,Male,6.35,85.4,1,34.3,62,60.9,52.5,4,2,1,3,2,2,0,919,4,55.2,55.5,87.6,66.9,65.6,77.6,49.9,Cloud Computing,0
STU108936,23,Male,8.14,73.8,0,65.1,30,48.6,40.5,2,0,0,0,3,0,0,464,2,61.6,68.4,63.8,34.6,49.7,91.5,70.9,Data Science,0
STU109779,20,Male,7.29,79.1,0,53.4,52.6,70.3,60.7,1,0,0,0,0,4,0,766,0,44.8,68.6,75.8,67.4,35.8,107.6,96.5,AI/ML,0
STU103772,20,Female,6.94,75.7,0,36.4,87.7,50.7,72.8,5,3,0,3.3,1,2,0,977,5,60.8,77.2,70.4,69.2,78.3,120.5,76.4,AI/ML,0
STU104750,20,Female,7.32,68.1,0,43.2,76,63.8,56.8,1,0,1,4.2,1,1,0,945,4,63.1,52.1,62.3,42.1,80.5,40.5,90.7,AI/ML,1
STU105821,21,Male,7.64,71.7,1,45.4,43,39.9,57.2,4,1,2,10,0,2,1,304,4,57.2,58,70.7,80.3,61.8,26.4,75.6,Data Science,0
STU100664,21,Female,6.94,62.4,0,38.9,53.2,54.4,50.1,2,0,3,16.2,0,1,0,714,1,79.4,52.5,62.3,60.2,29.9,69.7,63.1,Software Development,0
STU100144,22,Male,8.44,,1,41.1,54.7,21.4,42.4,3,0,1,5.5,3,0,0,799,2,78.1,63.3,68.2,57.3,66.1,45.5,67,Data Science,0
STU101773,20,Male,6.63,72.8,0,31,25.4,50.2,30.4,7,0,0,0,6,1,0,593,6,65.2,80.1,57.1,16.1,70,36.8,62.5,Data Science,0
STU105998,23,Female,6.64,75.6,1,37.8,32.3,79.2,42.9,5,1,2,6.9,2,3,2,695,6,48.1,81.3,80.7,26.2,63.2,13.5,70.2,Cloud Computing,1
STU101040,22,Male,7.21,88.8,0,55.1,49.8,99.9,57,2,2,1,6,2,3,0,427,1,56.4,65.3,73,41.1,47.3,33.5,94.6,Software Development,0
STU108461,21,Male,5.95,88.9,1,19.3,31.9,49,53.3,0,0,2,8.2,2,1,0,540,0,69.7,56.8,58,45.7,39.9,87.4,61.3,Data Science,0
STU106523,23,Male,9.38,100,0,53,70.6,43,79.2,3,1,0,2.1,1,0,0,859,4,43.2,51,65.2,78.7,93.8,55,80.1,Business Analytics,0
STU106415,20,Female,8.15,95.3,1,50.5,62.5,64.5,41.4,1,0,0,0,2,1,0,799,2,78.5,50.8,81.2,65.1,74,74.3,57.9,Software Development,1
STU108184,22,Female,6.7,91.2,0,45.3,68.8,84.8,38.4,2,0,1,4,1,2,1,360,4,53.6,43.4,79.1,47.9,92.3,36.8,64.8,AI/ML,0
STU103759,22,Male,9.16,71.9,0,85.8,67.4,56.5,72.7,1,0,2,10.5,1,3,0,1020,1,62.4,58,76.6,50.9,49.8,117.5,66.6,AI/ML,0
STU104501,20,Female,8.92,79.7,0,52.9,55.8,53.7,69,3,0,1,6.8,2,1,0,908,3,59.2,36.4,71.2,35.1,72.2,49.4,79.7,Business Analytics,0
STU108112,23,Male,8.55,74.7,1,80.8,49.7,45.7,52.4,1,1,1,1.8,3,0,0,836,1,71.9,57.9,74.3,67.5,55.4,65.2,67,Software Development,1
STU100162,21,Male,9.11,70,1,57.6,43.6,54.5,70.9,1,0,1,6.5,1,1,0,588,1,76.7,44.8,81.7,57.8,51.8,49.7,,Data Science,1
STU107928,21,Female,6.85,74.3,0,53.9,52.6,40.5,32.5,3,2,0,0,0,2,0,674,3,47.4,67.4,,43.6,55.5,20,78.6,Data Science,0
STU105685,21,Male,8.88,87.1,1,48.8,62.8,,69.3,2,1,2,9.9,3,0,0,746,3,85.8,67.2,89.6,51.6,38.7,40.7,84.1,Software Development,0
STU103069,24,Female,8.02,75.4,1,50.3,58.9,56.8,53.5,4,2,1,3.1,1,0,0,793,4,61.2,55.8,81.3,61.6,55.8,54,60.6,AI/ML,0
STU103998,21,Male,6.84,90.4,1,39.2,69.8,46.2,43.9,3,1,0,0,2,0,0,1124,2,61.4,,71.6,47,68.7,19.1,69.6,Cloud Computing,0
STU106770,20,Female,5.82,77.1,0,48,78.9,66.7,26.2,2,2,0,0,5,1,0,660,3,69.8,88.2,74.6,43.7,76.9,91.6,64,Business Analytics,1
STU102790,21,Male,8.16,82.8,2,65.1,43.5,69.5,65.4,6,1,0,0,2,1,0,1156,8,54.8,88.3,96.2,58.5,55.3,36.9,82.6,Business Analytics,0
STU106402,21,Male,7.79,89.6,1,52.5,44.5,43.2,40.1,2,1,0,1.2,0,2,0,837,2,,52.6,64.4,67.3,45,22.6,76.9,AI/ML,0
STU104432,20,Male,7.84,98.2,0,52.9,55.5,87.9,72.6,4,1,0,0,2,1,0,1301,4,67.3,72.4,69.9,57.1,58.6,34.6,90.9,Software Development,0
STU108611,24,Male,8.43,87.4,0,59.9,75,59.8,57.8,1,0,0,0,1,1,1,688,0,73.3,46.7,75.5,46.2,60.6,78.6,84.8,Business Analytics,0
STU104622,22,Male,6.84,81.5,0,25.9,41,78.3,35.4,7,3,2,11.2,1,4,0,549,6,61,79.7,69.5,60.7,76.5,22.6,70,Cloud Computing,1
STU103293,21,Female,8.48,77.7,1,76.4,49.8,42.3,45.4,2,1,0,0,2,1,0,920,1,50.4,50.1,64.4,54,10,15.6,71.1,Software Development,0
STU109254,22,Female,6.8,62.7,2,34.1,56,64.7,26.9,1,0,1,4.6,1,0,0,448,4,60.4,45.8,74.1,58.9,29.8,140.8,72.9,Data Science,0
STU107817,22,Female,7.2,85.7,0,21.1,66.2,71.2,65,3,2,2,10.2,2,2,1,682,3,74.1,79,71.1,41.4,75.2,25.2,93.9,AI/ML,0
STU109703,22,Male,8.02,78,0,50.6,58.6,44.2,62.4,3,2,2,7.2,2,3,0,753,3,65.2,67.8,56.3,56.1,71.7,39,76.1,AI/ML,1
STU102321,22,Female,7.59,80.5,0,,54.9,66.1,50.4,2,0,1,5.6,2,1,0,718,2,72.2,51.4,76.6,73.9,64.7,48.5,86.1,Cyber Security,0
STU107188,22,Female,6.62,83.9,0,53.8,,64.2,73.6,1,1,0,0,2,2,0,747,0,67.5,53,69.1,47.5,56.4,70.7,89.2,Business Analytics,1
STU101696,22,Female,6.49,94.1,0,46.8,52.1,67.5,32.2,2,1,0,0,0,1,1,692,2,59.6,69.2,86.8,18.4,37.3,51.8,67.7,Software Development,1
STU104803,22,Female,8.09,83.2,0,32.7,71.2,65.9,47.7,4,3,0,0.9,2,1,0,477,3,49.4,59.3,71,32.6,39.4,16.5,74.7,Software Development,0
STU100507,24,Female,9.25,74.7,1,61.8,70.4,50.8,41.9,3,0,0,0,3,2,0,761,2,71.7,75,78.4,54.1,46.1,32.8,72.2,Cloud Computing,0
STU107997,24,Male,7,81.1,0,64.3,83,53.7,41.6,3,1,1,4.1,4,1,0,754,2,72.4,80.5,68,54.4,66.9,36.2,72.3,Software Development,1
STU102724,22,Male,8.01,93.1,0,45.7,63.6,74.4,48.7,4,0,0,0,2,2,0,948,4,,51.7,89.3,62,44.2,80.8,66.5,Business Analytics,0
STU101417,24,Male,9.07,94.8,1,82.1,49,38.3,44.4,5,4,2,10.3,2,5,0,1010,4,,68.5,58.8,73.3,62.1,91.4,73,Data Science,0
STU109386,22,Female,7.64,95.4,1,66.6,55.8,51.3,40.3,7,1,0,1,2,1,0,1158,7,50.4,72.5,75.6,55.5,38.8,80.9,84.6,AI/ML,0
STU109891,22,Female,7.57,90.5,0,28.3,72,59,67.8,2,1,0,0,3,1,0,630,1,75,76.3,63.5,66.9,69.1,56.7,83.3,Cloud Computing,0
STU103410,22,Male,7.68,89.4,0,42.5,44.6,56,45.5,3,0,1,5.8,0,1,0,771,4,57.7,60.3,70.5,55.7,40.5,34.8,68.7,Software Development,0
STU108980,21,Male,8.22,64.1,0,38.8,52.4,21.7,74.8,4,4,2,8.1,3,0,0,508,3,72.1,69.9,55.7,39.3,66.5,49.9,75.7,Software Development,1
STU104918,22,Other,8.04,76.6,0,63.5,76.7,74.3,69.2,1,1,1,5.5,2,1,0,951,1,66.2,68.7,73.4,39.1,39.6,15.5,65.3,AI/ML,1
STU109485,21,Female,6.2,90.3,0,50.7,60.4,53.8,47.6,0,0,2,7.9,1,3,0,1386,0,70.3,60.1,81.2,55.1,45.8,30.5,78.7,Cloud Computing,0
STU109153,21,Female,7.93,82.4,0,48.9,67.1,46.8,64.5,4,2,0,1.9,1,1,0,888,3,73.5,64.2,64.7,49,50.3,73.8,59.5,Data Science,0
STU106745,22,Female,8.6,66.6,0,61.6,69.5,57.9,55.4,1,1,0,0,3,0,0,563,2,,57.7,76.3,31.2,41.1,73.8,73.9,Cyber Security,0
STU108001,22,Female,8.8,90,1,56.6,69.6,53.6,43,2,2,0,0,0,3,0,706,2,54.5,52.8,63.5,67.7,52.7,,50.8,Cloud Computing,1
STU101200,21,Female,7.83,87.6,0,60.9,54.9,82.3,35.3,1,0,1,2.6,0,3,1,1031,1,73.1,53.9,64,46.8,53.9,110.1,80.2,Data Science,0
STU101135,22,Female,8.5,89.6,0,59.7,73.4,,69,3,2,1,2.5,1,0,0,892,2,66.3,50.7,44.9,37.5,71,98.2,83.6,Cyber Security,0
STU107365,22,Male,6.48,87.5,0,49.9,70.5,38.4,23.7,1,0,2,9.9,3,0,0,804,2,64.2,65.1,70.3,44,57,23,65.1,Software Development,0
STU109975,22,Male,8.54,80.9,0,65.1,93.1,56.3,27.4,1,0,0,0.5,1,1,0,937,1,59.8,57.4,68.7,66.2,71.1,174.1,78.7,Software Development,0
STU100920,20,Female,7.32,92.5,1,37.3,71.5,71.3,69.9,5,2,2,10.9,0,1,0,563,4,59.3,69.7,72.4,48.4,41.8,22.4,64,Software Development,0
STU103185,22,Male,7.98,76.5,0,40.1,43.1,57.7,38.7,4,2,3,12,3,2,0,656,4,58,76.3,61.6,91.6,66.9,11.2,,Data Science,0
STU102116,21,Male,6.71,71.7,2,51.2,52.9,68,66.9,2,0,2,6.9,2,1,0,976,3,62.3,49.1,,57.1,50.8,22.9,84.9,Software Development,0
STU103530,22,Male,7.32,72.1,0,53.9,26,,62.1,5,1,1,4.7,2,0,0,799,4,57.5,69,88,56.6,65.5,177.1,66.1,Data Science,0
STU105791,23,Female,7.16,85.8,1,72.6,47.4,38.5,44.9,0,0,3,6.5,1,0,0,999,0,67.1,40.5,69.1,63.4,55.4,28,86.6,Software Development,1
STU100098,21,Female,7.54,84.8,1,63.1,33.2,63.1,45.3,1,0,0,0,4,4,0,740,1,84.6,72.6,77.2,67.2,87.7,137,,Cyber Security,0
STU105012,20,Female,8.53,82.7,0,70.8,70.9,45.5,89.7,6,2,2,10.8,1,2,1,949,6,,67.9,76.4,45.3,57,12.7,69.7,Data Science,1
STU105190,21,Male,8.86,100,0,93.8,54.9,34.5,53.1,3,1,1,2.1,1,2,0,753,2,59.7,54.1,60,70.2,69,24.9,74.3,Software Development,1
STU100637,21,Male,5.82,74.3,0,47.1,40.2,71.2,31.3,5,2,0,0,4,0,0,863,4,68.6,66,82.1,31.7,55,45.3,62.2,Cyber Security,0
STU100539,19,Male,7.3,93.5,1,,48,42.9,51.2,3,1,0,1.2,1,2,0,1016,3,64.7,56.5,73.5,48.4,92.2,52.6,45.7,Data Science,0
STU103984,20,Female,7.5,81.1,0,38.9,70.9,83.5,37.9,0,0,0,2.1,1,2,0,464,1,52.5,48.8,69.5,38.3,56.5,21.9,75.7,Cloud Computing,0
STU100504,20,Male,8.06,95,0,40.9,59.2,57.1,63.2,3,2,0,,1,1,0,487,6,57.8,55.2,57.5,34.3,100,47.3,69.1,Business Analytics,0
STU106764,23,Female,8.41,93.6,0,83,63.8,59.4,74.3,5,1,2,7.4,3,2,0,777,7,58.9,81.7,66.9,46.7,68.6,40.7,83.5,Cloud Computing,0
STU102172,21,Female,7.53,84.5,1,50.3,62,38.9,46.2,4,0,1,2.8,3,2,0,800,5,65.4,72.5,75.3,45.8,79.9,49.8,72.3,Software Development,0
STU106842,21,Male,6.11,72.2,0,44.3,48,43.6,45,6,3,1,6.5,5,3,0,548,5,69,83.7,70.4,43.5,49.7,14.6,73.1,Cyber Security,0
STU107468,23,Female,7.41,88.1,0,53.7,59.7,51,49,0,0,1,5,2,0,0,744,0,62.2,53.5,88,27.6,89.6,38.4,77.4,Software Development,0
STU105753,23,Female,7.63,69,1,67.5,31.9,74.6,61.8,4,1,1,2.5,6,1,0,1193,3,59,88.9,75.5,64.3,27.8,50.1,97.7,AI/ML,0
STU102456,22,Female,7.24,74.4,1,35.7,45.7,71.5,45.9,3,1,0,0,2,1,0,794,3,78.5,67,70.7,52.9,66.7,67.3,77.9,Data Science,0
STU109907,22,Male,8.04,79,1,63.3,82.8,61.6,68.1,2,0,1,5.1,2,1,0,851,3,51.4,56.7,60.8,54.8,40.6,39.8,89.1,Cyber Security,0
STU109639,20,Female,8.7,87.9,1,99.8,51.4,57.4,45.2,2,2,1,2.5,2,2,0,718,2,76.5,67.1,57.7,61,96.3,111.1,84.1,AI/ML,1
STU103084,21,Male,7.06,72.3,0,53.2,53.9,61.5,59.5,2,2,0,0,0,0,0,713,2,50.4,46.4,63.1,59.5,57.8,28.1,80.7,Cyber Security,1
STU105304,23,Male,6.58,98.8,1,39.9,47.6,50.2,53.3,1,0,0,0.6,4,0,0,1050,2,65.7,68.4,69.8,54.2,35.6,81.1,72,AI/ML,1
STU106596,21,Female,6.13,93.2,0,48,30.9,27.9,37.2,2,0,2,8.3,0,1,0,661,3,69.8,48.7,67.2,45.4,79.8,99.9,63.1,Cloud Computing,0
STU104002,23,Male,7.04,83.1,1,50.5,52.1,50.6,76.9,4,0,1,2.2,0,1,0,887,4,45.8,65.3,,60.6,41.5,53.9,79.5,Data Science,0
STU100614,22,Male,8.93,100,0,64,57.9,60.8,,4,3,0,0,2,1,0,764,5,54.9,74,69.1,58.8,36.5,47.8,84.3,Software Development,0
STU103635,22,Male,7,91.3,0,34.5,35.9,72.5,40.2,1,0,1,4.7,0,0,0,706,1,61.5,53.2,64.1,58.4,23.3,27,68.3,Data Science,0
STU102400,22,Male,9.72,87.1,1,67.4,100,73.2,62.7,3,2,2,7,3,1,0,751,2,77.5,40.5,72.6,76.3,33.8,59.8,70.5,AI/ML,0
STU102215,21,Female,8.32,68.5,1,54.1,56.2,72.8,68.9,4,1,0,0.7,3,2,0,823,5,62.8,81.7,70.8,67.4,66.4,14.7,70.6,Data Science,0
STU107916,21,Female,6.61,74.3,0,50.3,57.2,59.4,49.5,2,0,1,6.6,1,1,0,880,2,81.9,37.7,67.4,67.5,25.7,50.4,68.7,AI/ML,1
STU102324,22,Male,8.49,84.9,0,42.2,73.1,80.2,47.5,0,0,2,11.7,0,3,0,521,1,43.8,33.8,77,53,60.8,12,73.6,Data Science,0
STU108069,22,Male,8.02,77.3,0,48.9,69.6,78.3,54,3,0,2,10.2,5,0,0,698,3,88.5,83.3,78.2,38.5,71.6,14,86,Business Analytics,0
STU102368,21,Female,7.95,75.7,1,55.5,75.2,57.7,65.8,3,0,1,5.8,2,3,1,672,7,72.4,82.5,74,39.1,62.6,,56.8,Software Development,0
STU102794,21,Male,8.67,88.5,1,66.5,61.7,94.8,57.9,6,4,1,3.7,0,3,2,289,5,68.6,65.2,73.8,58.1,74.3,161.5,70.3,Data Science,0
STU100923,22,Female,7.73,69.9,1,54.4,48.9,43.1,52.4,2,0,0,0,1,0,0,506,1,57.2,58.3,68.9,53.4,50,45.6,73.8,Cyber Security,1
STU101000,23,Female,7.01,75.4,0,28.9,57.8,51.7,80.4,2,0,1,4.2,3,3,0,908,1,67.4,56.7,81.3,67,82.3,60.3,,Business Analytics,0
STU106375,21,Male,8.12,84.3,0,66.6,67.3,63.8,70.8,1,0,4,16.4,3,2,0,1347,3,76.6,41.2,80.6,91.7,78.6,36.2,93.3,AI/ML,0
STU103415,20,Male,7.96,83.5,0,40.2,71.6,,45.7,3,1,3,14.1,4,4,0,530,3,73.8,55.5,,53.8,65.4,85.5,,Data Science,0
STU104386,21,Male,8.42,87.3,2,62.4,74.3,53.1,56.2,2,0,2,5.6,2,2,0,953,3,73,61.4,78.1,64.1,66.4,50.2,69.2,Cyber Security,1
STU107476,22,Female,7.03,73.9,0,29.9,53.8,58.1,62.2,2,1,4,10.5,3,2,0,225,1,80.1,73.8,67.1,36.2,70.9,77.4,80.2,Cloud Computing,0
STU103082,20,Male,7.26,91,0,57.8,52.2,34.8,58.1,4,2,3,17,3,2,0,918,5,78,48.9,69.4,67.1,42.4,42.8,71.1,Cyber Security,0
STU102904,21,Male,7.44,75.3,0,69.8,46.5,40.7,81.5,2,0,2,7.8,1,1,0,544,2,56.3,51.7,72.8,62.9,52.5,44.6,80.4,Cloud Computing,0
STU103563,20,Male,7.6,65.2,1,48.7,50.5,57.4,54,3,2,0,1.2,1,0,0,1004,2,65,38.5,55.1,46.4,43.8,57.2,69.2,Data Science,0
STU100498,21,Male,7.68,,1,47.3,72.9,67.4,41.2,2,0,2,9,7,1,0,876,2,,74.8,59.3,63.7,60,66.3,77.2,Software Development,0
STU102151,22,Male,8.57,93.8,1,63.3,79.4,65.4,59,2,0,3,15.1,1,1,0,886,2,52.2,,68.5,44.2,57.9,28.6,77.7,AI/ML,0
STU108634,23,Female,7.4,90.5,3,64.5,50,60.2,41.2,1,1,0,0,1,3,1,326,0,56.9,71.9,,46.8,66.5,20.4,56.3,AI/ML,0
STU107732,22,Female,8.02,86.2,0,75.8,50.8,65.2,56.1,1,0,1,1.3,1,0,0,938,1,52.2,52.7,72.8,33.2,57.1,40,80.4,AI/ML,1
STU108176,20,Female,7.48,79.5,0,37.2,63.4,35.9,50.7,1,0,2,11.1,1,4,0,721,1,,50.7,93.4,43.3,69.8,32.6,66.5,Business Analytics,0
STU106020,22,Male,6.28,84,0,16.3,56.5,87.6,42.8,3,0,2,7.2,1,2,0,851,5,60.7,48.6,79.3,28.6,76.9,30.7,85.2,Business Analytics,0
STU100734,21,Female,7.89,82.9,0,55.7,56,48.7,29.9,4,2,0,0,2,2,0,1017,4,59.6,80.9,67.4,42.9,55.5,32.6,74.4,Business Analytics,0
STU108491,22,Male,8.65,78.7,1,56.1,58.2,54.9,30.6,0,0,2,10.4,1,4,1,701,1,70.1,31.4,81.4,80.3,72.5,57,64.1,Business Analytics,0
STU105677,20,Female,7.74,81.9,0,42.9,62.1,35.6,35.7,4,1,0,0,1,0,0,469,4,44.3,80,57,83.1,43.8,23.3,90.4,Data Science,0
STU107896,21,Male,8.74,82.1,0,55.7,60,51.5,61.2,1,1,0,1.5,3,0,0,769,1,55.6,58.5,65.5,45,81,47.1,91.2,Business Analytics,0
STU106273,22,Male,7.05,83.9,1,53.4,41.9,68.5,59.4,5,1,1,,6,0,0,655,4,60.9,69.4,67.1,36.3,84.1,54.6,84.6,Data Science,0
STU103455,23,Male,8.19,79.1,0,46.1,79.3,48.5,21.6,2,1,0,0,2,3,0,360,1,67.6,50.6,81.4,70.1,68.3,22.9,67,Business Analytics,0
STU107589,20,Male,5.78,71.5,0,31.3,52.6,40.6,39.8,2,1,0,0,0,4,1,957,2,51.4,53.5,53.2,66.8,86.4,43.6,78.1,Data Science,0
STU105460,23,Female,8.18,82.8,0,70.6,65,58,52.8,2,1,1,2.8,1,2,0,953,1,59.3,71.2,94.1,25,49.5,67.3,67.8,Data Science,1
STU102804,21,Female,7.75,79,2,65.8,48.9,49.9,50,2,1,0,0,1,1,0,774,3,53.4,53.8,77.8,29,41.5,24.1,62.7,Software Development,0
STU100651,24,Female,8.88,76.3,0,75.4,59.5,65.5,62.1,4,1,1,2.8,4,2,0,1027,4,46.8,80.9,90.6,77.6,69,34.4,87,AI/ML,1
STU103301,22,Male,7.12,82.5,0,44,59.1,70.2,28.3,1,0,0,0,2,1,0,775,2,53.1,64.8,79.6,54.2,75.8,68.1,77.6,Cloud Computing,0
STU104564,21,Male,7.33,99,1,52.8,60.3,46.4,67.9,3,1,1,4.8,1,1,1,526,2,61.2,58.1,70,43.1,74.3,85.6,66.1,Cloud Computing,0
STU101305,21,Female,8.79,81.5,1,62.3,44.1,71.2,44.4,3,2,1,5.6,2,0,0,472,5,61.2,54.4,81.1,48.8,59.6,71.9,69.7,Business Analytics,0
STU102098,21,Female,8.14,89.3,0,57.3,71.9,100,27.7,2,1,3,11.1,5,2,0,926,3,79.4,50.5,73.1,71,59.7,36.5,71.7,Cyber Security,0
STU103277,23,Male,7.51,80,0,,63.9,68.7,64.2,1,0,2,6.4,2,2,0,625,1,72.2,45.5,69.7,54.1,42.9,256,93.7,Cyber Security,1
STU100153,20,Female,7.5,68.4,2,50.3,57.5,59.2,57.4,6,1,1,2.1,1,2,0,292,5,59.9,70.3,74,50.1,49.5,92.2,74.8,Software Development,0
STU106743,21,Male,6.8,73.1,2,45.6,57.3,49.6,86.5,6,3,1,3.8,1,0,0,479,7,66.3,68.4,74.7,55.6,71,49.1,70.1,Software Development,0
STU102964,21,Female,7.85,77.2,1,24.3,46.6,50,50,7,6,2,3.6,1,3,0,400,7,56.9,59.2,88.3,34.5,46.8,35.5,64.9,Data Science,0
STU104641,23,Male,7.73,84.5,0,60.2,50.7,34.7,27.1,2,1,2,5.6,1,1,0,756,2,58.7,49.7,80.8,56.1,47.9,74.6,78.5,Cloud Computing,1
STU108417,23,Female,7.39,92.1,1,57.1,49.6,66.5,65.2,0,0,1,1.6,1,0,0,1228,0,63.4,51.9,80.2,53.6,52.5,52.5,91.7,Business Analytics,0
STU106752,22,Male,5.75,88.6,0,27.3,29.1,36.7,19.4,2,1,1,3.5,2,3,1,670,1,36.1,58,63.8,65.2,40.1,65,57.6,Cyber Security,0
STU107621,23,Female,7.38,80.2,1,64,40.5,87.4,61.9,4,0,0,0.5,1,2,0,1011,5,60.6,68.7,69.8,60.3,44.1,120.3,,Software Development,0
STU100515,23,Male,7.27,84.3,0,,63.8,69.8,52.2,3,1,0,0,1,1,0,796,2,61.2,62.3,73.6,40.1,71.2,52.3,62.7,Data Science,0
STU101335,22,Male,8.68,91.6,2,71.7,64.9,66.6,68.9,3,1,4,18.1,4,1,0,931,2,69,41.9,74.2,49.7,31.6,126.5,82.8,Cloud Computing,0
STU104272,21,Female,6.75,78,0,41.8,39.7,56.9,38.8,1,0,1,3.4,4,1,0,532,1,71,59.1,69.1,24.8,49.9,132.5,,Data Science,0
STU109579,21,Female,8.2,76.5,1,58.8,49.2,58.6,52.1,1,0,2,8.4,1,3,0,612,2,72.5,45.3,66.2,46.7,55.1,49.4,72,Business Analytics,0
STU106740,21,Male,6.05,81.3,1,24.5,37.6,59.1,41.8,6,4,0,2.1,3,1,0,924,6,67.9,78.9,87.7,51.1,68.3,68.4,65.3,Data Science,0
STU107356,21,Male,5.48,,0,49.5,42.1,57.8,41.7,3,0,0,1,1,4,1,680,3,45.3,67.9,59.7,29.1,53.7,11.4,68.3,Cloud Computing,0
STU107610,22,Male,6.89,70.7,0,51.1,50.8,34.2,50.7,3,2,0,1.6,4,1,0,188,2,76.9,68.4,76.6,28.5,66.1,36.4,69.5,Business Analytics,0
STU106755,22,Male,6.52,80,1,43.2,44.1,64.6,70.4,5,1,0,0.6,3,2,0,1031,4,37.3,72.1,84.7,49.2,79.7,40.4,69,Cyber Security,0
STU104724,21,Male,8.85,76.6,0,53.6,73.4,78,64.1,2,0,0,0,2,1,0,1008,2,56,66.8,72.4,50.9,26.2,82.9,81.6,Data Science,0
STU103515,22,Male,6.72,91.7,1,38.4,52.8,59.4,32.2,5,0,1,4.6,2,1,0,792,4,50.4,79.8,84.6,42.6,71.5,13.5,52.5,Software Development,1
STU107307,22,Female,8.96,74.7,0,65.2,55,61.6,39.9,4,0,0,0,1,0,0,708,3,64.5,59.2,68.9,26.4,35.4,45.5,62.1,Cyber Security,0
STU102281,23,Male,7.96,64.3,0,43.7,63,52.3,66.4,4,1,0,0,1,1,0,614,3,41.1,65.9,69.3,41.8,81.9,23.9,75.6,Cyber Security,0
STU109713,20,Female,6.44,73.3,1,52.3,29.3,68.1,38.4,3,0,0,0.6,1,1,0,505,2,57.3,59.8,73.4,49.4,30.7,95.9,84.3,Business Analytics,0
STU101322,21,Male,5.75,93,0,28.8,33.8,52.7,45.9,2,0,0,0,2,1,0,570,1,75.3,74,72.2,57,56.1,43.8,66,Business Analytics,0
STU108695,23,Female,7.6,82.8,1,45.9,40.4,69.4,62.3,2,0,0,0,5,0,0,630,4,64.3,49.2,59.3,69.7,10,19.5,79.5,AI/ML,0
STU104779,22,Female,8.02,91.7,0,70.1,68,58,60.4,1,0,1,7.6,2,3,0,757,0,67,64.5,72.3,58.8,35.1,66.9,69.3,Data Science,1
STU104324,22,Female,7.31,77.3,2,22.9,26,78.8,71.8,2,1,0,0.7,1,1,0,643,5,59.2,58,68.4,47.8,18.2,61.1,81.3,AI/ML,0
STU108450,24,Male,7.96,83.2,0,54.9,65.6,20,47.9,4,2,0,0,0,3,0,513,3,62.1,64.5,67.6,62,55.9,85.7,66.8,Data Science,0
STU101628,23,Other,8.94,69.2,2,69.8,78.3,72.8,59.1,1,1,2,10.5,1,0,0,831,0,72.8,53.5,81.2,51,90.5,71,72.6,Cyber Security,0
STU101306,19,Female,6.59,79.6,0,31.1,50.4,69.1,46.1,0,0,0,1,5,1,1,533,0,65.2,70.3,73.1,60.2,45.4,25.1,81,Software Development,1
STU108958,23,Male,7.15,72.8,2,59.9,71,53.9,29.4,2,1,1,3,3,0,0,610,3,71.5,59.3,77.8,51.9,42.3,26,70.2,Software Development,0
STU101093,23,Female,8.23,99.4,0,76.9,52.4,68.7,,3,1,0,0,2,1,0,835,2,56.8,48.3,78,65.2,69.8,50.2,90,AI/ML,0
STU102396,20,Female,8.56,88.6,0,72,79.6,64.9,50.4,2,1,0,0,3,0,0,760,2,69.4,62,82.5,42.3,70.1,81.5,90,AI/ML,0
STU102649,22,Male,8.49,88.3,0,39.7,63.3,36.8,47.7,2,0,2,8.6,0,0,0,585,2,82.1,60,49.4,42.2,41,65,67.8,Cyber Security,0
STU101011,20,Female,6.9,80.4,0,39,78.4,53,56.5,6,1,2,9.2,0,2,1,591,8,49.9,71.7,76.3,51.7,51.9,73.1,66.7,Data Science,1
STU104331,24,Female,6.95,93.6,0,53.3,66.9,44.9,54.7,4,1,1,2.1,2,2,0,869,7,74.1,74.2,68.6,45.3,60.3,19.7,53.1,Data Science,0
STU109267,19,Female,7.15,69.6,0,54.7,65.6,64.1,53,1,1,1,4.9,0,1,0,928,3,47.3,61.6,77.5,51.9,54.1,89.3,71.9,Software Development,1
STU100001,22,Female,6.2,,2,46.9,54.8,63.4,46.4,2,1,0,3,4,2,0,608,1,55,61,77.6,53.9,67.1,44.7,83.7,Software Development,0
STU106876,23,Male,7.29,70.5,1,43,76.8,57.5,56.4,1,0,2,5.2,1,6,2,1135,2,51,56.9,71.6,71.5,58.1,36,76.4,Software Development,0
STU103221,23,Male,8.63,80.8,1,60.3,74.3,54,51.2,3,0,1,4.6,2,0,0,757,2,53.3,62.8,70.4,59.6,78.5,36.7,70.5,Software Development,1
STU101760,22,Male,7.96,69.7,0,59.2,69.5,55.2,54.3,1,0,2,7.5,0,2,0,1244,0,58,,68.5,55.9,67.4,17.6,78.6,Data Science,0
STU109484,22,Female,8.51,83.7,2,34.2,46.2,64.6,51.9,5,2,1,3.2,0,1,0,228,6,35.1,73.5,69.4,42.8,95.3,45.6,63.7,Software Development,0
STU105255,23,Male,7.51,72.7,0,49.5,47.4,38.6,68.5,3,0,2,8.2,0,0,0,641,4,59.6,54.9,65.9,56.2,91,75.2,71.1,Cloud Computing,0
STU108440,22,Female,6.72,88.1,0,44.3,73.7,62.6,48.9,1,0,2,6,1,3,0,1012,0,64.3,42,87.1,69.9,40.4,42.8,67.8,Cloud Computing,0
STU101520,20,Male,7.11,93,0,55.6,46.2,57.6,81.5,1,0,1,2.6,2,4,0,904,1,57.4,61.8,56.3,64.5,58,47.7,93.2,Data Science,0
STU106125,21,Male,6.79,82.2,1,51.2,39.5,75.2,37.3,2,0,2,3.7,4,0,0,406,1,72.4,50,81.9,38.1,10.3,17,70.4,Cyber Security,1
STU100302,20,Male,8.74,94.6,1,65.9,81.1,58.9,60.3,0,0,1,6.7,1,0,0,946,0,66.8,29.6,69.1,61.9,37.2,68.8,71,Data Science,0
STU101392,23,Male,6.53,74.2,0,24.1,50.3,58.7,48,2,1,1,3.3,2,2,0,455,2,64.3,54.2,67.9,40.2,93.3,71.1,58.8,Data Science,0
STU108870,21,Female,8.79,85,1,81.1,53,52.7,84,3,3,1,5.7,4,4,1,783,2,62.3,53.6,68.4,62.3,100,141.9,96.2,Software Development,0
STU103831,21,Male,8.11,87.2,1,70.8,48.5,65.5,57.4,0,0,2,4.9,4,0,0,658,0,69.7,52.2,83.3,41.4,52.4,35.3,90.8,Business Analytics,0
STU109404,22,Female,8.72,85.8,0,50.5,74.7,75.7,47.2,1,1,1,4.1,1,1,0,529,4,65.4,68,68.3,66.4,39.7,32,67.8,Data Science,0
STU102197,22,Male,7.36,77.6,0,42.1,22,69,75,1,0,2,4.7,3,2,1,232,0,78.1,54.7,86.5,63,64.3,76.7,83.6,AI/ML,0
STU105150,20,Female,8.62,80.3,0,27,73.4,63.8,40.9,1,0,0,1,0,1,0,613,2,56.7,37,61,43.3,42.8,102.6,70.7,Software Development,0
STU109544,21,Male,8.15,72.8,0,78.4,74.5,48.9,50,3,1,2,9.9,0,1,0,696,2,53.4,80.3,58.7,47.9,46.5,44,68.6,Cloud Computing,0
STU101257,23,Male,7.41,90.9,0,47.2,80.7,88.1,34.4,1,1,0,1.5,2,0,0,902,1,69.6,59.2,75.4,38,66.7,85.9,58.3,Data Science,0
STU106868,22,Female,6.23,98.5,0,36,50.7,51.9,40.8,1,0,2,7.5,3,1,0,666,0,67.8,50.9,58.6,41.1,44.6,29.3,68.5,Software Development,1
STU106538,20,Female,7.38,89.5,0,60.5,38.7,70,45.6,0,0,1,4.3,1,2,1,932,0,52.6,71.3,81.3,53.4,58.1,26.2,75,Data Science,0
STU100039,21,Male,7.57,78.7,0,46.2,55,77.1,50.1,3,2,0,0,4,2,0,363,4,51,49.4,70.3,44.1,40.7,161.9,81.6,Cyber Security,0
STU108544,23,Male,8.51,76.3,0,52.4,77.8,46.5,60.4,2,0,1,2.7,1,2,0,558,2,32.4,48,58,66.9,66.8,89.8,77.8,Software Development,0
STU105072,22,Female,7.34,83.9,0,32.8,28.7,60.5,59.3,3,0,0,0,1,1,0,723,3,55.1,54.9,90.2,81.1,59.4,92.9,77.2,Software Development,0
STU106266,20,Male,6.92,87.6,1,47.5,62.8,27.4,69.4,4,0,1,5.3,0,2,0,808,4,65.2,71.5,59.6,46,35.4,103.9,58.6,AI/ML,1
STU107518,22,Male,7.36,65.5,1,57.6,65.5,62.1,42.1,3,1,1,2.4,1,1,0,531,3,53,59.3,79.2,55.4,56.7,112.7,63.6,Software Development,0
STU100649,22,Female,7.47,81.5,1,54.5,69,47.2,67.4,2,0,1,3.9,0,2,0,904,2,53.2,45.9,63.1,74.1,66,64.7,76.1,Software Development,0
STU100728,23,Male,7.87,83.6,0,56,66.6,53.7,68.7,4,1,0,0,1,2,0,752,4,70.5,62.1,65.2,46,34.3,15.5,66.2,Data Science,0
STU107326,23,Female,6.03,82.5,0,57.5,22.9,46.9,45.4,5,3,1,6.8,4,1,0,782,4,75.3,82.5,72.5,71.8,63.8,77.8,59.7,Business Analytics,0
STU108730,20,Male,7.55,81.8,0,66.1,70.5,43.8,69.6,0,0,1,4.5,0,1,0,815,0,61.5,62.3,61.7,48.8,35.7,82.1,66.6,Software Development,1
STU106644,21,Male,7.57,85.2,1,43.4,83.8,70.7,41.1,5,3,2,5.5,3,0,0,528,5,73.4,68.5,83.6,54.2,41.8,45.3,73.2,AI/ML,0
STU103360,22,Male,7.99,97.4,0,46,52.2,66.6,60,4,3,0,0,1,1,0,647,5,57,69,68.3,75.4,56,69,72.6,Software Development,1
STU103406,20,Male,7.07,80.8,0,42,68.2,51.9,19.7,0,0,2,11.2,4,1,0,792,0,77.5,53.6,84,69.2,62.4,108.6,64.9,Software Development,0
STU103664,22,Male,8.34,66.4,1,92.7,60.1,58.5,86.7,3,1,3,12.5,1,1,0,821,2,59.9,57.8,65.5,51.3,56.6,69.2,68.9,Data Science,1
STU108173,21,Male,8.16,83.8,1,92.5,59.2,67.8,63,2,0,2,11.1,4,0,0,1031,2,62,65.6,71,41.9,68.3,26.6,,Software Development,1
STU105670,22,Female,7.52,90.8,0,,63.2,68.7,28.2,2,1,1,5.2,3,2,0,699,3,69.3,55.5,67.3,52.5,64.5,71,68.8,Cloud Computing,0
STU108735,21,Male,6.25,82.2,2,40,53.9,64,47,2,0,0,0,2,1,0,809,1,65,61.6,58.9,85.9,34.8,60.8,68.3,Cyber Security,0
STU103754,23,Other,6.52,90.1,1,54.8,53.9,54.6,47.1,3,2,3,10.8,2,1,0,1129,4,76.7,64.5,65.2,59.4,70.1,22.6,78.7,AI/ML,0
STU101336,24,Male,7.68,91.5,2,30.3,49.4,39.4,25.3,2,0,0,2.5,3,3,0,395,1,54,72.7,62.9,53.1,60.2,50.1,81.9,Business Analytics,0
STU107497,21,Male,8.31,72,0,80.1,46.4,40.1,73.2,1,1,0,0,0,1,0,1393,0,72.9,43.8,63.1,51.8,69.5,56.5,68.8,Data Science,1
STU109993,21,Female,7.51,90,1,50.6,47.7,91.7,28.6,3,0,1,5.9,1,0,0,502,2,,63.8,90.6,56.3,42.7,14.9,68.7,Software Development,0
STU101345,21,Female,8.16,82.3,2,42.6,52.4,46.4,72.9,2,1,0,,4,2,1,737,4,70.4,47.1,72.6,61.5,53,40,82.3,Cloud Computing,0
STU107742,22,Female,7.81,85.4,1,59.5,51.1,53.7,68,1,0,1,5.1,2,0,0,734,0,69.5,46.3,73.2,51.3,48.7,91.2,75.3,Cyber Security,0
STU102060,20,Female,6.46,79.6,0,52.1,32.6,46.1,16.8,2,0,1,1.4,4,2,0,1051,2,64.7,72.2,70.1,77.2,46.8,18.6,63.5,Software Development,0
STU107961,19,Male,8.91,81.8,0,80.8,85.8,54.9,76.6,4,1,1,5.4,1,0,0,797,6,48.9,71.7,68.2,15,46.3,73.1,52,Software Development,0
STU100419,22,Female,8.18,95.4,1,54.4,63.7,49.6,77.6,1,0,0,1.2,2,1,0,570,2,57,69.1,,73.6,61.3,131.1,73.4,Software Development,0
STU107558,23,Male,7.52,81,0,62.9,56,69.5,63.8,2,0,3,12.2,2,2,0,1004,3,62.8,65.4,90.4,41.6,82.1,4.3,69.5,Data Science,0
STU102529,23,Male,6.53,86.8,0,40.7,60.9,78.8,54.3,1,0,1,3.8,2,0,0,600,1,53.2,72.1,76.4,59.6,56,50.2,100,AI/ML,0
STU108729,22,Female,5.2,75.6,0,15,39.3,59.8,49.4,3,0,1,1.4,2,6,2,427,2,61.1,50.9,58.6,72,47.7,16.4,67.1,Cloud Computing,0
STU105642,20,Female,6.24,81.1,0,43.4,43.7,47.7,44,1,0,1,5.7,2,2,1,370,1,76,51.7,71,42.9,52.7,,50.7,Data Science,0
STU109627,19,Male,9.19,87,1,67.1,54,70,70.6,3,1,2,9.5,4,0,0,1032,3,57.7,54.4,60,38.8,57.5,59.1,93.8,Data Science,0
STU105207,20,Male,6.61,59.3,0,40.9,,33.4,27.3,3,1,0,0,1,0,0,720,4,49.3,67,53.9,64.6,45.1,53.9,68.8,Data Science,0
STU100533,21,Male,8.29,78.8,2,71.7,85.6,65.7,59.4,5,2,1,2.4,1,1,0,644,4,65.2,85.5,60.6,44.7,44.6,61.3,70.5,Data Science,0
STU108449,20,Male,6.88,89,1,43.1,39.9,74.1,34.7,5,3,1,4,1,1,0,857,7,64.8,68.2,77.2,70.5,62.3,11.5,64.9,AI/ML,0
STU107036,20,Female,8.09,78.5,0,81.5,56.5,74,57.4,3,0,1,1.7,2,0,0,860,2,64.8,57.6,86.1,55.2,40.8,21.3,75.9,AI/ML,0
STU100027,22,Female,6.7,67,1,22,52.4,62.7,,3,1,1,3.6,3,1,1,397,3,62.9,68.6,79.1,48.5,47.6,40.8,50.2,Data Science,0
STU106955,21,Male,8.14,83.1,1,47.2,64.4,42.2,89.8,2,1,1,5.9,4,1,0,528,1,74.7,68.2,61.4,47.1,54.3,11.9,82.3,Software Development,0
STU102581,21,Male,8.29,90.7,0,70.2,60.1,37.9,71.5,4,2,0,0,0,1,0,504,3,43.8,54.9,70.7,64.8,53.6,66.6,80.3,Data Science,0
STU105687,23,Male,8.28,96.5,1,49.6,64,48.1,38.3,2,0,3,9.5,3,4,1,444,1,71.6,61,71.3,51.9,45.9,50.3,67.6,Software Development,1
STU106304,21,Female,8.64,87.5,0,33.8,74.7,46,59.5,5,1,2,7.9,4,1,0,634,4,72.4,69.4,73.8,50.5,45.6,7.7,72.1,Software Development,0
STU104330,20,Female,6.05,93.6,0,45.3,52.7,53.3,30,2,0,0,0,1,2,0,434,3,53.4,50.3,77.2,49.3,60.9,29.6,75.9,Data Science,1
STU103380,21,Female,8.19,94.1,1,19.4,67.5,44.8,63.2,0,0,1,4.6,2,4,1,606,1,66.9,39,60.1,45.6,59.8,21.4,75.4,Business Analytics,1
STU102422,21,Male,7.73,100,1,85.8,48.7,,58.9,1,0,0,0,2,0,0,576,2,54.5,62.3,,40.7,72.8,56.2,93.5,Cloud Computing,0
STU109989,22,Male,8.15,63.4,3,52.2,68.7,34.1,67.7,1,0,2,4.7,4,0,0,646,0,58.3,45.9,56.9,48.5,89.8,91.8,82,Data Science,0
STU100063,22,Female,8.78,82.3,0,67.5,67.6,63.3,54.1,1,0,2,7.9,4,1,0,803,0,64.3,38.5,61.4,78.9,68.8,74.5,82,Business Analytics,1
STU100384,20,Female,8.61,66.5,1,46.9,69,61.9,81.9,4,1,1,1.9,2,0,0,715,4,59.7,,55.1,62.5,53,69.5,78.8,Data Science,1
STU108070,23,Male,8.05,91.5,0,47.4,47.2,51.3,69.9,2,1,0,0.1,8,0,0,829,2,73.6,,74.5,59.4,69.7,,68.7,Software Development,1
STU107878,22,Female,8.84,84,1,61.9,60.8,60.3,64.9,2,0,0,1.9,2,0,0,998,3,55.6,64.1,82.7,44.4,46.3,67.1,78.3,AI/ML,0
STU105122,20,Male,8.78,82.3,0,48.6,75.9,48.6,65.7,6,1,2,7.5,2,2,0,816,8,59,68.7,67.9,79.1,78.7,15,81.7,Data Science,0
STU105898,24,Female,8.71,84.1,0,60.3,60,72.7,49.1,2,1,0,0.9,2,1,1,504,2,50.9,45.8,66.8,52.6,61.5,50.1,74.5,Software Development,0
STU102026,20,Female,7.04,69,0,59.2,59,77.6,57.8,2,1,4,20.6,1,0,0,1338,2,74,52.5,65.5,61.2,63.4,,95.4,Software Development,0
STU106911,22,Female,6.41,72.1,1,64.1,,69.5,63.1,0,0,1,3.8,3,2,1,745,0,64,60.3,86.6,32.5,32.1,49.4,97.1,Cyber Security,0
STU104286,24,Male,5.93,92.2,0,44.5,40.1,62.1,54,2,0,1,3.4,3,2,1,287,1,56.4,57.6,77.3,58.2,49.4,14.3,73.3,AI/ML,0
STU106697,21,Female,8.22,87,0,59.5,57.5,58.9,50.2,1,0,1,3.6,0,1,0,527,0,87.7,51.7,91,56.3,37.6,34.9,82.8,Software Development,0
STU103483,23,Female,6.82,67.8,1,38.2,50,69.8,41.9,3,1,0,1.7,1,1,1,655,3,55.3,59.2,67.8,45.4,56.3,40.6,,Business Analytics,1
STU104313,22,Male,6.32,80.9,0,56.3,59.8,72.6,50.2,0,0,1,5.3,0,4,0,859,0,61.2,44.5,69.4,18.1,19.3,70.7,64.4,Cloud Computing,0
STU102390,22,Male,7.28,77.7,0,38,37.3,61.3,48.8,4,1,2,9.1,2,0,0,981,6,66.4,54.4,69.6,46.9,55.9,31.9,75.8,Cyber Security,0
STU101641,20,Male,7.8,84.1,0,,62.1,66.3,59,3,2,0,1.6,2,3,0,613,2,55.1,52.2,71.1,22.4,58.1,122.7,78.8,Software Development,0
STU107962,20,Male,7.29,96.4,0,51.9,54.5,75.7,62.4,4,1,1,1.5,1,3,1,925,6,,53.9,81.5,75,75.5,109,85.7,Cyber Security,0
STU100730,20,Female,6.54,79.2,1,47.3,56.9,44.5,29.3,1,0,0,1.3,3,1,0,293,1,71.9,61.9,56.8,57.3,75,111.4,60.3,Cloud Computing,0
STU102011,20,Female,7.32,76.6,0,22.5,69.8,66.7,65,2,1,1,3.8,6,2,0,661,1,76.7,71,66.2,87.2,45.6,140.9,79,Data Science,0
STU103013,21,Female,8.44,96.4,1,58.4,55.7,20,49.5,4,1,0,0.9,5,1,0,1069,3,74.6,58.3,68.9,45.7,45.4,79.3,66.2,Cyber Security,0
STU105800,22,Male,6.42,81.5,0,70.7,69.7,74.1,65.2,3,2,1,5.9,2,3,0,883,2,76.7,81.4,59,51.5,51.1,7.6,77.1,AI/ML,0
STU101624,23,Male,9.11,59.9,1,42,92.4,64.9,75.6,5,1,0,,1,0,0,880,4,69.8,83.3,81.5,32.5,64.5,36.1,82.3,Software Development,0
STU101587,19,Female,9.01,76.3,0,95.9,70.7,73.4,62.5,2,1,1,0.5,1,1,1,561,1,66.5,55.3,71.4,49.8,45.1,38.9,70,Cyber Security,0
STU108162,23,Female,8.57,75.2,2,62.7,,68.9,51.7,2,0,0,0,1,3,0,1035,1,65.3,69.9,78.7,42.3,64.4,,87.2,AI/ML,0
STU103010,23,Male,6.95,80.4,0,37.2,47.4,64.7,47.5,4,1,0,2,1,0,0,512,4,,76.9,72.5,29.6,33.8,120.8,72.9,Software Development,0
STU105174,21,Male,6.69,,1,34.7,46.9,64,34,4,3,0,0.4,3,1,0,345,6,53,45.6,67.3,46.1,53.7,52.1,53.8,Data Science,0
STU108233,22,Male,6,91.2,0,24.6,68,42.1,27.2,6,2,1,4.1,2,2,0,497,7,61.9,70.9,53.2,51.2,35.2,46.9,65.4,Business Analytics,0
STU102255,23,Female,7.25,75.7,0,52.5,53.3,72.2,89.7,3,1,0,0.5,4,1,0,637,3,66.3,55.2,66.1,70.4,77.8,43,,Business Analytics,1
STU107584,20,Male,9.3,85.1,0,69.2,84.4,52.9,48.9,3,0,2,9.4,4,0,0,412,3,83.6,71.7,82.3,46.2,51.4,16.4,79,Data Science,0
STU108537,22,Male,7.38,77.7,1,70.9,45.7,64,71.6,2,1,0,0.3,2,1,1,1025,1,39.1,53.5,62.8,59.1,80.6,36,82.4,Software Development,1
STU106441,22,Male,8.65,,0,63.1,62.2,66.1,58,6,2,0,0,2,3,1,504,5,54.7,69.7,88.3,66.7,61,38.8,92.5,Cyber Security,0
STU104734,19,Male,7.62,88.2,0,45.3,60.6,56.6,39.1,3,0,2,12.3,4,2,0,830,3,60.5,54.4,74.4,40.4,47,53.8,84.1,Software Development,1
STU103292,22,Male,8.16,91,0,56.1,76,60.2,58.2,5,2,1,2.5,1,1,0,915,7,52.5,78.5,64.2,37,59.6,38.5,69.1,Data Science,0
STU102423,23,Male,7.18,73.7,1,45.5,54.7,47.9,59.3,0,0,3,12.3,1,0,0,969,2,64.8,48.5,67.1,58.6,42.4,17.3,72.7,Data Science,0
STU106793,22,Female,7.62,75,0,50.3,40.6,37.4,58.8,4,0,1,3.4,1,0,0,937,5,71.9,63.9,63.8,57.3,57.2,19,58,Software Development,0
STU100379,23,Female,9.05,79.3,0,68.6,65.7,74.4,41.3,2,0,1,4.3,2,1,0,787,2,58.3,55.3,72.6,76.4,33.5,137.6,63.9,Software Development,0
STU104827,21,Male,7.31,84.5,0,50.9,47.3,58.4,46.1,2,1,1,4.4,1,1,0,1037,3,64,49.1,61,34.3,43.1,56.3,59.1,Data Science,0
STU104026,21,Female,7.44,79.3,1,43.1,30,59,57.7,2,1,0,0.9,6,0,0,647,2,71.9,84.2,65.3,59,65.2,38,70.1,Software Development,0
STU105058,21,Male,7.09,,0,67.1,58.1,60.3,26.9,1,1,2,4.5,1,3,0,700,2,46.2,46,66.5,66.3,31.6,63.7,55.8,Cyber Security,0
STU108837,22,Male,6.74,100,1,57.2,51.2,61.7,47.1,3,0,1,6.2,2,1,0,920,2,65.2,85.9,79.7,47.7,42.1,90,75.9,Cyber Security,1
STU102901,21,Male,5.75,77.2,0,40.8,54.6,57.9,18.1,3,0,1,0.5,1,1,0,439,2,69,74.6,66.2,56.4,48.9,19.4,71,AI/ML,0
STU103980,23,Male,9.45,99.5,0,57.8,44.7,54.2,71.9,0,0,2,6.8,7,4,0,872,1,77,64,60.9,60,51.3,61.3,81.5,Cloud Computing,0
STU106494,22,Male,8.56,82.3,1,79.6,48.4,86.8,39.2,2,0,2,6.7,2,0,0,1168,2,70.7,58.2,73.9,66.5,52,26.4,86.5,Software Development,0
STU108619,22,Female,5.98,74.4,1,31.4,38.7,74.7,22.8,4,0,0,0,4,1,0,642,4,64,67.6,78.3,53.2,77,25.3,77.2,Software Development,0
STU101504,22,Female,6.16,72.3,1,40.8,60.8,41.8,62.1,8,3,0,0,1,2,0,1032,7,73.8,76.4,56.7,70,55.6,22,87,AI/ML,0
STU102490,22,Female,7.79,90.1,1,73.3,70,56.1,46.9,0,0,0,1,3,1,0,1097,2,55.8,44.1,62.7,45.1,43.4,180,58.5,AI/ML,0
STU109682,22,Female,7.85,70.2,1,68.6,55.9,56.2,50.3,7,2,1,3.5,4,1,0,1139,8,67.7,89.2,50.6,33.8,60.2,32.1,86.5,Software Development,0
STU102914,19,Male,7.28,94.3,1,69.5,79.4,64.8,46.1,4,1,0,0.8,1,1,0,817,9,38,74.9,78.7,44,42.3,92.3,76.2,Cyber Security,0
STU108469,22,Female,7.2,69,1,53.1,48.7,62,29,2,0,2,8.8,2,1,1,1149,4,69.7,76.9,63.9,53.2,47.4,47.7,73.8,Data Science,0
STU102752,21,Female,9.72,87.4,0,73.4,59.3,39,67.5,3,1,3,14.4,0,1,0,798,2,52.3,49.5,70.5,49.6,81.2,85.6,65.8,Software Development,0
STU105354,21,Male,6.81,91.1,2,34.4,74.2,58.2,55.9,1,1,0,1.8,2,1,0,100,4,47.6,67.9,70.8,57,44.9,108,66.5,Cloud Computing,0
STU108234,22,Male,8.39,97.6,1,41.7,74.2,96.8,50.4,0,0,2,6.7,2,1,0,291,0,61.9,36.4,76.8,35.7,70,47.7,89.1,Software Development,0
STU108097,21,Male,7.93,75.4,0,59.2,60.5,55,62.6,3,0,2,6.6,4,1,0,725,4,75.9,75,72.9,59.3,47,85.3,73.8,Business Analytics,0
STU107786,24,Male,7.11,100,0,79.1,44.1,43.6,60.8,2,0,0,0.6,2,1,0,1143,1,63.7,69.4,44.2,45.4,66.6,29.3,68.1,AI/ML,0
STU109933,21,Male,9.15,85.9,0,84.1,61.7,86.3,66.4,2,0,1,,2,2,0,1235,4,59.1,73.4,85.9,40.4,40.5,32.1,88.3,Cyber Security,0
STU104273,22,Female,8.21,83.2,2,,61.4,29.7,59.5,3,2,1,6.5,0,0,0,317,4,49.9,46.7,59.3,47.6,43.6,35.6,76.2,Software Development,1
STU107400,22,Female,7.19,72.4,0,38,60.2,82.6,59.1,4,1,1,4.3,1,1,0,708,5,65,63.5,68.4,39.7,56.8,39.5,76.7,AI/ML,0
STU101951,22,Female,8.05,82.3,1,49.3,59.9,62.6,43.5,1,0,0,0,6,1,1,655,0,83.5,68,62.4,21,54.2,47.9,43.2,Cyber Security,1
STU107892,21,Male,7.99,87.7,0,55.2,46,38.6,47.3,1,0,1,0.8,1,1,0,919,0,,57.5,57.2,50.9,31.1,29,65.6,Data Science,0
STU107479,19,Female,8.66,85.5,0,86.6,50.1,65.1,54.5,0,0,0,0.2,0,0,0,891,0,53.6,46.6,81.6,43.8,97,13.8,71.3,Data Science,1
STU106421,22,Male,5,100,0,48.4,40.1,41.3,20,1,0,0,1.3,0,2,0,731,2,55.7,62.8,63.2,63.8,73.5,46.3,65.2,Business Analytics,0
STU101069,23,Female,7.66,84.3,0,55.6,58.8,48.4,55,2,0,3,9.8,2,3,0,987,2,89.5,45.7,75.4,59.6,70.2,45.5,61.9,Data Science,0
STU101003,21,Male,8.99,99.1,1,59.5,87.4,65.1,77.3,5,2,0,1.4,2,3,1,480,5,63.9,81.1,72.9,45.5,36.3,79.4,74,Cyber Security,0
STU104533,24,Male,5.2,89.2,0,33.1,45,31.2,23.6,3,1,0,0,2,1,0,422,2,58.5,69.7,68.9,41.4,52.5,27.3,77.4,Cloud Computing,0
STU102712,22,Male,7.66,82.5,1,43.3,77.2,64,88,3,2,0,0,2,1,0,625,5,70.2,72.2,70.1,70,26.2,42,,Cloud Computing,0
STU101038,21,Male,7.16,64,0,73.6,74.8,66.9,43.1,4,2,0,0,2,0,0,850,3,70.3,70.9,74.4,45.3,60.6,84.8,72.4,Software Development,0
STU107156,23,Female,7.89,90.4,0,38,78,59.5,46.6,7,1,1,6,1,1,1,1006,7,59.9,77.4,67.5,73.2,55.1,78.6,68.2,Cyber Security,0
STU103507,22,Male,7.42,90,0,68.6,53.9,50.7,78,2,2,3,13.4,2,0,0,636,4,53.9,61.3,65.4,41.4,51.5,77.1,94.6,Data Science,0
STU109561,22,Female,7.85,92.3,0,38.6,61.9,55.6,41.6,3,1,1,3.7,1,0,0,1004,3,51.2,54.4,63,47,73.3,39.6,66.6,Cloud Computing,0
STU109076,21,Female,8.39,78.9,0,51.1,51.6,47.7,69.6,2,1,1,4,3,2,0,475,1,50.7,63.9,77.8,40.9,82.4,69.7,72.8,AI/ML,1
STU109868,23,Female,8.04,73.8,1,66.5,64.7,48.8,72.8,5,4,1,4.7,0,1,1,669,6,63.3,70.9,62.5,51.5,52.9,48.4,62.8,Business Analytics,0
STU109397,25,Female,6.16,97.4,1,43,45.8,43.2,32.3,4,2,0,0.7,3,3,0,1050,4,65.3,49.4,55.5,37,57.3,66.8,65.1,Data Science,0
STU105665,23,Male,5.89,74.4,0,31.3,42.9,89.1,29.3,2,0,1,4.4,2,3,0,190,1,70.4,57.8,81.1,59.9,46.5,58.4,,Business Analytics,0
STU107446,23,Male,7.18,85.3,0,35.2,27.1,58.6,45,1,0,1,3.7,2,1,0,745,0,65.3,51.1,73.9,73.3,52.3,24.3,56.9,AI/ML,0
STU103304,23,Female,6.86,81.6,0,16.4,62.5,,15.5,1,1,0,0,2,1,1,472,2,60,70.8,78.2,47.9,74,105.4,62,Software Development,0
STU102139,22,Male,7.31,90.1,0,49.5,55.1,68,61.1,3,0,1,3.2,0,2,1,799,3,55.5,63.9,66.3,15,45.1,10.5,62.7,Cloud Computing,0
STU109654,22,Female,8.29,91.7,2,85,63.8,54.3,52.8,1,0,0,0,1,1,0,902,1,65.7,50.8,85.7,52.4,37.4,21.7,50.6,Cyber Security,0
STU103271,23,Male,6.97,61,0,48.8,21.3,80.2,45,3,2,1,5,3,2,0,825,2,58.1,76.6,68.8,55.3,41,18.6,74.8,Cyber Security,0
STU106291,21,Male,7.66,83.9,0,72.5,52.2,,38,3,1,0,0,0,2,1,1076,3,63.9,43.8,76.4,62.6,34.3,12.1,70.8,AI/ML,0
STU107084,23,Male,6.12,76.5,1,68.3,55.6,45.2,33.2,4,1,1,5.1,2,2,1,1035,6,62.1,54,65.5,62.1,42.1,69,62.9,Software Development,0
STU105536,20,Female,6.98,83.6,0,43.2,68.5,59,47.8,2,1,0,1.3,0,2,0,806,1,40.4,45.5,65.1,63.4,65.3,36.6,89.1,Data Science,0
STU100786,22,Female,7.39,84,0,61.5,50.5,68.6,64.5,3,1,1,4.1,1,2,0,691,3,58.2,43,85.6,63.2,53.3,23.2,73.4,Data Science,0
STU106611,19,Female,8.95,69.8,1,65.2,73,71.1,72.4,2,0,1,4.4,3,2,1,1038,4,74.7,59.8,72.1,51.8,73.7,55.5,81,Cloud Computing,0
STU107341,20,Male,6.27,97.4,0,64.6,39.6,45.8,30.4,4,1,2,3.8,2,3,1,854,3,74.7,75.9,87.3,67.3,61,46.4,71.5,Software Development,1
STU100783,24,Male,7.54,96,0,44.7,45.2,36.1,64.6,2,1,3,15.5,1,1,0,852,2,100,64.1,48.5,46.1,60,10.5,81,AI/ML,0
STU109189,21,Female,5.81,81.7,1,45.5,39,68.1,52.1,1,0,1,4.4,1,0,0,522,4,49.1,50,72.1,41.5,58.3,96,90.5,AI/ML,0
STU109952,23,Female,7.83,69.6,0,62,63.7,44.3,40.9,5,0,1,3.2,3,0,0,744,7,70.7,93.8,73.2,42.2,51.3,98.3,50,Cyber Security,0
STU108576,22,Male,7.66,85.9,0,43.7,80.2,71.1,85.1,0,0,0,1.5,4,2,0,442,0,75.4,,75.7,61.2,44.1,65.4,84.3,Data Science,0
STU109005,23,Male,6.77,65.4,1,23.1,46.1,39.7,47.4,1,1,1,3.5,2,4,0,372,1,,60.1,54.7,36.9,32.3,18.3,69.1,AI/ML,0
STU107076,19,Female,7.62,96,1,56.3,50.3,39.3,76.9,7,4,0,2,1,1,0,517,7,64.2,70.7,67.2,65,41.3,153.8,74.5,Business Analytics,0
STU106870,23,Other,7.81,89.9,2,74.8,47.6,77.8,65,1,0,0,0,2,0,0,1177,1,79.7,54.6,88.5,74.2,64,16.5,76.1,Data Science,0
STU102113,23,Male,7.75,76,1,39,58.9,48.9,66.1,0,0,3,14.1,2,2,0,654,0,48.7,45.7,62.2,48.6,47.3,22.5,66.6,Business Analytics,1
STU100776,22,Female,6.71,74.8,0,34.2,69.4,38.1,43.6,5,2,1,6.6,1,2,0,799,5,60.2,86.7,66.9,40.6,45.2,38.4,73.8,Data Science,0
STU102850,23,Female,7.49,84.5,2,56.7,69.7,68.4,39.3,3,1,0,0.4,1,0,0,625,2,52.2,63.1,80.2,51.1,44,35.5,70.6,Software Development,0
STU104855,21,Male,8.89,87.4,0,57.7,73.4,51.7,66.7,1,0,2,10.1,4,1,0,527,0,56,45.6,61.2,68.3,59.8,52.3,54,Cloud Computing,0
STU107517,23,Male,8.11,93.4,0,73.1,78.8,74.1,52.3,1,0,0,0,2,2,0,417,1,70.5,46.7,84.4,66,96.9,41.6,83,Cloud Computing,0
STU108140,23,Male,7.63,99.3,0,65.1,33.2,68,53.5,5,2,0,0,3,0,0,927,5,56.7,82,91.6,36.6,46.9,69.2,84.6,Software Development,0
STU101517,21,Female,8.05,85.9,0,81.8,80.5,58.8,66.7,7,3,3,10.8,1,0,0,963,6,50,78.1,72.1,69.5,37.7,22.9,71.8,Business Analytics,0
STU104767,21,Male,8.98,82.8,0,55.5,42.8,53.9,62,1,0,1,,2,1,1,597,1,50.5,47.9,69.5,58.4,74.2,73.1,81,Cloud Computing,0
STU109810,20,Male,7.89,78.9,2,67.3,68.5,68.9,61.1,3,2,0,0,4,0,0,968,2,54.4,78.7,62.2,72.2,16.6,33.4,73.9,Software Development,0
STU105820,22,Female,8.08,71.2,0,40.5,,71.5,61.6,3,1,0,0.7,1,1,0,814,2,54.4,32.4,64,63,21.1,52.7,71.7,Software Development,0
STU100242,22,Male,8,93.1,1,55.3,68.9,56.7,70.7,1,0,0,0.8,1,0,0,713,0,70.8,51.3,86.4,34.3,60.3,29.3,65.3,AI/ML,0
STU104579,21,Female,6.66,89.2,1,46.1,33.9,51.9,39.9,7,3,0,1,2,0,0,771,10,61.3,98.5,73.7,32.2,52.7,49.6,66.9,Software Development,0
STU101121,22,Male,9.28,75.2,0,72,66.5,35.4,86.2,3,1,0,0.9,3,0,0,665,6,47.3,75.2,64.3,67.1,53.8,320,59.4,Data Science,0
STU106173,21,Male,5.84,88.4,1,15,73.7,55.9,49.8,0,0,1,2.4,3,1,0,637,0,69.3,60.9,71.2,64,44.2,,70.6,AI/ML,0
STU103747,20,Male,8.4,71.8,0,60.4,72,38.3,75.8,3,1,1,3.8,0,0,0,1161,2,67.7,45.4,73.4,57.2,63,34.7,73.1,Software Development,0
STU100572,22,Male,7.66,75.2,1,65.9,40.7,57.2,74,4,2,3,10.9,1,2,1,911,3,71.5,72.1,74.3,37.9,55.3,,67.1,Cloud Computing,1
STU107909,20,Female,5,77.1,0,,55.6,57.6,15,3,1,0,1.8,1,2,0,242,5,60.5,67.4,62.3,57.5,83.1,46.7,56.6,Software Development,1
STU100973,22,Male,8.54,77.1,0,80.6,70.2,51.9,50,3,0,0,0,1,3,0,993,3,58.8,61.3,62.4,63.5,59.3,8.4,66,AI/ML,0
STU109644,22,Female,8.08,78.4,1,49.9,42.9,70.8,46.6,2,2,1,2.9,1,1,0,732,1,67.2,48.3,82.8,64.5,68.7,57.4,83.7,Data Science,0
STU102125,22,Female,7.61,74.9,0,69.6,54.6,99.6,52.1,2,1,3,10.7,0,0,0,1173,2,35.5,54.8,79.1,39.4,49.8,39.8,67.5,Data Science,0
STU108270,22,Male,7.18,94.2,1,29.2,43.2,30.7,72.5,5,2,1,,2,0,0,447,5,56.7,69.6,64.1,45.2,60.8,110.3,71.3,Data Science,0
STU100583,21,Female,9.1,100,0,45.1,75.6,47.5,100,4,2,0,0,3,0,0,649,4,58.6,55.3,54.7,70.4,77.9,46,75.2,AI/ML,0
STU104214,22,Female,7.68,76.9,0,43.2,39.5,51.1,54.1,4,0,1,4.6,3,2,1,648,4,55.3,56.5,66.6,77.1,33.5,24.5,68.6,AI/ML,0
STU102182,22,Female,7.75,86.7,0,54.7,90.3,45,67.2,1,0,0,0,4,3,0,903,1,68.4,34,69.9,59.5,47,102.9,82.7,Cloud Computing,0
STU100694,19,Female,8.07,96.8,0,65.6,60.2,84.8,60.6,3,2,1,5.1,3,2,0,465,4,68.6,66.3,60.7,60.6,40.3,79.7,75,Cloud Computing,0
STU102685,20,Male,7.98,78.3,0,34.9,50,47.1,77.1,2,1,0,0,4,0,0,952,2,59.3,72.1,47,43.1,76.4,36,82.4,Software Development,0
STU103181,21,Male,6.53,68.3,0,32.1,38.6,71,57.3,2,2,0,1,1,2,1,345,1,77.5,56.5,77.3,52.1,84.7,59.5,78.8,AI/ML,1
STU107705,22,Male,7.32,79.6,1,56.5,49.3,70,69.7,2,0,0,1,0,2,1,245,1,64.8,50.5,69.2,54.5,52.6,130.7,95.5,Cloud Computing,0
STU100780,20,Male,7.76,92.8,1,46.8,57.4,63.3,,6,2,1,4.7,3,0,0,422,6,83,73.5,73.1,43.1,62.4,69,69,Data Science,0
STU101859,22,Male,9.08,86.6,0,66.7,58.9,46.4,91.9,7,4,1,1.9,2,1,0,954,7,62.6,58.4,65.4,64.3,63.8,19.1,84.2,Cloud Computing,1
STU105043,22,Male,7.7,74.2,1,32.7,52.4,81.5,71,2,0,4,19.2,2,0,0,353,1,63.7,58.8,76.9,42.2,66.4,23.2,93.3,AI/ML,1
STU108606,20,Male,8.03,65.4,0,44.6,61.5,52.2,71,5,1,3,16.3,3,1,0,432,6,77.4,76,63.7,55.3,72.1,69.9,84.1,Data Science,1
STU109098,23,Female,8,77.5,0,43.9,70,58.5,68.4,3,1,1,1.1,2,1,0,440,5,51.8,61.3,84.4,64.4,69.9,26,66.7,Software Development,0
STU105865,21,Male,6.94,89.6,0,53,77.6,43.1,38.7,3,0,0,0,0,2,0,889,4,44.3,58.8,,81.3,79.6,75.8,72,Data Science,0
STU104625,24,Male,7.59,69.4,0,78.3,57.9,37.6,59.2,3,1,2,9.5,2,0,0,621,3,,61.8,60.2,41.3,44.8,54.6,58.9,Data Science,0
STU100628,23,Female,7.85,80.9,0,55.5,47.1,23.4,66.5,2,1,1,3.2,1,1,0,784,2,70.1,68.2,70.3,68.8,75.6,85.1,77.6,Cloud Computing,0
STU100594,20,Male,5.86,77.9,1,22.6,53,50.9,42.9,3,1,1,5.4,1,1,0,259,4,54.1,64.7,73,43,74.5,51.2,73.6,Software Development,0
STU108230,22,Male,5.56,79.1,0,28.8,16.7,40.3,62,3,0,2,5,0,0,0,612,3,77.4,65.4,58.8,61.5,47.1,68.5,75.1,Data Science,0
STU104720,22,Male,7.6,87.9,0,37,56.1,58.9,48.7,2,1,2,,2,2,1,886,4,56.7,40.1,69.2,39.3,54,48.3,72.3,Software Development,0
STU106059,21,Male,6.99,94.1,0,71.2,40.9,48.9,54.6,4,1,2,7.5,0,1,0,623,6,63.3,56.9,69.8,42.2,55.8,5.6,61.8,Software Development,0
STU100546,22,Male,7.32,79.9,0,52.7,47.5,46.4,48.6,3,0,1,2.6,3,3,0,857,3,69.6,47.7,69.1,70.3,54.6,38,,Software Development,1
STU107768,20,Female,7.42,100,2,57.7,74.5,60.8,45.9,1,0,0,0.9,0,0,0,432,2,31.9,60.8,74,22.3,55.2,27.2,83.4,Data Science,0
STU102558,23,Male,7.27,71.9,0,37.7,59.3,60.7,56.2,2,2,0,0,2,2,0,547,2,64.3,64.1,65.7,43.6,45.9,47.1,83.6,Cloud Computing,0
STU106837,22,Other,6.67,80,0,56.9,53.8,56.8,64.1,3,2,0,0.6,2,2,1,1187,3,,58.9,87.2,44.9,94.5,63.7,86,Data Science,1
STU104279,21,Female,7.79,85,0,48.8,45.7,45.8,46.3,1,1,0,0,1,2,0,543,1,46.6,59.9,71.4,52.6,52.8,43.1,77.9,Software Development,1
STU101100,23,Male,7.21,89.2,0,34.2,,49.3,56,2,0,1,5.9,4,4,1,537,3,78.1,56,84.9,75.9,36.5,53.2,82.6,Data Science,0
STU104177,22,Male,6.13,88.1,0,16.3,34.1,67.2,31.4,3,0,0,0,1,2,1,1175,4,60.8,61.1,75.2,56.8,64.8,59,57.1,Data Science,0
STU102039,21,Male,9.08,77.6,0,64.9,64.9,61.7,76.2,3,1,1,3.2,1,2,1,795,4,56,76.1,73.7,40.6,60.7,122,84.2,Software Development,0
STU103269,21,Male,7.88,85.6,1,40.2,36,50.6,62.9,0,0,0,2.7,4,1,0,329,1,56.1,43.7,70.1,57.2,48.6,98.4,63.6,AI/ML,0
STU106570,20,Female,7.17,87.7,1,37.2,58.1,27.1,32.2,3,0,1,4.7,3,2,0,556,2,65.3,46.4,41,84.1,60.7,20.7,60.8,Cyber Security,0
STU104796,21,Male,9.08,93.9,0,53.7,77.9,80.4,74.5,2,0,0,0.5,0,1,1,900,1,59.1,29.1,65.6,51.6,71,75.8,89.8,Data Science,0
STU104587,22,Male,8.51,85.9,0,50.7,52.7,50.4,72.8,2,1,0,0.1,4,0,0,1260,3,59.3,62.3,89.1,48.8,74.7,53.5,70.6,Software Development,0
STU103043,21,Male,6.91,78.5,0,40.1,32.9,77.1,69,3,1,1,2.5,3,0,0,614,3,85.3,70.4,64.3,18.7,49.1,20.4,94.4,Data Science,0
STU108215,20,Male,7.16,56.7,0,54.8,62.8,75.9,56.6,2,1,0,0,4,3,1,854,3,68.2,70,70.7,42,35.6,97.4,95.8,Software Development,0
STU100736,22,Male,8.67,82.3,0,60.8,65.5,37.4,32.4,2,1,1,1.1,0,3,0,611,3,48.1,52.4,73.3,67,46.7,65.3,61,Software Development,0
STU100672,22,Male,7.58,87.2,0,34.3,61.5,52.1,57.2,0,0,2,8.9,2,1,1,496,1,,57.9,80.1,42,43.7,,51.7,Business Analytics,0
STU104269,23,Male,7.59,67.5,1,67.6,59.4,40.2,50.9,4,1,1,4.6,3,1,0,702,5,55.4,65.8,66.9,51.9,48.1,25.2,65.2,Data Science,1
STU106117,20,Male,8.54,94.4,1,50.6,50.5,65.3,33.5,2,1,0,0.2,3,0,0,961,1,70.1,72.9,72.7,15,63.7,66.1,79.2,Software Development,0
STU102386,21,Other,7.74,93.2,0,62.1,37.1,47.9,61.9,4,1,0,0,1,0,0,1059,4,43.4,67.6,68,67.8,45.3,11.2,72.4,Cyber Security,1
STU107861,20,Male,7.11,76.4,0,52.3,37.5,54.8,27.2,3,1,2,7.1,4,3,0,812,3,,72.7,66.6,73.1,27.3,23.3,76.6,Cyber Security,0
STU107666,23,Male,6.25,87.7,2,44.5,44.7,58.5,24.4,4,0,2,7.9,1,2,0,885,4,61.2,69.9,67.7,75.8,67.1,46.3,88.6,Software Development,0
STU100558,21,Female,8.98,76.1,0,51.8,63.3,74.5,73.7,4,1,0,1.4,1,0,0,835,3,65,65.4,80.9,56.7,69.6,108.9,85.5,Software Development,0
STU103411,19,Male,7.31,93.4,0,55.1,51.8,56.3,65.4,2,0,0,0,1,0,0,782,2,62.1,58.4,87.9,78.8,55.5,25.8,83.2,AI/ML,1
STU102003,22,Female,7.17,76.9,1,30.5,57.4,47,51.8,5,2,1,4.8,1,1,0,686,6,69.3,67.1,64.4,56,29.6,75.6,95.4,Business Analytics,0
STU101879,23,Female,7.83,77.7,0,46.8,66.9,61.2,72.2,2,0,0,0,0,2,0,691,2,85.1,68.3,54.5,63.8,58.7,15.8,79.9,Cyber Security,0
STU102577,21,Female,9.14,89.1,1,68.7,61,65.2,56.8,0,0,1,5.1,1,1,1,1016,0,59.1,49,80.1,46.1,66.1,57.9,60.9,Software Development,0
STU106561,22,Female,6.81,90.2,0,51.9,48.7,46.6,46.2,3,1,1,6,0,0,0,760,2,61.1,52.7,64.9,24.3,45.5,40.3,86.4,Data Science,0
STU104802,22,Male,7.35,75,0,,69.6,75.9,68,2,0,0,0,4,1,0,1002,1,73.3,61.7,79,44.3,80.5,85.1,99.5,Data Science,0
STU107503,21,Male,8.81,78,0,75.8,58.1,57.4,49.1,2,0,0,0,2,4,0,724,4,60.5,58.1,77.7,71.2,65.7,34.1,70.8,Cyber Security,0
STU105090,24,Male,6.37,82.6,1,51.4,47.7,62.8,68,5,2,0,1.2,3,0,0,352,4,78.8,71.6,72.1,45.3,27.1,49.2,81.5,Data Science,1
STU107379,20,Male,7.8,89.7,0,52.1,69.2,71.1,61.5,1,0,1,2.6,3,0,0,807,1,73.8,59.4,80.9,51.6,51.9,,78.1,Data Science,0
STU107453,23,Male,7.48,83.2,0,27.9,53.7,47.5,57.2,2,0,0,2.5,1,1,0,600,1,50.1,70.1,85.6,57.3,62.8,20.2,60.8,Cloud Computing,1
STU108802,23,Female,8.66,86.7,0,52.8,68.1,58.2,59.5,1,0,1,3.6,1,0,0,753,0,46,71.9,64,50.5,46,43.5,74.3,Business Analytics,1
STU100686,21,Male,9.68,82.2,0,88.4,80.6,51.6,63.3,4,2,4,17.4,2,1,0,1142,4,74.9,64.4,71.7,41.2,53.2,114.1,85.6,Software Development,0
STU107039,23,Male,7.28,79.1,0,25.2,56.2,76.1,48.1,1,1,1,4.8,1,2,0,454,1,61.3,49.8,67.6,56.1,69.8,49.9,73.8,Software Development,0
STU101273,21,Male,8.25,94.1,0,55,63.1,74.4,55.5,1,0,2,7.9,2,4,1,954,2,82.8,41.1,70.8,72.6,70.1,16.4,84.1,Cyber Security,1
STU108451,23,Female,9.87,84.2,0,69.3,62.1,82.9,63.3,3,0,0,0,1,1,0,829,3,68.9,63.2,80.8,55.1,48.6,81,71.5,Software Development,0
STU107298,21,Female,8.21,89.7,0,37.9,67.8,47.5,62.9,8,0,1,5.1,4,2,0,907,8,69.6,83,73.8,78.5,88.2,98.3,81.7,Software Development,1
STU105694,23,Female,7.7,82.8,2,37.1,62.9,54.4,74.2,1,1,2,7,2,2,0,743,3,68.2,63.9,71.9,61.9,36.7,73.3,92,Cloud Computing,0
STU102579,23,Male,7.37,97,0,58.8,55.6,46.6,50,0,0,0,0.5,1,1,0,1017,0,56.6,56.4,64.2,49,65.6,19.8,76.6,Business Analytics,0
STU100161,21,Female,8.04,82,0,55.1,55.7,72.8,24.8,3,2,1,,3,1,0,782,3,,88.6,77.2,71.7,50,11.9,63,AI/ML,0
STU101621,22,Male,7.51,78.2,1,28.6,65.5,64.8,70.3,6,2,1,3.3,2,0,0,685,5,48.2,84,59.6,36.3,64.2,68,72.2,Data Science,0
STU103674,20,Male,6.68,92.6,0,51.7,46,63.5,60.1,7,0,3,11.4,4,1,0,693,6,79.7,86.3,87.2,41.6,70,,70.4,Cyber Security,0
STU102646,22,Male,8.62,81.8,0,47.8,85.4,34.1,59.6,2,0,1,5.5,4,2,0,1049,1,65.7,71.8,72.5,60.4,74.9,10.9,71,AI/ML,1
STU105367,21,Male,7.68,77.7,1,65.4,62.4,73.7,83.9,1,1,0,2.3,4,2,0,567,7,66,61.7,51.5,73.2,43.8,84.8,76.3,Cyber Security,0
STU105771,23,Male,7.54,78.3,0,39.6,55.1,70.5,58.8,3,0,3,13.3,4,0,0,150,4,74.8,63.7,67.1,35.1,74.9,75.8,93.8,Data Science,0
STU101864,23,Male,7.12,87.8,1,58.1,64.5,35.9,66.4,0,0,1,2.2,0,1,0,761,2,49.8,56.8,63.5,44.5,78.1,6.4,77.1,Software Development,0
STU105448,22,Male,7.68,86.8,0,63.5,60.2,46.8,45.8,3,2,2,5.6,1,0,0,1126,2,62.7,44.9,73.9,33.1,78.1,40.7,60.7,Data Science,0
STU105152,22,Male,8.29,75.5,0,35.5,80.5,46.2,,1,0,0,0,2,3,0,578,4,49.6,42.5,70.8,71.4,86,134.3,82.5,AI/ML,0
STU102140,23,Male,8.31,82.8,0,61.8,38.9,44.7,56.7,2,1,1,6.2,1,1,1,1246,1,57.8,65,59.6,28.4,63.9,48.3,82.7,Cloud Computing,0
STU109400,22,Male,8.14,85.4,0,73.7,50.8,66.1,62.2,0,0,0,0,3,1,0,794,1,47.1,47,83.2,41.9,32.7,45.6,,Data Science,0
STU106661,24,Male,5.85,90,0,24.2,40.9,44.9,52.3,1,1,0,1.1,4,1,0,337,2,72.4,56.9,67.6,84.7,69,48.8,59.3,Software Development,0
STU108474,23,Male,8.04,78.1,0,58.5,68.7,46.2,51.2,6,4,2,4.6,1,2,0,745,6,53.1,84.2,61.3,37.9,55,18.3,62.5,AI/ML,0
STU103886,22,Male,5.5,79.3,2,24.6,28.3,47.1,45.6,6,1,1,5.6,1,2,0,731,6,74.3,71.6,72.4,40.5,30.6,49,66.5,AI/ML,0
STU107515,23,Male,7.27,91.4,0,,42.3,56.7,55.1,2,1,0,0,2,1,0,420,1,75.4,60.7,83.1,52.1,50.5,21.3,71.3,Cloud Computing,0
STU104740,22,Female,9.84,79.5,1,46.7,100,59.9,86.2,4,1,1,4.7,2,0,0,620,4,79.2,65.9,86.6,44.1,78.5,293,80.9,AI/ML,0
STU108907,23,Female,7.49,77.5,1,71.1,62.4,39.6,42.9,0,0,1,5.3,1,1,0,1122,0,59.2,44.5,77.2,44.1,57.5,12.5,77.2,Software Development,0
STU100652,22,Male,6.91,85.1,2,,27.9,45.9,43.1,1,0,2,7.5,2,0,0,1087,2,79.3,54.8,64.3,52.5,70.5,79.1,62.6,Software Development,0
STU109201,22,Female,8.03,72,1,59.9,67.9,58.1,49.2,5,2,0,0.6,1,0,0,1016,5,42.2,85.1,68.4,57.3,32.8,110.8,89,Data Science,0
STU100265,22,Female,8.18,81.5,1,53.6,63.9,36,82,0,0,0,0,1,1,0,724,1,70.2,50.3,70.7,66.2,35.8,69.9,75.3,Cyber Security,0
STU100408,23,Female,5.04,90,1,15.2,25.3,54.1,48.5,4,1,1,4.2,4,3,0,825,5,82.9,88.6,,67.6,35.7,50.1,79.9,AI/ML,1
STU109235,22,Female,6.7,77.1,0,30,36.7,37.7,49.2,3,2,3,15.6,2,0,0,807,4,70.2,64.5,68.1,57,48.4,51.4,77.3,AI/ML,0
STU101171,20,Male,6.62,71,2,56.1,58.6,59.1,26.5,1,0,0,0.5,5,3,1,770,0,67.6,55.1,81.2,54.5,47.2,71.1,59.9,Data Science,0
STU101565,21,Male,8.22,80,0,54.3,57.1,47,76.4,2,0,1,4.6,3,1,0,605,2,66.3,59.3,72.5,20.4,62.5,77.3,75.8,AI/ML,1
STU100420,23,Male,8.95,82.7,1,76.9,83.5,64.1,47,4,1,1,2.8,3,2,2,636,5,72.1,66.6,71.6,50.7,57.9,122,73.3,Cyber Security,0
STU107990,21,Female,7.81,96.3,1,37.5,64.1,52.8,39.8,4,3,0,0,2,1,1,942,3,62.8,85,73.6,50.7,84.4,30.8,57.7,Business Analytics,0
STU101466,22,Female,8.76,94.9,2,69.8,46.6,26.8,32.4,3,1,0,0.4,2,0,0,1123,4,46.5,63.5,59.1,53.9,55.5,25.9,71.6,Cyber Security,0
STU101619,22,Male,6.58,84.3,0,46.2,48.9,65.9,60.8,3,2,0,1.5,1,1,0,435,2,65.8,56.3,60.4,43.7,42,120.7,75.3,Software Development,0
STU101447,24,Male,7.93,78.8,1,65.7,72.3,41.7,45.5,2,0,1,4.4,1,0,0,1065,1,53.8,64.4,56.8,46,72,88.1,73.1,Data Science,0
STU102349,23,Male,8.63,,0,51.1,73.6,55.1,48.6,5,3,1,7,1,2,0,504,5,72.6,83.7,71,53.5,52.9,62.1,79.1,Business Analytics,0
STU108200,22,Male,6.27,72.3,1,40.1,15,70.4,38.8,0,0,2,8.5,0,0,0,534,2,,42.3,70.2,56.2,69,82.1,65.3,Cyber Security,0
STU105671,21,Female,7.64,69.7,0,75.4,65.3,49.3,67,0,0,0,1.8,5,1,0,795,2,73.9,57.8,55.7,59.8,82.2,56.1,65.6,Software Development,0
STU105556,22,Female,6.58,80.8,1,59.2,38.8,60.1,39.6,2,2,2,12,1,0,0,961,3,61.6,57.6,71.3,41.6,67.3,35.1,52.2,Software Development,0
STU104419,22,Male,6.36,95.7,0,17.5,35.5,48.5,37.4,4,1,0,0,0,1,0,564,3,36.1,65.7,61.5,56,82.7,53.9,72.1,Cyber Security,0
STU102293,23,Female,7.73,82.6,0,70.1,46.6,49.6,39.1,5,0,0,0,2,2,0,1028,4,78.5,69.5,83.4,42.8,72.2,47.2,72.1,Business Analytics,0
STU107299,22,Male,7.91,75.3,0,49,52.1,46.1,60.7,5,2,1,3.5,0,1,0,587,5,54.3,54.9,79.4,31.4,37.6,96.6,66,Data Science,1
STU109516,19,Female,8.15,98.9,1,45.7,62.2,78.5,46,0,0,1,4.8,2,1,0,627,1,54.5,57.4,73.4,75.2,67,35.4,75.8,Cyber Security,0
STU107417,21,Male,6.79,82.4,0,25.9,36.5,54.2,34.7,2,0,0,0.5,6,3,0,654,2,80,72.2,74.4,59.8,72.9,75.6,64.9,Software Development,0
